customer_id,first_name,last_name,email,phone,city,country,signup_date,membership_type,birth_date
1,Cynthia,Baker,cynthia.baker72@yahoo.com,0701640052,Evanmouth,U.S.A.,10-07-2024,regular,03 Sep 1983
2,Ronald,  Smith,ronald.smith454@outlook.com,0728059826,North Kyle,United Arab Emirates,2022/11/14,None,none
3,LAURA,Valencia,laura.valencia297@hotmail.com,0733158692,Port Francisco,U.K.,2026-03-02,silver ,1998-07-25
4,GREGORY,Gutierrez,gregory.gutierrez297@gmail.com,0756342160,Walkermouth,United Arab Emirates,2023-04-16,silver ,07/20/1971
5,Lori,Savage,lori.savage79@gmail.com,+962 7 365 4145,Frazierside,JORDAN,06/18/2023,Gold,-
6,Anthony,Wiley,anthony.wiley579@hotmail.com,(079) 4019655,Obrienhaven,UAE,13-08-2023,Silver,N/A
7,Rachel,Lee,rachel.lee474@gmail.com,(+96) 2-7-608-8356,Lake Samanthamouth,EGYPT,2022-09-30,GOLD,1990-05-17
8,David,Mccullough,david.mccullough163@hotmail.com,0765648236,Byrdburgh,Jordan,06-08-2024,Silver,03/07/1987
9,Kevin,Kelley,kevin.kelley597@yahoo.com,+962-7-436-9957,Ramosborough,Saudi Arabia,28-07-2022,silver ,29-03-1981
10,Laura,Moyer,N/A,(071) 4895134,Port James,KSA,2025-07-07,regular,1952-01-14
11,John,Alvarez,john.alvarez633@yahoo.com,0717693676,East Diana,uae,2025-12-20,silver ,1950/11/26
12,Karen,Carrillo,karen.carrillo317@outlook.com,+962-7-632-8708,Port David,Hashemite Kingdom of Jordan,"December 30, 2022",silver ,28 Jul 1958
13,Steven  ,Schmidt,steven.schmidt729@gmail.com,0757986872,Colebury,U.A.E.,21 Oct 2024,None,2000-12-17
14,Joshua,STRICKLAND,joshua.strickland102@hotmail.com,0734714345,Patricialand,Hashemite Kingdom of Jordan,04/07/2024,Regular,1958-11-15
15,Jesse,  Benson,jesse.benson309@gmail.com ,(+96) 2-7-166-5876,east marissafurt,Egypt,2025/05/25,Gold,2004-11-10
16,Brandy,Dominguez  ,brandy.dominguez520@gmail.com,+962-7-967-0546,Medinaside,jordan,12/30/2025,Silver,1998/07/25
17,Rachael,Freeman,rachael.freeman702@outlook.com,NULL,SOUTH BRITTANYTOWN,Jordan,30-08-2023,regular,10 Aug 1955
18,Roy,Camacho,roy.camacho887@hotmail.com,(074) 6537556,Karenchester,JORDAN,19/04/2023,None,15 Sep 1965
19,Christopher  ,Smith,christopher.smith329@gmail.com,0753100330,East David,EGYPT,23/09/2024,Regular,27-09-1990
20,Anne,Robinson,anne.robinson526@yahoo.com,,New Anthonyport,jordan,14-05-2025,silver ,1985-02-12
21,Rebecca,Brooks,rebecca.brooks543@hotmail.com,0731931491,West Amandastad,Saudi Arabia,03-05-2026,regular,09/16/1954
22,Deborah,Smith,deborah.smith463@yahoo.com,0771657262,Christinaside,jordan,2024/04/01,Silver,18-01-1997
23,Steven,Petersen,steven.petersen521@yahoo.com,NaN,Rogersfort,EGYPT,09 Dec 2024,Gold,none
24,Hunter,Lewis,hunter.lewis76@yahoo.com,0754948083,East Jenniferfort,United Kingdom,05 Oct 2025,Gold,
25,John,Alvarez,john.alvarez971@hotmail.com,+962-7-701-4363,Elizabethstad,UAE,"June 02, 2025",Gold,"December 19, 1978"
26,Alyssa,Coleman,alyssa.coleman846@gmail.com,+962 7 557 4443,Lake Jamesville,Saudi Arabia,21/07/2025,regular,22-02-1995
27,Stephanie,VAUGHN,stephanie.vaughn496@outlook.com,0774989413,Jeremyburgh,EGYPT,05/03/2023,GOLD,1968-09-15
28,Jean,MARTINEZ,jean.martinez631@outlook.com,0708427109,Taylormouth,uae,02/10/2022,regular,1971-01-05
29,Tammy,King  ,,0711671902,Port Anna,United Arab Emirates,2026-01-06,NaN,10/19/1968
30,Victoria,Wilson,victoria.wilson639@gmail.com,0799938677,Michellechester,JORDAN,08/17/2025,silver ,-
31,Christine,Lynch,christine.lynch336@hotmail.com,+96273341232,East Aaronmouth,Hashemite Kingdom of Jordan,2025/07/13,regular,1991-12-07
32,Terry,Johnson,terry.johnson705@gmail.com,+962-7-471-3493,Wilsonbury,Saudi Arabia,"September 21, 2023",None,1989/06/05
33,Rebekah,Serrano,rebekah.serrano718@gmail.com,0724994717,Hollyview,Kingdom of Saudi Arabia,09 Nov 2022,Regular,"August 06, 1980"
34,Troy,Miller,troy.miller935@hotmail.com,+962-7-659-4013,Port Emilyview,Hashemite Kingdom of Jordan,09/24/2022,Platinum,22-02-1985
35,Kathryn,Thompson,kathryn.thompson325@outlook.com,+962-7-742-9671,Baileymouth,uk,24 Aug 2024,GOLD,
36,Daniel,Martin,daniel.martin491@yahoo.com,+962-7-746-8071,Johnnyville,JO,03/20/2024,NaN,10/12/2008
37,Richard,Robertson,richard.robertson6@yahoo.com,+962 7 876 0385,Garrettton,jordan,2026/07/10,Regular,1962-10-13
38,Andrea,Pennington,none,+96277109324,new rickybury,Jordan,28-04-2024,regular,2010/02/08
39,Robin,Murray,robin.murray116@hotmail.com,0727484677,South Andrea,U.A.E.,01/15/2023,silver ,"August 02, 1973"
40,Sandra,Romero  ,sandra.romero458@hotmail.com,+96271465840,JESSICASHIRE,jordan,02/01/2026,silver ,1985/05/14
41,Donna,Grimes,donna.grimes981@yahoo.com,(+96) 2-7-755-8867,Mollybury,KSA,10 May 2024,Platinum,"November 16, 1984"
42,Jesus,rowe  ,jesus.rowe518@yahoo.com,0776627028,Mollymouth,JO,29/09/2022,Silver,21/07/1956
43,Renee,smith,renee.smith741@gmail.com,N/A,Port Markside,UAE,2023-02-23,none,05/15/1973
44,Levi,Higgins,levi.higgins392@outlook.com,0780913431,Goodville,saudi arabia,2025-08-10,Gold,11/03/1977
45,  Heather,Berger,heather.berger558@outlook.com,0704556238,Knightburgh,Saudi Arabia,2022-10-03,silver ,1960-10-08
46,Christian,Pitts,christian.pitts251@gmail.com,NaN,Elizabethmouth,JORDAN,18 Jan 2025,GOLD,23 Aug 2004
47, Erica ,Moore,erica.moore63@yahoo.com,0759464743,Castanedaville,JO,03-05-2024,silver ,20-10-1964
48,Ashley,Andrews,ashley.andrews826@outlook.com,+962-7-406-4090,Wallport,KSA,17-07-2026,Silver,11 Feb 1997
49,Jerry  ,  Pham,jerry.pham824@yahoo.com,NULL,New Michaelberg,UAE,2023/06/12,None,1955/12/24
50,Kenneth,Burgess,kenneth.burgess547@hotmail.com,(+96) 2-7-285-8842,Robinfort,JORDAN,10-04-2023,GOLD,"August 12, 2008"
51,kenneth,Harrell,kenneth.harrell201@hotmail.com,0771236851,Smithside,Kingdom of Saudi Arabia,2025/10/14,None,1957/12/26
52,Miguel,Curry,miguel.curry658@gmail.com,,Rosebury,JORDAN,2023-08-15,NaN,06/06/1989
53,Cynthia,Marshall,invalid_email,(+96) 2-7-612-0047,North Jimmyside,UAE,2025-05-17,Gold,"September 17, 1958"
54,Shawn,Santiago,shawn.santiago579@yahoo.com,+962-7-869-2617,Crosbyview,Egypt,2025-07-17,silver ,"July 13, 1952"
55, Mitchell ,Ramos,mitchell.ramos879@gmail.com,0751585064,North Stacy,United Arab Emirates,2026-05-16,Silver,09-01-2000
56,Christopher,Lewis,christopher.lewis771@outlook.com,+962-7-005-3293,Port Kathyborough,United Arab Emirates,16/02/2025,Gold,1985/10/02
57,Lisa  ,Hall,lisa.hall788@outlook.com,+962-7-904-2284,North Donna,uae,01/09/2025,Gold,1952/02/12
58,Alexis,TYLER,alexis.tyler803@yahoo.com,0750240268,Lake Brycemouth,Saudi Arabia,07/10/2023,Silver,02/04/1997
59,William  ,Rodriguez,william.rodriguez885@outlook.com ,0790847007,Simmonsville,U.A.E.,2024/08/02,silver ,27-12-1979
60,renee,  Jones,renee.jones253@outlook.com,(079) 2124998,Oscarhaven,United Arab Emirates,23/11/2022,GOLD,06 Apr 1968
61,William,Jordan,william.jordan322@yahoo.com,0718367365,Rossville,United Kingdom,28-09-2025,silver ,28 Apr 1969
62,Larry,Scott,larry.scott564@gmail.com,+96277111161,Lisaside,Hashemite Kingdom of Jordan,2026/05/21,None,03-03-1954
63,Sue,Hoffman,sue.hoffman411@outlook.com,0765604945,New Williamberg,Saudi Arabia,2025-04-01,Platinum,22-12-1989
64,Jeffrey,Rodriguez,jeffrey.rodriguez340@outlook.com,0751493689,New Sarahview,U.A.E.,14/12/2025,GOLD,22 Apr 1952
65,Joshua,Farmer,joshua.farmer943@gmail.com,(075) 0229612,North Julieborough,saudi arabia,04/04/2026,Silver,1973/02/21
66,Shawn  ,Moore,shawn.moore953@yahoo.com,(075) 9910229,Lake Christophermouth,JORDAN,10/26/2023,silver ,1990/04/15
67,Todd,Ramos,todd.ramos771@gmail.com,+962 7 815 6149,Roseport,Hashemite Kingdom of Jordan,"August 31, 2023",GOLD,"April 18, 1953"
68,Randall,Greene,randall.greene820@hotmail.com,+962 7 432 4451,South Julieburgh,JORDAN,"August 08, 2022",silver ,04/28/1958
69,Amanda,Hall,amanda.hall178@yahoo.com,0751606071,Barbarashire,Hashemite Kingdom of Jordan,10/21/2024,Platinum,"November 01, 1974"
70,Danielle,Roberts,danielle.roberts85@gmail.com,0752975161,South Brianna,uae,"March 10, 2024",Silver,03-01-1982
71,Randy,Collins,randy.collins436@gmail.com,N/A,Michaelberg,Egypt,06/12/2023,Silver,09/29/1964
72,Dwayne,Gonzalez,dwayne.gonzalez631@yahoo.com,+962-7-127-7997,Michellemouth,KSA,24-12-2024,regular,18-08-1959
73,Carlos,Ramos,carlos.ramos422@gmail.com,0749058147,Johnsonstad,U.A.E.,13 Oct 2023,silver ,"June 21, 2000"
74, Chase ,Lin,chase.lin768@hotmail.com,0799867980,Stoutshire,UAE,2025/12/28,None,1989/09/06
75,Marc,Alvarez,marc.alvarez275@hotmail.com,+962-7-071-5182,East Jasminemouth,Jordan,2023-03-05,Silver,05 Jan 1982
76,Chelsea,Cox,chelsea.cox706@yahoo.com,N/A,Codyfurt,jordan,2026/03/30,-,15-08-1967
77,  Jennifer,Douglas  ,JENNIFER.DOUGLAS532@OUTLOOK.COM,+962 7 251 9254,Andersonland,Saudi Arabia,2026/03/13,Silver,22-02-1969
78,Nicholas,Conner,-,0781685054,East Matthew,Hashemite Kingdom of Jordan,"October 28, 2025",None,1996-07-16
79,James,Cooke,james.cooke811@yahoo.com,0741888059,New Nicholas,Jordan,11 Mar 2023,regular,"April 21, 1960"
80, Marie ,Wise,marie.wise116@yahoo.com,+962-7-270-6537,Karenmouth,KSA,22/10/2025,silver ,1964/08/11
81,John  ,SHEPPARD,john.sheppard972@outlook.com,NaN,Burchborough,U.A.E.,15-09-2025,Silver,"August 24, 1998"
82,Devon,Wright,devon.wright666@gmail.com,none,West Shannon,UK,18-02-2025,Gold,
83,Mariah,Davis,mariah.davis171@hotmail.com,0775060685,South Virginia,jordan,"March 19, 2026",Silver,"January 24, 1973"
84, Anthony ,Galvan,anthony.galvan792@gmail.com,,Gilbertland,uae,05-12-2025,silver ,09/17/1951
85,Jason,Hernandez,jason.hernandez330@yahoo.com,0798614341,East Robertmouth,Egypt,05/01/2026,Platinum,1954-05-04
86,Mary,Porter,mary.porter567outlook.com,+962-7-893-2460,Johnchester,Hashemite Kingdom of Jordan,18 Sep 2024,Platinum,"October 22, 1961"
87,elizabeth,Mills,-,0788888067,Lake Paulstad,JORDAN,05/01/2024,None,10/15/1965
88,Allen,Kramer,allen.kramer382@outlook.com,NaN,Port Kimberly,JORDAN,12/13/2023,regular,13-06-1978
89,Heather,Welch,heather.welch967@yahoo.com,(071) 7043030,Sarahhaven,JO,25-10-2025,Platinum,19/06/1974
90,Lisa,Kennedy,lisa.kennedy42@yahoo.com,0734505415,PRESTONMOUTH,JORDAN,2022-09-19,silver ,"March 31, 2004"
91,Paul, Beltran ,paul.beltran228@yahoo.com,NaN,Morrisonburgh,Jordan,2024-07-21,Silver,1983/04/20
92,Manuel,Miller  ,manuel.miller173@outlook.com,0747962757,Lake Mollystad,JORDAN,19-03-2025,regular,NaN
93,Ryan,Fowler,ryan.fowler90@hotmail.com,+962-7-016-5820,Port Cathy,UAE,26/09/2025,GOLD,13 Jun 1997
94,Austin,Jones,austin.jones225@gmail.com,0755690927,Nathanland,U.S.A.,09/07/2025,Silver,01/02/1985
95, Alyssa ,Sanders,alyssa.sanders817@outlook.com,+96273102786,West Kimberlymouth,egypt,2025-03-03,GOLD,NULL
96,Cheryl,Benson,invalid_email,+962 7 312 1727,Port Evelynmouth,Egypt,25 Jul 2026,NULL,"August 22, 1990"
97,Jenna, Pierce ,jenna.pierce679@outlook.com,0742258313,East Kristy,Hashemite Kingdom of Jordan,2023/09/25,GOLD,"February 24, 1952"
98,Angela,Wood,angela.wood315@hotmail.com,+962-7-829-1146,Foxchester,united states,2025-10-14,Gold,21 Dec 1999
99,Charles,Compton,charles.compton244@hotmail.com,+96277785289,Port Tammy,JORDAN,2025/02/20,Silver,
100,Renee,Brown,renee.brown903@outlook.com,+962-7-242-2535,Meghanview,JORDAN,01/25/2023,,N/A
101,STEPHANIE,Hill,stephanie.hill920@gmail.com,+962-7-981-8299,East Donna,uk,01/26/2025,Regular,10/22/1993
102,Cassie,Kirby,cassie.kirby305@yahoo.com,+962-7-010-9439,Montgomerytown,jordan,28 Oct 2024,None,1980-06-14
103,Courtney,Roberts,courtney.roberts483@outlook.com,+96277364710,South Robert,uae,2026-05-25,regular,09-06-1978
104,Matthew,thomas,matthew.thomas995@yahoo.com,(+96) 2-7-556-2588,West Johnville,jordan,2026-01-06,silver ,NaN
105,John, Davis ,john.davis178@yahoo.com,(076) 9632595,Port Erik,U.S.A.,24 Sep 2023,regular,2010/04/30
106,Steven,Koch,steven.koch470@gmail.com,(+96) 2-7-168-7339,Brandonport,JO,23 Jul 2024,Silver,"April 06, 1980"
107,Nicole,Pena,nicole.pena671@outlook.com,N/A,Brandonton,Saudi Arabia,2024/06/14,None,N/A
108,James,Tran,james.tran234@yahoo.com,(+96) 2-7-878-4991,north phillip,Hashemite Kingdom of Jordan,2022/11/12,None,07 Apr 1998
109, Matthew ,Mcmillan,matthew.mcmillan537@gmail.com,0739868000,Lake Mason,JORDAN,04-08-2025,GOLD,"December 30, 1978"
110,Stephen,Obrien,stephen.obrien984@outlook.com,0759526949,Williamhaven,United States,2024-08-19,NaN,06 Jul 1982
111,Jeanne,Evans,jeanne.evans21@gmail.com,0755169409,Bakershire,EGYPT,2025/10/31,regular,24/03/1985
112,Jennifer,Silva,JENNIFER.SILVA599@GMAIL.COM,+962-7-962-3091,North Scott,United Arab Emirates,2023/04/03,GOLD,12-09-1975
113,Robert,Harris,robert.harris59@outlook.com,+962-7-970-2838,Whitneyfort,uk,30/07/2024,silver ,"February 05, 1982"
114,Lee,Thompson,lee.thompson804@outlook.com,+962-7-585-4973,West Angela,U.A.E.,21-03-2026,Silver,1964/01/23
115,Teresa,Evans,teresa.evans92@yahoo.com,0737575844,New Ericafurt,EGYPT,23/09/2023,Silver,25 Apr 2004
116,Ralph, Reed ,ralph.reed543@hotmail.com,0724041574,Lewisside,uae,08/30/2025,GOLD,11/02/1966
117,Anna,  Nelson,anna.nelson780@yahoo.com,+962-7-933-0833,North Robertfort,uae,03/01/2023,silver ,NaN
118,  Kelli,Smith,kelli.smith693@gmail.com,+962 7 267 7345,Debbieland,jordan,10/09/2024,Silver,16-09-1989
119,Jesse,Rodgers,jesse.rodgers138@hotmail.com,NULL,Lake Suzanne,U.A.E.,12/21/2025,Regular,-
120,Nancy, Smith ,-,0715478872,Nelsonville,KSA,11/03/2024,Regular,NaN
121, Jessica ,Wong,jessica.wong121@hotmail.com,0705493296,Robertsonland,jordan,2025/06/11,silver ,1974-08-15
122,Cody,  Holden,cody.holden114@outlook.com,+962-7-304-6374,Kevinshire,U.S.A.,24/06/2024,regular,NULL
123,Desiree,Schwartz,desiree.schwartz119@gmail.com,0717426841,Michaelbury,egypt,26-10-2022,Silver,20-09-1963
124,Dennis,Hernandez,dennis.hernandez820@outlook.com,NULL,New Seanstad,JO,24/07/2025,None,04/04/1955
125,Anne,Brown,anne.brown495@outlook.com,-,Wilsonborough,U.A.E.,2024/10/05,GOLD,1993/08/02
126,Tracy,Nolan,tracy.nolan395@yahoo.com,+962 7 072 8679,New Stevenport,Hashemite Kingdom of Jordan,08 May 2024,none,19-12-1993
127,RANDY,Velasquez,randy.velasquez471@outlook.com,+962-7-910-6518,North Valeriefort,UK,2025-07-21,silver ,"June 22, 1952"
128,Robert,Mack,robert.mack576@yahoo.com,0765676618,Lake Michelle,EGYPT,"August 19, 2025",None,08-09-1957
129,Victoria,Long,victoria.long988@hotmail.com,0730047868,Morrowbury,Hashemite Kingdom of Jordan,2023-01-30,regular,none
130,Eric,Lopez,eric.lopez48@gmail.com,+962-7-106-9033,North Brittneymouth,JO,2026/01/26,Regular,09/06/1986
131,Jacqueline,Williams,jacqueline.williams749@yahoo.com,(+96) 2-7-673-8302,Jimshire,U.A.E.,13-07-2025,silver ,14-09-1969
132,Carla,Chambers,carla.chambers719@hotmail.com,+96274283644,New Stacyburgh,JORDAN,2023/11/08,Gold,1988/02/17
133,Ronald,Simpson,ronald.simpson728@outlook.com,+962-7-685-6624,WHITESIDE,Kingdom of Saudi Arabia,06/17/2026,Regular,12/25/1978
134,Melissa, Turner ,melissa.turner209@gmail.com,+962-7-708-6688,South John,Kingdom of Saudi Arabia,05/26/2025,regular,1962-10-09
135,Deborah,Nielsen,deborah.nielsen14@hotmail.com,+962 7 183 0469,Port Charlesshire,jordan,16 Dec 2025,Platinum,01/11/1994
136,Angelica,Mendoza,angelica.mendoza387@gmail.com,0754033173,South Rose,JORDAN,2026-01-18,Gold,-
137,Kimberly,James,kimberly.james803@hotmail.com,+962-7-544-5877,Port Tinafort,uae,2024-09-14,GOLD,04/08/1996
138,Luke,Harris,luke.harris575@gmail.com,0709320489,Phillipsborough,Jordan,2023/10/28,GOLD,12 May 1970
139,Noah,Whitaker,noah.whitaker384@outlook.com,+962-7-547-7725,East Jennifer,JO,"July 26, 2024",Regular,11/14/1979
140,Sabrina,Weaver,sabrina.weaver720@outlook.com,(+96) 2-7-080-1006,PORT CRYSTAL,KSA,19 Feb 2025,regular,"August 25, 1954"
141,Edward,Robinson,edward.robinson399@gmail.com,+962-7-099-7700,Smithhaven,USA,24-05-2024,Silver,1993/11/25
142,Amanda,Mitchell,amanda.mitchell486@yahoo.com,0762118233,Lisaview,JORDAN,30-07-2024,GOLD,1998-04-08
143,Christian  ,Chung,christian.chung313@yahoo.com,0733410166,Tranton,United Arab Emirates,05/28/2024,Silver,10 Oct 1988
144,Jacqueline,Miller,jacqueline.miller75@hotmail.com,0759180339,Nelsonland,JORDAN,2025-12-14,regular,08/21/1991
145,Juan,Daniels,juan.daniels374@hotmail.com,0725039261,Franciscobury,United Arab Emirates,15 Mar 2025,GOLD,1984/07/28
146,Melissa,Rhodes  ,melissa.rhodes84@hotmail.com,+962-7-621-8501,Hallland,UAE,24 Sep 2024,silver ,01/03/1971
147,Kayla,Friedman,kayla.friedman375@outlook.com,(+96) 2-7-504-7735,reynoldsshire,UAE,2024/02/27,Platinum,18 Mar 1990
148,  Christopher,Montgomery,christopher.montgomery894@yahoo.com,(071) 1426265,Danieltown,KSA,2025-10-05,Platinum,23 Feb 2007
149, Sean ,Juarez,sean.juarez534@hotmail.com,(+96) 2-7-126-7888,Garcialand,UAE,"December 24, 2022",regular,10/22/1971
150,Christopher,George,christopher.george514@yahoo.com,+962 7 604 6618,New Adriana,Jordan,2023/11/13,Platinum,09-09-1991
151,Gavin,Adams,invalid_email,0721264647,West Johnathanbury,U.A.E.,24-08-2023,Gold,28/10/1993
152,Tyler,Jensen  ,tyler.jensen483@outlook.com,+962-7-240-6596,Scottchester,United Arab Emirates,05/26/2024,GOLD,"July 02, 1999"
153,  Michele,Mccann,michele.mccann430@yahoo.com,+962-7-593-7526,Kellyfort,Jordan,2023-02-11,None,"August 20, 2008"
154,Kimberly,Nguyen,kimberly.nguyen896@gmail.com,(+96) 2-7-651-9398,Lake Katrina,JO,2023-09-10,silver ,08/03/1952
155,jessica, Hahn ,jessica.hahn8@gmail.com,0741672434,Lake Rodney,US,2023/05/30,regular,"March 10, 1973"
156,Shane,Harper,shane.harper803@outlook.com,0788680589,North Kaylastad,Hashemite Kingdom of Jordan,2024/11/24,Gold,NULL
157,Cheyenne,Hart,cheyenne.hart347@gmail.com,0765610143,South Neil,Jordan,2025-02-24,regular,1978-05-10
158,Erin,Vaughn,erin.vaughn987@gmail.com,+962 7 071 4611,West Larry,saudi arabia,03/05/2023,Regular,"November 21, 1977"
159,  Jamie,WEBB,jamie.webb799@outlook.com,+962-7-775-1401,PORT MATTHEWVILLE,jordan,2024/06/22,GOLD,14 Mar 1991
160,Frank,Riggs,frank.riggs417@gmail.com,0728258673,Sotoburgh,United Arab Emirates,2023/07/19,None,"December 31, 1988"
161,Ryan,Johnson,ryan.johnson883@gmail.com,0737966033,Karenland,jordan,10/01/2025,GOLD,1985-03-18
162,Lauren,Herrera,lauren.herrera568@yahoo.com,+962 7 371 4785,Carrshire,JORDAN,13 Jan 2024,regular,06/04/1957
163,Michael, Ellis ,michael.ellis505@gmail.com,0749912513,Darylstad,egypt,06 Apr 2023,regular,05 Mar 1992
164,William,Barnes,william.barnes554@gmail.com,+962-7-662-7828,South Keith,Jordan,2023-02-14,Platinum,1961-10-18
165,Megan,Harvey,megan.harvey628@hotmail.com,0707236887,Cohenchester,United Arab Emirates,12/01/2026,Gold,"March 06, 1993"
166,Scott,Jackson,scott.jackson201@yahoo.com,(073) 4043842,Cunninghamfort,egypt,"October 31, 2024",GOLD,22-07-1983
167,DANIEL,Wilson,daniel.wilson860@gmail.com,0758078361,West Nancy,Egypt,02/09/2025,Silver,1952/07/03
168,Jose,Atkins,jose.atkins364@hotmail.com,+962-7-133-9596,New Donald,JORDAN,02 Dec 2022,Gold,20-12-1962
169,Jamie,brown,jamie.brown669@hotmail.com,0749825449,Stephaniehaven,uae,22/12/2023,Gold,NULL
170,Erin,  DAVIS,none,+962-7-604-2232,Mariafurt,Saudi Arabia,2026/06/03,silver ,12/09/1979
171,Barbara,Adams  ,barbara.adams938@hotmail.com,+962-7-711-6845,Clementsmouth,JO,03/24/2024,None,1985/06/27
172,Misty,Boone,misty.boone233@gmail.com,0775186363,Adamsport,JORDAN,11-12-2022,regular,1970-11-01
173,Becky,Knight,becky.knight612@yahoo.com,0750017012,Bryantchester,uae,06 Jul 2024,silver ,1962-09-16
174,Haley,Anderson,haley.anderson292@hotmail.com,(072) 4154152,South Conniebury,JO,03/03/2025,Platinum,NaN
175,Christopher,Davis,NULL,(071) 2938700,Lisachester,Jordan,04-06-2023,Silver,none
176,Tim,Perez,tim.perez849@gmail.com,0711554262,North Alyssa,Jordan,12/05/2022,None,1951-01-29
177,Debra,Alexander,debra.alexander645@gmail.com,0726973112,New Jessicastad,United Kingdom,2025-06-17,Platinum,N/A
178,Leonard,Taylor,leonard.taylor708@outlook.com,NaN,Port Melanieport,UAE,2023-09-05,GOLD,1962/11/24
179,Catherine,Lopez,none,0703761379,New Pamelatown,jordan,"February 20, 2024",None,10/13/2009
180,Sarah,Anderson,sarah.anderson165@gmail.com,+962-7-965-8271,New Carlosview,JO,05/01/2026,Gold,"July 08, 1963"
181,Sandra,Fry,sandra.fry397@yahoo.com,+962-7-486-6618,West Christopher,Saudi Arabia,2024-02-29,NULL,04/24/1955
182,Samantha  ,Mccann,samantha.mccann539hotmail.com,0756914630,North Sandy,Jordan,12/03/2023,Regular,1957/07/12
183,Cheryl,Brown,cheryl.brown42@gmail.com,0721020275,Garyberg,Hashemite Kingdom of Jordan,03/27/2025,Platinum,07/23/1995
184,Morgan,Quinn,morgan.quinn591@hotmail.com,0705648149,South Spencerstad,usa,01/16/2023,None,23-11-1953
185,Michele,Jackson,michele.jackson332@yahoo.com,+962-7-191-3800,East Brandonstad,uk,14/03/2023,Regular,19-07-1973
186,Edward,Velazquez,EDWARD.VELAZQUEZ877@HOTMAIL.COM,+962-7-863-5365,margaretshire,U.A.E.,12/31/2025,regular,"December 09, 1972"
187,Wayne,Winters,wayne.winters80@hotmail.com,+962-7-806-1744,Christophermouth,JO,2023/04/16,NaN,
188,James,Elliott,james.elliott124@yahoo.com,+962-7-937-5973,east adam,United States,"October 15, 2023",Gold,1975/03/04
189,Jesse,Reed,jesse.reed517@gmail.com,0705064138,South Travis,JO,05/12/2025,regular,"March 01, 1954"
190,Wendy,Dawson,wendy.dawson586@yahoo.com,+96273865719,New Dennisfurt,Saudi Arabia,2022-12-10,silver ,22-01-1955
191,Ashley,Graham,ashley.graham842@outlook.com,+96273445655,Nelsonland,Jordan,2026-06-05,Regular,"March 09, 2007"
192, Derek ,Carrillo,derek.carrillo24@hotmail.com,0712775618,Tamiborough,egypt,01/03/2023,Regular,1977/09/07
193,STEVEN,Phelps,STEVEN.PHELPS968@GMAIL.COM,-,West Randy,Hashemite Kingdom of Jordan,"December 07, 2022",Silver,04/07/1953
194,Kent,Wilkins,kent.wilkins23@gmail.com,-,North Alexander,United Arab Emirates,04/08/2023,regular,2000/05/23
195,Toni,Anderson,toni.anderson231@yahoo.com,0751994101,Lake Scott,JORDAN,12/11/2025,Platinum,19/04/1958
196,Rebecca,Calderon  ,rebecca.calderon820@yahoo.com,+962-7-070-2966,Johnsonchester,U.S.A.,2023/11/24,Gold,"December 09, 1960"
197,Jason,  Lopez,jason.lopez997@outlook.com,+962-7-209-9934,Jenkinsside,KSA,09 Sep 2023,Platinum,NaN
198,Christopher,Reyes,christopher.reyes27@hotmail.com ,+96278380657,Coopershire,uae,03/31/2024,Gold,1980-09-17
199,Paul,White,paul.white208@yahoo.com ,(073) 0407859,East Craig,UK,"November 05, 2023",silver ,25/12/1989
200,Joseph,Velasquez,joseph.velasquez534@gmail.com,0703965223,Lindastad,Saudi Arabia,"March 29, 2026",silver ,2005/05/29
201,Anthony,Haynes,anthony.haynes171@outlook.com,+962-7-929-3784,South Benjamin,Jordan,2026/05/12,Silver,"December 09, 1953"
202,Carolyn,Smith,carolyn.smith605@yahoo.com,0759325250,East Brendaberg,Saudi Arabia,2024-06-25,Silver,1997/01/12
203,Meghan,Valencia,meghan.valencia388outlook.com,+962-7-569-1545,East Jessica,U.A.E.,31 May 2026,Regular,12-10-1976
204,Danielle,Freeman,danielle.freeman4@hotmail.com ,(+96) 2-7-895-3926,Jessicaport,uk,03/11/2023,silver ,"March 18, 1958"
205,Jessica,Rush,jessica.rush51@yahoo.com,0769029593,South Donaldland,jordan,14-05-2026,none,11/06/1964
206,Toni,Jackson,toni.jackson990@outlook.com,0715704331,Jonathanville,Jordan,10 Feb 2026,silver ,1993-10-17
207,Brandon,Kim,brandon.kim713@yahoo.com,+962-7-267-6586,Port Timothyshire,JO,01 Apr 2024,regular,17 Aug 1989
208,Gloria,Martin,gloria.martin533@outlook.com,+962-7-040-5411,GEORGEFURT,UAE,2022/11/12,Platinum,23/03/1960
209,Charles,MCMAHON,charles.mcmahon810@gmail.com,0759970629,Mooreville,JO,2026-06-25,Gold,08 Jun 1970
210,Terri,Ortiz,terri.ortiz643@outlook.com,0784443106,Hernandezstad,saudi arabia,"October 14, 2024",GOLD,1950-10-19
211,Christopher,Colon,christopher.colon288@gmail.com,(+96) 2-7-731-0324,South Meganport,saudi arabia,2025/01/26,GOLD,30-08-1997
212,Thomas,Jacobson,thomas.jacobson310@yahoo.com,+962-7-862-5652,williamsmouth,U.A.E.,08/19/2023,GOLD,1978/06/22
213,Jeremy,Adams,jeremy.adams136@yahoo.com,,Port Paulhaven,JO,26 Oct 2022,Silver,-
214,Amanda,Camacho,amanda.camacho294@hotmail.com,+962 7 374 1608,north stacy,Saudi Arabia,06/20/2024,GOLD,-
215,Stacy,Jackson,stacy.jackson554 at outlook.com,none,Port Brooke,egypt,"June 02, 2023",None,03-10-1969
216,Jessica,Aguirre,jessica.aguirre582@yahoo.com,+96278685487,Port Isabellashire,Hashemite Kingdom of Jordan,02/12/2022,Platinum,12/03/1981
217,Robert,Perry,none,0799119148,Natalieview,U.A.E.,"March 01, 2023",Silver,1973/07/21
218,Todd,Lynch,todd.lynch424@yahoo.com,+96274629960,Prestonmouth,Hashemite Kingdom of Jordan,20 Sep 2022,silver ,01-01-1992
219, Brandon ,Alvarez,brandon.alvarez607@outlook.com,,East Kevin,JO,24 Aug 2023,silver ,1995/03/12
220,Kim,Flores,kim.flores1@yahoo.com,0791373678,Lorihaven,jordan,26-06-2025,regular,22/01/1998
221,Cameron,Mckinney,NaN,+96278902330,North Stephen,USA,03/08/2024,silver ,26/08/2005
222,Janet,Hill,janet.hill143@yahoo.com,0786103579,Thompsonfort,KSA,2025-11-12,Silver,10/13/1985
223,Michael,martin,michael.martin467@outlook.com,0714060293,Lake Jeffrey,uae,"February 23, 2026",Regular,22 Dec 1962
224,Denise,  Palmer,denise.palmer495@hotmail.com,+96270722903,Charleneport,Saudi Arabia,01/11/2026,None,1993/05/02
225,Jenna,Hill  ,jenna.hill798@gmail.com,0757437489,Silvatown,jordan,25-02-2026,NaN,1981/04/05
226,Eileen,Bridges,eileen.bridges673@hotmail.com,0799441715,Danielleview,KSA,"January 25, 2024",regular,
227,Jennifer,Stafford,jennifer.stafford180@hotmail.com,,Lake Tylerport,U.A.E.,07 Oct 2023,None,19/02/1966
228,Robert,Price,robert.price354@gmail.com,(079) 3538758,Meganside,JO,09/17/2022,silver ,09/06/1961
229, Connor ,Anderson,connor.anderson985@gmail.com,0782513534,Frenchmouth,jordan,09-08-2023,regular,1972-11-14
230,Brenda,Ford,brenda.ford789@yahoo.com,+962-7-099-9173,Port Erinhaven,UAE,16/01/2023,Silver,1968/06/21
231,Brian,DICKERSON,brian.dickerson673@yahoo.com,+962 7 356 9725,Port Christopher,JO,13 Feb 2023,Gold,1970/07/12
232,Valerie  ,Edwards,valerie.edwards709@hotmail.com,(077) 4329271,New Ryan,jordan,10/20/2022,NULL,"May 02, 1976"
233,Roy,Woods,roy.woods109@outlook.com,0783505830,Lake Jessicabury,uae,08/03/2022,Regular,1992/03/07
234,Maxwell,Anderson,maxwell.anderson490@outlook.com,-,Lunahaven,Hashemite Kingdom of Jordan,2024-02-08,GOLD,03-11-1970
235,Pamela  ,Cowan  ,pamela.cowan785@hotmail.com,0775326033,East Jessica,UAE,2023/12/10,GOLD,1985/12/14
236,GARY,Richardson,gary.richardson812@hotmail.com,N/A,Lake Danieltown,Jordan,04/03/2025,Silver,1953/06/19
237,Darrell,Wallace,darrell.wallace948gmail.com,0747230461,Cindyberg,U.A.E.,2023-01-24,Gold,13-09-1975
238,Rachel,Hunt  ,rachel.hunt631yahoo.com,+962-7-411-7393,Marieborough,JO,"January 15, 2025",Gold,17 Jan 1972
239,  Robert,Martin,robert.martin379@yahoo.com,(073) 7530011,hernandezland,Jordan,2024-10-05,Gold,1997/05/05
240,Charles,Cummings,charles.cummings212@yahoo.com,0737447012,PORT KELLYMOUTH,EGYPT,"March 10, 2026",Silver,17 Feb 1976
241,Darrell,York,darrell.york634@hotmail.com,+962 7 022 5579,Natalieland,JORDAN,2026/02/17,None,12/05/1972
242,Matthew,Wilson,matthew.wilson825 at outlook.com,0774676212,Port Erikchester,JORDAN,2024/03/03,None,30-03-2005
243,Timothy,Carroll,timothy.carroll243@outlook.com,none,South Scottland,Kingdom of Saudi Arabia,04/28/2024,silver ,08/04/1966
244,Leon,Bush,leon.bush62@hotmail.com,0799358891,Stanleybury,U.A.E.,13 Apr 2025,Gold,"June 27, 1979"
245,Elizabeth,Davidson,elizabeth.davidson858@outlook.com,+96278900287,Boothland,JO,03/02/2023,Regular,none
246,Malik,Rivera,malik.rivera714@gmail.com,(+96) 2-7-838-6631,Wallaceshire,saudi arabia,09/07/2023,-,16-06-1977
247,Melissa,West,melissa.west142@outlook.com,-,Port Christopherport,United Arab Emirates,"January 17, 2023",Regular,23 Dec 2003
248,Anna, Pena ,anna.pena754@gmail.com,(075) 5037589,Moranstad,United States,24-05-2024,Gold,-
249,Daniel,Malone,daniel.malone756@yahoo.com,0755488510,South Donald,Saudi Arabia,2023-06-16,GOLD,31/07/1993
250,Jennifer,Rodriguez,jennifer.rodriguez463@hotmail.com,none,port robertshire,Egypt,05-01-2025,Silver,NULL
251,Patricia,Ellis,patricia.ellis993@yahoo.com,NULL,Robersonfort,United Arab Emirates,04/12/2024,GOLD,12 Jan 2006
252,Kimberly,Kent,kimberly.kent136@hotmail.com,0722169958,barnesbury,uae,05/03/2025,Gold,26-12-1966
253,Tamara,Waller,tamara.waller120@gmail.com,0722698485,EAST JASON,jordan,05/19/2024,GOLD,06/07/1993
254,Glenda,Morse,glenda.morse160@gmail.com,+962-7-288-5158,Aguilarchester,JO,2023/02/06,Gold,1991/01/10
255,Patricia,Ferguson  ,patricia.ferguson316@gmail.com,0760810620,East Josephburgh,JO,01/29/2026,regular,2009-08-01
256,Frances  ,Thomas,frances.thomas620@gmail.com,0743805719,Lake Deborah,jordan,26-10-2022,GOLD,26/11/1973
257,William,Robles,william.robles296@yahoo.com,0706665800,Jamesmouth,Jordan,05/10/2025,Platinum,15 May 2000
258,Rhonda,Bush  ,rhonda.bush280@outlook.com,+962-7-989-3347,Lake Charles,jordan,"February 28, 2025",N/A,26 Apr 2008
259,Jill,Wilson,jill.wilson308@outlook.com,N/A,Stevenberg,UAE,"September 25, 2022",GOLD,"December 19, 1952"
260,Sarah,Carlson,sarah.carlson751@gmail.com,0794798515,east abigail,jordan,2025-08-31,regular,1997/09/29
261,Erik,Daniels,erik.daniels894@hotmail.com,0753355543,barajastown,U.A.E.,2024-03-08,Gold,15-06-1957
262,Michael,Allen,michael.allen852@yahoo.com,+962-7-930-5616,Amberport,Jordan,20/02/2025,None,1952-01-20
263,Zachary,Townsend,zachary.townsend912@hotmail.com,+962 7 877 0435,North Garyside,U.S.A.,17-08-2024,Gold,1982-07-25
264,Courtney  ,Clark,courtney.clark34@gmail.com,0736138612,South Jenniferton,KSA,"February 01, 2025",Platinum,NULL
265,Brian,Bauer,NaN,+962-7-934-6676,Stewartfurt,Egypt,20 Oct 2024,Regular,1990-12-20
266,Amanda,May,amanda.may690@gmail.com,0790158144,West Kathymouth,United States,2025-01-16,None,06/15/1973
267,Lynn,johnson,lynn.johnson468@hotmail.com,(073) 2684245,New Nancyberg,Hashemite Kingdom of Jordan,2023/03/13,GOLD,1957/12/18
268,Adam,CARLSON,adam.carlson605@gmail.com,0714353682,East Jeffrey,Hashemite Kingdom of Jordan,2024-09-19,Platinum,2000/08/27
269,James,White,james.white966@outlook.com,+962-7-087-8141,Coreyshire,Kingdom of Saudi Arabia,2025-10-08,Silver,20/10/1979
270,Mark,  Anderson,mark.anderson620@hotmail.com,(071) 4913577,Christinaport,usa,11/03/2025,None,"March 06, 1992"
271,Elijah,knight,elijah.knight393@outlook.com,0762053364,Dennismouth,EGYPT,10/20/2025,regular,30/03/2003
272,Steven,Howard,steven.howard576@yahoo.com,0781291428,West Jessica,United Arab Emirates,17-10-2023,,03/02/1988
273, Jessica ,Mcclain  ,jessica.mcclain366@outlook.com,0709969308,Amyside,Jordan,20 Dec 2025,regular,N/A
274,Kimberly,Diaz,kimberly.diaz21@outlook.com,0794278816,Waynebury,JORDAN,19-06-2023,None,13 Jun 2001
275,Lindsay,Mendez,lindsay.mendez998@gmail.com,(078) 2722992,Crosbyton,Jordan,2023/03/27,Silver,NaN
276,Tony,Brown,tony.brown824@hotmail.com,(070) 3856770,Lake Mariohaven,UAE,2024/01/18,Gold,08/01/1988
277,Joshua,Harmon,joshua.harmon874@outlook.com,(079) 2665918,Nicholasbury,egypt,19 Nov 2024,regular,21/07/1981
278,MICHAEL,Parrish,michael.parrish263@yahoo.com,0779082723,New Dawnborough,EGYPT,08/07/2024,Regular,N/A
279,Eric, Guzman ,eric.guzman802 at gmail.com,(073) 6517773,Lake Martha,Saudi Arabia,02/11/2025,Gold,"December 01, 1951"
280,Bradley,Berry,bradley.berry258@outlook.com,0780920242,Greeneshire,US,20 Mar 2023,Platinum,NULL
281,Natalie,Luna  ,natalie.luna717@gmail.com,+962-7-137-9772,Port Robert,jordan,08/11/2025,GOLD,1959-02-18
282,Brandi,Saunders,brandi.saunders260@outlook.com,0784257991,South Paul,US,23/01/2025,Regular,31/01/1957
283,James,Heath,james.heath881@yahoo.com,+962-7-629-1279,Port Amandaville,US,02/08/2024,silver ,29-02-1956
284,Donna,Winters,donna.winters361@outlook.com,+962-7-068-6508,Perezfort,Egypt,2024/09/22,None,NULL
285,  Patrick,Chapman,patrick.chapman851@yahoo.com,(+96) 2-7-916-2473,West Carmenside,U.A.E.,2025/07/15,GOLD,N/A
286,Jacob,Fletcher,jacob.fletcher971@gmail.com,+962-7-981-8063,Robertville,JORDAN,2025-09-23,silver ,"November 09, 1959"
287,Denise,King,denise.king446@outlook.com,0769594636,Whiteside,JORDAN,28/12/2025,Platinum,12 Nov 1983
288,Jon,Parker,jon.parker269@yahoo.com,0762137213,HARTMANSIDE,saudi arabia,2023/12/13,silver ,1987/05/31
289,Gabrielle  ,Williams,invalid_email,0701279611,Jeffreyland,Jordan,"February 16, 2024",Gold,"February 10, 1987"
290, Jenny ,Arias,jenny.arias321@gmail.com,+96278490277,East Melissahaven,jordan,"March 04, 2024",regular,24/09/1967
291,Arthur,Greene,NULL,(073) 9205302,West Kimberlystad,Hashemite Kingdom of Jordan,2024-08-19,None,1990/10/01
292,Richard,Gonzalez,richard.gonzalez209@hotmail.com,+962 7 118 4895,Sylviaview,U.A.E.,19/08/2022,Silver,24/02/1964
293,Sylvia,Gibson,sylvia.gibson975@gmail.com,0704268181,Matthewville,EGYPT,"March 09, 2024",Regular,1998-09-30
294,Sue,Walter,-,0794769735,Maldonadoshire,uk,2025-10-28,silver ,04/17/2002
295,Timothy,Scott,timothy.scott771@yahoo.com,0733565880,Johnland,Egypt,07-02-2024,Silver,"July 04, 1974"
296,Kaitlyn,Peterson  ,kaitlyn.peterson378@yahoo.com,(072) 7553942,South Jillian,JORDAN,15/10/2024,Silver,none
297,John,Baker,john.baker438@hotmail.com,+962-7-395-2111,Austinside,Hashemite Kingdom of Jordan,2023/06/27,regular,NaN
298,Melanie,Watson,melanie.watson47@gmail.com,0794728463,North Alicia,jordan,31-10-2023,Gold,1975-12-17
299,Sheila  ,JOHNSON,sheila.johnson489@outlook.com,+962-7-271-8750,Lake Jasonshire,United Arab Emirates,2023/12/17,silver ,
300,Michael,Hensley  ,michael.hensley149@yahoo.com,+96274347955,South Rodney,Hashemite Kingdom of Jordan,2023-04-27,Silver,09/19/1975
301,Karen  ,Diaz,karen.diaz850 at outlook.com,(+96) 2-7-729-2931,Lindaside,JO,2024/03/04,none,03/07/1976
302,Oscar,Thomas,oscar.thomas63@gmail.com,0727026728,Kristenport,Kingdom of Saudi Arabia,"May 29, 2026",GOLD,N/A
303,Michele,Williams,michele.williams702@hotmail.com,+96272034717,Jordanstad,Kingdom of Saudi Arabia,19 Dec 2022,GOLD,11 Mar 1984
304,Sarah,scott,sarah.scott161@outlook.com,+962 7 159 3998,Port Justin,jordan,25-08-2022,GOLD,01/28/1970
305,WILLIAM,  Hampton,william.hampton265@hotmail.com,+962-7-169-4722,Robertshire,egypt,"May 10, 2024",Silver,09/11/1974
306,Rebecca,Miller,,0755449647,Juliehaven,U.K.,2023/12/12,None,02/07/2008
307,Robert,White,none,N/A,South Amytown,Hashemite Kingdom of Jordan,30-08-2022,Platinum,29 Oct 1996
308,Alexandria,Ferrell,alexandria.ferrell975@hotmail.com,+962-7-921-6433,scottberg,Kingdom of Saudi Arabia,26 Dec 2022,Gold,12/06/1958
309,Mary,johnson,mary.johnson677@hotmail.com,+962-7-577-8487,Lake Amber,saudi arabia,2025-03-23,regular,"January 08, 1986"
310,Stephen,Curry,stephen.curry668@outlook.com,+962 7 688 4578,port christopher,Kingdom of Saudi Arabia,2026/01/29,Gold,"January 15, 1969"
311,Robert,Moore,robert.moore29@hotmail.com,+962-7-825-4780,arroyofort,JO,12-08-2022,-,1968-07-18
312,katie,Yates,katie.yates732@yahoo.com,+962-7-085-3686,Wrightfurt,U.A.E.,2024-12-16,GOLD,04/10/2000
313,Jeffrey,MILLER,jeffrey.miller488@yahoo.com,+962-7-894-4846,Port Casey,jordan,"January 26, 2025",None,08/10/1958
314,Daniel,Gibson,daniel.gibson497@outlook.com,+962 7 973 5020,EAST TERESAPORT,united states,19-05-2024,Silver,N/A
315,JENNIFER,Acosta,jennifer.acosta498@gmail.com,+96272073564,Boltonmouth,uae,2023-07-03,Silver,1992-05-21
316,Anthony,Miller,anthony.miller487@yahoo.com,(072) 0461872,Port John,Jordan,28 Jul 2025,silver ,19/06/1973
317,Alexander,  Villegas,alexander.villegas26@hotmail.com,+962-7-673-0371,South Paul,Hashemite Kingdom of Jordan,"June 06, 2025",Regular,"March 30, 2008"
318,Sharon,Moore,sharon.moore455@gmail.com,0788147435,Port Elizabethville,Jordan,25 Jun 2025,GOLD,
319,Ryan,Smith,N/A,0791630097,WEST KELLI,United Arab Emirates,30-09-2025,silver ,NULL
320,Vincent,Parks,vincent.parks118@hotmail.com ,0700528127,west tina,Saudi Arabia,12/04/2023,Gold,19/11/1997
321,Katherine,Trujillo,katherine.trujillo173@yahoo.com,+962-7-306-5240,Mannside,egypt,28-04-2024,none,02-04-1968
322,Heidi,Lopez,invalid_email,0755749821,South Kenneth,EGYPT,26/04/2023,Platinum,16 May 1966
323,Michael,Smith,michael.smith252@hotmail.com,+962 7 620 9593,jenniferside,Saudi Arabia,2025/02/14,Gold,1999/09/18
324,James,  Vega,james.vega853@outlook.com,+962-7-294-5651,New Donnaton,Saudi Arabia,2025-08-19,None,09/06/2000
325,DAVID,Russo  ,david.russo311@yahoo.com,-,Brandonbury,jordan,"May 19, 2023",None,12/05/1986
326,Chad,  CONRAD,chad.conrad584@yahoo.com,-,Port Christinahaven,United Arab Emirates,2023/05/28,none,1953/01/03
327,Chad,Torres,chad.torres125@outlook.com,none,New Colleen,saudi arabia,2026-05-08,silver ,1961-04-21
328,Kara,Perry,kara.perry940@yahoo.com,none,Wagnerburgh,egypt,29 Dec 2022,GOLD,NULL
329,Carol,Mahoney,carol.mahoney75@outlook.com,+962-7-855-6659,New Amy,UK,07 Mar 2026,none,1973-01-27
330,Andrea,Garner,andrea.garner99@outlook.com,(+96) 2-7-776-0049,New Derekport,UAE,04-01-2024,Regular,18-12-1950
331,Tracey,Lewis,tracey.lewis130@hotmail.com,+962 7 488 8992,NORTH STEVENBERG,Hashemite Kingdom of Jordan,"October 31, 2023",GOLD,"November 16, 1958"
332,Michael,Perkins  ,invalid_email,+96274196931,Lauraburgh,JORDAN,03 Jul 2023,Silver,1979/11/13
333,Rachel,Warner,rachel.warner344@hotmail.com,NULL,Michaelchester,KSA,2025/11/06,Platinum,07/25/1975
334,Mindy,Kane,mindy.kane189@gmail.com,0790604805,West Wayne,saudi arabia,2023-06-24,Regular,26-10-1963
335,Brent,Dennis,brent.dennis23@yahoo.com,0779981364,Hernandezmouth,Egypt,22-02-2024,Platinum,07/10/1955
336,Ashley,Williams,ashley.williams445@gmail.com,(071) 6862278,South Randall,Hashemite Kingdom of Jordan,2024/03/02,Platinum,06 Nov 1984
337,Ann, Shea ,ann.shea894@yahoo.com,+962-7-314-6591,Lake Robertstad,JO,2024-08-31,Gold,21 Jun 1971
338,Malik,Wheeler,malik.wheeler539@outlook.com,0742597927,Port Jesusstad,Kingdom of Saudi Arabia,01 Sep 2022,Platinum,06-12-1959
339,Jessica, Miller ,jessica.miller303@outlook.com,0739240514,Ruizmouth,Hashemite Kingdom of Jordan,12/07/2025,GOLD,10-02-1963
340,Amanda,Harris,amanda.harris514@gmail.com,0748792069,West Georgeport,jordan,30-08-2024,regular,12 Aug 1962
341,Heather,Nelson,HEATHER.NELSON758@HOTMAIL.COM,0701645104,Hallfurt,Jordan,06/06/2024,Gold,01/30/1981
342,Jenna,Mckee,jenna.mckee740@outlook.com,(+96) 2-7-981-2387,North Johnhaven,Saudi Arabia,05-07-2024,Gold,11/12/1968
343,Tracy,Garner,tracy.garner436@outlook.com,0755438404,ZAMORATOWN,saudi arabia,"August 23, 2022",silver ,03/21/2007
344,Stacy,Perez,stacy.perez655@hotmail.com,NULL,Allenberg,jordan,12/09/2023,Platinum,
345,LARRY,Jacobs,NULL,(072) 3298324,South Wendy,JORDAN,"May 14, 2024",regular,"February 12, 2009"
346,Dustin,Fitzpatrick,dustin.fitzpatrick620@yahoo.com,+962-7-518-8125,Lake Anthony,uae,28-03-2026,regular,10 Sep 1969
347,Teresa,Ali,teresa.ali933@yahoo.com,+962 7 423 1220,Catherinebury,jordan,2023/10/14,Silver,1986/05/09
348,Jerry,Johnson,jerry.johnson774@gmail.com,0772897526,Wellsburgh,USA,2022/11/21,None,1962/03/02
349,ANTONIO,Duran,antonio.duran476@outlook.com,+962-7-463-3312,Camachofort,jordan,18 Aug 2022,Gold,1991-11-04
350,Michelle,Clay,michelle.clay12@hotmail.com,0709656999,new danielmouth,JO,2024/04/12,Silver,10-03-2000
351,bobby,Forbes,bobby.forbes205 at gmail.com,0760868034,Sandersport,U.A.E.,2024/08/23,NaN,1996-12-28
352,Justin,Jackson,justin.jackson439@gmail.com,NULL,Port Brenda,Jordan,2023/10/01,regular,NULL
353,Amy,Long,amy.long811@yahoo.com,0702793714,Heatherburgh,JORDAN,12-11-2023,Gold,1993/09/03
354,David,Wilson,david.wilson392@yahoo.com,0751868926,Williamsburgh,Egypt,"May 14, 2024",N/A,22/04/2005
355, Ariana ,Keller,ariana.keller757@hotmail.com,(+96) 2-7-220-6447,Courtneyville,Jordan,03/04/2023,GOLD,06/25/2004
356,Susan,Smith,susan.smith623@outlook.com,NULL,Youngshire,U.S.A.,08/19/2025,Silver,"February 20, 1990"
357, Shawn ,Ramos,shawn.ramos251@outlook.com,0703849830,East Brian,USA,22-12-2024,silver ,06/07/1971
358,Dustin,Johnson,dustin.johnson21@outlook.com,+962 7 945 1016,East Emily,uae,18/11/2024,regular,28/03/1987
359,Heather,Larson,heather.larson5@gmail.com,(072) 7950145,Priscillaland,United Arab Emirates,20/09/2025,None,
360,Megan,Brown,megan.brown981@hotmail.com,0714586833,North Ashleyhaven,UK,2024/06/14,silver ,2009/10/20
361,Timothy, Barker ,timothy.barker152@hotmail.com,,Sarashire,uae,22/04/2026,Silver,05/09/1980
362,Jessica,Jimenez,jessica.jimenez908@outlook.com,+962-7-934-3010,Garrettville,JO,20 Oct 2025,GOLD,26-10-1994
363,Jared,Gilbert,jared.gilbert2@gmail.com ,+962-7-055-8303,Jonathanland,usa,03/24/2024,Platinum,"January 13, 1969"
364,William,NGUYEN,william.nguyen266@outlook.com,,Marthafort,United Arab Emirates,2022-08-05,NULL,16/07/2005
365,LAURA,Brewer,laura.brewer43@gmail.com,0778576084,Angelatown,Kingdom of Saudi Arabia,30/06/2024,GOLD,25-01-1963
366,Gina,Marsh,gina.marsh388@gmail.com,(+96) 2-7-512-4056,New Catherine,Egypt,2026-02-14,Silver,24-10-1961
367,Darryl,Patton,-,N/A,Shannonport,saudi arabia,2023/10/21,None,16/07/1963
368,kevin,Rodriguez,kevin.rodriguez878@gmail.com,0731780782,West Sandra,United Arab Emirates,16 Sep 2025,None,08/07/1994
369,Alexandra,Rowe,alexandra.rowe717@gmail.com,0718230768,North Larryton,United Arab Emirates,02/22/2023,regular,NULL
370,Brooke,Miller,brooke.miller230@gmail.com,+962-7-018-4094,West James,united states,09 Jun 2024,silver ,10/07/1967
371,Amanda,Mejia,amanda.mejia965@gmail.com,0742241098,East Amyside,JORDAN,03 Apr 2025,silver ,05-09-1969
372, Donald ,  Bush,donald.bush873@outlook.com,(073) 2149587,East Anthonyton,Saudi Arabia,"September 14, 2023",GOLD,-
373,Brian,Simmons,brian.simmons61@hotmail.com,+962-7-997-9545,Lake Katherine,U.A.E.,15 Apr 2023,None,16-02-1999
374,Christian,Livingston,christian.livingston695@outlook.com,0792171747,Hallbury,KSA,2025/08/17,silver ,12-03-1959
375,Paula,Scott,paula.scott168@yahoo.com,+962 7 255 7701,Rodriguezfort,UAE,2024/01/09,Gold,31/03/1978
376,george,Tate  ,george.tate347@outlook.com,0728161581,Amandafurt,JO,12/27/2024,silver ,01 Jan 1986
377,John,Sanchez,john.sanchez456 at hotmail.com,0776153966,amybury,JO,17/03/2023,regular,1960-12-15
378,Elizabeth,Stevenson,invalid_email,NaN,Port Seanport,Jordan,02 Jun 2025,Platinum,2007-12-04
379,Chad,  Rodriguez,chad.rodriguez212@yahoo.com,+962-7-657-0132,Port Dwayneberg,U.A.E.,29/10/2025,Regular,1977-09-30
380,Kelly,Gilbert,kelly.gilbert712@hotmail.com,0735494651,New Valeriefurt,U.A.E.,2024-05-11,Platinum,05 Jun 2001
381,Melissa,Brown  ,melissa.brown77@hotmail.com,0700851403,Parkfurt,United Kingdom,"March 05, 2026",-,31-01-1988
382,Jennifer,Sullivan,jennifer.sullivan620@yahoo.com,+962-7-327-2386,Maryberg,saudi arabia,2024-04-23,Silver,-
383,Monique,Martinez,monique.martinez281@gmail.com,0702762126,Englishchester,JO,2022/08/13,regular,19 Dec 1987
384,Shawn,Coleman,shawn.coleman919@gmail.com,(076) 5326909,Bradfordbury,UAE,2025/11/07,Gold,04/19/1993
385,Joseph,House,joseph.house624@outlook.com,+962-7-009-7519,Nixonland,Kingdom of Saudi Arabia,"November 16, 2024",Platinum,N/A
386,  Jessica,Terrell,jessica.terrell170@gmail.com,none,South Crystal,JORDAN,04/07/2026,None,1990/05/24
387,Elizabeth,Sutton,elizabeth.sutton732@outlook.com,0794905807,Huntfort,Saudi Arabia,"September 22, 2024",None,1985/01/03
388,Martin,Gomez  ,martin.gomez53@outlook.com,+962 7 442 0949,Bryanfort,Saudi Arabia,25-06-2026,regular,04-04-1985
389,Ashley,Douglas,ashley.douglas659@gmail.com,+962-7-904-7128,Port Kristenview,saudi arabia,2023-09-27,Regular,1958/07/10
390,Juan,hodge,JUAN.HODGE127@OUTLOOK.COM,(071) 9292752,Kimberlybury,jordan,2022-08-17,None,31/08/1979
391,Lauren,Atkins,lauren.atkins195@hotmail.com ,0712927663,Barberburgh,jordan,2023-12-10,silver ,22/03/1963
392,Jessica,Reed,jessica.reed946@outlook.com,+96271027674,Reeseside,KSA,2025-02-20,GOLD,"August 03, 1964"
393,Frances,Price,frances.price157@yahoo.com,+962-7-860-4765,North Samanthastad,JORDAN,15/08/2023,Silver,"December 10, 2007"
394,Ryan,Hull  ,ryan.hull281@yahoo.com,+962-7-544-1496,Mejiabury,JORDAN,01/02/2026,GOLD,1994-08-18
395,Brianna,Lee,,0725800106,New Daltonmouth,United Arab Emirates,"December 02, 2023",Silver,30-08-1971
396,  Jessica,King,jessica.king340@hotmail.com,+962-7-910-9391,North Melissaberg,JORDAN,"September 15, 2022",silver ,-
397,Kathryn,Wong,invalid_email,0721244717,Kaylamouth,U.A.E.,10/13/2025,silver ,04-01-1966
398,Kimberly,Ramirez,none,+962-7-650-4427,South Tiffanyborough,saudi arabia,2022/10/27,Gold,-
399,Gregory,Vasquez,gregory.vasquez77@yahoo.com,+96276391741,north chadview,JO,2023/02/23,Regular,16 Mar 1997
400,Andrew,Jimenez,NULL,0700642569,New Jasminefort,U.A.E.,07-03-2025,Regular,04/05/1979
401,Richard,Luna,richard.luna333@gmail.com,0718306719,Mathewport,jordan,10/26/2025,regular,1974-08-10
402,Cynthia,Benjamin,cynthia.benjamin392@hotmail.com,+962-7-851-7432,South Donnaport,uk,12/07/2022,None,1992/04/28
403,Peggy,Mccoy,peggy.mccoy181@yahoo.com,0717320309,South Paul,Hashemite Kingdom of Jordan,2024/01/03,,18/02/1998
404,Dawn  ,Porter,,NULL,Wilsonhaven,United States,06/06/2026,Regular,1978-01-27
405,Erika,Sawyer,erika.sawyer492@outlook.com,0793102707,East Jacquelineberg,Jordan,2023-03-02,regular,07 Jun 1951
406,Cynthia,Conway,cynthia.conway294@yahoo.com,+962-7-179-2911,South Brookebury,Jordan,11/08/2025,Silver,11-05-1954
407,James,Rogers,james.rogers620@yahoo.com,+962-7-651-9825,Port Brandon,United Arab Emirates,"November 30, 2025",regular,1960-12-23
408,Bryan,Hill,bryan.hill808@gmail.com,+962 7 258 2739,East Craigfurt,uae,07 Aug 2025,Silver,25/03/1997
409,Alexis,Tucker,alexis.tucker435@outlook.com,+962 7 219 4672,East Danielle,JO,"August 06, 2022",None,15 Dec 1981
410,Robert,Hurley,,0709279145,smithbury,JORDAN,04-01-2025,None,31 Jan 1962
411,Valerie,Davila,none,0788373403,Port Edwardfort,U.S.A.,2025-01-17,Gold,1980-06-03
412,Ernest,Livingston,ernest.livingston144@hotmail.com,,North Joyside,Jordan,"October 14, 2022",Gold,1961-02-14
413,Kristen,Washington,kristen.washington586@hotmail.com,0737995635,Port Daniel,JORDAN,2023/01/13,Platinum,1964-03-27
414,Joel,Gutierrez,joel.gutierrez480@outlook.com,+96273179706,East Sarah,Jordan,2023-05-16,Silver,14 Nov 1977
415,Paul,taylor,paul.taylor317@yahoo.com,0754352090,Derekmouth,Jordan,2025-06-13,GOLD,N/A
416,George,Cooper,george.cooper365@yahoo.com,0792929831,Vincentfort,KSA,2026-02-12,silver ,21 Apr 2002
417,Javier, Wells ,javier.wells906@yahoo.com,+96270633569,New Sophia,jordan,03-06-2024,-,24 May 2005
418,Rachel,Butler,rachel.butler510@gmail.com,+962-7-780-6867,South Tylerland,Jordan,30/09/2022,Silver,01/30/1984
419,Alexander,DENNIS,alexander.dennis265@outlook.com,0725431074,Lake Stephen,Hashemite Kingdom of Jordan,2026-05-15,GOLD,16/10/1984
420,Brandy,Bray,brandy.bray322@hotmail.com,0726257016,Alyssaport,UAE,2024/06/04,Platinum,
421,Joseph,shah,joseph.shah96@hotmail.com,+962-7-319-5085,North Patrickmouth,Hashemite Kingdom of Jordan,27 Sep 2024,silver ,N/A
422,Michael,Thompson,michael.thompson40@yahoo.com,0718325381,Mclaughlinshire,UK,21 Oct 2024,GOLD,02/11/2002
423,Jacqueline,Mullins,jacqueline.mullins146@gmail.com,(+96) 2-7-554-8640,West Michaelfort,jordan,08/12/2025,Regular,28/08/1980
424,Maria,Harrison,maria.harrison706@yahoo.com,+962-7-847-9513,Millerfurt,KSA,2024-09-12,Gold,12 Jun 2004
425,Keith,Frye,keith.frye152@outlook.com,+962-7-412-7238,West Robertside,KSA,2023/01/03,None,NULL
426,Thomas,Fisher,thomas.fisher222@hotmail.com,+962-7-043-1038,Robertmouth,saudi arabia,09-07-2025,Silver,1989/11/30
427,Kristin,Tucker,kristin.tucker344@gmail.com,0788774924,Port Jordan,jordan,26 Mar 2025,silver ,1979/08/17
428,Tara,Carrillo  ,tara.carrillo632@outlook.com,+962-7-547-2928,Ianburgh,USA,2022/10/05,regular,12/05/2000
429,Heather, Estrada ,heather.estrada936@outlook.com,N/A,Mikeborough,United Arab Emirates,09-03-2023,regular,26 Apr 1984
430,  Austin,Stewart,austin.stewart532@hotmail.com,(+96) 2-7-578-2841,South Sarahberg,Saudi Arabia,12 Dec 2023,silver ,2007/06/09
431,Sarah,Moore,sarah.moore728@yahoo.com,+962-7-885-4749,Port Annette,KSA,14-06-2026,Platinum,2004-12-25
432, Scott ,Norris  ,scott.norris761@yahoo.com,+962 7 028 1406,South Michael,U.A.E.,2025/06/30,silver ,
433,Cathy,Lee  ,cathy.lee611@gmail.com,(+96) 2-7-430-1871,Leemouth,U.S.A.,04/09/2024,Silver,1986-10-05
434,William,Brown,william.brown649@outlook.com,0762656504,Michaelmouth,United Arab Emirates,28/03/2025,Regular,2003/01/11
435,Christopher,Luna,christopher.luna222@hotmail.com,0767426629,East Jaredfort,Jordan,07-05-2024,regular,15 Nov 2009
436,Alicia,Rogers,alicia.rogers909@hotmail.com,+962-7-961-0646,New Steven,uae,21/04/2026,None,1984/08/23
437,Robin,Gonzalez,robin.gonzalez920@gmail.com,(+96) 2-7-487-0494,Hansenmouth,JO,24-11-2025,NULL,16 Jan 1964
438,Kylie  ,Moore,N/A,0771462730,Port Joshualand,Saudi Arabia,09/10/2023,regular,"July 03, 1986"
439,Michael,Castillo,michael.castillo588@outlook.com,+962-7-471-5890,Franciscoton,United Arab Emirates,25/04/2024,Silver,05/04/1959
440,  Steven,Steele,steven.steele5@outlook.com,0704565044,new jamesburgh,UAE,01/01/2024,Silver,14/06/1996
441,Carol,Jackson,carol.jackson628@gmail.com,0754451895,North Derrick,jordan,"November 11, 2023",,
442,Kimberly, Jenkins ,kimberly.jenkins832@hotmail.com,,South Stevenland,U.K.,2026-04-03,regular,"July 25, 1957"
443,David,  Smith,david.smith152@outlook.com,(+96) 2-7-527-9852,Anthonyville,jordan,18 Dec 2023,None,29-11-1963
444,Melissa,Thomas,melissa.thomas877@yahoo.com,0723216110,Toddton,Kingdom of Saudi Arabia,2023-06-24,GOLD,"May 09, 1962"
445,Antonio,Keller,antonio.keller869@gmail.com,0771401401,New Jamieborough,uae,12/10/2024,Silver,08/28/1961
446,Michael  ,  Davis,michael.davis472@yahoo.com,+962-7-495-5289,new ashley,United Kingdom,14/12/2025,silver ,1956-07-07
447,belinda,Smith,belinda.smith181@hotmail.com,0734280138,Richardsonshire,JORDAN,2023-06-10,Regular,"September 05, 1961"
448,Emily,Rodriguez,emily.rodriguez402@outlook.com,+962 7 663 8361,Davidville,jordan,2025/11/28,regular,1981-10-02
449,Tyler,Ward,tyler.ward175@hotmail.com,0701571647,Gloriamouth,USA,09/22/2023,regular,02/15/1964
450,Richard,Mercer,richard.mercer254@outlook.com,+962-7-175-2071,Kimland,Egypt,13 Apr 2024,Gold,1957-09-21
451,Ralph,Neal,N/A,(072) 1535396,East Maryfort,Saudi Arabia,06/25/2026,silver ,1967/04/13
452,jennifer,Perkins,jennifer.perkins92@yahoo.com,(076) 5796784,Port Shawn,JORDAN,30-08-2023,GOLD,25/11/1957
453,Tracy,Hall,tracy.hall855@gmail.com,+962-7-010-1702,Jacobsmouth,US,2026/05/04,Gold,09/26/1959
454,Christy,  Davis,christy.davis465@gmail.com,0787734778,Amyside,Jordan,2022-11-16,regular,15-05-1983
455,Stephanie,Johnson,stephanie.johnson147@yahoo.com,0716756770,East Angelaport,uae,16/04/2024,silver ,2003-08-27
456,Frank,Jordan,frank.jordan824@yahoo.com,0767197889,alvarezburgh,usa,27/10/2023,Gold,21 Dec 1980
457,Peter,Simpson,peter.simpson480@hotmail.com,0795450090,Port Michael,JORDAN,"June 15, 2026",regular,"February 22, 1999"
458,Brandy,Hubbard,NaN,0761655650,East Jimmy,Jordan,26-01-2025,Silver,"April 18, 1969"
459,Christopher,  Watts,christopher.watts148@outlook.com,+96271520850,Barrettchester,Hashemite Kingdom of Jordan,"January 17, 2026",Platinum,1984-08-26
460,Rachel,Adams  ,rachel.adams401@gmail.com,0790569659,Port Tracyborough,egypt,2025/05/09,None,NULL
461,Wesley,Hubbard,wesley.hubbard760@yahoo.com,+962-7-945-6371,West Joseph,uae,06/12/2023,Silver,29 May 1968
462,Ashley,BALLARD,ASHLEY.BALLARD915@OUTLOOK.COM,0719195419,Simmonsstad,jordan,"January 25, 2025",Platinum,1998/04/23
463,Denise,Turner,denise.turner471@yahoo.com,(076) 8536649,Powersside,U.A.E.,"October 14, 2025",regular,28-05-1961
464,Andrew,WARNER,andrew.warner238@gmail.com,+962 7 973 7489,Michaelton,U.A.E.,2026-01-08,Gold,27/11/1981
465, michael ,Hernandez,michael.hernandez861@gmail.com,+962 7 466 5136,Madisonburgh,jordan,03/04/2023,Platinum,16/12/1965
466,Carolyn,Sullivan,carolyn.sullivan209@gmail.com,0730347786,Lucaston,egypt,2023/01/09,None,09/09/1962
467,Joseph,  Johnson,joseph.johnson438@outlook.com,0748207001,Carolynland,UAE,"September 23, 2025",N/A,09 Aug 2004
468,Richard,cox,-,+962-7-162-3198,New Elizabethshire,Saudi Arabia,2025-03-14,GOLD,07/21/2007
469,Sarah,King,sarah.king680@gmail.com,+962-7-391-5596,South Jeffery,Saudi Arabia,09-02-2026,Silver,"December 23, 1956"
470,Jason,Hill,jason.hill107@gmail.com,,Wellsbury,U.S.A.,"March 15, 2024",silver ,none
471,Natasha,Giles,natasha.giles142@gmail.com,+962 7 540 9003,Angelaport,JORDAN,01/09/2024,Silver,11/27/1988
472,Jackie,Leach,jackie.leach256gmail.com,0783760644,Port Katherineport,Kingdom of Saudi Arabia,24/04/2025,Silver,1963-03-12
473,Pamela,Moon,pamela.moon226@outlook.com,+962 7 604 1776,Jenniferville,UAE,2025-02-04,GOLD,2000/01/13
474,Holly,Hunter,holly.hunter567@yahoo.com,+962 7 985 7002,Gibbsberg,uae,2023-12-24,Regular,1950-10-03
475,James,Torres,NULL,0712382965,Mendozaberg,UAE,"November 15, 2024",GOLD,"March 18, 1966"
476,Grace,Serrano,grace.serrano29@hotmail.com,+962-7-316-5266,North Stacy,Jordan,"October 08, 2025",silver ,2005/12/16
477,Deborah,Sims,deborah.sims267@yahoo.com,+962-7-734-2069,Burkeberg,U.K.,2026-03-13,Platinum,30-11-1955
478,Micheal,Valentine,micheal.valentine830@gmail.com,0786771333,KEITHFORT,Jordan,15-01-2023,None,"June 30, 1973"
479,Ryan,Clark,ryan.clark66@outlook.com,0743626204,Joemouth,JORDAN,07 Jun 2023,Regular,-
480,Mike,Sutton,N/A,+962 7 072 5636,fitzgeraldview,UAE,05/27/2024,Platinum,15-12-1954
481,angela,williams,angela.williams999@outlook.com,+962-7-759-9004,Turnerfurt,Saudi Arabia,2026-04-18,Platinum,"November 05, 1990"
482,David,Mcclain,david.mcclain597@gmail.com,+962-7-242-8757,North Logan,KSA,"September 26, 2022",silver ,1982-05-25
483,donald,Wilson,donald.wilson857@hotmail.com,+962-7-274-5644,Zacharychester,UAE,2022/09/30,Platinum,17/02/2004
484,Leslie,Vang,leslie.vang460@outlook.com,+962-7-287-0320,East Barry,JO,2025/08/16,Gold,08 Mar 1966
485,janice,Graham,janice.graham792@yahoo.com,0770758777,Port Jenniferberg,Hashemite Kingdom of Jordan,2026/07/20,Silver,1957-12-27
486,Clayton  ,Oneill,clayton.oneill433@hotmail.com,0728499390,South Samantha,JO,"April 17, 2023",Silver,N/A
487,Tyler,Davis,tyler.davis776@outlook.com,+962-7-416-5915,North Christopher,U.S.A.,2023-11-20,GOLD,30/05/2000
488,Donna,  Gibson,donna.gibson350@gmail.com,+962-7-905-0975,East Michelle,jordan,23 May 2026,Gold,1998-08-31
489,Justin,Yates,justin.yates631@hotmail.com,(078) 9616423,Davisborough,saudi arabia,"July 18, 2025",Silver,1960/05/06
490,Kimberly,Mitchell,kimberly.mitchell41 at yahoo.com,0721476492,Elizabethstad,JORDAN,31 Jul 2025,None,1981-04-30
491,Tracy,  Mcclure,tracy.mcclure286@gmail.com,+962-7-996-1659,South Crystal,United States,23/06/2024,Silver,23-02-1956
492,William,Mcpherson,william.mcpherson572@gmail.com,0727881476,Port Timberg,JORDAN,11-04-2025,None,15 Aug 2009
493,Gabrielle,evans,gabrielle.evans220@gmail.com,-,New Rogerville,uae,2023/07/26,Platinum,13/06/1978
494,Jennifer,Hess,jennifer.hess502@outlook.com,0791801722,Williamschester,United Kingdom,2023/12/29,silver ,06/03/2003
495,Kenneth,Matthews,kenneth.matthews861@outlook.com,0779452321,Monicaville,Saudi Arabia,"May 22, 2024",GOLD,06-08-1976
496,Andrew,foster,andrew.foster652@gmail.com,+962 7 776 9749,Hannahfurt,egypt,"August 16, 2022",GOLD,-
497,Christopher,Taylor,christopher.taylor785@gmail.com,0703037236,North Kevin,JORDAN,02-05-2023,Gold,17-05-1978
498, Thomas ,Johnson,N/A,-,West Ashley,uae,2023/03/27,silver ,2000/08/07
499,brent, Smith ,brent.smith555@yahoo.com,0766799840,Rosshaven,EGYPT,"February 03, 2025",Regular,12/01/1986
500,Cheryl, Gregory ,cheryl.gregory575@hotmail.com,+962-7-730-8069,Angelaview,jordan,02 Nov 2025,Silver,"February 22, 2004"
501,Robert,Kennedy,robert.kennedy341@yahoo.com,(075) 7602437,samuelhaven,Hashemite Kingdom of Jordan,"July 19, 2024",none,02-10-1963
502, Regina ,Morgan,regina.morgan275@yahoo.com,+962 7 724 6657,New Jared,Saudi Arabia,2024-12-23,silver ,
503,Christopher,Webb,christopher.webb40@outlook.com,(+96) 2-7-297-1674,East Angela,Hashemite Kingdom of Jordan,07-04-2023,regular,"July 11, 2010"
504,Michael,Green,michael.green975@hotmail.com,0728015619,North Anna,U.A.E.,04/11/2025,none,10/02/1979
505,Victoria,Glover,none,+962 7 842 8910,LLOYDVILLE,jordan,25 Aug 2025,silver ,18-01-2009
506,Kimberly,Lynch,kimberly.lynch607@yahoo.com,0718081213,Ericport,Kingdom of Saudi Arabia,02-01-2026,regular,1993/01/22
507,Kathleen,Jimenez,kathleen.jimenez94@yahoo.com,0725521376,East Maryfort,Kingdom of Saudi Arabia,2026/01/19,None,"January 19, 1971"
508,William,Miller,william.miller859@hotmail.com,+962-7-653-2863,Port Roy,JORDAN,23 Jan 2024,silver ,26/08/2005
509,Rachael,Crane,rachael.crane887@hotmail.com,0750720811,Leroyburgh,Jordan,08/20/2024,None,N/A
510,Phillip,  Johnson,phillip.johnson663@hotmail.com,+962-7-290-8466,jennifermouth,Jordan,05 Apr 2026,None,2005/02/14
511,Alan,Ramirez  ,alan.ramirez628@yahoo.com,-,Terryfurt,jordan,2024-09-06,regular,02/03/1997
512,Nicole,Miller,nicole.miller174@hotmail.com,0762884318,Adrienneburgh,KSA,2024/09/20,regular,NaN
513,Pamela,Fernandez,pamela.fernandez4@hotmail.com,0746810548,Davidville,Hashemite Kingdom of Jordan,2023-08-09,Silver,06/30/1977
514,Ashley,Smith,ashley.smith223@hotmail.com,+962 7 399 8935,Justinshire,jordan,2023-12-05,silver ,12/01/1990
515,Jennifer,Stone,jennifer.stone303@hotmail.com,0758935712,Pooleland,uae,24 Jul 2023,NaN,08/02/1956
516,Roger,Anderson,roger.anderson296@yahoo.com,+962-7-158-6988,Wigginsshire,U.A.E.,06-06-2023,Platinum,1980-07-01
517,Rodney,Alexander,rodney.alexander578@outlook.com,0776228277,lake william,United Arab Emirates,18-04-2026,Silver,27-04-1982
518, Heather ,Gibson,heather.gibson446@outlook.com,+962-7-285-1961,West Ashleyton,UAE,09/13/2022,Silver,08 Dec 1981
519,David,Torres,david.torres612@yahoo.com,0747022960,PAMELABOROUGH,U.A.E.,26 Jan 2024,GOLD,07/22/1961
520,Jodi,Smith,jodi.smith879@yahoo.com,0710679497,KIMBERLYFORT,Saudi Arabia,04/10/2024,silver ,21/08/2000
521,Martha,ANDERSON,martha.anderson137@outlook.com,+962-7-777-2519,Hughesfurt,Egypt,15-02-2023,None,NaN
522,Brandon,Santiago  ,brandon.santiago408@gmail.com,none,East Stephanieside,Hashemite Kingdom of Jordan,05/05/2024,regular,1985/03/07
523,Brian,Hudson,brian.hudson855@gmail.com,(+96) 2-7-780-1820,KRISTINBURY,JO,"April 30, 2023",silver ,2000-05-08
524,Mary,Riley,mary.riley650@gmail.com,(078) 9569070,Samuelchester,U.K.,2022-11-28,Gold,"January 06, 1952"
525,ALLISON,Reyes,allison.reyes528@outlook.com,0718242241,west stephanie,EGYPT,07-12-2022,silver ,15-04-1991
526,Brian,Woodward,brian.woodward305@gmail.com,0704615265,NICHOLASVILLE,JORDAN,2023/04/19,None,06-09-1953
527,John,Harper,JOHN.HARPER841@OUTLOOK.COM,0788614057,Jonestown,uae,"July 08, 2023",Silver,1975/01/08
528,Jesus,Mercado,jesus.mercado857@outlook.com,+962-7-913-8249,Griffinhaven,JORDAN,2023/08/25,Regular,11/10/1962
529,Tammy,Brooks,tammy.brooks47@outlook.com,0738687007,Deniseburgh,United States,06-07-2026,None,1950/08/08
530,  SARAH,Olson,sarah.olson603@outlook.com,N/A,West Christopherville,Hashemite Kingdom of Jordan,12/17/2024,None,26/05/2000
531,Jessica,Lutz,jessica.lutz647@outlook.com,0739855474,Lake Tonya,saudi arabia,31/01/2026,NaN,"January 25, 1971"
532,Steve,Greene,steve.greene503@yahoo.com,0720970026,Farmerside,JORDAN,2022-08-20,regular,06/10/1955
533,Nancy,Curtis,nancy.curtis923@hotmail.com,0771569562,North Stevenborough,U.K.,"September 21, 2024",silver ,30/03/1977
534,Jeffrey,Smith,jeffrey.smith296@gmail.com,0753194337,Benjaminfort,uae,11/09/2023,Platinum,"November 03, 2004"
535,Jasmine  ,Clark  ,jasmine.clark171@outlook.com,0761498728,Lake Joanne,U.A.E.,10 May 2023,Gold,1990/11/25
536,Carrie,Thompson,carrie.thompson916@gmail.com,0712493843,Lake Ericaview,Hashemite Kingdom of Jordan,"December 03, 2024",Silver,31 May 1991
537,Nicole,  Smith,nicole.smith694@outlook.com,(+96) 2-7-056-6418,Simpsonhaven,united states,2024-04-12,Regular,10 Feb 1996
538,Nicole,Walker,nicole.walker734@outlook.com,0768750635,New Lindseybury,jordan,09/07/2023,Platinum,04/03/2009
539,Rodney,Jones,rodney.jones776@hotmail.com,0725411076,New Lauramouth,JORDAN,07/28/2023,N/A,"December 31, 2000"
540,John,Wells,john.wells451@hotmail.com,0705831997,Lake Seanville,JORDAN,2026-05-28,Platinum,09/14/1955
541,Bruce,Johnson,bruce.johnson634@yahoo.com,+962-7-120-7049,Joneston,Hashemite Kingdom of Jordan,2023/10/28,Gold,16/02/1984
542,Kenneth,James,kenneth.james285@gmail.com,0763990767,Hobbsville,egypt,12/15/2022,Platinum,1970-12-12
543,Sharon  ,Logan,NaN,+962 7 593 1109,New Kristineborough,JORDAN,05/21/2024,None,"October 31, 2004"
544,David,Hicks,david.hicks136hotmail.com,+962-7-797-2320,East Larrychester,jordan,29 Dec 2023,Silver,1981-05-11
545,denise,Howard  ,denise.howard927@gmail.com,+962-7-822-7495,Migueltown,UAE,26-11-2024,silver ,18/08/1981
546,Diane,Thomas,diane.thomas545@yahoo.com,+962-7-806-5333,West Jaimefort,JORDAN,09/07/2023,Regular,"April 04, 1992"
547,tina,Greene,tina.greene654@yahoo.com,0799594652,South Nancyton,Jordan,2023/11/23,regular,04/29/1980
548,Samantha,Fowler,samantha.fowler625@yahoo.com,0779337563,Lopeztown,JORDAN,05-05-2025,None,04 May 1972
549,Charles,Johnson,none,0747395003,West Grant,Jordan,12 Jan 2023,Platinum,2003/09/11
550,jennifer,Morgan,jennifer.morgan817@yahoo.com,0723024102,Penaville,egypt,"October 15, 2024",None,1970-11-15
551,Jason,Bryant,jason.bryant601 at outlook.com,0752896112,Port Jake,Jordan,19-01-2024,silver ,10 Jul 1982
552,  Heather,Stewart,heather.stewart267@hotmail.com,+962-7-309-9384,West John,jordan,15 Apr 2024,None,05/03/1988
553,Joshua,Martinez,joshua.martinez262@gmail.com,0797317912,Potterhaven,UAE,"August 08, 2024",none,1973-01-10
554,April,White,april.white69@gmail.com,+962-7-877-7496,East Jeffreyborough,Egypt,"June 02, 2025",None,09/11/1977
555,Jimmy,Robinson,jimmy.robinson757@yahoo.com,(+96) 2-7-692-5481,Port Christopher,saudi arabia,2024-04-08,NULL,29-03-1977
556,Michael,Silva,michael.silva682@yahoo.com,0795677665,Stewartfurt,JORDAN,06/06/2024,regular,1952-01-20
557,SCOTT,Baker,scott.baker674@yahoo.com,+962 7 148 8814,North David,US,2022-11-15,-,08 Mar 1972
558,Amy,Cook,amy.cook835@gmail.com,+962-7-444-3928,Alanport,Jordan,09/04/2025,GOLD,25-06-1967
559,michael,Shea,michael.shea17@gmail.com,+96279078263,Lake Kara,Hashemite Kingdom of Jordan,09 May 2026,regular,-
560, Zachary ,Hartman,zachary.hartman47@yahoo.com,0775153663,Coleside,Egypt,2025-08-07,Platinum,1952/05/17
561,Don,Russo,don.russo156@yahoo.com,+962 7 075 5366,Farmerside,United Arab Emirates,"October 17, 2023",,none
562,Brenda,bradley,NULL,0722599996,Harrisfurt,Hashemite Kingdom of Jordan,13 Sep 2022,None,"May 24, 1954"
563,Paul,Wells,paul.wells553@hotmail.com,0774121820,Johnsonborough,JORDAN,11/20/2023,Silver,1954/09/27
564,Sydney,Campbell,sydney.campbell337@outlook.com,+962-7-817-0580,West Michele,EGYPT,03-07-2023,Gold,none
565,Eric,rodriguez,none,(077) 1632346,Mooreshire,United Arab Emirates,"September 18, 2024",None,02-12-2006
566,Briana,Shaw,briana.shaw893@outlook.com,0743027169,New Mark,United Arab Emirates,23/04/2025,Regular,none
567,Travis,Ford,travis.ford464@outlook.com,+962-7-147-5469,South John,egypt,09/23/2022,Gold,07/26/2004
568,Jessica,Ellis,jessica.ellis544@gmail.com,0729160324,Elizabethland,Jordan,2026/03/19,Gold,14 Jun 1992
569,Jennifer,Robinson,jennifer.robinson879@yahoo.com,(+96) 2-7-815-1185,Hayesview,Egypt,2024/07/17,N/A,1963/01/05
570,Bradley,Johnson  ,bradley.johnson148@outlook.com,+962-7-765-6360,West Dannyberg,Hashemite Kingdom of Jordan,15/02/2025,Platinum,N/A
571,Kaitlyn,Washington,kaitlyn.washington211@outlook.com,0783727422,New Craigport,JO,04/11/2022,Platinum,07-01-1958
572,Judith,Jackson,judith.jackson738@hotmail.com,0704275230,South Heather,uae,"April 03, 2025",Gold,2000/10/04
573,Lisa,Davidson,lisa.davidson886@hotmail.com,0716470900,WANGBURY,United Arab Emirates,08 Jun 2025,regular,1973/01/18
574,John,DAVIS,john.davis249@outlook.com,0705313122,South Williammouth,JO,04 Apr 2024,silver ,06 Dec 1969
575,Courtney,Weber,courtney.weber590@gmail.com,0766133155,North Richard,Hashemite Kingdom of Jordan,2026/04/23,Regular,18 Jul 1969
576,Paul  ,Ellis,paul.ellis443@gmail.com,+96274950136,Katrinafort,uae,01 Nov 2022,regular,2009/07/22
577,Cristian,herrera,cristian.herrera270@yahoo.com,(+96) 2-7-924-1956,West Gregory,United Kingdom,14 Jul 2026,None,10-04-1996
578,Grace,Spence,grace.spence937@gmail.com,(071) 5099768,New Briana,uae,27-03-2025,GOLD,15-11-2009
579,Jesse  ,Jensen,jesse.jensen574@hotmail.com,0743639102,victorborough,uk,27 Feb 2026,regular,02-09-1959
580, James ,Johnson,james.johnson301@gmail.com,+962 7 975 2450,Wongport,Hashemite Kingdom of Jordan,04/07/2026,Platinum,08/09/1995
581,Jeremy,Quinn,jeremy.quinn495@outlook.com,(+96) 2-7-380-3396,Isaiahtown,EGYPT,2023/12/10,regular,13-06-1954
582,Travis,Mckay,travis.mckay366@gmail.com,+962-7-232-1298,East William,JORDAN,2022-10-12,None,1976-02-23
583,Stuart,Martin,stuart.martin230@outlook.com,NULL,west michelle,UAE,12-05-2023,None,N/A
584,Stephanie,Ward,stephanie.ward731@outlook.com,(077) 7689627,Port Patrickland,jordan,30-01-2024,Platinum,"February 07, 1996"
585,Sandra,Larson  ,sandra.larson730@hotmail.com,(072) 4674746,Jonesberg,JORDAN,"March 08, 2023",Gold,1993-06-18
586, James ,Hendricks,james.hendricks397@outlook.com,+96278576665,Burnsshire,United Arab Emirates,03/08/2022,Silver,05/11/1954
587,Nicole  ,RIDDLE,nicole.riddle63@gmail.com,N/A,Heatherfurt,Jordan,25 Jan 2023,GOLD,02/28/2006
588,Jill,Allen,jill.allen935@yahoo.com,+962-7-502-4972,Johnshire,U.A.E.,16 Sep 2022,,"September 05, 2007"
589,Mckenzie, Smith ,mckenzie.smith605@yahoo.com,+962-7-669-1836,Port Ronald,Kingdom of Saudi Arabia,27 Aug 2025,None,1992/01/30
590,Vincent,Ferguson,vincent.ferguson414@gmail.com,+962-7-946-1195,West Kaitlyn,JO,2026-02-12,Silver,16-05-2006
591,Raymond,Parker,raymond.parker290@hotmail.com,0770116864,Jacksonstad,uae,2026-07-09,None,"October 02, 1961"
592,Dennis,Tucker,dennis.tucker57@gmail.com,+962-7-179-3230,Port Katherine,jordan,2024/07/31,Regular,1966-02-17
593,Rachel,Ortiz,rachel.ortiz445@yahoo.com,(079) 1214161,Calebtown,jordan,2025-01-28,Platinum,"September 16, 1985"
594,Timothy,Chambers,timothy.chambers5@yahoo.com,(070) 4090138,South Carrieview,Hashemite Kingdom of Jordan,2022-12-22,Gold,07/01/2006
595,Thomas,Rogers,thomas.rogers318@yahoo.com,+962-7-555-3566,West Morganville,jordan,15 Apr 2024,Platinum,03/10/1950
596, Monica ,Morales,monica.morales73@gmail.com,0720918435,Montgomeryfort,Hashemite Kingdom of Jordan,29-11-2025,regular,"June 19, 1981"
597,Donna, Smith ,none,(075) 0505739,Rossland,Saudi Arabia,02/14/2025,silver ,21/06/1971
598,Sheila,David,,+96271649328,East Tylerland,JORDAN,2024/06/22,Regular,08/26/1968
599,Emily,Dunn,emily.dunn26outlook.com,-,port sheryl,UAE,"January 26, 2026",Gold,25-07-1992
600,Daniel,Holder,daniel.holder834@outlook.com,0756434712,davismouth,Hashemite Kingdom of Jordan,"September 08, 2022",silver ,"November 20, 2002"
601,Sarah,Miranda,sarah.miranda652@outlook.com,0756686334,West Christopherland,usa,12/21/2024,silver ,12/26/1970
602,Brittany  ,Lopez,brittany.lopez233@outlook.com,(079) 5256904,New Amandafurt,Hashemite Kingdom of Jordan,04/05/2026,GOLD,2009/05/12
603,Luis,Diaz,luis.diaz895@hotmail.com,+96272899316,New Melissamouth,Saudi Arabia,"April 15, 2025",None,03 Apr 1959
604,Sherri,Hood,sherri.hood676@outlook.com,+962 7 729 4209,Kyleville,EGYPT,2024/07/27,Gold,"December 23, 1966"
605,Melanie, Berry ,melanie.berry324@gmail.com,0737460523,Lake Jill,jordan,02/04/2025,Gold,17-12-2005
606,Kimberly,Gates,kimberly.gates721@yahoo.com,+962-7-420-8656,Mooneyfurt,JO,"June 24, 2025",silver ,"January 13, 1974"
607,Allison, Campbell ,none,0738612590,Stephenburgh,saudi arabia,10/05/2025,Gold,1985-03-14
608,Scott,Olson,scott.olson71@yahoo.com,0733305912,Clementschester,usa,27 Feb 2026,Silver,04 May 1991
609,Gary,Brown,gary.brown526@hotmail.com,NULL,Lake Jennifer,United Arab Emirates,29/12/2023,silver ,09-04-1965
610,David  ,Sanders,none,-,Alexanderville,Kingdom of Saudi Arabia,13-10-2023,GOLD,12 Jul 1955
611,Tracy  ,Barnett,tracy.barnett289@hotmail.com,+962-7-099-9741,South Todd,Jordan,2024-08-10,Gold,1989-03-31
612,ryan,DUNCAN,ryan.duncan755@hotmail.com,0718260688,Brownshire,jordan,20 Dec 2022,Silver,1982-11-28
613,  Lori, Pearson ,lori.pearson239 at yahoo.com,+962 7 312 9208,Mcbrideville,JORDAN,01/08/2025,regular,"December 01, 1952"
614,  Bailey,Delgado  ,bailey.delgado997@yahoo.com,0740118458,South Tiffany,Hashemite Kingdom of Jordan,2022/12/03,regular,"January 22, 1990"
615,John, Williams ,john.williams700@hotmail.com,0748729758,Catherinehaven,Jordan,2026/05/09,-,NaN
616,Corey,Weiss,corey.weiss583@hotmail.com,0732432983,Joshuachester,Kingdom of Saudi Arabia,09-07-2023,Platinum,N/A
617,Jonathan,James,jonathan.james413@outlook.com,0767146283,Lake Jessicaborough,JORDAN,09 Mar 2026,GOLD,09 Jun 1993
618,Anne,Holland,anne.holland189@yahoo.com,0726256609,North Joseph,JO,13-08-2024,Platinum,"June 17, 1982"
619,Gabriella, Russell ,gabriella.russell69@hotmail.com,0715542340,South Tiffanybury,Hashemite Kingdom of Jordan,2023-11-21,regular,15-04-1973
620,  Daniel,Frost,daniel.frost827@yahoo.com,(074) 9718594,Catherineton,KSA,10 Apr 2023,GOLD,24/10/1960
621,Stacey,  Price,stacey.price648@yahoo.com,(+96) 2-7-889-6792,Alberthaven,UAE,14/12/2023,Gold,1993-05-13
622,Diane,Thomas  ,diane.thomas198@hotmail.com,+962 7 405 3967,South Valerie,uae,"November 03, 2024",Gold,24-06-1998
623,Wayne,Hill,NULL,+962-7-341-4651,North Jessicaland,Jordan,12-04-2024,regular,-
624,Brian,Paul,brian.paul458@outlook.com,+96277068277,South Alexanderborough,uae,14-10-2024,Gold,23-03-2005
625,Julie,Klein,julie.klein738@outlook.com,+96275389097,Lake Sarah,jordan,19-05-2025,Regular,1996-05-23
626,Rebecca,  Thompson,rebecca.thompson731@yahoo.com,0728506762,Taramouth,Saudi Arabia,"January 15, 2024",silver ,31/05/2005
627,JOHN,Ryan,-,NULL,Lake Crystalfurt,U.A.E.,"August 20, 2025",GOLD,14 Aug 1963
628,Kevin,Fitzpatrick,NULL,+962-7-079-7050,Murphystad,JORDAN,21/02/2025,Platinum,1956-12-31
629,Michael,Bowen,michael.bowen207@hotmail.com,0701673188,South David,Kingdom of Saudi Arabia,03/06/2024,Gold,25/10/1979
630,Eric,Douglas,eric.douglas853@yahoo.com,0765456284,South Dianamouth,saudi arabia,06/23/2023,Regular,04/12/1960
631,Michael,Hamilton,michael.hamilton401@yahoo.com,+962-7-313-4026,Mannington,Egypt,"January 03, 2024",Silver,
632,James,Mendoza,james.mendoza582@yahoo.com,+962-7-416-7872,Karenfurt,EGYPT,25/03/2025,Regular,1980-09-06
633,Sandra,Cameron,sandra.cameron210@gmail.com,(+96) 2-7-110-2258,Port Gabrielleton,JORDAN,16/02/2024,regular,1991/04/09
634,Matthew,Bray,matthew.bray39@outlook.com,0767447163,Lake William,jordan,2025/07/09,regular,07/16/1965
635,Katie,Lin,katie.lin2@gmail.com,0736371892,Port Brittany,Jordan,19-07-2026,GOLD,21-08-1988
636,Jerome,Anderson,jerome.anderson150@hotmail.com,(073) 2609310,Russellport,U.A.E.,22 Sep 2022,None,30/07/1992
637,Tina,Walker,tina.walker478@outlook.com,0708604145,Sherrychester,JORDAN,10 Apr 2024,Gold,22 May 1965
638,patty  , WHITE ,patty.white681@yahoo.com,+96275347491,Lopezfort,Kingdom of Saudi Arabia,"July 28, 2022",silver ,20-05-1972
639,Kevin,Davis,kevin.davis711@yahoo.com,+962-7-825-5598,Johnview,saudi arabia,08/16/2022,silver ,03/04/1963
640,  Patrick,Eaton,patrick.eaton795@gmail.com ,NaN,New Christineport,Hashemite Kingdom of Jordan,03-02-2023,Platinum,"February 03, 1994"
641,Veronica  , HARRIS ,veronica.harris882@outlook.com,0702368485,Shaneville,uae,2025-06-15,none,22 Mar 2005
642, Carlos ,Barnes,carlos.barnes466@outlook.com,+96278029424,New Bruceborough,uae,04/18/2026,silver ,-
643,Raymond,Cohen,raymond.cohen714@outlook.com,+962-7-127-8686,Lawsonborough,Kingdom of Saudi Arabia,19-01-2026,NaN,12-08-1961
644,Ernest  ,Robinson,NULL,0787884434,Andreaburgh,Kingdom of Saudi Arabia,10 May 2025,Silver,NaN
645,Amanda,Carter  ,amanda.carter711@hotmail.com,,Lake Michaelstad,United Arab Emirates,16/02/2025,silver ,01/16/1970
646,Stacey,Henson,stacey.henson457@hotmail.com,+962-7-269-4500,Jeffreyview,Egypt,08/17/2023,Platinum,03/05/1961
647,Teresa,medina,teresa.medina544@gmail.com,(079) 1649837,West Joseph,Hashemite Kingdom of Jordan,26/06/2026,None,06/21/1985
648,Lindsey,Mullins  ,lindsey.mullins882@gmail.com,(073) 6527172,Lopezburgh,U.A.E.,12 Mar 2023,regular,25 Nov 1961
649, Tracy ,Blair,tracy.blair621@yahoo.com,+962-7-042-2693,East Charlesbury,egypt,02/28/2025,Platinum,14-11-1977
650,Deanna,Powell,N/A,0720916601,Port Mariaton,jordan,20-06-2025,None,02/07/1958
651,Kayla,Adams,kayla.adams805@yahoo.com,0790018513,South Kathleen,EGYPT,29 Apr 2026,regular,02/11/2004
652,Lisa,Parker,lisa.parker846@hotmail.com,0730848100,New Kennethhaven,U.S.A.,26 Jun 2024,regular,2003/10/04
653,Robert,Smith,robert.smith742@hotmail.com,+962-7-366-2543,Mcdanielville,uae,20-06-2023,Platinum,1980/01/30
654,Vicki  ,Walker,vicki.walker833outlook.com,0745195151,New Edwardchester,United Arab Emirates,2026-05-25,silver ,26/05/1982
655,  Carol,Shelton,carol.shelton56@gmail.com,+962-7-494-5147,Sarahland,U.A.E.,2023-03-04,N/A,"November 25, 1997"
656,Michelle,Spence,michelle.spence951@hotmail.com,+962 7 252 6771,New Ronaldview,Hashemite Kingdom of Jordan,09/06/2025,Regular,1959-04-02
657,Marcus,Anderson,marcus.anderson417@yahoo.com,+962-7-557-6769,Devonbury,uae,"August 22, 2025",silver ,
658,Andrea,Ryan,ANDREA.RYAN769@OUTLOOK.COM,+96278361968,Lake Christopher,JO,16/07/2024,None,
659,James,Jefferson,james.jefferson322@hotmail.com,(077) 2105524,Thomasside,U.A.E.,2024/01/08,Silver,NaN
660,Robin,Sanchez,robin.sanchez92@outlook.com,0702126065,Lake Danielshire,JO,2025/11/18,Platinum,30/12/1954
661, Mary ,HARRELL,mary.harrell464@yahoo.com,0752131096,Port Ian,Saudi Arabia,09/10/2022,Silver,"March 09, 1995"
662,Kaitlin,Hale,kaitlin.hale965@outlook.com,,Lake Antonioburgh,KSA,"October 08, 2023",Silver,"October 07, 1980"
663,Alex, Wall ,NaN,NULL,Huynhview,KSA,16 Apr 2025,GOLD,15-12-2008
664,Adrienne,Spence,adrienne.spence44@gmail.com,0736903628,Port Heatherfort,uae,"January 26, 2023",None,"May 12, 1969"
665,Dawn,Wilcox,dawn.wilcox418@yahoo.com,+96275634111,Carriemouth,uae,25/03/2023,silver ,1952-04-02
666,julian,Weaver,julian.weaver810@yahoo.com,0790438303,Christophershire,Hashemite Kingdom of Jordan,31/10/2022,None,06/16/1984
667,Anne,Tyler,anne.tyler55@hotmail.com,+96275140546,West Karen,Hashemite Kingdom of Jordan,2022-10-02,N/A,02/10/1994
668,TERRI,Park  ,terri.park646@hotmail.com ,+96276818209,woodston,UAE,17/12/2022,None,NaN
669, Edward ,Ford,edward.ford677@outlook.com,0713322889,Sethberg,saudi arabia,10/02/2026,N/A,1970-11-29
670,Michael,Chase,michael.chase561@hotmail.com,+962-7-633-9912,Davistown,Jordan,04/17/2024,None,02/16/1959
671,monica,Payne,monica.payne872@outlook.com,+962-7-171-7524,North Joshua,United Arab Emirates,"June 12, 2026",Gold,15 May 1972
672,Christopher,White,christopher.white23@outlook.com,NaN,Williamsport,United Arab Emirates,2025-08-28,Gold,17 Aug 1974
673,Melody,Stark,melody.stark518@hotmail.com,+962 7 589 5516,Bakerton,egypt,2023-02-01,GOLD,1987-10-22
674,Dawn,  Figueroa,dawn.figueroa901@outlook.com,0780214629,Nashbury,Egypt,20-07-2023,Gold,"November 11, 1973"
675,Steven  , Davis ,NULL,0787112166,South Mark,jordan,2024/06/07,N/A,NaN
676,WENDY,Tucker,wendy.tucker844@outlook.com,+962-7-714-7082,Thomasborough,Jordan,19/05/2025,regular,12 Oct 1969
677,Anthony,Burke,anthony.burke712@outlook.com,(+96) 2-7-567-3030,Nelsonburgh,jordan,2024/02/03,GOLD,NULL
678, Chad ,Sullivan,chad.sullivan290@hotmail.com,+962-7-768-3420,South Matthewport,JO,2023/10/06,regular,06/10/1960
679,Michael, Barnes ,michael.barnes823@hotmail.com,0726596089,North Jennifer,Kingdom of Saudi Arabia,06/21/2024,GOLD,1985/04/12
680,Duane, Beck ,duane.beck978@hotmail.com,+962 7 502 7275,Port Tarachester,jordan,11/12/2025,Gold,N/A
681,Jennifer,mcneil,jennifer.mcneil514@yahoo.com,+962-7-279-1033,Hortonburgh,KSA,06/05/2026,Regular,1986/08/17
682,Javier,Clark  ,javier.clark989@gmail.com,+962-7-905-5044,Lake Victormouth,jordan,03 May 2023,Platinum,31-05-1975
683,Michael,Clayton,michael.clayton5@yahoo.com ,0751276528,New Ryan,egypt,10/04/2024,Regular,1967/09/03
684,Donna,Frazier,donna.frazier678@hotmail.com,+96279111109,Garciaside,UAE,2025/02/08,-,07/20/1956
685,Sean,Perkins,sean.perkins688@hotmail.com,0746337861,Port Terrence,JO,2022/09/13,NULL,
686,Tammy,Sloan,tammy.sloan784@outlook.com,+962-7-605-3844,Kylechester,U.K.,22 Mar 2024,Silver,1990-12-20
687,Adam,Stout,adam.stout636@gmail.com,0702589552,Allenfurt,jordan,2022-09-13,GOLD,17 Feb 1962
688,Deanna,Poole,deanna.poole653@outlook.com,0796262658,South Jerry,Hashemite Kingdom of Jordan,"October 10, 2025",None,1993/03/04
689,DAVID,Wilson,N/A,+962-7-648-2531,North Samuelshire,Egypt,"November 16, 2024",Gold,"October 03, 1959"
690,Christine,Stephens,christine.stephens320@outlook.com,0796027523,West James,KSA,17-06-2026,GOLD,2000-12-30
691,Jessica,  Roman,jessica.roman190@gmail.com,+962-7-404-1209,NORTH STEPHENVILLE,jordan,31-01-2024,Silver,12/29/1956
692,JUSTIN,Kline,justin.kline82@hotmail.com,0775361706,South Susanland,Jordan,2022/12/10,GOLD,
693,Robert  ,Preston,robert.preston555@gmail.com,NULL,North Theresastad,united states,2025/02/07,Silver,1979-08-09
694,Christina,Payne,invalid_email,+962-7-413-9080,East Michelle,KSA,2023-03-16,silver ,1957/06/16
695, Jay ,Murphy,jay.murphy276@yahoo.com,,Stuartfort,Egypt,2023/06/14,regular,"September 25, 1976"
696,Stacey, Nielsen ,stacey.nielsen763@gmail.com,0734619942,Lake Tony,UAE,28 Jul 2023,Regular,17-07-2003
697,Rodney,Burgess,rodney.burgess421@outlook.com,0791966395,Rachaelland,JORDAN,01/11/2025,None,
698,Pamela,Rubio,pamela.rubio537@hotmail.com,0764985601,Port Marcus,JO,2023-08-01,None,1998/01/09
699,Michael,Jones,michael.jones492@yahoo.com,+962-7-525-1050,Jasonshire,JO,"March 13, 2025",Gold,1998/04/14
700,Rachel,Hoffman,rachel.hoffman65@gmail.com,+962-7-938-3184,New Patriciachester,JO,"February 11, 2024",Gold,
701,Ryan,  Li,ryan.li112@hotmail.com,+962 7 077 0461,South Georgemouth,JO,"May 13, 2023",GOLD,15/01/1986
702,Joel,Smith,joel.smith546@hotmail.com,+962-7-907-4260,West Deannaland,Egypt,23/08/2022,Regular,06/10/1978
703,Maria,Perry,maria.perry227@yahoo.com,0755618579,South Kennethmouth,Kingdom of Saudi Arabia,10/10/2023,Silver,03/03/1980
704,Danielle,Lozano,danielle.lozano247@gmail.com,0791030021,Michellechester,Hashemite Kingdom of Jordan,10 Dec 2025,Platinum,NaN
705,Christopher,Ramsey,christopher.ramsey366@outlook.com,+962-7-800-4010,Charlesmouth,U.A.E.,10/26/2025,Gold,1991-11-05
706,Latasha  ,Gray,latasha.gray138@gmail.com,0729712529,Walshville,Hashemite Kingdom of Jordan,05/13/2025,Silver,11/16/1981
707,John,Woods,john.woods112@gmail.com,0745731441,Angelicabury,JO,2024/07/13,GOLD,02/20/1990
708,Jill,Harris,jill.harris857@outlook.com,0770303763,garciaborough,uae,18 Nov 2022,None,30 May 1999
709, Kathleen ,Palmer,kathleen.palmer574@outlook.com,NULL,Paulmouth,KSA,28 Oct 2023,Gold,2002-08-23
710,William,Deleon,william.deleon551@gmail.com,(074) 6249127,Lake Danieltown,U.A.E.,28 Apr 2023,Platinum,2004-03-20
711,Jacob,Johnson,jacob.johnson169@hotmail.com,0775418156,East Randy,UAE,2025-03-21,GOLD,1976/06/03
712,MATTHEW,Alexander,matthew.alexander381@gmail.com,+962-7-066-3436,New Joshua,UAE,19 Jan 2024,regular,07-01-1987
713,April,Rodriguez,april.rodriguez535@gmail.com,none,North Amanda,uae,08/10/2022,,1967-02-05
714,Nicole,Lyons,nicole.lyons154@outlook.com,0761347323,Danaport,EGYPT,2024/03/10,Regular,09 Aug 1994
715,Clinton,gordon,clinton.gordon247@outlook.com,0774325122,Rachelberg,U.A.E.,05/16/2025,,2008-04-21
716,Elizabeth,Patterson,elizabeth.patterson268@hotmail.com,+962 7 412 0957,South Morganfort,JORDAN,"August 27, 2022",Silver,02/18/1957
717,Lori,Bradley,lori.bradley586@hotmail.com,0738822114,Shaunstad,JO,13/07/2026,Platinum,16 Dec 2009
718,jonathan,Tucker,jonathan.tucker969@hotmail.com,0705458971,Ginatown,U.A.E.,11-01-2024,Platinum,
719,Robert,Robinson,robert.robinson984@gmail.com,0757039653,East Samanthafurt,United Arab Emirates,19-07-2026,Gold,22 Nov 1988
720,Tammy,Wiley,tammy.wiley299@yahoo.com,+962-7-782-4556,Landryview,saudi arabia,2025/04/14,Silver,02/16/1969
721,Blake,Meyer,blake.meyer127@gmail.com,+962-7-916-7954,North Victorberg,EGYPT,2023/12/11,GOLD,1978-07-20
722,Edward,Levy,edward.levy518@outlook.com,(072) 4741407,East Justinshire,egypt,2025-01-24,Regular,12/23/1957
723,TRACY,Smith  ,tracy.smith947@gmail.com,0700425488,North Jennifer,UK,2023/12/24,silver ,"February 17, 1959"
724,Jessica,Reynolds  ,jessica.reynolds828@gmail.com,+96274307536,Rossville,Hashemite Kingdom of Jordan,30-03-2026,Regular,25 Feb 2004
725,Samantha,Harper,samantha.harper152@gmail.com,0765923426,West Kevin,jordan,04/07/2023,silver ,1968-05-30
726,Sara,Murray,sara.murray446@gmail.com,+962-7-612-8758,Taylorchester,UAE,"April 21, 2023",Platinum,25/07/1978
727,  Suzanne,Murray,suzanne.murray764@yahoo.com,0706129439,Davidside,JO,"March 22, 2026",Gold,2004-07-25
728,Natalie,Brown,natalie.brown538@hotmail.com,0726078701,West Mariaville,Egypt,13-12-2025,regular,31 Jul 1970
729,  Connor,Roberts,CONNOR.ROBERTS742@GMAIL.COM,N/A,New Joy,UAE,30 Jun 2024,regular,04/15/1980
730,Jeffrey,Lowe,jeffrey.lowe613@outlook.com,0744079311,East Cassandraville,Kingdom of Saudi Arabia,2025-12-24,regular,04 Oct 1981
731,John,  Garcia,john.garcia513@hotmail.com,+962-7-876-0146,Mcgrathbury,JORDAN,02-09-2022,Gold,27/01/2001
732,Amy,Underwood,amy.underwood485@yahoo.com,none,East William,U.A.E.,18-04-2025,Platinum,07/19/1992
733,James,Castillo,james.castillo674@gmail.com,+962-7-197-5466,South Robertchester,Saudi Arabia,09/23/2023,silver ,"June 18, 1959"
734,Justin, Wilson ,justin.wilson96@outlook.com,+962-7-940-9705,South Nicole,Kingdom of Saudi Arabia,2024-02-16,Gold,26 Jan 1978
735,Albert,Moore,albert.moore274@outlook.com,+96278358681,LAKE EDWARD,U.A.E.,28/07/2024,-,04 Dec 1989
736,Anna, Stevens ,anna.stevens397yahoo.com,0724461767,NEW JEANETTE,UAE,"January 02, 2026",regular,1980/12/27
737,Donna,Green,donna.green535@yahoo.com,N/A,North Melissaburgh,EGYPT,12-05-2025,Regular,21/06/1964
738,Elizabeth,Porter  ,elizabeth.porter884@outlook.com,none,New Johnton,Hashemite Kingdom of Jordan,15/04/2025,Regular,"May 18, 2001"
739,Charles,Hines,charles.hines547hotmail.com,0702517629,East Johnny,U.A.E.,12/30/2024,GOLD,NaN
740,Justin,Harris,,0783190130,North Michael,united states,21-03-2023,silver ,01/19/1975
741,Amy,Jones,amy.jones173@hotmail.com ,0787339785,Christineside,Egypt,04/24/2023,None,10-10-2001
742,Laurie,Gonzales,laurie.gonzales512@yahoo.com,+962-7-191-2841,South Jerryside,JO,"January 26, 2025",Gold,06/05/1970
743,Jeffrey,Shepard,jeffrey.shepard804@outlook.com,+962-7-465-1241,Port April,united states,04/05/2026,GOLD,31-03-1987
744, Larry ,Montgomery,larry.montgomery439@outlook.com,0719740056,Jameston,KSA,02/10/2024,Gold,1958-12-05
745, Amy ,Gross,amy.gross336@yahoo.com,+96270371990,Tinachester,Jordan,2026/04/08,regular,06/17/1986
746,Cheyenne,Miller  ,cheyenne.miller993@outlook.com,+962-7-240-1078,Lake Michael,United Arab Emirates,10 Oct 2024,Regular,03/24/1979
747,Kimberly  ,Walter,kimberly.walter556@outlook.com,+962-7-003-8960,Williamsfurt,JO,25-06-2023,Silver,18-04-1992
748,Russell,Simmons  ,russell.simmons94@hotmail.com,(+96) 2-7-719-5535,Hullbury,U.A.E.,2023-02-14,None,NaN
749,Brianna,Perez,brianna.perez394@yahoo.com,0789003010,South Henry,JO,"July 24, 2025",Platinum,-
750,Michael  ,Rios,michael.rios378@gmail.com,+962-7-429-6711,West Shawnaborough,United Arab Emirates,2023/07/19,None,1980-04-07
751,Jill,Kelly,jill.kelly275@hotmail.com,0737458438,Luisside,jordan,03/25/2026,Platinum,10/11/1980
752,Brian,Mccullough,brian.mccullough964@yahoo.com,(+96) 2-7-974-1328,West Judy,saudi arabia,05/23/2025,GOLD,21/03/1963
753,Nathan,Velasquez,nathan.velasquez227@yahoo.com,+962-7-377-1070,Joshuafurt,United States,2023-02-20,None,05/08/1968
754,TAMMY,Brown,tammy.brown230@gmail.com,0767066703,South Jack,UAE,27/12/2025,None,06/08/1976
755,Brett,Torres,brett.torres315@gmail.com,0750954930,Jessicachester,KSA,26 Sep 2024,silver ,07 Jul 2002
756,Kimberly,Mcfarland  ,kimberly.mcfarland976@yahoo.com,0718648769,franciscofurt,Hashemite Kingdom of Jordan,31/07/2025,Silver,"August 11, 1978"
757,Victoria  , Allen ,victoria.allen540@hotmail.com,+962-7-441-3845,Johnsonview,Hashemite Kingdom of Jordan,2026-03-15,GOLD,"April 09, 1972"
758,Donna,Patton,donna.patton505@hotmail.com,+96279014954,South Steven,saudi arabia,23 Oct 2025,GOLD,18 Dec 1976
759,Steven,Church,,+96278360914,Stephaniemouth,JORDAN,2024-06-28,Platinum,11 May 1961
760,Katie,HILL,katie.hill35@yahoo.com,+962-7-232-2903,Lake Benjaminhaven,egypt,"January 17, 2026",silver ,"March 16, 2002"
761,Bethany,Williams,bethany.williams460@outlook.com,0704405809,West Daniel,U.A.E.,10-06-2025,regular,1980-12-26
762,Daniel,Jones,daniel.jones195@gmail.com,+962-7-956-1642,West Catherinestad,Egypt,22/05/2023,Regular,"September 02, 1970"
763,Ricky,  Pearson,ricky.pearson483@outlook.com,0749025042,North Chelseamouth,jordan,14-06-2024,GOLD,21-03-1981
764,Kimberly,Romero,kimberly.romero524@outlook.com,0753690261,East Arianashire,Hashemite Kingdom of Jordan,2024-11-23,None,22/05/1988
765,Jessica,Ryan,jessica.ryan990@yahoo.com,0780978875,Jamesshire,Jordan,2023/01/21,silver ,1968/02/26
766,John,Sanchez,john.sanchez333@hotmail.com,+962-7-537-5137,Coxstad,jordan,22-08-2025,silver ,1984/03/13
767,Charles,Cox,charles.cox965@gmail.com,0737639283,Craigberg,Saudi Arabia,07/04/2024,None,26 Nov 1986
768,Laura,PETERSON,laura.peterson923@outlook.com,+96276682973,South Alexis,JO,01/16/2023,Gold,26 Oct 1957
769,Jose,Spencer,jose.spencer56@yahoo.com,0712060212,Strongstad,uk,"April 16, 2026",None,03/21/1958
770,Heidi,Allen,heidi.allen548@outlook.com,+962-7-559-9910,LAKE SAMANTHAMOUTH,saudi arabia,09/29/2023,silver ,18 Mar 2005
771,Crystal,Yang,crystal.yang977@yahoo.com,+962 7 722 9812,New Brittanymouth,saudi arabia,2024/04/24,Regular,05/01/1973
772,Samuel,Romero,samuel.romero6@outlook.com,+962-7-134-7509,MITCHELLFURT,KSA,2024-12-03,Platinum,07 Sep 1969
773,Gregory,Thomas  ,gregory.thomas764@gmail.com,NaN,Justinville,Kingdom of Saudi Arabia,10/29/2025,GOLD,"November 04, 1967"
774,Tommy,Walker  ,tommy.walker442@outlook.com,+96274913421,New Mary,United States,04/01/2023,Silver,1995-11-11
775,Anthony  ,Orr,NaN,0788307053,Shellyshire,Kingdom of Saudi Arabia,30 May 2026,Silver,1976/02/28
776,Sean, Martinez ,sean.martinez509@gmail.com,0711767412,Jessicaville,EGYPT,"May 21, 2024",GOLD,04 Sep 2008
777,Linda, Garner ,linda.garner953@gmail.com,(071) 5285478,Lake Haileyton,JO,2023-06-17,None,1976-07-28
778,  SARAH,Bauer,sarah.bauer351@hotmail.com,+962-7-800-3296,Lake James,egypt,03 Nov 2023,,N/A
779,Todd,Lopez,todd.lopez378@outlook.com,0723183061,Grantborough,U.S.A.,07/22/2024,regular,N/A
780,  BENJAMIN,  Watts,benjamin.watts826@outlook.com,NULL,Elizabethfort,UAE,"January 09, 2025",Regular,17 May 1998
781,Philip,Howard  ,philip.howard63@outlook.com,0713146753,Wilsonmouth,Jordan,2024-06-29,regular,"December 13, 2007"
782,Donna,Bailey,donna.bailey18@outlook.com,(+96) 2-7-277-9630,Josephborough,uae,2024-02-29,Platinum,2003-12-17
783,Kirsten,Brown,kirsten.brown830@outlook.com,NaN,RITAVIEW,United Kingdom,2025/08/28,,13-09-1979
784,Jeffery,Fields,invalid_email,-,Davidside,JO,10/02/2022,Silver,"October 07, 1951"
785,Jennifer,LANG,NaN,+96275581083,Amandaburgh,EGYPT,06/12/2022,None,none
786,Randall,Robbins,randall.robbins300@gmail.com,0725563830,Port Andrewhaven,United Arab Emirates,09/24/2023,Platinum,20 Sep 1956
787,Raymond,Washington,raymond.washington597@gmail.com,0740330416,Andersonview,Hashemite Kingdom of Jordan,14 Mar 2023,none,2002-04-16
788,Charles,WAGNER,charles.wagner682@gmail.com,0760089219,Leeport,Egypt,05/20/2025,GOLD,28 Aug 1997
789,Ronald,Paul,ronald.paul919@gmail.com,0773149764,Davischester,United Arab Emirates,2023/10/12,Regular,NaN
790,Timothy,Velez,timothy.velez463@hotmail.com,0736076581,Walkertown,USA,"September 14, 2024",,30-05-1974
791,Jesse,Wood,jesse.wood194@outlook.com,0745211823,Watkinsland,JO,27/10/2024,regular,"January 19, 1959"
792,Christina,Wells,,+962-7-930-7464,Maryton,uae,2025-06-18,GOLD,09/11/1969
793,Annette,Russell,annette.russell572@yahoo.com,0738787535,Fletcherhaven,uae,08/05/2022,regular,"November 10, 1983"
794,Jodi,Quinn,jodi.quinn272@outlook.com ,0761620281,East Samuel,KSA,04/03/2026,GOLD,11/19/2008
795,Benjamin  ,Coleman,benjamin.coleman228@hotmail.com,+962-7-872-8660,Davidport,jordan,03/04/2023,None,07 Oct 1993
796,NICOLE,NELSON,nicole.nelson116@yahoo.com,+962-7-592-2483,Aprilview,uae,2023-11-11,Platinum,1978/11/24
797,Jason,Rivera,jason.rivera524@gmail.com,+962-7-228-7056,East Thomas,jordan,23/07/2025,Gold,N/A
798,Adam,Miles,adam.miles427@outlook.com,+962-7-187-5109,wheelerland,saudi arabia,"May 15, 2023",Regular,none
799,  Angie,Perez,angie.perez108@yahoo.com,+962-7-344-6945,Villaside,U.A.E.,2025/01/31,silver ,"January 12, 1983"
800,Donna,Jones  ,,+962-7-342-4912,Riverashire,US,07-03-2023,Platinum,09/11/1986
801,Tammy,Mclaughlin,tammy.mclaughlin233@outlook.com,0773203319,East Fred,jordan,12-01-2025,GOLD,18/01/2003
802,Marcus,Huang  ,marcus.huang595@hotmail.com,0787675481,New Phillip,JO,"October 12, 2022",silver ,none
803,Jasmin,Kelly,jasmin.kelly775@outlook.com,+962-7-581-9324,Port Samuel,JORDAN,12/04/2025,Regular,01/25/1977
804,Heather,King,heather.king189@outlook.com,0765205756,New Anita,Jordan,2023-01-19,silver ,NULL
805,Sheila,Reyes,sheila.reyes711@outlook.com,0703758309,Markstad,Jordan,2023-04-15,GOLD,08 Jul 2005
806,Wesley, Smith ,wesley.smith550@gmail.com,(+96) 2-7-476-0440,Port Jenniferfort,UK,08/30/2023,GOLD,28 May 2010
807, Crystal ,Henry,crystal.henry654 at outlook.com,0781050922,North Robert,US,18-06-2024,Platinum,2001/04/26
808,Brian  ,Walsh,brian.walsh378@hotmail.com,0718439055,New Jennifer,jordan,27-10-2022,GOLD,-
809,Alexis,Beck,alexis.beck758@yahoo.com,0701382412,Williamsborough,US,27-03-2024,None,"November 23, 1991"
810,Robert,Reid,robert.reid681@hotmail.com,0704485157,New Sarahland,uk,2025/12/09,Gold,18/07/1957
811,Christopher,Blair,christopher.blair847@gmail.com,0790203571,West Mary,JORDAN,25-04-2023,Platinum,02/09/1989
812,Rachel,Lee,rachel.lee528@gmail.com,0724064242,Robertborough,JORDAN,05-08-2025,regular,1966/12/09
813,James,Krause,james.krause371@gmail.com,0774175955,Gallegosburgh,jordan,08/10/2023,Silver,09/10/1952
814,Mary,Cruz,mary.cruz594@outlook.com,+962-7-365-4358,Christopherborough,United Arab Emirates,20-09-2024,None,01/23/1966
815,Taylor,Johnson,taylor.johnson830@gmail.com,+962-7-272-7955,Barrettton,JORDAN,01/12/2023,Platinum,11/29/1969
816,Daniel,Howard,daniel.howard563outlook.com,+962-7-267-5512,Kevinmouth,Jordan,2026/03/05,Platinum,
817,Karen,Gonzales,karen.gonzales445@outlook.com,+962-7-996-6734,Carolynfort,Hashemite Kingdom of Jordan,2025/01/13,silver ,N/A
818,  Kevin,Arellano,kevin.arellano297@hotmail.com,none,East Williamport,JO,2026/01/29,Gold,07-10-2003
819,Tammy,BENDER,tammy.bender18@outlook.com,0792250142,Stephenburgh,uk,13/05/2023,Silver,none
820,Donna,GONZALEZ,donna.gonzalez939@hotmail.com,0741233613,Lake Angela,U.K.,2023-04-05,None,1997-02-08
821,Adam,Moore  ,adam.moore377@yahoo.com,(078) 6376731,Andersonberg,Egypt,"December 20, 2022",Platinum,"July 25, 1974"
822,Mark,Campbell,mark.campbell497@gmail.com,(+96) 2-7-696-8157,East Nicoleburgh,EGYPT,2025-04-08,Platinum,-
823,Mike,Morgan,mike.morgan851@yahoo.com,0799613273,East Kevinland,saudi arabia,11/11/2025,Silver,12-12-1970
824,Destiny,Simmons,destiny.simmons688@yahoo.com,0767046226,South Lindastad,JO,17/09/2023,Gold,09/26/1991
825,Craig,HUFFMAN,craig.huffman936@hotmail.com,+96270252986,Smithfurt,UAE,13-10-2025,silver ,NaN
826,Brian,Coleman,brian.coleman19@gmail.com ,+96271978575,Danielburgh,JORDAN,16 Jul 2025,Gold,31 May 2009
827,Amanda,Reyes,amanda.reyes807 at hotmail.com,+962-7-205-9438,Grahammouth,jordan,2025/04/08,None,06/22/1967
828,David,Burns,DAVID.BURNS7@OUTLOOK.COM,,Guystad,Jordan,"January 15, 2024",Gold,-
829, Sean ,Evans,invalid_email,(071) 5086321,East Jessicafort,Jordan,18/09/2022,regular,08 Jun 1976
830,Joshua,Bonilla,joshua.bonilla301@yahoo.com,+962 7 389 7015,Benjaminville,JORDAN,"April 29, 2025",regular,26/06/1973
831,Tina,Miller,tina.miller145@outlook.com,N/A,sanfordborough,JO,2026/04/12,silver ,N/A
832,Wanda,Gilbert,wanda.gilbert783@yahoo.com,0730597364,West Walter,Hashemite Kingdom of Jordan,22/09/2024,Platinum,04/25/1953
833,Raymond,White,raymond.white991@yahoo.com,+962-7-063-0624,Stevenmouth,uk,09/17/2023,Regular,1956-05-25
834,Jeffrey  ,Fletcher,jeffrey.fletcher373@outlook.com,+962-7-949-7969,Amberfort,jordan,2023-06-15,Regular,2006/05/13
835,  Alexander,Peterson,alexander.peterson474@outlook.com,0772773826,Richardshire,Hashemite Kingdom of Jordan,2023-12-16,Gold,2008-08-19
836,Crystal,Hoffman,crystal.hoffman964@gmail.com,+962-7-385-4457,Johnsonshire,United Arab Emirates,14 Dec 2023,none,28 Jul 1960
837,MICHAEL,Reynolds,michael.reynolds900@hotmail.com,N/A,South Catherine,USA,21 Jul 2026,None,NaN
838,Collin,Robinson,collin.robinson29@yahoo.com,0794226865,South Rachel,U.A.E.,16-07-2026,Regular,N/A
839,Kaylee,Mccoy,invalid_email,+962 7 588 8636,Shermanport,JO,"March 24, 2025",Gold,20-02-2000
840,Shannon,Bradshaw  ,shannon.bradshaw35@gmail.com,+962-7-408-5721,Carpenterchester,Saudi Arabia,2023-04-13,silver ,09/01/2009
841,Robert,Fields,robert.fields129@yahoo.com,0729981996,West Chelseaburgh,KSA,2025-01-17,Regular,23/09/1984
842,Thomas,Davis,thomas.davis849gmail.com,(079) 6883275,East Thomas,egypt,20-01-2024,Gold,1993/05/03
843, James ,Anderson,,+962-7-039-7739,FRITZBURGH,usa,30 Oct 2022,silver ,
844,Vincent,Rodriguez,vincent.rodriguez289@hotmail.com,0752371006,Atkinsland,JO,26/12/2024,GOLD,21 Jul 1997
845,Susan,Ware,susan.ware237@yahoo.com,0798077046,West Reginaldhaven,JORDAN,2024-09-20,regular,29/04/1988
846,Scott,Cobb,scott.cobb863@yahoo.com,NaN,Port Timothy,KSA,2022-12-26,GOLD,"June 10, 1966"
847,Mark,Benson,mark.benson445@gmail.com,0773454757,Ashleyton,uae,2024/05/27,None,NaN
848,Earl,Roberts,earl.roberts491@yahoo.com ,0759544294,Marquezport,United Arab Emirates,15-06-2023,regular,NaN
849,Linda,ANDERSON,linda.anderson302@yahoo.com,0764303942,West Michaelhaven,jordan,31-12-2024,None,1995/04/19
850,Wendy,Sullivan,wendy.sullivan977@hotmail.com,+962-7-252-9858,Nicholasfort,JORDAN,2025-01-16,Platinum,22-06-1989
851, Monica ,Olson,monica.olson131@gmail.com,0760153433,west charlotte,Saudi Arabia,04/07/2024,regular,1994-04-18
852,David,Gonzalez,david.gonzalez468@outlook.com,0790833506,WEST WILLIAMVIEW,Egypt,"July 25, 2024",Silver,08 Oct 1983
853,Amanda,Figueroa,amanda.figueroa163@yahoo.com,0707983342,East Hannah,Saudi Arabia,"January 22, 2026",silver ,12/07/1977
854,Billy  ,Lynch,billy.lynch571@hotmail.com,+962-7-131-2840,East John,Egypt,2024-10-11,silver ,1996-04-09
855,Thomas,Garcia,thomas.garcia442@outlook.com,+962 7 051 3717,South Jamesside,jordan,2026/02/05,silver ,NULL
856,Carmen,Evans,carmen.evans805@outlook.com,+962-7-617-3997,West Karenview,JORDAN,2022-08-11,Regular,16/02/1980
857,Gregory  ,Hunter,gregory.hunter742@hotmail.com,+962-7-448-3548,Connieville,United Arab Emirates,17 Aug 2024,Platinum,2009/03/15
858,Sonya,Freeman,sonya.freeman59@hotmail.com,0787722164,Port Scottside,UK,2023/11/06,GOLD,"December 04, 1999"
859,James,Rodriguez,james.rodriguez400@hotmail.com,0748458714,New Emily,jordan,07/01/2023,GOLD,30/12/1969
860,James,Foster,NULL,+962 7 292 5879,Chanview,UAE,"April 04, 2023",GOLD,"April 17, 1964"
861,jose,Michael,jose.michael963@hotmail.com,N/A,Ronaldfurt,jordan,28 Nov 2025,Silver,N/A
862,Adam,Case,adam.case812@yahoo.com,0765274033,Kennethstad,Hashemite Kingdom of Jordan,"October 16, 2022",silver ,28 Dec 1951
863,Ronald,reyes,ronald.reyes508@hotmail.com,NaN,East Mark,JORDAN,10/20/2024,GOLD,1979/05/09
864,Jennifer,Harrison,jennifer.harrison865@outlook.com ,+962-7-067-3499,Brownton,egypt,"June 15, 2026",silver ,1988/12/12
865,Joshua,Wood,joshua.wood332@outlook.com,0717215622,Audreyside,jordan,07 Apr 2026,Gold,N/A
866,John,Armstrong,NULL,0748840215,Rebeccamouth,Jordan,"August 15, 2025",regular,"May 29, 1995"
867,Jason,Morris,jason.morris89@outlook.com,0755344902,Lake Robertfurt,Hashemite Kingdom of Jordan,06/25/2023,Regular,12/07/1998
868,Lauren,Decker,lauren.decker631@hotmail.com,+962-7-850-9608,Kristyfort,uae,10/24/2022,Platinum,"July 13, 1967"
869,Matthew,Jones,matthew.jones852@yahoo.com,0718182819,Bishopborough,Jordan,2022-11-15,NULL,08/09/1995
870,Katie,Jordan,katie.jordan391@gmail.com,0772512957,Prestonfurt,KSA,2023/09/05,Silver,20/01/1985
871,Adam,Clayton,adam.clayton799@outlook.com,+962 7 356 2439,Amandaborough,egypt,08/24/2022,Gold,1996/10/06
872,Autumn,Gomez,autumn.gomez687@yahoo.com,+962-7-923-2342,North Amandaton,uae,2026-02-03,silver ,"May 03, 1997"
873,Amber  ,Blevins,amber.blevins740@outlook.com,+962-7-533-3426,Jesseborough,Hashemite Kingdom of Jordan,18-11-2023,Silver,1996-11-28
874,Anthony,Rich,anthony.rich332 at yahoo.com,0716073607,Rossborough,Hashemite Kingdom of Jordan,05/07/2026,None,-
875,Brittany,  Martinez,brittany.martinez642@gmail.com,+96278981231,Yangstad,JO,2026/06/13,Silver,21/07/1995
876,Logan,Lee,NULL,-,South Lindafurt,JORDAN,2026/07/06,Silver,2008-04-06
877,Craig,Ward,craig.ward545@outlook.com,+962 7 164 3167,West Jessicamouth,U.A.E.,2023-10-23,Gold,1953/04/17
878,Melanie,Thompson,melanie.thompson637@outlook.com,0782270093,Nathanchester,saudi arabia,08/10/2022,Silver,1999/12/19
879,Robert,Thompson,robert.thompson653@hotmail.com,0722512073,richardstad,Hashemite Kingdom of Jordan,23-08-2024,regular,09/02/2005
880, JOSEPH ,Morris,joseph.morris558@outlook.com,0750702608,Farmerhaven,Hashemite Kingdom of Jordan,14-09-2025,silver ,1960-10-02
881,CRAIG,Bailey,craig.bailey603@outlook.com,+962-7-611-7768,Taylortown,JO,2023/06/18,GOLD,1969/04/04
882,terrance,leach  ,terrance.leach474@outlook.com,0785917793,East Zachary,JO,31 Jan 2023,GOLD,24-11-1998
883,Douglas,Hopkins,douglas.hopkins923@hotmail.com,0764913342,Markmouth,JO,"July 17, 2025",Platinum,09/03/1990
884,April,Ray,april.ray277@outlook.com,+962-7-256-5290,Welchborough,USA,"February 07, 2026",GOLD,05/05/2009
885,Alexis,Walters,alexis.walters790@hotmail.com,+962-7-326-5097,Mathewsborough,UAE,2025/11/29,Gold,17/04/1988
886,Lisa,Ray,lisa.ray727@outlook.com,+962-7-379-4871,Dianahaven,UAE,18-05-2024,regular,01 Jan 2006
887,Matthew,Stafford,matthew.stafford145@hotmail.com,0778715841,Ronaldtown,United States,"August 04, 2023",silver ,"June 15, 2008"
888, David ,Perez  ,david.perez224@gmail.com,0711842547,Tranland,Saudi Arabia,05/26/2024,NULL,19-07-2008
889,Teresa,  White,teresa.white318@outlook.com,0783230358,New Michelle,JO,07/11/2025,silver ,"January 27, 1982"
890,Lauren,Cox,lauren.cox919@yahoo.com,+962-7-825-2129,Port Sarah,Jordan,2023/06/29,None,N/A
891,AMBER,Friedman,amber.friedman811@hotmail.com,+962-7-340-6468,Englishmouth,JORDAN,07/04/2024,GOLD,19 Nov 1969
892,Jennifer,Evans,JENNIFER.EVANS10@YAHOO.COM,+962-7-843-9910,Taylorfort,jordan,14/11/2022,None,1999/12/01
893,Kathy, Roman ,kathy.roman146@outlook.com,+962-7-362-6693,Port Michael,KSA,2026-05-17,Silver,02/24/1964
894,Stacy,Taylor,stacy.taylor222@hotmail.com,0792372450,New Larryville,Saudi Arabia,2024-03-05,None,11/13/1996
895,carmen,Hall,carmen.hall852@hotmail.com,+962-7-189-7215,Stefanieton,Hashemite Kingdom of Jordan,28-04-2024,regular,"June 17, 1973"
896,Patricia,rodriguez,patricia.rodriguez550@outlook.com,+962-7-927-4381,Lake Carriestad,UAE,08 Jun 2024,GOLD,17 Jan 1965
897,Melissa,Simpson,melissa.simpson256@yahoo.com,,Robertview,Kingdom of Saudi Arabia,"May 18, 2025",Regular,22-07-2009
898,Christopher,Garcia,christopher.garcia76@outlook.com,0739739641,Castroshire,U.A.E.,17-10-2025,Silver,"February 13, 1973"
899,April,Schaefer,april.schaefer506@gmail.com,0791919113,Bettychester,KSA,02/06/2024,Regular,
900,Jennifer,Williams,jennifer.williams662@outlook.com,0777980660,New Henry,JORDAN,27-02-2025,regular,NaN
901,Mark,Carter  ,MARK.CARTER824@YAHOO.COM,0707455534,Bowersmouth,EGYPT,03/21/2024,None,"January 23, 1978"
902,Vicki,Baker,vicki.baker759@hotmail.com,0738856527,West Michaelside,jordan,"September 29, 2025",,18/12/1994
903,Mary  ,Perez,mary.perez155@hotmail.com,+962-7-116-5972,harrisfort,jordan,19 Nov 2025,silver ,08/10/1971
904,Linda,Huang,linda.huang681@yahoo.com ,-,Katherineside,Saudi Arabia,08/03/2025,Platinum,03/30/1961
905,CHRISTINE,Jones,christine.jones161@gmail.com,+962 7 964 2585,Andersonfurt,saudi arabia,"December 11, 2022",Silver,"October 14, 1956"
906,Stephanie,Olsen,stephanie.olsen107@gmail.com,+96274991537,East Amyview,Jordan,2026-02-13,silver ,"February 25, 1952"
907,Jeffrey,Neal,jeffrey.neal795@outlook.com,+962-7-373-2043,Port Cherylmouth,uae,2023/06/12,Gold,1975/06/11
908,Andrea,  Carroll,andrea.carroll313gmail.com,+962-7-896-9645,Ryanstad,UAE,2024-03-21,None,28/07/2004
909,Sharon,Flores,sharon.flores540@gmail.com,NULL,Nicholsville,Kingdom of Saudi Arabia,31/12/2023,Regular,1999/01/02
910,Cassandra,Cortez,-,0783749079,Crawfordchester,JORDAN,"June 10, 2025",Regular,"June 13, 1954"
911,Wendy,Johnson,wendy.johnson627@gmail.com ,0705721514,Staceytown,U.S.A.,05/13/2024,Platinum,"May 21, 1993"
912,Travis,Padilla,travis.padilla922@gmail.com,+962-7-637-4845,New Lauren,Hashemite Kingdom of Jordan,05/05/2026,silver ,01/17/1981
913,  Richard,Miranda,richard.miranda161@yahoo.com,0795090591,New Brycechester,JORDAN,29-06-2026,Gold,"May 24, 1994"
914,Jessica,Wright,jessica.wright21@outlook.com,0722071511,Berryfurt,jordan,22 Dec 2024,NaN,-
915,  Patrick,Wells,patrick.wells120@outlook.com,0721452647,East Jorgeborough,Egypt,"December 16, 2025",regular,02/03/1964
916,Valerie,Schultz,valerie.schultz378@outlook.com,+962-7-184-0908,Lake Nathanielburgh,saudi arabia,"December 06, 2023",Gold,09/03/1950
917,Tracie  , Smith ,tracie.smith24@outlook.com,none,Lake Christine,Kingdom of Saudi Arabia,17/11/2023,Regular,"June 23, 1961"
918,Jeffery,Reed,jeffery.reed872@hotmail.com,+962-7-295-9272,Port Lori,UAE,22/01/2026,None,22 May 1952
919,Benjamin,Medina,benjamin.medina110@outlook.com,0714415298,North Tyler,usa,"May 27, 2026",silver ,12-10-1986
920,Wendy  ,Mora  ,invalid_email,+962-7-867-1815,West Donald,JO,"April 28, 2026",Platinum,none
921,Travis,Bauer,travis.bauer269@gmail.com,(+96) 2-7-079-1815,Shermanborough,Jordan,2022-09-26,N/A,1967/07/11
922,Derek,Gallagher,derek.gallagher209@gmail.com,0766661707,West Annafurt,Kingdom of Saudi Arabia,"September 29, 2023",regular,none
923,Victoria,Townsend,victoria.townsend900gmail.com,+962 7 080 3149,Lake Lee,United States,08/27/2025,Regular,12-06-1953
924,Anthony,Rasmussen,anthony.rasmussen309@gmail.com,0758068828,Erinton,uk,02/10/2024,GOLD,18 Mar 2005
925,Corey,Dodson,none,0751373990,South Jamieville,United States,20-02-2026,Platinum,11-01-2006
926,Adam,Allen,adam.allen84@yahoo.com,NULL,New John,egypt,10/28/2025,Silver,1990-09-06
927,Nicole,Henderson,nicole.henderson507@yahoo.com,+962-7-434-6066,Ramirezborough,saudi arabia,"November 07, 2024",GOLD,"July 29, 1999"
928, Tracy ,Greene  ,tracy.greene501@hotmail.com,0760723111,Port Tracy,jordan,28-01-2025,Silver,28/07/1961
929,Mark,Harding  ,mark.harding542@hotmail.com,0764844941,South Mackenzieborough,uae,08/06/2023,regular,"August 01, 2007"
930,Angela,  Jimenez,angela.jimenez86@gmail.com,+962-7-077-1130,Lopezland,Jordan,"January 29, 2023",None,01/27/1965
931,Christina,Kim,christina.kim293@outlook.com,0790833509,East Matthewview,U.A.E.,21-02-2023,Platinum,18 Nov 2005
932,Michael,Gonzalez,michael.gonzalez193@hotmail.com,(076) 6248132,West Diane,Hashemite Kingdom of Jordan,"February 23, 2025",Silver,11/25/1976
933,Monica,Jones,monica.jones441@hotmail.com,+962-7-848-2285,North Gailchester,Jordan,2023-07-22,GOLD,NULL
934,Andre,LE,andre.le680@hotmail.com,0755021306,New Brianfurt,egypt,"June 19, 2025",None,09/09/1996
935,David,Walker,david.walker585@hotmail.com,+962-7-981-0796,Ginafurt,US,2025/01/30,Silver,20-07-1977
936,Kaitlin,Vega,kaitlin.vega949@hotmail.com,+96275772785,East Justin,JORDAN,08/01/2025,None,06/06/1994
937, Sylvia ,Price,sylvia.price515@hotmail.com,0725064207,Pageside,JO,2023-08-07,regular,02-09-2001
938,Vanessa,Martinez,vanessa.martinez587@yahoo.com,+962 7 366 6777,Fordmouth,EGYPT,"January 28, 2025",Platinum,17 Feb 1970
939,Raymond, Cummings ,raymond.cummings985@gmail.com,-,Brooksport,U.A.E.,24 May 2023,NaN,05/20/1963
940,Donald, Rodriguez ,donald.rodriguez44@gmail.com,N/A,LAKE PATRICK,United Kingdom,2025/03/06,None,1981-08-15
941,Henry,Ramos,HENRY.RAMOS144@OUTLOOK.COM,+962-7-692-4926,East Robert,united states,2025-05-06,Regular,"September 07, 1978"
942,Miranda,anderson,miranda.anderson682@yahoo.com,(075) 9980111,North Samanthaton,Egypt,2026-04-18,silver ,18/06/1970
943,Christopher,Huynh,christopher.huynh187outlook.com,0723415959,Alvarezburgh,United Arab Emirates,12/31/2023,Silver,15-12-1967
944, Craig ,Hoffman,craig.hoffman982@hotmail.com,+962-7-226-1896,New Andrea,EGYPT,2026-03-05,GOLD,1978-09-29
945,tonya,Vaughn,tonya.vaughn214@outlook.com,+96271271026,Grayburgh,U.A.E.,"March 09, 2026",GOLD,1996-08-06
946,brenda,Huerta,brenda.huerta881@gmail.com,+962-7-799-2707,Nicoleland,United Arab Emirates,08 Jan 2024,GOLD,-
947,Casey,Taylor,casey.taylor867@outlook.com,0762135415,Smithshire,JO,2023-10-09,Silver,20 Aug 1975
948,Gary,York,gary.york605@gmail.com,0748075203,Josechester,JORDAN,05/04/2023,silver ,27/10/1970
949,Joshua, Carney ,joshua.carney198@outlook.com,0715802909,West Oscarfort,EGYPT,2025-03-13,Gold,05/16/1973
950,Barry, Powers ,barry.powers68@gmail.com ,+962 7 558 6652,Jenniferside,U.A.E.,11 May 2025,none,1962/02/22
951, Juan ,Miller,juan.miller602@outlook.com,0715810213,East Nathanielberg,jordan,2024-05-15,None,N/A
952,Joel,Miller,joel.miller103@gmail.com,none,New Davidberg,Hashemite Kingdom of Jordan,2022-11-15,Gold,17/07/1962
953,Julie,miller,julie.miller243@outlook.com,0710633016,Colleenborough,JO,2022-12-08,Regular,18/02/1979
954,JAMES,Travis,james.travis27@outlook.com,0727490728,North Gregoryborough,Jordan,2024-12-28,Platinum,14/05/1966
955,Natalie  , Johnston ,natalie.johnston260@hotmail.com,0711325326,Carolynhaven,KSA,"April 30, 2023",Silver,1989-01-02
956,Jeffery,King,jeffery.king309@hotmail.com,0738044210,south maxton,JORDAN,"December 13, 2023",regular,10/05/1987
957,  Lisa,Miller,lisa.miller863@outlook.com,0770159591,Jessicamouth,United States,2025-08-17,Platinum,13/08/1977
958,Judy,Castillo,judy.castillo694@yahoo.com,+962-7-758-3392,Lake Michaelmouth,KSA,2024-07-27,Silver,2003-05-15
959,Mark,Hogan,mark.hogan902@outlook.com,+962-7-677-7226,Herringberg,united states,08/05/2026,silver ,12/11/1997
960,patrick,Berg,patrick.berg237@outlook.com,0750622923,North Peterberg,JO,03 Mar 2023,Gold,none
961,James,Crawford,james.crawford998@yahoo.com,+962-7-843-3797,Grahamburgh,United Arab Emirates,"March 16, 2023",regular,24-10-1979
962,Elizabeth  ,Gomez,elizabeth.gomez443@yahoo.com,0757942387,South Tracy,United Kingdom,29 Dec 2022,Regular,NULL
963,CRYSTAL,Morgan,crystal.morgan762@outlook.com,+962-7-969-1928,Matthewstad,Saudi Arabia,2023-10-24,Silver,31 Dec 1998
964,Michelle,Wood,michelle.wood852@outlook.com,0710756335,Port Rachel,Jordan,14 Jun 2026,silver ,08-08-1988
965,rachel,Alvarez,rachel.alvarez225@yahoo.com,,Lake Brittany,Jordan,10-09-2023,Silver,"October 16, 1964"
966,Lori  ,Burns,lori.burns19@yahoo.com,+962 7 058 1629,Christopherfort,Kingdom of Saudi Arabia,13/06/2024,Regular,01/05/1978
967,Rachel,Valentine,,+962-7-176-3425,South Johntown,UAE,2025/06/25,Gold,1970/03/15
968,Mallory,Olson,mallory.olson35@hotmail.com,0745759833,West Jessicaborough,jordan,2023/02/26,Platinum,12/24/1981
969,  William, Wright ,william.wright974@yahoo.com,+962-7-044-3240,Lake Dawnchester,jordan,28-01-2024,Regular,17 Apr 1955
970,steven,  browning,steven.browning576@yahoo.com,0768297514,Hillmouth,JORDAN,"February 28, 2023",,N/A
971, Brenda ,Morris,brenda.morris979@hotmail.com,+962 7 058 7525,Piercechester,US,08/21/2022,regular,
972,randall,Nguyen,randall.nguyen750@hotmail.com,0704599080,South Caleb,Hashemite Kingdom of Jordan,"November 30, 2025",Gold,23-08-1954
973,Edward,Mills,edward.mills4@outlook.com,(073) 1555165,South Richardton,saudi arabia,2026-05-01,None,19/01/1982
974,Darlene,Foster,darlene.foster850@gmail.com,+962-7-137-2143,North Deanna,JO,11-03-2023,None,N/A
975,Brian,Cameron,brian.cameron757@outlook.com,(070) 0332285,Paulfurt,EGYPT,06/22/2023,GOLD,22 Sep 1951
976,Kathy,Vasquez,kathy.vasquez785@gmail.com,0768103903,New Travis,UK,01 Apr 2025,silver ,07/14/1971
977,Christopher,Keith,christopher.keith67@hotmail.com,0726328094,Angelahaven,UAE,2024-08-09,Gold,16 Nov 1973
978,Mary,Webster,mary.webster884@gmail.com,0735461470,Morrisonhaven,Hashemite Kingdom of Jordan,08/06/2023,Silver,1996/10/08
979,James,Rodriguez  ,james.rodriguez848@gmail.com,0713394394,Stevenbury,Jordan,02/14/2024,Silver,31/07/1984
980,Nicole,King,nicole.king108@outlook.com,+962-7-403-2537,Cortezmouth,United Arab Emirates,12 Aug 2024,None,16-08-2009
981, Carolyn ,Martin,carolyn.martin170gmail.com,+962-7-894-3191,PORT ANTHONYTON,US,"July 15, 2024",Regular,none
982,Stacey  ,Conrad,stacey.conrad916@yahoo.com,+962-7-692-1053,South Judy,Jordan,"October 14, 2023",Platinum,09 Dec 1972
983,Joshua, Valdez ,joshua.valdez561@gmail.com,-,South Gregville,jordan,10/05/2023,Gold,26/09/1955
984,Jimmy,Kane,jimmy.kane782@outlook.com,none,North Raymond,jordan,2024-11-21,silver ,1973-03-20
985,Benjamin,Reynolds,benjamin.reynolds146@gmail.com,+962-7-209-0144,Harrisview,Egypt,07/06/2024,Regular,-
986,Joseph,Wiggins,joseph.wiggins767@gmail.com,+96277009687,Lake Melinda,UAE,06-07-2023,Silver,"May 29, 1953"
987,  Michael,George,michael.george737@hotmail.com,+962-7-782-5588,West Jill,JORDAN,2024/05/24,GOLD,
988,Gordon,Morales,gordon.morales266@yahoo.com,+962-7-542-7865,Millerview,jordan,09-06-2024,Silver,none
989,  Marvin,Howard,marvin.howard519@gmail.com,-,Port Lauren,US,06/08/2024,Platinum,1958-12-10
990,Lisa,Harris,,NaN,West Sarahburgh,saudi arabia,05/05/2025,regular,14/12/1994
991,Gabriella,FRENCH,gabriella.french234@gmail.com,0755868639,Karaville,uae,2024/07/11,Gold,02/13/1964
992,Dawn,Moore,dawn.moore915@outlook.com,(073) 0817214,Port Richard,Hashemite Kingdom of Jordan,2025/05/06,silver ,01/31/2000
993,Amber,Davis,amber.davis991@outlook.com,(070) 0041321,West Shaunville,JO,2025-10-29,silver ,N/A
994,Michael,Powell,michael.powell59@hotmail.com,0745653469,Reidshire,U.A.E.,12/05/2025,Platinum,N/A
995,Travis,Johnson,none,+962-7-047-6816,Stacyfort,United Arab Emirates,11/06/2023,silver ,"April 01, 2010"
996,Norman,Estes,norman.estes216@outlook.com,+962 7 174 8113,South Noahmouth,Hashemite Kingdom of Jordan,2025-08-09,Silver,19 Jan 1965
997,Tracey,Johnson,TRACEY.JOHNSON434@YAHOO.COM,+96277396102,New Seanhaven,JO,"October 23, 2023",NULL,1961-06-11
998,joshua,Cunningham,joshua.cunningham765@outlook.com,+96278049187,South Kelly,uk,10 Oct 2025,NaN,1960-05-02
999,Kelly,Rivera,kelly.rivera83@outlook.com,+962-7-213-7730,Parsonsburgh,United Arab Emirates,"January 04, 2023",Platinum,01/12/1996
1000,Bradley, White ,bradley.white164@hotmail.com,0797371122,Lake Tiffany,Jordan,2023/12/06,silver ,19-11-1986
1001,Andrew,Crawford,andrew.crawford112@yahoo.com,(076) 0858167,West Samuelchester,JORDAN,"September 30, 2025",Silver,08/02/1954
1002,Christopher,Rich  ,christopher.rich430@outlook.com,0776832102,New Jacobborough,JORDAN,"March 25, 2025",None,1977/05/03
1003, Wendy ,Brooks,wendy.brooks429@outlook.com,+962-7-129-6180,East Dylan,Jordan,"August 16, 2023",Gold,07/25/1958
1004,Jacqueline,Smith,jacqueline.smith635@gmail.com,+962-7-018-4980,Nicoleberg,JORDAN,10/23/2022,Platinum,09/28/1969
1005,John,Castillo,john.castillo874@gmail.com,0777731268,East Elizabethhaven,Jordan,06/05/2023,silver ,18 Apr 1959
1006,Kathleen,Woods,kathleen.woods198@yahoo.com,+962-7-192-3653,Richardchester,UAE,13-07-2026,Platinum,22 Feb 1953
1007,Luke,Foster,luke.foster342@outlook.com,+962-7-567-9327,Lucasburgh,Hashemite Kingdom of Jordan,05/05/2023,none,18-01-1965
1008,ADRIANA,Crawford,adriana.crawford96@yahoo.com,+962 7 906 1812,West Joshuaview,JORDAN,2022-11-14,None,1978/06/10
1009,Lindsay,Stark,lindsay.stark521@outlook.com,+962-7-895-4787,Toddshire,US,14 Oct 2023,NaN,"April 14, 1992"
1010,Sandra,Jacobs,-,0792751758,West Crystalview,KSA,2025-03-19,Silver,2003/01/21
1011,Brooke,Perez  ,brooke.perez998@yahoo.com,+962-7-539-3543,Zacharychester,United Arab Emirates,2026/04/12,GOLD,"April 13, 1967"
1012,Carla,Santiago,carla.santiago505@gmail.com,+962 7 924 3588,Jamesmouth,uae,29-04-2023,Silver,"June 23, 1985"
1013,Glenn,Hardy,glenn.hardy59@hotmail.com,0733952753,Washingtonview,JORDAN,28 Jan 2026,GOLD,2006/07/09
1014,Stephen  ,Peterson  ,stephen.peterson173@hotmail.com,+962-7-141-6860,east lisaview,JORDAN,"August 04, 2023",Gold,28 Mar 2006
1015,Shawn,Ewing,shawn.ewing416@yahoo.com,0748963406,Larsonfort,KSA,2024/11/26,Regular,10/19/1976
1016,Lawrence,Taylor,lawrence.taylor807@gmail.com,0700141884,Port Cody,Hashemite Kingdom of Jordan,2023-01-23,regular,25-02-1995
1017,Rodney,Williams,rodney.williams292gmail.com,0700159446,East Jeffrey,JORDAN,"March 18, 2025",Gold,16-10-1986
1018,Karen,Reilly,karen.reilly430@gmail.com,(073) 2089532,Harristown,Hashemite Kingdom of Jordan,26 Dec 2023,Regular,03/11/2007
1019,Christopher,Yang  ,christopher.yang234@outlook.com,0747113633,Lynchburgh,Jordan,06/26/2026,Platinum,NaN
1020,Joshua,Smith,joshua.smith733@gmail.com,+962 7 699 6733,Port Christophermouth,Hashemite Kingdom of Jordan,"April 03, 2025",GOLD,13/02/1977
1021,Jocelyn,Cruz,jocelyn.cruz185@gmail.com,+96276084376,Marcfort,Saudi Arabia,2025-01-11,None,"January 09, 1981"
1022,Paul,Ramos,paul.ramos316@hotmail.com,0721962633,Michaelview,JORDAN,"May 24, 2023",silver ,30/06/1965
1023,Kelly,Hall,kelly.hall231@outlook.com,(+96) 2-7-709-3170,Armstrongstad,U.K.,2024-12-21,Regular,1973-06-05
1024,Travis,Ramsey,travis.ramsey275@yahoo.com,0716453454,Moorebury,Jordan,"March 17, 2026",Platinum,2001-10-15
1025,Deanna,George,deanna.george301@yahoo.com,-,New Heatherton,JO,23 Oct 2025,None,05 Aug 1965
1026,Alicia,Scott,alicia.scott774@yahoo.com,+962-7-264-2364,New Carl,Jordan,"March 02, 2023",GOLD,2002/11/17
1027,christine,Armstrong,christine.armstrong12@hotmail.com,+962-7-248-7623,Port Susanland,JORDAN,14-09-2025,silver ,
1028,Craig,Roth,craig.roth217@gmail.com,(+96) 2-7-178-5228,East Kristin,Jordan,"April 15, 2023",Gold,02/05/1970
1029,George,  Nelson,george.nelson525@outlook.com,0788062207,Port David,Egypt,28/10/2025,None,"April 09, 2002"
1030,Mary,Berry,N/A,+962-7-372-1329,North Tonyaberg,jordan,"September 09, 2023",Gold,1950-08-09
1031,Steven,Lindsey,steven.lindsey559@outlook.com,0768868785,Waltonhaven,JORDAN,"April 12, 2025",Regular,13 Oct 2006
1032,Garrett,Hodge,garrett.hodge953@yahoo.com,0703195419,Reyesport,Jordan,28/01/2023,Regular,26 Dec 1972
1033,Leonard,Gonzalez,leonard.gonzalez713@yahoo.com,+962-7-627-9246,East Allen,UAE,2022-08-20,regular,"March 12, 1964"
1034,scott,Tucker,SCOTT.TUCKER450@YAHOO.COM,+962-7-753-7260,East Penny,JO,2024/06/08,regular,12/07/2005
1035,Kenneth, Brown ,kenneth.brown115@outlook.com,0766194588,Williamsfort,KSA,2024/06/06,Silver,1954/08/20
1036,Mark,Collins,mark.collins259@yahoo.com,(070) 1284008,Lake Adriana,Egypt,"August 06, 2024",Gold,
1037,Richard,Lindsey,richard.lindsey985@gmail.com,+962-7-954-5089,South Katherinechester,jordan,30 May 2024,regular,22-05-1996
1038,Barry,Maxwell,barry.maxwell990@hotmail.com,none,Douglasborough,Hashemite Kingdom of Jordan,"June 26, 2025",Silver,29/02/1956
1039,Patrick,  FOSTER,patrick.foster640@gmail.com,+962-7-402-3693,Lloydberg,jordan,27-09-2022,regular,08 Mar 1976
1040,Ashley,Mooney,ashley.mooney897@outlook.com,0712047137,Lake Trevor,U.A.E.,31-05-2023,Gold,15-05-1955
1041,Steve,Lam,invalid_email,+962-7-574-9885,Alisonshire,uae,2025-01-14,Gold,09-10-1981
1042,Joshua,Wheeler,joshua.wheeler228@outlook.com,+962-7-306-7458,Victorfurt,jordan,2026/02/26,Regular,24 Aug 1953
1043,Brittany, Solis ,brittany.solis584@outlook.com,0728333721,Robertfurt,KSA,08/08/2023,Platinum,23/09/1975
1044,Mark,Miller,mark.miller133@hotmail.com,0771506662,Kennedytown,U.A.E.,2023/03/22,Regular,08/06/1970
1045,Mitchell,Parker  ,mitchell.parker75@outlook.com,0776936634,New Linda,JO,2024/07/07,Gold,1970/09/26
1046,Carly,Watkins,carly.watkins886@outlook.com,0711102867,Port Lindseyberg,UK,25-12-2025,Silver,"January 30, 2010"
1047,Aaron,Thompson,aaron.thompson336@yahoo.com,+962-7-559-1024,Craigshire,UAE,2023-02-08,Regular,06-07-1955
1048,Benjamin,Smith,benjamin.smith742@gmail.com,+962-7-267-1494,Port Cheyenneberg,Saudi Arabia,04/05/2026,regular,06/20/1954
1049,Catherine,Green,catherine.green34@outlook.com,0781793406,elizabethfort,U.A.E.,2025-02-22,Gold,10 Mar 1999
1050,Michael,Hicks,michael.hicks638@hotmail.com,0766345337,Lake Eric,UAE,2023/09/30,GOLD,05/04/1955
1051,Briana,Wilson,briana.wilson419@outlook.com,+962-7-722-1455,Lake Timothy,jordan,01 Jan 2023,Regular,01 Mar 1975
1052,Sarah,  Barnett,sarah.barnett677@hotmail.com,0794370526,West Carl,United Arab Emirates,2025-04-04,Platinum,14 Jun 1952
1053,Melissa  ,King,melissa.king612@gmail.com,0777657256,Susanshire,saudi arabia,26 Apr 2023,regular,29/08/2002
1054,Jack,Booth,jack.booth887@yahoo.com,none,New Cassandra,UAE,24 Mar 2023,Silver,-
1055,Rebecca,Le,rebecca.le674@yahoo.com,0705595501,Ingramhaven,United Arab Emirates,"March 29, 2024",Regular,"September 03, 1962"
1056,Dylan,Becker,dylan.becker736@outlook.com,none,South Kayla,Saudi Arabia,2026-01-01,NULL,12 Jun 1994
1057,Benjamin,Maynard,benjamin.maynard780@yahoo.com,+962-7-487-0450,Lawrenceland,Kingdom of Saudi Arabia,07 Dec 2024,Gold,1979/01/16
1058,Natalie,Hickman,natalie.hickman286@gmail.com,0799359374,Patriciaton,Hashemite Kingdom of Jordan,24-03-2026,silver ,07/29/1999
1059,Elizabeth,Riley,elizabeth.riley620@outlook.com,none,Smithton,Kingdom of Saudi Arabia,2024-02-24,-,-
1060,Leah,Hill,leah.hill289yahoo.com,+962-7-860-8490,zhangborough,United Arab Emirates,"October 29, 2025",Regular,13 Aug 1982
1061,Andrea,Chan,andrea.chan466@yahoo.com,+962-7-685-2830,Millerbury,jordan,2025/12/28,regular,2007/05/14
1062,Andrew,Anderson  ,none,+962-7-424-4626,Lake Frank,saudi arabia,26/07/2025,None,none
1063,Sarah,  Collins,sarah.collins14@yahoo.com,+96278112103,Port Kayleeview,Hashemite Kingdom of Jordan,2024-09-27,Platinum,"June 24, 2008"
1064,Daniel,hayes,invalid_email,0787817941,kristinastad,Jordan,2023-01-21,Platinum,NULL
1065,Lindsay,Gardner  ,lindsay.gardner348@yahoo.com,(070) 9112252,South Vickie,Jordan,"July 28, 2023",Gold,-
1066,Michael,Peterson,michael.peterson957@hotmail.com,0761863239,AYALALAND,United Arab Emirates,2024/02/16,regular,02/20/2009
1067,julie,Davenport,julie.davenport359@yahoo.com,(077) 8765530,South Jacobshire,jordan,04/22/2026,Silver,-
1068,Vanessa,Peck,vanessa.peck318 at outlook.com,(+96) 2-7-605-7121,New Derekfort,JORDAN,03/01/2025,GOLD,1983-10-14
1069,Andrea,JUAREZ,andrea.juarez974@gmail.com,(070) 5348640,North Sheilaberg,JORDAN,18-01-2023,NULL,"April 28, 1992"
1070,Lisa,Kidd,lisa.kidd375@yahoo.com,+962-7-618-5174,Richardtown,Jordan,"September 11, 2023",Silver,"June 12, 2009"
1071,Mark,Joseph,mark.joseph595@yahoo.com,0789915114,Lucasville,uae,18/01/2026,Regular,NULL
1072,Jason,Mcbride,-,0744881898,Rebeccaport,United Kingdom,07/01/2023,Platinum,08/06/1956
1073,Richard,Galvan,NaN,+962 7 615 4021,New Adamfort,uae,26/10/2023,Gold,13/02/1953
1074,Lisa,Sullivan,lisa.sullivan668yahoo.com,NaN,Lake Lisafort,JORDAN,"December 31, 2022",regular,09/04/1963
1075,jean  ,Jackson,jean.jackson840@hotmail.com,none,Kelleyton,UAE,05/26/2026,Platinum,1976-05-09
1076,Christina,Price,christina.price777@outlook.com,(074) 5269694,Johnville,Jordan,14/11/2025,Regular,25/12/1992
1077,Jonathan  ,jacobs  ,jonathan.jacobs174@hotmail.com,(+96) 2-7-169-3429,Port Danielle,Saudi Arabia,07/30/2022,None,1957/10/08
1078,Emily,Anderson,none,+962-7-301-6234,New Aaronborough,JO,2022/09/24,GOLD,09 Aug 1993
1079,Maria,Smith  ,maria.smith274@hotmail.com,0737221556,Kellerview,JO,2022/12/31,None,05 Mar 1977
1080,James,Reid,invalid_email,+96275337746,West Aaronmouth,JORDAN,05/26/2023,silver ,01/02/1960
1081,Kimberly,Bass,kimberly.bass134@gmail.com,+962-7-843-6142,Joshuachester,Jordan,25-07-2025,regular,17-09-1996
1082,Thomas,Farmer,thomas.farmer942@yahoo.com,+962-7-754-3734,Stuartview,jordan,10/31/2022,Gold,1960/03/13
1083,Jeffrey,Conway,jeffrey.conway931@yahoo.com,+96273763882,West Jenniferhaven,United Arab Emirates,2022-08-22,silver ,10/11/1965
1084,Corey,Atkins,corey.atkins314@outlook.com,+962-7-460-1913,Johnnybury,uk,2024/08/20,None,"January 13, 1996"
1085,Elizabeth,Hawkins,elizabeth.hawkins879@outlook.com,NULL,Bradleytown,Hashemite Kingdom of Jordan,09/01/2025,none,07-06-1979
1086,Jacob,Oconnor,jacob.oconnor682@outlook.com,0764493699,Codyfort,Hashemite Kingdom of Jordan,15/06/2025,,18/01/1988
1087,Pamela, Nguyen ,pamela.nguyen366@gmail.com,0757385736,Lake Charlesshire,JO,"January 01, 2026",None,NULL
1088,Jesse,Delacruz,jesse.delacruz239@hotmail.com,+962 7 681 1872,lake jason,jordan,05/23/2023,Platinum,
1089,Benjamin  ,Smith  ,benjamin.smith894@hotmail.com,(+96) 2-7-149-7315,New David,Kingdom of Saudi Arabia,"December 02, 2024",None,23 Nov 1998
1090,Kylie,Herrera,kylie.herrera113@yahoo.com,+962-7-307-4820,Montoyaborough,EGYPT,01 Feb 2025,None,"April 25, 1998"
1091,Paige,Garcia,paige.garcia694@gmail.com,+962-7-394-0655,Hawkinsburgh,Jordan,08/01/2024,regular,1952/03/08
1092,Connor,Burton,connor.burton999@yahoo.com,+962 7 432 2302,Port Jason,Egypt,2022-08-28,None,12/07/1958
1093,Steven,Stanley,steven.stanley69@outlook.com,+962-7-201-3546,Lake Bryan,JORDAN,22 Jun 2023,GOLD,"August 21, 2004"
1094,Thomas,Smith,thomas.smith663@yahoo.com,0782611231,South Daniel,saudi arabia,01/26/2024,None,29/04/1964
1095,Lisa,adams,lisa.adams219@gmail.com,+962-7-889-9572,South Roger,U.A.E.,26-08-2024,Gold,24 Mar 1987
1096,Laura,Ramirez  ,laura.ramirez157@yahoo.com,(073) 0364687,Port Bonnieberg,Jordan,08/12/2023,Gold,2004/08/14
1097,Jerry,Graves,invalid_email,0718769208,New Nancy,Hashemite Kingdom of Jordan,15/05/2026,GOLD,"July 04, 1998"
1098,John,Williams  ,john.williams216@outlook.com,0781388158,West Joseside,uk,01/01/2026,silver ,09/28/1958
1099,Gregory,PATTERSON  ,gregory.patterson82@yahoo.com,0732318297,South Jenniferside,UAE,"December 21, 2025",Silver,"May 19, 1955"
1100,Kathleen, Murray ,kathleen.murray836@gmail.com,+962-7-500-0000,west frederickshire,U.A.E.,18/04/2025,Gold,06/08/1955
1101,Hailey,Castillo,hailey.castillo870@outlook.com,none,Nicholasville,uae,16 Oct 2025,Platinum,04/02/1998
1102,william,Roberts,william.roberts825@yahoo.com,+962-7-218-2998,Mitchellhaven,Saudi Arabia,27-09-2023,Gold,"March 09, 2005"
1103,Chase,Thompson,chase.thompson270@gmail.com,+962-7-890-5670,Mcdonaldton,uae,2025-08-16,Silver,07/10/1986
1104,Aaron,Green,aaron.green333@outlook.com,+962-7-551-5848,South Nicholas,Kingdom of Saudi Arabia,"July 21, 2023",None,12 Dec 1957
1105,Robert,Salinas,robert.salinas525@hotmail.com,+962 7 550 5429,Blairside,Hashemite Kingdom of Jordan,13-08-2024,NULL,06/05/1993
1106,Colleen,Brown  ,colleen.brown511@hotmail.com,+962-7-699-8795,Port Claudiahaven,UAE,"May 27, 2023",silver ,28 Aug 1961
1107,Caleb,Adams,caleb.adams723@hotmail.com,0716481880,Connieview,saudi arabia,2022-10-04,GOLD,19-04-2008
1108,Dawn  ,Kelley,dawn.kelley394@outlook.com,+96273836381,Adamsberg,uae,18-06-2024,Silver,
1109, Donald ,Ross,donald.ross662@hotmail.com,+96272894642,East Natashaberg,USA,2025/04/13,regular,08/31/1972
1110,Jessica,Rice,jessica.rice881@yahoo.com,+962 7 441 7064,MOORESTAD,egypt,05-06-2023,Regular,1996/01/12
1111,Michelle,Williams,michelle.williams471@gmail.com,N/A,South Nicholaschester,KSA,08-03-2024,Gold,NULL
1112,Michelle,Palmer,michelle.palmer75@yahoo.com,+962-7-880-3153,Port Toni,Jordan,2026-05-30,None,NULL
1113,Teresa,  Owens,TERESA.OWENS252@HOTMAIL.COM,+96270504043,East Jason,UAE,2025-11-24,silver ,NULL
1114,Michael,Poole,michael.poole916@hotmail.com,(+96) 2-7-516-3211,Lake Carolhaven,Jordan,08-08-2023,NaN,NULL
1115, Natalie ,Martinez,natalie.martinez992@hotmail.com,0733913732,Schneiderbury,KSA,"October 06, 2022",Regular,03 Dec 1952
1116,Richard,Johnson,richard.johnson86@hotmail.com,+962-7-198-7561,Yuchester,JO,17/11/2022,None,21-04-1997
1117,Jennifer,Warren,jennifer.warren452@outlook.com,+96272300915,Rodriguezberg,JO,09/08/2022,Platinum,10/28/2000
1118,Alexandria,Smith,NaN,0757744916,New Erinfurt,JO,28-04-2025,silver ,23-08-1972
1119,Laura,Anderson  ,laura.anderson593@yahoo.com,0749118941,Jeremiahfurt,Egypt,20/10/2022,NULL,1982-05-13
1120,Matthew,Johnson,matthew.johnson713@gmail.com,NULL,north john,UAE,2023-02-16,N/A,1967/01/27
1121,Matthew,Jones,matthew.jones532@yahoo.com,0704288605,Port Laurabury,JORDAN,08/04/2023,none,02/11/1980
1122,Randall,GRAHAM,randall.graham263@hotmail.com,0708112600,Port Veronica,Jordan,25 Sep 2025,Platinum,1981/10/14
1123,James,Myers,james.myers191@outlook.com,+962-7-106-2715,North Stephanie,Hashemite Kingdom of Jordan,09/02/2026,Platinum,NaN
1124,Jonathan,Peterson,jonathan.peterson927@yahoo.com,(+96) 2-7-688-2691,Simsfort,UK,12-10-2022,Gold,15/01/1976
1125,Anna,Barrera,anna.barrera162@hotmail.com,+962-7-844-0134,Port Allisonmouth,jordan,20/01/2025,GOLD,21/05/1997
1126,Matthew,Young,matthew.young946@outlook.com,(078) 8260335,North Curtisstad,saudi arabia,2026/01/08,Platinum,08/30/1977
1127,Heather,Obrien,heather.obrien347@outlook.com,+962-7-599-1449,North Jennifer,KSA,05-10-2022,regular,1977/10/03
1128,Jonathan, Aguirre ,jonathan.aguirre403@yahoo.com,+962-7-999-6996,Mariamouth,UAE,07/03/2024,Silver,12/13/1955
1129,Alexa,Thomas,alexa.thomas473 at gmail.com,0796932591,Andrewhaven,UAE,2025-09-14,regular,24/10/2003
1130, Ashley ,Sparks,ashley.sparks213@gmail.com,0723123426,Elliottton,uk,30/12/2025,Gold,15-01-1975
1131,Holly,Branch,holly.branch353@outlook.com,none,West Anna,saudi arabia,"June 18, 2024",Silver,2010-04-02
1132,Jeremy,Lawson  ,jeremy.lawson689@gmail.com,none,West Susanville,jordan,15 Nov 2023,Regular,19 Jun 2009
1133,Rachel,  Knight,rachel.knight279@hotmail.com,0708269582,Guerreroland,UAE,22-04-2024,Regular,"August 02, 1997"
1134,Patrick,Gray,PATRICK.GRAY222@GMAIL.COM,0713087612,Port Allison,Jordan,13 Mar 2024,N/A,1984/11/10
1135,Tina,Christensen,tina.christensen874@outlook.com,+962-7-346-8239,Melissaview,JORDAN,31-07-2023,Gold,18 Feb 1988
1136,Billy,Johnson,billy.johnson160@gmail.com,0773008696,Brownton,Hashemite Kingdom of Jordan,29 May 2026,Silver,"July 30, 1957"
1137, Tina ,hughes,tina.hughes139@gmail.com,+962 7 139 5001,Roseview,Jordan,05/19/2023,Silver,NaN
1138,Crystal,Jones,crystal.jones77@yahoo.com,+96270762839,Mayberg,UAE,07/09/2025,-,03/08/1953
1139,Micheal,Walsh,micheal.walsh174@yahoo.com,N/A,Mcclurefurt,UK,26/08/2023,silver ,05/07/1996
1140,Robert,Anderson,robert.anderson776@outlook.com,0708177602,Port Kimberlytown,Jordan,2023/02/13,None,"May 29, 1974"
1141,Alexandria,Ferguson,,+962-7-333-7312,Michaelburgh,jordan,2022/11/03,silver ,23-09-1962
1142,Ruth,Morales,ruth.morales467@yahoo.com,+962-7-170-3211,North Noah,Hashemite Kingdom of Jordan,2024-06-09,Regular,14 Sep 1963
1143,Robert,Bryan,robert.bryan664@outlook.com,+962-7-527-7895,Martinezborough,USA,2026-06-28,silver ,N/A
1144,  Patricia,Gardner,patricia.gardner173@yahoo.com,0790295026,Williamville,United Kingdom,10/19/2023,Gold,N/A
1145,Justin,Brown,JUSTIN.BROWN610@HOTMAIL.COM,+962-7-416-7812,Figueroafort,U.A.E.,17-05-2024,Silver,08/10/1990
1146,George,Lopez,george.lopez967@outlook.com,+962-7-217-9821,West April,jordan,2022-08-17,GOLD,"December 28, 2008"
1147,George,Payne,GEORGE.PAYNE872@GMAIL.COM,0779736383,Port Zacharyside,UAE,"July 05, 2025",GOLD,06/18/1991
1148,Lucas,Johnson,lucas.johnson420@outlook.com,0770798661,Mendozaton,U.A.E.,2023-06-27,silver ,24-09-1974
1149,Sharon,Young,sharon.young572@gmail.com,+962-7-205-0682,Lake Maryburgh,U.S.A.,10 Mar 2024,silver ,1964-01-02
1150,Michael,Craig,N/A,none,Hudsonland,Hashemite Kingdom of Jordan,"November 30, 2022",Regular,09-12-1981
1151,Kayla,Thompson,kayla.thompson398@hotmail.com,(072) 5967908,JOESIDE,uae,01/07/2026,Silver,25/11/1967
1152,Amy,Smith,amy.smith21@hotmail.com,(+96) 2-7-050-9386,Williamport,Hashemite Kingdom of Jordan,16 Mar 2023,Gold,N/A
1153,  Kenneth,Jacobs,kenneth.jacobs786@gmail.com,0798811457,Riverston,Kingdom of Saudi Arabia,"December 15, 2025",Silver,15-04-1992
1154,Scott,Kelly,SCOTT.KELLY577@OUTLOOK.COM,0786767382,New Shannonfurt,jordan,2023/04/15,regular,05/21/1997
1155,Tabitha,Brown,tabitha.brown287@gmail.com,0777987682,WAGNERBERG,JORDAN,"January 30, 2025",Gold,2000-10-16
1156,David,Black,david.black247@yahoo.com,0708580623,Brettview,JORDAN,10 May 2023,GOLD,NULL
1157,Elizabeth,Parrish,elizabeth.parrish8@yahoo.com,+962 7 669 5790,Lake Davidview,U.A.E.,04/08/2025,None,-
1158,Gregory,Francis,gregory.francis189@hotmail.com,0744286796,East Michael,Jordan,2025/12/24,None,"June 26, 1999"
1159,Kelly,Little,kelly.little761@yahoo.com,+962-7-289-4633,West Richardview,Hashemite Kingdom of Jordan,2025/02/08,regular,-
1160,Erin,Murphy,erin.murphy935@gmail.com,(+96) 2-7-572-5629,South Sophia,jordan,09/13/2024,None,14 Nov 1963
1161,Heather,Cooper,heather.cooper561@gmail.com,+962 7 513 8186,Michaelfort,Hashemite Kingdom of Jordan,01/01/2025,-,15 Sep 1981
1162,  Stephanie,Herring,stephanie.herring600yahoo.com,+962-7-095-7443,East Kristopherville,JORDAN,21/10/2024,Silver,27 Mar 2003
1163,PATRICIA,Holloway,patricia.holloway931@yahoo.com,+962 7 179 7203,BRANDIVIEW,Hashemite Kingdom of Jordan,13-11-2022,silver ,none
1164,Christopher,Diaz,christopher.diaz821@outlook.com,+962 7 154 7155,North Jay,Saudi Arabia,2024-02-24,regular,1960-12-24
1165,Christine,Lewis,christine.lewis887@yahoo.com,+96278136750,New Josephberg,Egypt,31/03/2024,GOLD,25-05-1992
1166,Dawn,Rodriguez,dawn.rodriguez603@outlook.com,+96271052769,lake brittanyfort,JORDAN,16-05-2026,Regular,NaN
1167,Cassie, Conley ,cassie.conley888@outlook.com,+962-7-045-2388,Richardberg,jordan,2025/08/08,Regular,"September 06, 2006"
1168,Angela,durham,angela.durham890@hotmail.com,(+96) 2-7-605-9867,Ramirezburgh,Jordan,03-09-2025,GOLD,1958/11/12
1169,Janice  ,  Dixon,janice.dixon236@yahoo.com,+962-7-485-9655,Gregoryberg,Egypt,07/03/2026,None,11/04/1968
1170,Christina,Wilson,christina.wilson785outlook.com,(076) 5020002,Nathanbury,U.S.A.,26 Nov 2022,,1985/10/01
1171, Natalie ,Jones,natalie.jones209@yahoo.com,+962-7-155-1305,Timothyhaven,JO,07/08/2023,silver ,1962/10/25
1172,Cynthia,Peters,cynthia.peters940@hotmail.com,+96271444889,Cruzfort,Saudi Arabia,2023-04-20,Platinum,"March 20, 1959"
1173,Sylvia,Vaughn,SYLVIA.VAUGHN993@GMAIL.COM,0767746202,Meghanburgh,egypt,"April 26, 2026",Regular,N/A
1174,Keith,Herring,keith.herring78@yahoo.com,+962 7 328 1231,East Catherine,jordan,"November 06, 2022",Regular,"April 16, 2003"
1175,Deanna,Sims,NaN,0706018364,Mooreside,Hashemite Kingdom of Jordan,"January 24, 2025",Platinum,1978-05-12
1176,Andrew,Martin,andrew.martin433@gmail.com,+96278172257,Floresstad,JORDAN,2024/06/16,Platinum,1984-04-17
1177, Joseph ,Taylor,N/A,0790529187,Yoderside,JORDAN,03/11/2023,Gold,13/01/1965
1178,Curtis,Brown,curtis.brown69@hotmail.com,0771721733,Cobbborough,JORDAN,2026-01-17,Gold,12-02-2006
1179,Diana,Levy,N/A,+962-7-052-2299,Lake Robert,united states,25-05-2026,regular,NaN
1180,Craig,Simmons,craig.simmons484@yahoo.com,+962-7-914-3882,East Mark,U.A.E.,17/11/2023,None,1972/05/23
1181,Tamara, Clarke ,tamara.clarke669@outlook.com,0783584461,HARDYMOUTH,jordan,12/29/2025,Platinum,18-10-1994
1182,Nicole,Robinson,nicole.robinson709@outlook.com,+962-7-430-9544,Carrville,Egypt,2025/10/20,None,25-05-1961
1183,Sean,Summers,sean.summers622@outlook.com,0770292712,West Johnmouth,JORDAN,05 Jan 2026,regular,1996/02/26
1184,Renee,Higgins,renee.higgins131@gmail.com,,Port Emmaville,saudi arabia,06/06/2023,Platinum,none
1185, Michael ,Daniel  ,,0708320048,Obrienmouth,saudi arabia,"June 22, 2025",None,08 Sep 1981
1186,William,Carroll,william.carroll615@yahoo.com,0735852386,Port Maryton,JO,20/12/2023,silver ,1962/09/09
1187,JOSHUA,Turner,joshua.turner837@outlook.com,+96271995171,Maryburgh,Egypt,2026/04/05,None,
1188,Monica,  duncan,monica.duncan765@outlook.com,+962-7-102-9295,North Kevinfort,KSA,14/04/2026,Silver,1967/03/15
1189,Miranda,Dixon,miranda.dixon431@yahoo.com,,DAVISVILLE,Jordan,"October 18, 2022",none,
1190,Brandon,Hernandez,brandon.hernandez660@yahoo.com,0732176720,New Kelseyland,egypt,2023/03/06,Regular,N/A
1191,Patrick,Garcia,patrick.garcia547@gmail.com,(070) 1907258,Randolphborough,saudi arabia,23 Mar 2026,None,05-02-2006
1192,Julie,Lewis,JULIE.LEWIS884@GMAIL.COM,+962-7-366-5380,south debra,EGYPT,09/29/2023,None,24-06-1990
1193,  Kevin,Meyer,kevin.meyer486@outlook.com,0742114086,West Michelle,Hashemite Kingdom of Jordan,2023/03/03,Silver,26/02/1985
1194,Mark,Taylor,mark.taylor242@outlook.com,(+96) 2-7-620-9355,Francoland,Egypt,15/12/2024,silver ,03/14/1999
1195,Jill,Smith,jill.smith705@yahoo.com,+962-7-995-2970,East Tanyaville,JO,2026/04/17,Regular,"January 31, 1959"
1196,  James,Mcconnell,james.mcconnell156@outlook.com,0785642304,Lake Kimberlytown,egypt,"October 08, 2024",Regular,1959-01-08
1197,Timothy,Brown,timothy.brown397@hotmail.com,+962-7-927-3874,East Carolton,United States,23 Jan 2023,silver ,1977-02-26
1198,Jennifer,Miller,NaN,0790632248,West Luisburgh,Hashemite Kingdom of Jordan,10-04-2024,None,2000/03/27
1199,Gabrielle,May,NaN,0740301095,Fryeshire,Jordan,17/06/2023,GOLD,06/03/2005
1200,Danielle,Richardson,none,+962 7 491 5795,Justinburgh,EGYPT,2026/02/21,silver ,2007/04/26
1201,Corey,Dodson,none,0751373990,South Jamieville,United States,20-02-2026,Platinum,11-01-2006
1202,Raymond,Parker,raymond.parker290@hotmail.com,0770116864,Jacksonstad,uae,2026-07-09,None,"October 02, 1961"
1203, Edward ,Ford,edward.ford677@outlook.com,0713322889,Sethberg,saudi arabia,10/02/2026,N/A,1970-11-29
1204,Jesse,Reed,jesse.reed517@gmail.com,0705064138,South Travis,JO,05/12/2025,regular,"March 01, 1954"
1205,Jessica,Ellis,jessica.ellis544@gmail.com,0729160324,Elizabethland,Jordan,2026/03/19,Gold,14 Jun 1992
1206,Nathan,Velasquez,nathan.velasquez227@yahoo.com,+962-7-377-1070,Joshuafurt,United States,2023-02-20,None,05/08/1968
1207,Lawrence,Taylor,lawrence.taylor807@gmail.com,0700141884,Port Cody,Hashemite Kingdom of Jordan,2023-01-23,regular,25-02-1995
1208,Michelle,Palmer,michelle.palmer75@yahoo.com,+962-7-880-3153,Port Toni,Jordan,2026-05-30,None,NULL
1209,Kristin,Tucker,KRISTIN.TUCKER344@GMAIL.COM,0788774924,Port Jordan,jordan,26 Mar 2025,silver ,1979/08/17
1210,Kimberly,Romero,kimberly.romero524@outlook.com,0753690261,East Arianashire,Hashemite Kingdom of Jordan,2024-11-23,None,22/05/1988
1211,Deborah,Nielsen,deborah.nielsen14@hotmail.com,+962 7 183 0469,Port Charlesshire,jordan,16 Dec 2025,Platinum,01/11/1994
1212,Anna,Barrera,anna.barrera162@hotmail.com,+962-7-844-0134,Port Allisonmouth,jordan,20/01/2025,GOLD,21/05/1997
1213,Sonya,Freeman,sonya.freeman59@hotmail.com,0787722164,Port Scottside,UK,2023/11/06,GOLD,"December 04, 1999"
1214,James,Rogers,james.rogers620@yahoo.com,+962-7-651-9825,Port Brandon,United Arab Emirates,"November 30, 2025",regular,1960-12-23
1215,Charles,Johnson,none,0747395003,West Grant,Jordan,12 Jan 2023,Platinum,2003/09/11
1216,Scott,Olson,scott.olson71@yahoo.com,0733305912,Clementschester,usa,27 Feb 2026,Silver,04 May 1991
1217,Sarah,King,sarah.king680@gmail.com,+962-7-391-5596,South Jeffery,Saudi Arabia,09-02-2026,Silver,"December 23, 1956"
1218,Jessica,Reynolds  ,jessica.reynolds828@gmail.com,+96274307536,Rossville,Hashemite Kingdom of Jordan,30-03-2026,Regular,25 Feb 2004
1219,Robert,Thompson,robert.thompson653@hotmail.com,0722512073,richardstad,Hashemite Kingdom of Jordan,23-08-2024,regular,09/02/2005
1220,Amanda,Figueroa,amanda.figueroa163@yahoo.com,0707983342,East Hannah,Saudi Arabia,"January 22, 2026",silver ,12/07/1977
1221,David,  Smith,david.smith152@outlook.com,(+96) 2-7-527-9852,Anthonyville,jordan,18 Dec 2023,None,29-11-1963
1222,  Bailey,Delgado  ,bailey.delgado997@yahoo.com,0740118458,South Tiffany,Hashemite Kingdom of Jordan,2022/12/03,regular,"January 22, 1990"
1223,Gabrielle,evans,gabrielle.evans220@gmail.com,-,New Rogerville,uae,2023/07/26,Platinum,13/06/1978
1224, Craig ,Hoffman,craig.hoffman982@hotmail.com,+962-7-226-1896,New Andrea,EGYPT,2026-03-05,GOLD,1978-09-29
