order_id,customer_id,store_id,employee_id,order_date,payment_method,discount_pct,order_status
1,1224,10,13,"March 28, 2024",PayPal,0.0,Completed
2,629,11,11,2026-04-22,CASH,0.2,Returned
3,784,11,49,12 Jan 2023,Store Credit,5%,Completed
4,513,3,16,05/01/2026,Debit Card,0.0,Completed
5,1023,6,82,"July 09, 2024",CASH,0.0,Completed
6,397,11,35,2026/01/21,NaN,0.0,Completed
7,721,8,17,2023/06/04,Gift Card,0.1,Completed
8,949,77,35,18-07-2023,Gift Card,0.05,Returned
9,297,10,45,25 Aug 2023,Credit Card,0.0,PENDING
10,48,12,19,21 Sep 2025,NaN,0.15,Completed
11,373,5,2,12/08/2024,PayPal,0.0,Completed
12,699,1,999,"June 12, 2026",Store Credit,5%,Completed
13,532,4,5,16-09-2024,CASH,0.0,Completed
14,1145,8,68,06/05/2025,credit card,0.05,completed
15,487,2,27,02/10/2024,Debit Card,0.0,Completed
16,181,2,25,25 Jun 2023,PayPal,5%,Completed
17,164,13,74,,credit card,5%,Completed
18,526,77,67,03/29/2023,Store Credit,0.05,Completed
19,594,5,10,06 Feb 2023,Credit Card,0.05,Completed
20,903,3,72,2023/04/14,CASH,0.0,Completed
21,1156,6,29,02 Jan 2024,Store Credit,0.0,Completed
22,1059,7,81,07-07-2026,CASH,0.05,Completed
23,342,6,85,05/01/2023,Store Credit,0.2,Completed
24,4,13,15,2026-04-03,CASH,5%,Completed
25,875,9,39,16/01/2026,Debit  Card,0.05,Completed
26,818,5,42,2025/11/29,PayPal,10%,Completed
27,973,6,19,24/11/2023,credit card,0.0,Completed
28,676,10,81,05-11-2025,Store Credit,0.0,Cancelled
29,179,11,9,2025/04/14,Debit Card,10%,Completed
30,247,77,84,20-07-2026,credit card,0.0,Completed
31,729,13,41,08-01-2023,Cash,0.0,Completed
32,875,4,2,26-03-2026,Store Credit,15%,Completed
33,226,7,25,"December 01, 2024",Debit  Card,10%,Completed
34,576,3,17,05/22/2023,PayPal,0.05,Completed
35,983,7,53,07-02-2025,CASH,0.05,Completed
36,170,13,82,05 Jul 2026,Gift Card,0.15,Completed
37,11,2,43,19 Sep 2024,Store Credit,0.15,completed
38,996,2,45,07-10-2024,Gift Card,0.0,Completed
39,84,10,56,30/12/2024,Debit Card,0.0,Completed
40,682,12,27,"September 13, 2023",Cash,0.0,Completed
41,1087,77,45,04/14/2023,Store Credit,0.0,Completed
42,176,6,42,2025/01/24,Gift Card,0.1,Completed
43,1019,8,44,02/25/2026,CASH,0.15,Completed
44,760,7,62,2024-04-12,Debit  Card,5%,Completed
45,46,77,62,"April 29, 2026",Cash,10%,Completed
46,990,6,48,16-03-2026,Cash,0.0,Completed
47,339,6,27,"April 29, 2026",Debit Card,0.05,Completed
48,501,9,83,23/12/2023,CASH,0.0,Completed
49,1193,1,62,26-06-2023,Gift Card,0.0,Completed
50,885,9,61,26 Jul 2025,Debit Card,5%,Completed
51,1193,5,79,2025/10/31,Gift Card,15%,Completed
52,432,6,76,2026-01-17,Cash,0.0,Completed
53,517,8,59,13-04-2025,Gift Card,0.15,Completed
54,538,12,69,08/07/2024,Store Credit,0.0,Completed
55,458,6,35,2023-07-12,CASH,0.05,Completed
56,767,8,28,05/25/2023,Store Credit,5%,Completed
57,1132,1,87,03/08/2023,PayPal,0.1,Completed
58,1028,2,84,"September 24, 2023",PayPal,0.0,Completed
59,397,7,22,2023/11/24,PayPal,0.0,Completed
60,953,2,33,2025/08/17,Cash,0.0,Cancelled
61,1209,8,89,2026/02/28,credit card,0.0,PENDING
62,1062,12,28,22/03/2024,Credit Card,0.0,Completed
63,796,2,3,2024/07/15,Credit Card,0.0,Completed
64,73,7,59,27/06/2025,Store Credit,0.05,Completed
65,1084,6,41,2025-08-09,credit card,5%,Completed
66,1126,13,75,02/04/2026,CASH,0.0,Completed
67,730,12,68,11/25/2024,Debit Card,5%,Completed
68,175,4,30,"August 24, 2024",Credit Card,0.1,Completed
69,959,77,40,04/02/2024,CASH,0.0,Completed
70,461,6,62,04 Dec 2025,Cash,0.1,Completed
71,46,4,11,2023/08/09,Credit Card,0.1,Completed
72,468,13,47,07 Jul 2026,Debit Card,0.1,Completed
73,357,77,44,2026/05/22,Debit  Card,0.0,Returned
74,140,3,65,"August 17, 2023",Cash,0.15,Completed
75,264,4,22,16 Jun 2023,Debit Card,0.0,Completed
76,222,10,63,05/26/2025,credit card,0.1,Completed
77,808,13,41,25/06/2025,credit card,0.0,Completed
78,650,5,37,31 Oct 2023,Store Credit,15%,Completed
79,702,2,28,2024-02-28,credit card,0.0,Completed
80,1106,2,89,27/11/2023,Store Credit,0.05,Completed
81,573,77,64,11/05/2025,Credit Card,20%,Completed
82,1070,4,26,2026-07-02,Cash,0.0,Completed
83,425,7,2,17/12/2023,PayPal,0.0,Completed
84,1174,1,54,"February 11, 2023",Gift Card,0.05,Completed
85,765,1,62,2026/05/17,CASH,0.0,Completed
86,302,1,37,2023-11-29,PayPal,0.05,Completed
87,1177,4,6,01 May 2025,PayPal,0.0,Completed
88,526,10,55,08/01/2024,Credit Card,0.0,Returned
89,473,10,88,01 Sep 2024,Credit Card,0.0,Completed
90,997,11,2,2025-08-23,Debit  Card,0.0,Completed
91,142,12,48,"February 09, 2026",Debit Card,5%,Completed
92,23,8,36,2026-01-08,Gift Card,0.0,Completed
93,284,13,44,,Debit Card,0.2,Completed
94,52,9,11,2023-07-02,Debit Card,5%,Returned
95,475,4,48,09/10/2023,N/A,0.05,Completed
96,669,77,11,"May 04, 2026",Gift Card,0.0,Completed
97,251,1,21,09 Jul 2026,Cash,10%,Completed
98,388,2,74,2024/01/08,Debit  Card,0.0,Completed
99,452,6,78,02 Dec 2024,Debit  Card,0.0,Completed
100,708,7,65,2025-09-25,Debit Card,0.0,Returned
101,783,1,43,08/11/2025,Store Credit,0.0,Completed
102,918,7,72,03 Oct 2024,CASH,0.0,Completed
103,893,77,8,2026/05/11,Debit  Card,0.0,Completed
104,478,77,11,08/15/2025,Gift Card,0.05,Completed
105,861,12,58,07-07-2026,credit card,0.0,Completed
106,1112,5,69,11/08/2024,Gift Card,0.15,Completed
107,706,7,3,2026-03-22,Debit  Card,0.15,Completed
108,738,77,75,03 Jun 2024,Cash,10%,Completed
109,1180,8,51,2023/09/27,credit card,0.0,Completed
110,1049,10,59,17-05-2025,Store Credit,0.0,Returned
111,51,13,27,2025/04/21,CASH,0.05,Completed
112,854,1,56,04 Jun 2025,CASH,0.0,Completed
113,840,13,71,06/08/2023,Debit  Card,0.0,Completed
114,84,13,84,08/10/2023,CASH,0.0,Completed
115,377,12,57,08/09/2023,Gift Card,0.0,Completed
116,1135,10,54,"December 22, 2025",Debit Card,0.0,Completed
117,395,11,31,12/04/2024,PayPal,0.0,Completed
118,822,77,11,13/06/2025,PayPal,0.15,Completed
119,5,7,79,"December 05, 2025",CASH,0.0,Completed
120,626,2,18,2026-03-17,Credit Card,5%,Completed
121,543,5,68,06/04/2024,credit card,0.15,Completed
122,1186,11,67,17-01-2023,Debit Card,10%,Completed
123,508,8,53,09-12-2024,Credit Card,10%,Completed
124,869,9,68,2025/11/11,-,0.05,Completed
125,267,3,16,2023-03-29,credit card,0.0,Cancelled
126,428,10,74,"October 20, 2025",Debit  Card,0.05,Completed
127,1018,4,90,"June 09, 2026",credit card,0.0,Completed
128,232,8,86,2025-12-14,Gift Card,5%,Completed
129,1141,9,1,2023-11-29,Debit Card,0.0,Completed
130,163,3,3,21 Jul 2025,Credit Card,0.0,Completed
131,740,5,47,11/09/2023,Debit Card,20%,Completed
132,114,77,35,2024/05/19,Credit Card,0.0,Completed
133,831,11,88,2026-07-21,Gift Card,5%,Completed
134,986,9,44,07/01/2026,N/A,0.0,Completed
135,1011,3,31,2024/02/29,Credit Card,5%,Completed
136,532,6,58,12/12/2024,Cash,25%,Completed
137,701,9,11,,,0.0,Completed
138,1017,10,62,2023-12-15,NaN,5%,Completed
139,723,3,31,12 Mar 2026,Credit Card,0.0,Completed
140,405,13,62,2024-03-07,credit card,0.05,Returned
141,762,6,16,2023/10/27,Debit  Card,0.0,Completed
142,40,13,60,03 Feb 2024,Cash,0.0,Cancelled
143,376,5,72,02/16/2023,CASH,0.1,Completed
144,1060,9,31,16 Apr 2026,Debit  Card,5%,Completed
145,890,12,60,07/02/2025,PayPal,0.0,Completed
146,624,10,60,07/04/2025,credit card,5%,Completed
147,832,13,999,2023/05/16,Credit Card,15%,Completed
148,1171,1,29,,PayPal,0.0,Completed
149,858,1,81,"February 12, 2026",Cash,0.0,Completed
150,468,8,54,2024/07/28,Debit Card,0.0,Completed
151,315,1,29,21 Oct 2024,Cash,0.0,Completed
152,121,2,87,2024/11/02,Cash,0.0,Completed
153,374,7,40,29-03-2023,CASH,15%,Completed
154,24,11,9,07/08/2024,Gift Card,5%,Completed
155,559,8,40,14 Jul 2026,credit card,0.0,Completed
156,986,13,62,30 Dec 2023,Credit Card,10%,Completed
157,335,12,39,2023-11-28,Credit Card,0.0,Completed
158,1153,1,74,24-05-2025,Debit  Card,0.0,Completed
159,639,5,19,2024/04/14,credit card,0.0,Completed
160,108,12,37,08/12/2023,Debit Card,0.0,Completed
161,887,8,47,"March 11, 2023",Gift Card,10%,Completed
162,1177,7,76,24 Nov 2024,Debit Card,0.0,Completed
163,358,9,61,12/05/2025,Store Credit,5%,Completed
164,41,8,30,2026/02/21,Gift Card,0.0,completed
165,867,5,13,17-06-2025,Credit Card,10%,Completed
166,391,12,59,12-09-2024,Cash,0.0,Completed
167,271,6,13,19-03-2025,credit card,0.1,Completed
168,1204,5,82,2024/08/10,PayPal,25%,Completed
169,146,2,76,2025-10-20,Debit Card,5%,Completed
170,73,8,67,2023/05/20,credit card,0.0,Completed
171,458,12,89,2025-04-17,Debit  Card,0.0,Completed
172,644,6,64,29 Apr 2025,Gift Card,0.2,Completed
173,270,5,53,2026/04/03,CASH,0.0,Completed
174,1099,11,47,08/05/2025,Credit Card,0.15,Completed
175,893,2,41,"February 23, 2024",CASH,0.0,Completed
176,861,10,58,04/19/2025,NaN,0.0,Completed
177,1215,1,14,10/06/2023,Cash,0.0,Completed
178,305,8,66,12/01/2024,Credit Card,0.05,Cancelled
179,801,11,15,07/06/2026,Store Credit,0.0,Completed
180,722,2,68,"October 30, 2024",Credit Card,10%,Completed
181,1211,7,43,11/30/2023,CASH,0.25,Completed
182,25,8,20,,Store Credit,10%,Completed
183,595,8,20,18-05-2024,Credit Card,0.05,Completed
184,59,9,29,"March 22, 2025",credit card,0.0,Completed
185,582,10,71,25/01/2025,Debit  Card,0.0,Completed
186,891,7,68,13 Jul 2026,Store Credit,0.05,Completed
187,207,2,55,"November 19, 2024",credit card,0.0,Completed
188,622,4,12,10/10/2025,,0.05,Completed
189,1084,77,45,28 Feb 2026,Debit  Card,0.0,Completed
190,496,1,87,24/09/2025,Cash,0.0,Completed
191,852,2,48,20 Feb 2025,Cash,0.0,Completed
192,284,6,38,04-02-2024,PayPal,0.0,Completed
193,75,11,73,09 Jul 2026,Debit  Card,0.05,Completed
194,1066,9,62,2024-09-20,Gift Card,0.0,Completed
195,510,9,29,2025-07-06,PayPal,10%,Completed
196,630,10,29,28-12-2025,Cash,0.25,Completed
197,846,6,35,17/05/2023,Gift Card,0.0,Completed
198,774,3,19,31/12/2025,NULL,0.0,Completed
199,266,4,37,07 Jun 2025,Cash,0.0,Completed
200,756,9,73,"November 28, 2023",Debit Card,0.1,Completed
201,25,6,9,31 Oct 2023,Cash,0.0,Completed
202,261,8,68,"November 23, 2025",Credit Card,0.05,Completed
203,397,7,11,29 Jan 2026,Store Credit,0.0,Completed
204,578,5,39,11-07-2026,Store Credit,0.0,Completed
205,805,4,10,06-12-2024,,0.0,Completed
206,226,9,5,"June 11, 2026",Cash,5%,Completed
207,510,11,74,16/07/2025,Cash,0.0,Completed
208,255,77,14,2023/08/17,credit card,0.1,Completed
209,293,5,63,22-06-2023,Cash,0.0,Completed
210,161,5,12,23 Sep 2023,Store Credit,0.0,Completed
211,701,2,90,27/12/2024,Credit Card,10%,Completed
212,1029,6,54,23 Oct 2023,CASH,0.0,Completed
213,1031,8,68,09 Aug 2024,credit card,0.0,Completed
214,645,8,17,11/11/2024,PayPal,20%,Completed
215,549,1,29,07-11-2023,Store Credit,0.0,Completed
216,471,4,78,"October 31, 2025",PayPal,0.0,Completed
217,829,5,10,16/07/2023,Debit  Card,0.0,Returned
218,1140,1,45,2023/05/28,Credit Card,0.0,PENDING
219,832,11,43,04/23/2025,N/A,0.0,Completed
220,576,8,38,"December 18, 2024",CASH,0.2,Completed
221,1063,10,35,2023/02/09,Gift Card,0.05,Completed
222,110,8,60,15 Apr 2026,Gift Card,0.0,Completed
223,635,10,26,25/07/2023,Store Credit,0.1,Returned
224,152,8,14,2026-02-24,PayPal,0.05,Completed
225,191,5,37,02-10-2023,CASH,0.0,Completed
226,478,11,85,2023/08/13,credit card,0.05,Completed
227,1163,2,62,02/05/2026,credit card,10%,Completed
228,114,5,80,2026/04/21,CASH,0.05,Completed
229,791,12,15,17/07/2025,Gift Card,0.2,Completed
230,1164,77,39,"December 27, 2024",Debit  Card,0.1,Completed
231,402,13,72,04-10-2023,Gift Card,0.1,Completed
232,982,11,50,2023-07-10,Gift Card,0.05,Completed
233,255,13,62,28/02/2023,Credit Card,15%,Completed
234,208,8,30,2023/06/02,Cash,0.1,Completed
235,806,12,76,30 Aug 2023,PayPal,5%,Completed
236,1214,9,89,2023/08/18,credit card,5%,Completed
237,473,10,999,03 Jan 2023,Cash,0.0,completed
238,815,12,75,24 Mar 2023,Credit Card,20%,Completed
239,356,7,7,12 Nov 2024,Cash,0.0,Completed
240,171,77,42,25/08/2024,Gift Card,0.0,Completed
241,1054,2,18,,Store Credit,0.2,Completed
242,396,9,39,2023-03-01,Store Credit,5%,Completed
243,403,11,28,2023-02-08,Debit  Card,0.0,Returned
244,955,11,32,02-01-2026,credit card,0.05,Completed
245,284,3,10,02/17/2025,Credit Card,0.1,Completed
246,1078,12,51,2026/02/06,Gift Card,10%,Completed
247,847,5,15,"April 15, 2026",Gift Card,0.05,Completed
248,1211,2,53,,Gift Card,0.1,Completed
249,139,12,74,07/21/2025,Store Credit,0.1,Completed
250,824,13,59,06/08/2023,Debit  Card,15%,Completed
251,1163,6,22,15/12/2024,PayPal,20%,Completed
252,571,13,32,2025/12/03,Store Credit,0.1,Completed
253,238,2,40,05-09-2023,Credit Card,10%,Completed
254,657,9,64,15-05-2024,Credit Card,0.0,Returned
255,342,13,62,02-05-2023,Cash,0.05,Completed
256,546,7,31,2023/03/22,CASH,0.0,Completed
257,299,4,42,08/03/2025,credit card,5%,Completed
258,1163,8,60,17 Mar 2026,Gift Card,0.1,Completed
259,1002,77,75,2024/01/13,Debit Card,0.0,Completed
260,175,2,9,21/02/2024,Credit Card,0.0,Completed
261,304,6,51,2023-11-15,Debit Card,0.2,Completed
262,329,4,27,16/05/2026,NaN,0.0,Completed
263,1184,3,81,08/02/2025,Gift Card,0.0,Completed
264,351,13,15,"September 12, 2025",Gift Card,0.0,Completed
265,471,12,55,22-10-2025,Debit Card,0.25,Completed
266,14,2,79,"December 27, 2023",Debit  Card,0.0,Completed
267,895,11,999,10/18/2025,CASH,0.0,Completed
268,671,6,43,,credit card,0.0,Completed
269,236,10,39,12/19/2024,CASH,0.05,Completed
270,98,1,27,06/30/2023,-,0.0,Completed
271,473,1,11,15 Feb 2024,PayPal,0.15,Completed
272,420,10,15,"June 17, 2024",Credit Card,0.25,Completed
273,852,12,51,06/07/2026,CASH,0.0,Completed
274,626,1,32,17-02-2024,Cash,0.0,Completed
275,893,7,34,01-06-2025,PayPal,5%,Completed
276,57,2,43,05/08/2023,CASH,10%,Completed
277,8,10,17,,Credit Card,0.0,Cancelled
278,836,10,74,15 Aug 2025,Gift Card,0.25,Completed
279,679,6,21,21 Jul 2026,Store Credit,0.05,Completed
280,1123,4,59,19-08-2024,Credit Card,0.05,Completed
281,627,8,52,09/07/2025,,0.0,Completed
282,676,13,21,10 Apr 2026,Debit Card,10%,Completed
283,1131,9,23,05-01-2023,Store Credit,0.0,Cancelled
284,41,5,46,2025-12-02,Debit  Card,0.1,Completed
285,139,13,40,12/31/2023,credit card,10%,Completed
286,605,11,47,05 Mar 2024,credit card,5%,Completed
287,912,8,77,08/26/2025,Debit  Card,0.05,Completed
288,458,1,11,05/09/2024,Debit  Card,0.0,Completed
289,214,2,50,24-12-2025,Store Credit,0.0,Returned
290,80,13,14,03/08/2024,Cash,0.15,Completed
291,1069,10,49,24/03/2026,CASH,0.0,Completed
292,1040,11,74,2023-03-02,Debit  Card,0.15,Returned
293,240,12,32,18/07/2024,Debit Card,0.1,Completed
294,673,12,51,03/16/2026,Gift Card,0.2,Completed
295,1108,9,87,2024/05/23,Store Credit,0.0,Completed
296,1050,11,14,"December 17, 2023",Debit  Card,0.05,Completed
297,1165,1,83,"April 07, 2023",PayPal,0.0,Completed
298,518,77,40,27/03/2026,Debit Card,0.0,Completed
299,704,5,84,"May 27, 2024",Cash,0.0,Completed
300,531,4,44,"April 29, 2024",Store Credit,0.05,Completed
301,1163,12,7,06/02/2026,credit card,0.0,Completed
302,1040,13,29,14 Jul 2025,Store Credit,0.15,Completed
303,634,77,28,2025/07/07,Gift Card,0.25,Completed
304,201,13,88,2026/03/09,Gift Card,0.1,Completed
305,6,8,66,05/15/2026,Gift Card,5%,Completed
306,579,1,31,11-07-2026,Debit Card,0.15,Completed
307,89,12,24,03 Jan 2023,CASH,0.0,Completed
308,488,6,89,"August 06, 2024",Debit  Card,5%,Completed
309,110,4,18,2024-02-27,PayPal,20%,Completed
310,69,10,32,04/06/2024,Credit Card,10%,Completed
311,84,7,15,03-12-2025,PayPal,0.0,Completed
312,1155,5,61,"April 10, 2026",Gift Card,10%,Completed
313,303,8,87,17-12-2023,Credit Card,0.1,Completed
314,316,3,20,2025/03/18,Credit Card,0.15,Completed
315,859,9,89,24-02-2023,credit card,0.0,Returned
316,1190,6,7,13/03/2025,Credit Card,0.0,Completed
317,1104,10,87,04/24/2024,Debit  Card,0.0,completed
318,1181,12,77,2025-01-03,Store Credit,0.0,Completed
319,501,7,73,09/12/2023,CASH,0.0,Completed
320,377,11,24,01-07-2024,Credit Card,0.0,Completed
321,77,7,83,2023-09-22,credit card,0.2,Completed
322,115,4,75,23/12/2024,CASH,10%,Completed
323,235,7,24,05/08/2024,Gift Card,0.1,Completed
324,149,12,77,"August 04, 2025",Debit Card,0.0,Completed
325,460,1,62,06 Jan 2025,Credit Card,0.0,Completed
326,298,9,30,12/06/2024,Credit Card,0.05,Completed
327,664,8,70,"May 21, 2024",Debit Card,0.05,Completed
328,326,12,85,2024-08-22,Debit Card,0.05,Completed
329,109,5,34,21-01-2023,Debit Card,0.0,Completed
330,837,1,73,,CASH,0.0,Cancelled
331,902,3,89,07/19/2024,credit card,0.05,Completed
332,954,12,33,2024-12-25,-,0.0,Completed
333,559,7,41,17/03/2026,Cash,0.0,Completed
334,1025,10,59,08/01/2025,Store Credit,20%,Completed
335,1050,13,19,2024/09/08,CASH,0.15,Completed
336,3,6,26,22/07/2026,Credit Card,15%,Completed
337,815,9,66,2025/05/11,CASH,0.0,PENDING
338,1183,77,48,09/25/2024,Cash,5%,Completed
339,538,3,72,2025/03/12,PayPal,5%,Completed
340,37,2,74,20-04-2024,none,0.05,Completed
341,243,8,1,29/04/2024,Cash,0.05,Completed
342,958,11,14,2025-02-10,PayPal,10%,Completed
343,1123,10,48,08/24/2023,PayPal,0.1,Completed
344,671,2,12,2024-08-14,Debit  Card,0.0,Completed
345,1138,12,47,04/12/2023,credit card,0.0,Completed
346,335,11,81,2024-08-16,Credit Card,0.0,Completed
347,964,6,80,2024/05/07,credit card,0.1,Completed
348,865,6,77,23-06-2025,Debit Card,0.15,Completed
349,529,11,84,2023-11-05,credit card,0.0,Completed
350,598,1,88,01/30/2023,Gift Card,15%,Completed
351,471,77,57,"April 24, 2023",Debit  Card,0.1,Completed
352,772,13,1,2024-07-17,Debit  Card,10%,Completed
353,744,9,39,04-07-2025,PayPal,5%,Completed
354,120,4,44,2026/07/13,credit card,5%,Completed
355,55,10,80,16-08-2024,Gift Card,0.05,Cancelled
356,1211,2,13,2026/06/11,Store Credit,15%,Completed
357,146,9,33,"November 12, 2024",credit card,0.0,Completed
358,157,4,46,12/30/2024,Credit Card,0.1,Completed
359,407,11,36,,Credit Card,0.05,Completed
360,858,5,20,05/11/2024,Credit Card,0.0,Completed
361,1120,77,21,31/01/2024,Store Credit,0.1,Completed
362,289,2,37,"April 13, 2023",PayPal,0.0,Completed
363,604,3,75,2026/01/20,Store Credit,0.0,Completed
364,370,2,34,"September 20, 2025",Credit Card,0.0,Completed
365,296,10,24,"July 03, 2026",Store Credit,0.0,Completed
366,1208,9,68,15-01-2025,Store Credit,0.0,Completed
367,604,2,31,05/04/2026,Gift Card,0.0,Completed
368,7,12,43,12-05-2026,Cash,0.2,Completed
369,515,7,32,20-10-2025,Store Credit,5%,Completed
370,497,7,86,16-04-2024,CASH,0.0,Completed
371,271,12,31,28/10/2024,Credit Card,15%,Completed
372,517,9,4,2026-06-21,Debit Card,0.15,Completed
373,614,4,32,06/03/2023,Debit  Card,0.0,Completed
374,332,5,39,27 Sep 2024,Cash,0.0,Completed
375,157,4,70,"January 15, 2024",Debit  Card,0.05,Completed
376,810,7,10,28 Apr 2023,Store Credit,0.0,Completed
377,475,6,56,2025-09-03,Debit Card,0.0,Completed
378,1070,3,44,"September 29, 2024",Store Credit,0.0,Completed
379,648,77,79,"May 17, 2024",PayPal,0.0,Completed
380,321,12,69,08/30/2023,Credit Card,0.25,Completed
381,344,77,79,08 Apr 2023,Debit Card,0.05,Completed
382,35,4,56,12/08/2024,Debit  Card,0.2,Completed
383,1117,7,18,06-11-2025,Debit Card,0.0,Completed
384,776,1,32,21/04/2025,Store Credit,0.0,Completed
385,164,12,1,07/08/2023,PayPal,0.0,Completed
386,755,8,32,2023/04/30,Debit Card,0.0,Completed
387,928,8,83,07/19/2025,credit card,10%,Completed
388,963,4,8,2024/06/09,Debit Card,0.2,Completed
389,918,1,40,2023/06/29,Debit Card,0.1,Completed
390,841,9,78,"December 14, 2023",Debit  Card,0.1,completed
391,80,5,14,01 Aug 2023,Cash,0.0,Completed
392,585,7,83,26 Feb 2025,credit card,0.0,Completed
393,571,9,86,15/09/2024,Gift Card,15%,Completed
394,145,12,21,30/10/2024,-,0.0,Completed
395,332,4,87,"April 08, 2023",PayPal,0.05,Completed
396,66,8,53,2023-03-11,Cash,0.0,Completed
397,462,77,32,2025/07/11,Store Credit,5%,Completed
398,770,3,70,2026-07-23,credit card,0.0,Completed
399,156,1,70,02/27/2026,Gift Card,0.05,Completed
400,405,6,52,29/07/2025,Debit Card,0.0,Completed
401,653,7,47,2024/04/23,PayPal,0.05,Completed
402,1164,6,79,10-04-2026,credit card,0.05,Completed
403,793,3,73,"May 18, 2023",credit card,10%,Cancelled
404,587,2,72,23-12-2024,Debit Card,0.0,Completed
405,752,3,8,2025/06/07,Store Credit,0.2,Completed
406,808,11,41,05/01/2024,Cash,0.0,Returned
407,1007,5,11,2025-12-23,Debit Card,0.0,Completed
408,537,8,26,01-03-2023,Credit Card,0.0,Completed
409,496,3,12,21-07-2024,Credit Card,0.1,Completed
410,411,13,56,2024-10-22,PayPal,0.0,Completed
411,182,77,71,01/04/2023,credit card,15%,Completed
412,1164,1,11,24-01-2025,Cash,0.0,Returned
413,485,3,42,"June 14, 2023",Cash,0.0,Completed
414,418,13,39,08 Feb 2026,Store Credit,0.1,Completed
415,414,4,77,10/10/2024,CASH,0.1,Completed
416,1011,4,38,2023-01-01,Debit Card,10%,Completed
417,418,9,11,19 Jan 2025,PayPal,25%,Completed
418,1077,10,7,"May 09, 2026",CASH,0.05,Completed
419,739,3,25,06 Mar 2023,Credit Card,0.0,Completed
420,445,4,42,04/04/2025,Cash,0.0,Completed
421,883,77,81,2023/10/14,Cash,0.0,Completed
422,446,12,71,"July 07, 2025",Debit  Card,15%,Completed
423,62,2,31,03/22/2024,PayPal,0.1,Completed
424,754,7,4,26/12/2023,CASH,20%,Completed
425,1016,8,45,2023/03/10,Debit  Card,10%,Completed
426,773,13,27,13/08/2023,Store Credit,0.0,Completed
427,113,6,89,12/15/2025,CASH,0.1,Completed
428,870,7,60,30/12/2023,CASH,0.0,Completed
429,281,13,32,2026-02-02,credit card,0.0,Completed
430,55,10,64,"July 18, 2026",CASH,15%,Completed
431,611,4,4,18 Oct 2024,Debit  Card,0.1,Completed
432,1110,12,68,04/15/2026,Debit  Card,0.05,Completed
433,1184,8,24,"March 08, 2025",Debit Card,0.0,Completed
434,692,12,36,"March 04, 2026",Cash,0.0,Cancelled
435,50,4,40,01/03/2026,Debit  Card,5%,Returned
436,1122,12,63,01/01/2024,Debit Card,0.0,Completed
437,67,5,89,18-03-2023,CASH,0.0,Completed
438,1060,7,62,25/09/2024,Cash,20%,Completed
439,217,8,43,30/04/2025,Credit Card,0.0,Completed
440,619,1,66,05 Apr 2026,Cash,0.0,Completed
441,231,12,40,2024-11-05,CASH,0.1,Completed
442,629,7,4,"July 29, 2023",Debit Card,0.15,Completed
443,682,6,44,08-12-2023,Debit Card,10%,Completed
444,506,7,65,13 Aug 2024,Gift Card,0.1,Completed
445,547,13,4,2023/04/28,credit card,0.0,Completed
446,1161,6,87,,Credit Card,0.0,Completed
447,848,11,18,"April 05, 2023",CASH,0.0,Completed
448,547,11,17,13 May 2026,Debit  Card,0.05,Completed
449,800,13,68,2024-12-08,credit card,0.0,Completed
450,44,13,75,"April 30, 2026",Cash,0.0,Returned
451,739,1,70,05 Oct 2025,PayPal,0.0,Completed
452,40,4,36,01/09/2023,Debit  Card,0.1,Completed
453,861,3,63,28-03-2023,Cash,15%,Completed
454,728,5,37,23-10-2025,Debit Card,5%,completed
455,975,77,90,15/05/2026,credit card,5%,Completed
456,25,2,54,2025/04/17,Cash,0.2,Completed
457,555,5,60,09-09-2025,Debit Card,0.05,Completed
458,839,12,28,2023/03/18,Store Credit,0.05,Completed
459,95,1,12,2023-06-01,Debit Card,0.0,Completed
460,692,8,52,30 Apr 2024,PayPal,0.2,Completed
461,1160,5,72,01/02/2023,Gift Card,0.0,Completed
462,307,13,70,"August 21, 2023",Debit  Card,0.0,Completed
463,1008,10,72,28/08/2024,credit card,0.0,Completed
464,968,2,11,2025/11/19,Cash,0.0,Completed
465,960,1,87,2026/07/04,Credit Card,0.15,Completed
466,238,7,16,07/05/2025,Cash,0.0,PENDING
467,1034,4,8,02/16/2024,PayPal,0.1,Completed
468,1058,9,84,11/07/2024,Debit  Card,0.1,Completed
469,1015,8,1,2025/09/02,Debit Card,0.0,Completed
470,195,3,12,2023-02-26,Store Credit,0.1,Completed
471,832,8,74,18/04/2024,CASH,25%,Completed
472,882,6,27,20-05-2026,Debit  Card,5%,Completed
473,1085,3,14,,-,10%,Completed
474,44,8,6,"July 28, 2024",Store Credit,0.1,Completed
475,891,13,75,07 Dec 2025,Credit Card,0.0,Completed
476,1055,4,35,2023/06/27,CASH,0.05,Completed
477,902,77,53,2023-02-27,Debit  Card,20%,Completed
478,551,13,44,26/08/2024,credit card,0.0,Completed
479,9999,9,21,22/11/2025,Debit  Card,0.05,Completed
480,83,4,40,02/13/2025,CASH,0.0,Completed
481,463,1,28,07-06-2025,credit card,0.0,Returned
482,908,4,31,07/01/2023,PayPal,0.0,Completed
483,781,4,43,09/23/2024,PayPal,0.0,Completed
484,754,2,17,2026/03/28,Credit Card,0.0,Completed
485,430,7,53,19/12/2025,Gift Card,5%,Completed
486,307,9,46,"May 03, 2025",Gift Card,5%,Completed
487,449,8,87,2026-02-18,Credit Card,0.0,Completed
488,966,77,90,"January 19, 2025",PayPal,10%,Completed
489,70,4,58,12 Feb 2024,Gift Card,0.0,Completed
490,1101,13,66,17 Jul 2025,Cash,0.0,Completed
491,1122,11,2,"July 01, 2025",credit card,0.0,Completed
492,233,8,54,,CASH,5%,Completed
493,731,5,39,22/04/2025,Store Credit,0.1,Completed
494,323,7,38,06 Nov 2025,Debit  Card,0.0,Cancelled
495,878,9,68,11/12/2024,Store Credit,0.0,Completed
496,1172,1,29,2024/06/23,Store Credit,0.05,Completed
497,165,12,48,25-12-2024,CASH,0.0,Completed
498,166,11,88,,CASH,10%,Returned
499,1074,7,82,01/23/2026,PayPal,5%,Completed
500,610,77,73,"March 25, 2024",credit card,0.05,Completed
501,2,4,68,15/02/2025,Debit Card,0.0,Completed
502,1160,13,52,"December 31, 2023",CASH,0.0,Completed
503,690,10,37,08 Sep 2024,PayPal,0.0,Completed
504,754,4,10,2023-05-31,Debit Card,0.0,Completed
505,300,12,60,2025/12/27,Debit Card,20%,Completed
506,945,4,11,25-04-2023,Store Credit,10%,Completed
507,8888,2,55,2025-03-25,Credit Card,5%,Completed
508,1064,7,51,07/29/2025,Debit Card,0.1,Completed
509,917,13,72,23/04/2026,Store Credit,0.15,Completed
510,573,2,62,"June 29, 2026",Credit Card,0.25,Completed
511,850,5,11,2023-09-21,Credit Card,5%,Completed
512,506,12,35,10-02-2024,Debit  Card,0.0,Completed
513,479,9,57,03 Dec 2024,credit card,0.1,Returned
514,62,11,43,"October 06, 2023",Gift Card,0.0,Completed
515,621,12,58,"October 02, 2025",Store Credit,0.0,Completed
516,503,77,34,06-10-2025,Gift Card,0.0,Completed
517,663,1,20,"February 16, 2023",CASH,0.0,Completed
518,339,5,29,"March 09, 2024",CASH,0.0,Completed
519,230,3,14,"July 20, 2023",Debit  Card,5%,Completed
520,93,4,43,07/10/2025,Credit Card,0.15,Completed
521,121,4,62,2025/05/16,Cash,0.0,Completed
522,873,2,24,10 Jun 2024,Gift Card,0.0,Completed
523,830,12,41,"June 12, 2025",Cash,0.25,Returned
524,91,1,39,03/31/2023,credit card,0.0,Completed
525,822,1,13,2026-03-10,Credit Card,0.1,Completed
526,987,4,67,2023-10-06,Debit Card,0.0,Completed
527,954,2,70,2026/02/24,Cash,0.0,Completed
528,1185,2,25,2025-10-28,credit card,0.15,Completed
529,1215,4,74,14 Apr 2024,Debit  Card,0.0,Completed
530,24,11,40,2023/12/01,Debit Card,5%,Returned
531,1144,12,47,"September 23, 2025",CASH,0.0,Cancelled
532,451,4,18,12/11/2025,N/A,0.0,Completed
533,107,77,28,16/03/2024,Debit  Card,0.0,Completed
534,790,3,999,2026-04-13,Cash,0.0,Completed
535,372,7,17,02/07/2024,credit card,0.1,Completed
536,1005,11,12,20 Mar 2023,Cash,0.0,Completed
537,270,77,86,"January 29, 2026",Gift Card,0.1,Completed
538,732,10,66,2026-07-01,CASH,0.1,Completed
539,583,77,85,"July 22, 2024",Cash,0.0,Completed
540,793,11,14,30-08-2025,NULL,0.05,Completed
541,289,13,7,,Cash,0.1,Completed
542,212,12,72,06 Feb 2025,CASH,10%,Completed
543,155,12,79,13 Oct 2023,Store Credit,0.0,Completed
544,1155,6,34,25/07/2025,Credit Card,0.0,Completed
545,681,77,65,25/11/2023,PayPal,0.0,Completed
546,1142,4,88,"January 26, 2024",Credit Card,0.05,Completed
547,562,2,40,,credit card,0.0,Completed
548,908,7,23,"September 12, 2023",PayPal,0.0,Completed
549,176,10,45,01-02-2024,Debit  Card,0.0,completed
550,821,2,61,"August 19, 2023",credit card,0.25,Completed
551,794,3,78,10 Nov 2025,CASH,0.1,Completed
552,1107,7,56,05/14/2024,PayPal,0.0,Completed
553,1124,10,81,2026-07-04,Cash,0.25,Completed
554,1020,12,63,30-03-2026,Debit  Card,10%,Completed
555,303,6,19,18-06-2026,CASH,0.0,Completed
556,658,12,67,2024-01-24,Debit  Card,10%,Completed
557,116,6,20,04/09/2026,credit card,0.0,Completed
558,244,9,35,05 Dec 2024,Gift Card,0.0,Completed
559,307,3,999,03/07/2024,PayPal,10%,Completed
560,464,12,14,11 Mar 2023,Cash,10%,Completed
561,1103,13,63,01 Dec 2025,Gift Card,5%,Completed
562,987,10,70,04/24/2026,Cash,0.0,Completed
563,1088,3,30,08 Jul 2025,Store Credit,0.0,Completed
564,32,1,88,28/05/2024,credit card,5%,Completed
565,892,13,28,08-08-2024,credit card,5%,Completed
566,616,9,67,13/03/2024,Debit Card,20%,Completed
567,381,3,82,15/04/2023,Store Credit,0.0,Completed
568,1134,1,43,06/08/2026,Store Credit,0.0,Completed
569,967,3,1,28/07/2023,CASH,0.25,Completed
570,1107,9,64,06/01/2025,Cash,0.0,Completed
571,968,6,27,09/08/2025,Store Credit,0.0,Completed
572,761,13,11,2023-01-13,Debit  Card,0.0,Completed
573,169,5,34,14 Feb 2023,CASH,0.0,Returned
574,729,3,76,07-05-2026,Debit  Card,0.1,Returned
575,438,2,77,2026-03-23,credit card,0.1,Completed
576,567,13,75,"February 28, 2024",,20%,Completed
577,422,13,82,25/02/2023,credit card,0.0,Completed
578,729,77,71,"March 31, 2025",Store Credit,0.1,Returned
579,1049,7,7,02/08/2024,Cash,0.2,Completed
580,1023,10,33,"February 05, 2023",Debit Card,0.0,Completed
581,93,4,28,"July 16, 2026",credit card,0.0,Completed
582,900,1,38,2023/05/13,Store Credit,0.0,Completed
583,949,5,59,01/11/2023,Credit Card,0.0,Completed
584,724,7,2,2026/05/26,Debit Card,0.0,PENDING
585,317,2,24,"July 24, 2026",Gift Card,0.1,Completed
586,1101,3,62,26/08/2024,PayPal,5%,Completed
587,422,4,2,"October 24, 2024",CASH,0.15,Completed
588,76,7,52,"May 21, 2024",credit card,5%,Completed
589,415,5,84,23 Feb 2025,PayPal,15%,PENDING
590,188,2,67,15-06-2025,Cash,0.05,Completed
591,243,1,50,05/07/2023,Credit Card,0.1,Completed
592,462,13,49,2025/11/17,CASH,0.0,Completed
593,741,12,71,07-07-2025,Debit Card,0.1,Completed
594,1176,13,26,08/03/2024,CASH,15%,Completed
595,1002,7,60,"May 22, 2024",Gift Card,0.0,Completed
596,148,4,40,"June 15, 2025",credit card,0.0,Completed
597,1138,1,71,20 Aug 2023,Debit  Card,0.05,Completed
598,27,11,63,2025-04-07,Cash,10%,Completed
599,218,6,40,2024/06/13,Gift Card,5%,Completed
600,321,13,10,,Credit Card,0.0,Completed
601,807,2,50,14/04/2026,Credit Card,0.1,Completed
602,1169,2,44,2024-02-16,CASH,0.25,Returned
603,781,8,86,"April 15, 2026",CASH,0.0,Completed
604,397,8,24,16-12-2023,Store Credit,0.0,Completed
605,899,3,35,2026/05/12,credit card,0.15,Completed
606,401,3,63,09-06-2025,Cash,0.0,Completed
607,1023,4,81,2026-07-26,CASH,0.1,Completed
608,1131,12,69,2026-03-11,Credit Card,0.15,Completed
609,972,4,45,20 May 2025,PayPal,0.05,Returned
610,399,77,53,26/08/2023,Gift Card,0.0,Completed
611,1010,11,55,21/03/2026,PayPal,0.15,Completed
612,794,7,80,21/10/2025,Cash,0.0,Completed
613,489,5,57,2026/03/20,Debit Card,0.15,Completed
614,495,8,64,11-04-2024,Store Credit,0.0,Completed
615,465,11,80,09 Jun 2026,credit card,0.0,Completed
616,67,13,62,01/14/2023,Store Credit,5%,Completed
617,387,3,78,2026/01/27,N/A,0.0,Completed
618,60,8,29,18-09-2025,Cash,0.0,Completed
619,792,4,23,02-07-2025,-,0.1,Completed
620,835,6,67,08/03/2023,Gift Card,0.0,Completed
621,809,8,36,21 Feb 2024,CASH,5%,Completed
622,508,4,18,"March 16, 2024",Debit  Card,15%,Completed
623,301,13,7,30 Jan 2026,Cash,0.1,Completed
624,367,11,63,2026/04/29,credit card,0.0,Completed
625,1061,5,76,03/28/2026,Store Credit,0.15,Completed
626,45,7,12,28 Mar 2024,credit card,0.0,Returned
627,1082,10,27,07-11-2025,Debit Card,15%,Completed
628,958,1,52,14/06/2025,Credit Card,0.15,Completed
629,1110,11,16,2025/02/06,CASH,0.2,Completed
630,1168,2,17,2024/07/28,Store Credit,0.0,Cancelled
631,210,12,27,"March 08, 2026",-,15%,Completed
632,24,8,75,19/03/2024,credit card,0.0,Completed
633,876,5,6,25 Jul 2024,Store Credit,0.0,Completed
634,1088,12,35,,PayPal,5%,Completed
635,948,4,56,2025/12/25,Credit Card,15%,Completed
636,265,8,24,11 May 2023,Debit  Card,0.05,Completed
637,502,13,85,2024/08/01,Cash,0.1,Completed
638,667,12,80,07-09-2023,Credit Card,5%,Completed
639,647,12,76,2023/06/18,Credit Card,0.0,Completed
640,893,1,999,15 Feb 2025,Credit Card,10%,Completed
641,424,77,84,2023/03/06,CASH,0.0,Completed
642,339,4,46,2024-04-06,NaN,10%,Completed
643,241,13,46,08/27/2025,Debit  Card,0.0,Completed
644,241,3,81,29-05-2025,NULL,5%,Completed
645,1089,3,90,"April 20, 2025",Debit Card,0.0,Completed
646,1083,77,16,2026-04-07,credit card,10%,Completed
647,919,4,67,19/05/2025,Gift Card,0.0,Completed
648,308,5,999,18 Dec 2025,Cash,0.0,Completed
649,322,8,19,03/04/2023,CASH,15%,Completed
650,1202,6,13,2026/07/06,Debit  Card,5%,Completed
651,1078,11,11,2024-01-11,Store Credit,0.0,Completed
652,673,77,39,2025/06/03,-,0.0,Completed
653,1050,9,37,10-10-2023,Credit Card,5%,Completed
654,523,5,53,2024-02-01,Debit  Card,10%,Completed
655,740,6,46,30-07-2025,credit card,0.05,Completed
656,127,9,999,23-09-2023,PayPal,0.0,Completed
657,1018,8,35,2026/03/16,Cash,0.0,Completed
658,304,77,37,"June 04, 2023",Debit  Card,0.1,Completed
659,128,12,37,29-12-2023,Store Credit,0.15,Completed
660,853,8,34,14/06/2023,Debit Card,0.15,Completed
661,864,11,63,11-02-2023,Credit Card,0.0,Completed
662,883,8,34,2023-10-07,Debit Card,0.05,completed
663,1006,3,87,01-03-2023,credit card,0.0,Completed
664,414,5,14,2025-03-09,credit card,0.0,Completed
665,1139,4,38,22 Jun 2026,credit card,0.0,Completed
666,252,7,72,06 Jan 2024,Debit  Card,0.2,Completed
667,850,7,66,04 Apr 2023,Credit Card,0.0,Completed
668,1189,2,4,01/27/2024,Cash,0.05,Completed
669,676,11,61,2025/03/11,Debit  Card,0.05,Completed
670,1139,7,6,03 May 2023,Cash,0.1,Completed
671,1073,10,67,2023-10-16,N/A,0.25,Completed
672,1131,4,77,05/03/2025,Credit Card,0.0,Completed
673,68,10,11,02/23/2026,CASH,0.0,Completed
674,379,1,86,15/03/2025,Store Credit,5%,Completed
675,129,9,69,16/08/2023,Store Credit,0.05,Completed
676,928,7,52,12 Dec 2024,Debit Card,0.0,Completed
677,613,9,90,27/03/2024,CASH,0.0,Completed
678,846,5,36,09/05/2025,Debit Card,10%,Completed
679,890,7,31,2026-04-01,Store Credit,0.0,Completed
680,620,5,79,2025/06/14,Cash,5%,Returned
681,787,77,79,20-03-2024,Gift Card,0.0,Completed
682,896,7,40,03/01/2023,CASH,5%,Completed
683,23,77,72,"May 21, 2024",CASH,0.2,Completed
684,1064,2,16,"February 13, 2023",Debit Card,0.05,Completed
685,280,5,50,06/15/2024,Debit  Card,5%,Completed
686,1143,13,35,09/27/2024,Store Credit,0.0,Returned
687,1067,6,64,12-05-2026,credit card,5%,Completed
688,667,11,58,18 Jan 2023,credit card,0.05,Completed
689,790,9,87,26 Jan 2023,Debit Card,0.0,Completed
690,981,11,55,01/15/2025,CASH,0.0,Completed
691,75,6,53,15-05-2026,PayPal,0.0,Completed
692,310,2,88,2026-04-01,credit card,0.05,Completed
693,170,11,74,2024/12/15,Credit Card,0.0,Completed
694,208,4,29,"April 07, 2023",Cash,0.0,completed
695,381,77,24,19/05/2024,CASH,0.1,Completed
696,1004,11,76,07/27/2024,Gift Card,5%,Completed
697,84,12,65,2023-12-09,Credit Card,5%,Completed
698,167,9,35,12 Oct 2025,PayPal,0.0,Completed
699,742,10,77,2026/03/14,Debit Card,0.0,Completed
700,196,2,38,07/23/2026,Credit Card,0.0,Completed
701,992,8,47,"October 15, 2024",Debit Card,0.0,Cancelled
702,223,7,71,06/25/2025,Debit  Card,5%,PENDING
703,490,77,20,13/06/2023,PayPal,0.0,Completed
704,848,7,53,03/07/2026,CASH,0.0,Completed
705,729,6,66,12-10-2023,credit card,0.0,Completed
706,285,1,87,2023-09-10,Debit Card,0.0,Completed
707,16,1,46,12/01/2026,Store Credit,0.15,Completed
708,6,6,60,2024-02-05,Store Credit,0.2,Completed
709,415,13,24,"July 01, 2025",Gift Card,25%,Returned
710,35,11,48,11-07-2026,Cash,0.0,Completed
711,969,77,8,29 Jan 2026,Cash,0.15,Completed
712,303,5,23,27 Jan 2023,credit card,0.0,Completed
713,227,10,4,27 May 2024,Cash,0.0,Completed
714,1034,1,41,21/08/2024,credit card,0.0,Completed
715,854,4,31,2025/09/17,PayPal,0.0,Completed
716,109,1,74,09 Jan 2026,PayPal,0.1,Returned
717,68,11,83,,PayPal,0.0,Completed
718,377,6,11,2023/01/11,Gift Card,0.1,Returned
719,1158,12,61,29-07-2023,CASH,0.0,Completed
720,911,6,5,03/30/2024,-,0.0,Completed
721,118,11,45,15 Jan 2023,CASH,0.1,Completed
722,507,12,84,05/10/2024,PayPal,0.0,Completed
723,528,12,39,2026/07/09,PayPal,0.0,Completed
724,306,12,43,2024-02-13,Debit  Card,0.05,PENDING
725,756,1,74,,Store Credit,0.0,Completed
726,302,11,24,25/05/2024,Credit Card,0.0,Cancelled
727,785,13,9,2024-01-09,NaN,0.0,Completed
728,452,7,1,"August 22, 2024",Credit Card,5%,Completed
729,958,1,7,29/11/2023,Debit Card,0.15,Completed
730,1073,8,60,2025-01-29,PayPal,0.1,Completed
731,790,9,17,30/03/2025,CASH,15%,Completed
732,1006,8,26,2025/05/13,Cash,0.05,Completed
733,306,1,46,01/17/2025,credit card,0.15,Completed
734,1166,12,85,2025/10/13,Debit Card,0.0,Completed
735,731,2,55,"October 13, 2023",CASH,0.0,Completed
736,1109,2,71,16-10-2023,Store Credit,0.0,completed
737,1023,8,78,"March 07, 2024",credit card,0.0,Completed
738,1100,4,48,2023-05-05,Debit Card,0.0,Completed
739,165,10,26,2023/01/20,Cash,0.0,Completed
740,230,10,12,10/24/2025,credit card,0.05,Completed
741,157,4,72,15/01/2025,Store Credit,0.0,Completed
742,978,6,30,2025/04/19,Debit Card,0.0,Completed
743,567,13,71,2026-03-10,Debit Card,20%,Completed
744,1207,4,38,12/30/2025,Debit Card,10%,Completed
745,903,11,59,02 Mar 2023,Gift Card,5%,Completed
746,900,6,83,2023/11/15,Debit  Card,5%,Completed
747,1153,2,59,11-04-2025,Gift Card,0.0,Completed
748,717,4,65,05/06/2026,NaN,15%,Completed
749,941,3,7,12/26/2024,CASH,0.05,Completed
750,924,11,46,06/24/2024,Gift Card,25%,Completed
751,774,77,59,27-11-2023,Credit Card,0.25,Completed
752,467,13,75,2023-01-19,NULL,5%,Completed
753,1215,8,34,03/02/2026,Cash,5%,Completed
754,1075,13,10,"June 02, 2023",Cash,0.05,Completed
755,1201,4,48,16-05-2024,Store Credit,0.0,Completed
756,183,6,999,02-08-2024,CASH,0.0,Completed
757,844,5,88,02-11-2025,credit card,0.0,completed
758,7,3,16,15/03/2025,Debit Card,10%,Completed
759,583,1,63,2023/01/09,PayPal,10%,Completed
760,128,13,80,2026/03/15,Credit Card,0.15,Completed
761,104,13,32,2024-03-12,Debit  Card,0.15,Completed
762,222,7,25,2026/06/26,Cash,0.0,Completed
763,350,3,38,05/04/2026,NaN,0.05,Completed
764,519,11,11,2024-03-11,Gift Card,0.05,Completed
765,803,6,2,17 Feb 2026,Cash,0.0,Completed
766,655,9,15,2025/01/04,Debit  Card,0.0,Completed
767,675,3,39,27 Oct 2025,Cash,5%,Completed
768,580,3,74,09-12-2024,Cash,0.05,Completed
769,444,77,66,"February 26, 2024",Gift Card,0.2,Completed
770,345,7,42,08 Jan 2025,Credit Card,0.0,Completed
771,88,3,7,31-08-2023,CASH,0.05,Completed
772,1067,7,52,"August 12, 2023",Debit Card,0.0,Returned
773,256,4,85,"August 19, 2025",Cash,0.0,Completed
774,560,12,82,10/03/2025,Debit Card,0.05,Completed
775,53,2,13,02/11/2024,Cash,0.0,Completed
776,1093,13,22,30-05-2024,Credit Card,15%,Completed
777,516,7,23,10/29/2023,NULL,0.2,Completed
778,519,3,31,05/01/2026,Debit  Card,0.05,Completed
779,276,10,26,"June 30, 2024",Store Credit,0.05,Completed
780,874,12,51,2025/11/15,Debit  Card,15%,Completed
781,82,8,84,2023-08-22,Credit Card,0.0,Completed
782,74,13,48,12 Jan 2023,Debit  Card,15%,Completed
783,947,13,18,2025-06-24,CASH,0.0,Completed
784,1090,10,86,20/08/2024,Gift Card,0.0,Completed
785,380,4,72,"April 06, 2024",Gift Card,0.05,Completed
786,341,13,59,2023/09/01,Credit Card,0.05,Completed
787,476,6,59,"November 30, 2023",credit card,10%,Completed
788,166,12,55,2026/07/07,Gift Card,0.05,Completed
789,958,12,8,2026/03/07,Credit Card,0.0,Completed
790,1144,9,39,25 Jun 2025,CASH,0.05,Completed
791,774,9,54,06/14/2023,Store Credit,0.1,Completed
792,1186,6,10,2026/03/30,credit card,0.05,Completed
793,760,10,43,05/30/2023,Credit Card,0.0,Completed
794,719,5,13,2025-11-11,none,5%,Completed
795,702,2,87,01/03/2026,CASH,0.0,Completed
796,21,77,43,22/10/2023,Debit Card,10%,Completed
797,860,77,90,08 Sep 2025,Credit Card,0.0,Completed
798,354,4,82,08/01/2023,Cash,10%,Completed
799,1168,13,30,2023/09/04,credit card,0.0,Cancelled
800,246,2,21,07/03/2025,Debit  Card,0.0,Completed
801,180,5,78,2023-08-08,Credit Card,10%,Completed
802,332,4,7,"April 24, 2025",PayPal,0.1,Completed
803,482,77,69,04/03/2025,PayPal,0.0,Completed
804,190,11,5,11-05-2025,Cash,15%,Completed
805,179,8,6,30/03/2023,Store Credit,0.0,Completed
806,393,3,9,29 Mar 2026,Credit Card,0.0,Completed
807,43,5,25,2024/11/15,Gift Card,0.05,Completed
808,89,7,47,12 Jun 2023,,0.0,Completed
809,227,4,16,17/01/2025,PayPal,0.0,Completed
810,301,11,88,29/09/2024,Debit  Card,0.0,Completed
811,774,13,10,06 Jan 2023,Store Credit,0.1,Completed
812,1135,77,59,22-04-2024,Cash,0.0,Completed
813,157,3,28,05/04/2023,Debit  Card,5%,Completed
814,86,5,65,"May 19, 2023",PayPal,0.0,Completed
815,840,9,11,05/27/2023,PayPal,0.05,Completed
816,63,8,75,2024-07-23,Gift Card,0.05,Completed
817,713,8,41,2024-11-29,Store Credit,0.05,Completed
818,802,12,18,"March 09, 2024",Gift Card,0.0,Completed
819,918,2,87,12/19/2024,Store Credit,5%,Completed
820,935,1,18,2025-08-11,credit card,0.25,Completed
821,572,3,8,23-02-2026,credit card,5%,Completed
822,547,5,5,"January 12, 2025",CASH,0.0,Completed
823,1031,77,68,08/28/2024,Debit Card,0.05,Completed
824,65,12,5,23-06-2026,Credit Card,0.0,Completed
825,1013,13,9,2023-08-07,Debit  Card,0.25,Completed
826,32,5,13,20-06-2025,Store Credit,20%,Completed
827,1069,7,33,13 May 2024,PayPal,20%,Returned
828,1020,1,90,2024-11-05,Credit Card,0.0,Completed
829,955,13,2,2025-07-14,PayPal,0.0,Completed
830,60,8,32,06 Sep 2025,Store Credit,0.0,Completed
831,989,11,33,10/05/2025,Credit Card,0.05,Cancelled
832,1052,2,60,"April 11, 2026",Debit Card,0.0,Completed
833,330,5,60,2024/09/16,Gift Card,0.0,Completed
834,591,4,18,2025/09/26,CASH,0.0,Completed
835,256,3,60,2025-07-01,Credit Card,0.0,Completed
836,943,5,26,24 Jan 2026,Debit  Card,10%,Cancelled
837,678,4,49,03/29/2023,Gift Card,0.0,Completed
838,529,2,82,2026-07-01,,0.0,Completed
839,508,12,52,05-03-2025,Debit Card,5%,Cancelled
840,634,5,21,2023/07/21,Gift Card,0.05,Completed
841,410,9,34,2026-03-31,CASH,5%,Completed
842,1170,12,79,2024/09/17,Cash,0.0,Completed
843,675,6,27,"August 13, 2023",Debit Card,0.0,Completed
844,756,1,69,26 Oct 2024,PayPal,0.0,Completed
845,393,3,25,08-03-2024,Store Credit,0.0,Completed
846,683,11,22,25 Feb 2026,Debit  Card,5%,Completed
847,1042,2,75,04 Feb 2026,Gift Card,0.05,Completed
848,604,3,46,07/05/2025,Debit  Card,0.0,Completed
849,561,10,50,23/07/2026,PayPal,0.0,Completed
850,18,7,73,30-06-2023,Store Credit,0.05,Cancelled
851,937,6,47,31 Jul 2025,Store Credit,0.1,Completed
852,595,11,49,14 Sep 2024,NULL,0.0,Completed
853,519,13,46,02 Jan 2023,CASH,0.1,Completed
854,456,3,81,08/20/2023,CASH,0.1,Completed
855,214,12,62,2023-10-06,Gift Card,0.0,Completed
856,474,12,88,2024/01/20,Store Credit,0.25,Completed
857,548,3,59,06/16/2023,CASH,5%,Completed
858,1212,5,73,24-04-2026,credit card,0.0,Completed
859,935,12,65,2026/07/02,Cash,15%,Completed
860,295,8,14,2023/06/26,PayPal,5%,Completed
861,428,7,86,18/05/2026,PayPal,0.15,Completed
862,567,1,36,2023-03-19,Cash,10%,Completed
863,1034,2,16,2023/04/26,Debit Card,20%,Completed
864,78,8,84,12/30/2023,Store Credit,0.0,Returned
865,906,13,54,"July 12, 2026",Gift Card,0.0,Completed
866,470,77,82,05/04/2025,Debit  Card,0.25,Completed
867,857,13,75,2025-08-12,Credit Card,0.0,Completed
868,904,13,22,21-04-2026,Store Credit,0.0,Completed
869,784,13,44,27-01-2026,Debit  Card,0.0,Cancelled
870,730,3,1,02/09/2025,NaN,0.05,completed
871,106,8,80,28 Mar 2023,Gift Card,0.0,Completed
872,976,4,36,2026-06-24,Debit Card,0.2,Completed
873,765,10,82,02/06/2026,Store Credit,0.1,Completed
874,121,8,20,2025-01-23,Debit Card,0.0,Completed
875,1197,77,36,2025/07/16,credit card,0.0,Completed
876,270,4,27,03 Jul 2025,Store Credit,0.0,Returned
877,236,8,47,05/28/2025,Credit Card,0.0,Completed
878,1103,1,56,2025-08-18,Debit  Card,0.15,Completed
879,573,2,29,"August 16, 2025",CASH,20%,Completed
880,993,6,44,"June 16, 2023",credit card,5%,Completed
881,687,1,38,04/07/2025,CASH,0.05,Completed
882,806,3,58,"July 01, 2026",Cash,0.0,Completed
883,81,5,29,2023-12-28,PayPal,5%,Completed
884,998,7,34,07/21/2025,PayPal,0.05,Completed
885,774,8,33,"July 14, 2023",CASH,0.2,Completed
886,738,9,41,2026-01-17,Credit Card,0.0,Completed
887,895,8,83,"June 20, 2023",Debit  Card,0.0,Completed
888,922,9,79,2024-07-26,Debit Card,15%,Completed
889,225,7,35,04/13/2024,PayPal,0.0,completed
890,899,9,2,2026/04/29,Gift Card,0.0,Completed
891,1043,77,58,26/06/2025,Debit Card,0.0,Completed
892,452,11,21,15/05/2023,Cash,0.0,Completed
893,991,3,10,01 May 2024,credit card,0.0,Completed
894,1180,6,76,09/11/2023,credit card,0.0,Completed
895,15,10,70,18-03-2026,Debit  Card,0.1,Completed
896,95,12,27,17 Sep 2025,Gift Card,0.0,Completed
897,388,3,76,18-10-2024,Debit  Card,0.05,Completed
898,57,12,64,29-06-2024,CASH,0.1,Completed
899,491,4,57,"March 02, 2026",Cash,0.0,Completed
900,633,5,26,2024/06/15,CASH,0.0,Returned
901,939,7,24,2024/05/31,Debit  Card,0.15,Completed
902,666,5,48,01/04/2023,PayPal,0.1,Completed
903,630,2,36,2026/07/08,Cash,0.0,Completed
904,1031,9,61,"March 16, 2023",Debit Card,0.0,Completed
905,420,12,29,22 Jul 2025,Debit Card,0.05,Completed
906,49,1,60,02/15/2025,Credit Card,5%,Completed
907,1048,5,45,05-05-2026,PayPal,0.0,Cancelled
908,778,7,1,07/28/2024,Cash,0.0,Completed
909,636,6,57,2024/08/22,Debit  Card,0.05,Completed
910,763,77,61,03/06/2024,N/A,10%,Completed
911,1025,11,44,01-02-2025,credit card,10%,Completed
912,745,1,37,03/08/2025,Store Credit,0.05,PENDING
913,959,6,39,,Cash,10%,Completed
914,84,7,78,2025/09/29,Gift Card,0.0,Completed
915,565,1,8,11 Jun 2025,CASH,0.0,Completed
916,333,13,12,2025/04/30,Gift Card,0.0,Completed
917,490,4,3,16 Jul 2026,Store Credit,15%,Completed
918,725,5,65,28-04-2023,Debit Card,5%,Completed
919,1167,7,14,09/06/2025,PayPal,0.0,Completed
920,1072,4,41,"November 26, 2025",Gift Card,0.0,Completed
921,183,11,31,"June 30, 2026",CASH,0.0,Completed
922,417,13,70,2023/04/07,Store Credit,0.1,Completed
923,951,11,69,2024-01-25,Cash,15%,Completed
924,228,13,56,03-02-2026,Debit  Card,0.0,Returned
925,1213,4,51,02/23/2023,CASH,0.1,Completed
926,240,8,76,18 May 2026,Credit Card,0.0,Completed
927,269,11,64,29 Jan 2025,credit card,0.1,Completed
928,261,77,2,2026-06-01,Debit Card,0.0,Completed
929,749,11,10,2023/10/12,CASH,0.05,Completed
930,555,7,89,17/05/2026,CASH,0.0,Completed
931,435,11,46,02/08/2023,CASH,0.0,Completed
932,1103,2,36,20-11-2023,Store Credit,0.0,Completed
933,561,3,8,13 Jun 2026,N/A,0.0,Completed
934,435,12,32,2024/12/07,N/A,0.2,Completed
935,620,13,26,,Debit  Card,0.0,Completed
936,483,11,43,20 Mar 2025,Debit  Card,10%,Completed
937,1003,7,46,05/26/2024,Debit  Card,0.0,Returned
938,692,6,40,2023-07-16,Debit Card,5%,Completed
939,217,6,88,2023/04/16,Debit Card,0.0,Completed
940,105,77,18,2026-02-07,Gift Card,20%,Completed
941,456,11,32,10 May 2026,Store Credit,0.05,Completed
942,677,9,24,07/01/2024,Cash,0.15,Completed
943,89,4,58,19/01/2023,credit card,0.15,Completed
944,743,6,60,03/14/2023,Cash,5%,Completed
945,383,3,5,2024/06/13,credit card,0.1,Completed
946,566,77,33,28-02-2026,PayPal,0.0,Completed
947,1154,13,54,18 Jun 2026,Credit Card,5%,Completed
948,308,3,57,29/06/2024,-,0.0,Completed
949,914,9,41,06/19/2026,Gift Card,5%,Completed
950,81,1,6,05/28/2024,Debit Card,0.05,Completed
951,869,11,61,30-05-2026,Store Credit,0.2,Completed
952,1133,11,40,18-02-2026,CASH,0.2,Completed
953,588,77,49,22/02/2023,Store Credit,0.0,Completed
954,134,6,38,02/11/2023,credit card,0.1,Completed
955,140,77,66,29/05/2024,CASH,0.0,Completed
956,1160,6,75,,Gift Card,0.0,Completed
957,645,3,24,14-01-2025,Debit Card,5%,Completed
958,377,3,42,"November 15, 2025",credit card,0.0,Completed
959,268,4,63,04/17/2024,CASH,0.0,Completed
960,967,1,70,"March 20, 2023",Store Credit,0.0,Completed
961,411,6,82,01/28/2025,Debit Card,10%,Completed
962,68,2,999,"October 13, 2025",CASH,0.25,Completed
963,53,8,56,10/19/2025,Credit Card,0.05,Completed
964,436,11,85,"January 28, 2024",Credit Card,0.0,Cancelled
965,1036,3,40,"February 17, 2023",PayPal,0.0,Completed
966,10,11,73,06/13/2026,credit card,5%,Completed
967,670,6,75,"May 25, 2024",Debit  Card,0.0,Completed
968,1159,13,19,14/09/2023,Debit Card,0.0,Completed
969,623,12,53,02/04/2024,Debit  Card,0.15,Completed
970,554,8,23,2025/10/02,PayPal,0.0,Cancelled
971,853,7,14,"July 25, 2025",CASH,0.0,Completed
972,776,77,66,10 Jan 2025,Store Credit,0.0,Cancelled
973,347,5,33,24 Mar 2024,Gift Card,0.05,Completed
974,738,2,67,30 Jan 2024,Cash,0.2,Completed
975,97,77,72,27 Feb 2025,Cash,25%,Completed
976,249,7,75,2023-08-07,Debit Card,10%,Completed
977,417,8,64,"September 05, 2023",Store Credit,0.05,Completed
978,324,3,4,09-01-2026,-,0.0,Completed
979,1188,2,47,17 May 2024,CASH,0.0,Completed
980,137,5,1,2024-07-20,Debit Card,5%,Completed
981,874,8,24,"December 24, 2025",Credit Card,0.0,Returned
982,201,11,59,2023/04/26,,0.0,Completed
983,1192,11,11,06/18/2026,Debit Card,20%,Completed
984,1085,4,33,30 Nov 2023,Debit  Card,0.25,Returned
985,641,5,64,2025/10/22,Credit Card,0.0,Completed
986,927,1,18,2025-05-18,PayPal,0.0,Completed
987,1065,1,70,"April 15, 2026",Cash,20%,Completed
988,232,7,86,22 Aug 2025,Gift Card,5%,Completed
989,1119,4,18,12/05/2026,CASH,0.05,Completed
990,88,3,12,25-12-2024,PayPal,0.0,Cancelled
991,441,3,50,2024-02-23,CASH,0.0,Completed
992,887,8,69,05/28/2025,credit card,0.0,Completed
993,814,77,33,2023-05-13,Debit Card,0.1,Completed
994,613,2,62,2024/11/02,Credit Card,0.05,Completed
995,740,13,26,2024-10-31,N/A,0.0,Completed
996,6,9,34,02/03/2026,Debit  Card,5%,Completed
997,1033,5,56,"February 21, 2023",Gift Card,0.0,Completed
998,805,5,85,08/17/2025,credit card,0.0,Completed
999,173,8,21,23/05/2026,Gift Card,0.0,Completed
1000,384,10,4,02/14/2025,Credit Card,0.0,Completed
1001,323,2,25,15/06/2025,NaN,0.0,Completed
1002,746,1,23,2023/05/09,Debit  Card,0.0,Completed
1003,973,13,10,23-03-2025,Store Credit,0.1,Completed
1004,901,10,56,2024/06/15,Cash,0.15,Cancelled
1005,522,77,8,2025/04/14,PayPal,0.0,Completed
1006,505,9,85,2025-08-03,PayPal,0.05,Completed
1007,834,8,89,"March 30, 2026",credit card,0.0,Completed
1008,60,2,62,17/07/2025,PayPal,0.0,Returned
1009,990,77,60,2025/05/08,Gift Card,10%,Completed
1010,717,4,40,2025/01/15,Debit Card,0.0,Completed
1011,305,1,80,05/11/2024,Store Credit,0.15,Completed
1012,972,13,31,15/10/2023,Debit Card,0.0,Completed
1013,390,4,81,2024/12/31,Credit Card,0.1,Returned
1014,62,77,79,11/16/2025,Store Credit,0.0,Completed
1015,1094,5,35,03/04/2026,credit card,0.0,Completed
1016,711,3,11,28/07/2025,Debit  Card,0.0,Completed
1017,319,8,32,06/09/2026,PayPal,0.0,Returned
1018,324,1,14,2024-01-03,Cash,0.0,Completed
1019,189,6,51,24-08-2024,Debit Card,5%,Completed
1020,822,3,68,04-06-2026,N/A,5%,Completed
1021,744,13,999,06-03-2026,Gift Card,0.0,Completed
1022,302,2,10,20-05-2025,PayPal,0.0,Completed
1023,592,3,11,20 Apr 2024,PayPal,0.05,Completed
1024,752,2,21,04-11-2023,Debit  Card,5%,Completed
1025,516,11,50,17/11/2023,Debit Card,0.0,Completed
1026,662,4,84,23-05-2026,Cash,0.15,Completed
1027,126,8,41,2026/05/23,Cash,10%,Completed
1028,570,8,73,15-02-2023,Debit  Card,0.0,Completed
1029,533,6,26,06/18/2025,PayPal,25%,Completed
1030,489,12,62,04/12/2023,PayPal,0.05,Completed
1031,146,5,81,"July 10, 2025",CASH,0.0,Completed
1032,1219,11,53,2024-04-22,Debit Card,0.0,Completed
1033,1063,8,77,2025-05-22,CASH,0.2,Completed
1034,897,2,45,13-10-2024,Credit Card,5%,PENDING
1035,167,7,6,06/02/2023,Debit Card,0.0,Completed
1036,1109,7,66,07/03/2026,Credit Card,0.2,Completed
1037,542,12,90,15 Dec 2023,Debit  Card,5%,Completed
1038,928,9,34,31-01-2026,Cash,0.0,Completed
1039,528,7,2,10/12/2025,Store Credit,5%,Completed
1040,725,10,48,2024/05/24,PayPal,0.0,Completed
1041,964,12,56,19 Jun 2025,Store Credit,0.0,Completed
1042,697,6,64,2025/05/31,Store Credit,0.0,Completed
1043,909,7,3,13-10-2024,Gift Card,0.0,Completed
1044,1097,2,41,"November 04, 2025",Credit Card,0.0,Completed
1045,889,12,4,2024/06/07,CASH,0.15,Cancelled
1046,872,12,2,2025/07/18,Debit  Card,0.15,Completed
1047,996,6,11,29-07-2025,Debit Card,10%,Completed
1048,778,5,84,16 Jul 2026,Debit Card,0.0,Completed
1049,601,1,65,30-07-2025,CASH,0.0,Completed
1050,567,11,32,"May 15, 2026",none,0.0,Completed
1051,855,11,47,10/04/2026,PayPal,10%,Completed
1052,723,12,20,13 Mar 2024,Store Credit,0.0,Completed
1053,1214,77,82,18 Sep 2023,Debit Card,0.0,Completed
1054,1207,13,82,16 Jun 2026,CASH,0.15,Completed
1055,814,8,33,"July 23, 2024",Credit Card,0.05,Completed
1056,1059,6,35,06 Jan 2025,Cash,0.0,Completed
1057,264,5,19,17-07-2026,Gift Card,0.0,Completed
1058,142,12,26,2023/12/20,Gift Card,0.05,Completed
1059,855,2,40,19-05-2024,Credit Card,0.0,Completed
1060,815,13,32,"August 08, 2025",Debit  Card,0.0,Completed
1061,295,9,23,10 Oct 2025,Gift Card,0.05,Completed
1062,85,5,14,13 May 2024,NULL,0.1,Completed
1063,474,1,65,2025/11/18,PayPal,10%,Completed
1064,881,1,86,07/16/2024,Cash,0.0,Returned
1065,1107,1,21,28/03/2026,Debit  Card,5%,Completed
1066,847,8,59,15-06-2023,Debit  Card,0.1,Completed
1067,612,6,80,"August 20, 2023",Cash,15%,Completed
1068,513,4,46,2024-01-08,Debit Card,0.1,Completed
1069,646,6,27,29 Jan 2023,Debit Card,0.0,Completed
1070,169,4,47,2025/06/29,Store Credit,0.05,Completed
1071,59,8,3,11 Jan 2023,none,0.0,Completed
1072,218,6,81,09 Mar 2024,Store Credit,0.25,Completed
1073,861,5,72,12/30/2025,Debit  Card,0.25,Completed
1074,1186,8,32,"March 17, 2025",credit card,0.0,Returned
1075,707,3,86,11-05-2026,Store Credit,0.0,Completed
1076,229,3,48,24 Oct 2024,Store Credit,0.05,Completed
1077,1208,5,78,29-11-2025,Cash,0.0,Completed
1078,566,6,51,30-08-2023,credit card,5%,Completed
1079,13,1,34,06/04/2024,Store Credit,0.0,Completed
1080,677,5,64,06/07/2023,Debit  Card,0.15,Completed
1081,93,2,88,"October 23, 2025",Gift Card,0.0,Completed
1082,704,1,17,2024/04/29,PayPal,0.15,Completed
1083,67,77,82,2024-05-12,Gift Card,0.0,Completed
1084,611,1,63,2024-01-30,CASH,5%,Completed
1085,663,77,23,"August 05, 2024",Gift Card,0.0,Completed
1086,819,8,88,28-05-2023,Credit Card,15%,Completed
1087,1068,9,9,19-04-2026,credit card,0.0,Completed
1088,166,77,54,2023-01-18,Gift Card,0.0,Completed
1089,795,5,53,09-02-2026,Cash,5%,Completed
1090,147,4,27,12/27/2023,PayPal,0.05,Returned
1091,1047,3,48,2023-11-09,Debit Card,0.0,Completed
1092,1163,8,40,"October 10, 2025",Debit  Card,0.05,Completed
1093,1170,13,65,2025-02-06,CASH,0.05,Completed
1094,332,8,81,04 Jun 2023,Debit Card,0.0,Completed
1095,1154,12,11,,Cash,0.0,Completed
1096,1201,12,2,09 Jun 2023,Cash,0.0,Completed
1097,871,4,60,27-11-2025,credit card,0.25,Completed
1098,861,13,20,10/03/2023,Debit  Card,0.0,Completed
1099,1005,8,48,"May 21, 2025",Store Credit,0.0,Completed
1100,611,1,11,12/12/2023,Credit Card,0.0,Completed
1101,1073,3,11,12/11/2024,credit card,0.0,Completed
1102,700,77,53,09/13/2023,Credit Card,0.0,Completed
1103,1107,1,88,2025/10/31,credit card,0.1,completed
1104,285,11,9,2023/07/25,Cash,5%,Completed
1105,336,9,11,06/26/2024,CASH,0.0,Completed
1106,804,11,79,06/01/2023,Debit Card,0.0,Completed
1107,1191,9,36,10/10/2025,Credit Card,0.0,Completed
1108,570,1,29,03/02/2026,Cash,0.0,Completed
1109,514,12,44,06-10-2023,CASH,0.0,Completed
1110,702,1,32,2025-11-22,Debit  Card,0.0,Completed
1111,816,6,20,"August 13, 2024",Cash,0.0,Completed
1112,1035,4,65,,Cash,5%,Completed
1113,957,8,64,2025/05/08,Cash,0.0,Completed
1114,848,77,45,08/20/2024,CASH,0.0,Completed
1115,672,11,35,17 May 2023,Debit Card,0.1,Completed
1116,540,10,38,2026/03/30,credit card,0.0,Completed
1117,839,77,51,"March 25, 2026",CASH,0.0,Completed
1118,70,12,75,2023/02/09,CASH,0.15,Completed
1119,291,4,73,22-04-2025,Gift Card,0.05,Completed
1120,240,10,37,11/08/2025,Cash,0.0,Completed
1121,471,7,5,08/10/2024,NULL,0.1,Completed
1122,458,11,999,2024-11-23,NaN,0.0,Completed
1123,812,77,62,2024-04-09,Gift Card,0.0,Completed
1124,513,9,29,2023-08-06,Debit  Card,25%,Completed
1125,6,6,52,01 May 2026,Gift Card,5%,Completed
1126,70,6,34,2023-04-14,CASH,0.0,Completed
1127,1210,12,44,"August 10, 2025",Debit  Card,0.0,Completed
1128,103,13,46,2024-08-05,Debit Card,0.05,completed
1129,280,10,23,10-04-2026,Debit  Card,0.0,Completed
1130,67,10,42,27 Dec 2024,PayPal,5%,Completed
1131,957,13,2,2024-02-20,Credit Card,0.0,Completed
1132,656,5,51,30-09-2023,Debit  Card,0.0,Completed
1133,1173,4,74,2025-11-30,Gift Card,5%,Completed
1134,1179,7,64,2025-05-08,credit card,0.0,Returned
1135,1110,11,33,2025-08-22,Cash,0.05,Returned
1136,86,4,46,,PayPal,0.05,Completed
1137,130,77,24,06 Mar 2026,Credit Card,0.0,Completed
1138,286,4,72,21/10/2024,CASH,0.05,Completed
1139,794,77,22,24 Aug 2024,Cash,0.1,Completed
1140,635,1,83,"December 15, 2023",Gift Card,0.0,Completed
1141,399,1,68,2025/06/06,Gift Card,0.0,Completed
1142,917,12,2,03/07/2026,Credit Card,0.0,Completed
1143,633,9,11,11 Oct 2024,Cash,5%,Completed
1144,850,1,44,27/05/2023,Cash,0.0,completed
1145,1145,9,78,09/11/2023,Store Credit,0.0,PENDING
1146,655,13,57,06/13/2026,Gift Card,0.0,Completed
1147,856,1,49,08 Feb 2026,Debit Card,0.0,Completed
1148,359,7,42,03/05/2026,PayPal,0.0,Completed
1149,530,12,47,02/06/2025,credit card,0.0,Completed
1150,616,13,39,06/21/2025,credit card,0.05,Completed
1151,1175,1,11,20 Jun 2024,Cash,0.0,Completed
1152,887,8,32,21-03-2024,Debit  Card,0.1,Completed
1153,1013,1,84,26 Aug 2025,NaN,0.0,Completed
1154,1033,12,27,12/07/2023,credit card,0.25,Completed
1155,994,6,66,26-03-2026,credit card,20%,Completed
1156,424,13,70,26-08-2024,Debit Card,5%,Completed
1157,110,6,10,22/06/2023,Store Credit,0.0,Completed
1158,825,4,69,07/15/2024,PayPal,0.05,Completed
1159,298,8,12,08/06/2025,Debit Card,0.0,Completed
1160,774,10,60,14 Jun 2024,Debit Card,20%,PENDING
1161,962,1,27,12/09/2023,Store Credit,5%,Completed
1162,380,7,68,2023-01-05,Debit Card,0.0,Completed
1163,575,2,999,12/30/2023,Store Credit,0.2,Completed
1164,803,3,45,2023-03-22,Store Credit,0.0,Completed
1165,570,2,70,12/15/2025,Cash,5%,Completed
1166,476,6,52,"April 22, 2026",Debit Card,0.0,Completed
1167,621,77,79,01 Apr 2025,Store Credit,0.0,Completed
1168,206,7,65,04/11/2024,Debit Card,0.05,Completed
1169,123,9,54,19-07-2023,CASH,0.0,Completed
1170,611,8,50,"July 27, 2024",Debit Card,0.0,Completed
1171,741,9,57,01-12-2024,CASH,0.0,Completed
1172,438,7,27,,Store Credit,0.0,Completed
1173,961,3,51,05/06/2026,Gift Card,20%,Completed
1174,101,9,37,2024-02-29,Cash,0.1,PENDING
1175,521,77,84,11/08/2024,Cash,0.1,Cancelled
1176,201,7,53,08 Jul 2026,Debit Card,0.0,Completed
1177,652,5,10,17/02/2023,CASH,0.0,Completed
1178,721,2,14,2026-04-16,Credit Card,0.05,completed
1179,850,12,6,23/09/2024,Credit Card,0.1,Completed
1180,213,8,34,2025/06/09,Cash,5%,Completed
1181,275,5,36,09/08/2025,Store Credit,0.0,Completed
1182,964,77,29,27-03-2023,Credit Card,10%,Returned
1183,561,3,28,2023/09/01,PayPal,0.1,Completed
1184,157,13,9,08/27/2024,Store Credit,5%,Completed
1185,53,6,82,09/01/2026,Cash,20%,Completed
1186,456,11,26,12/09/2023,credit card,0.1,Completed
1187,136,3,73,09-07-2024,Debit Card,0.15,Completed
1188,369,9,86,02/27/2025,Credit Card,15%,Completed
1189,726,3,15,2023-10-23,Debit Card,0.1,Completed
1190,685,1,42,2025/01/18,Debit Card,0.1,Returned
1191,130,4,77,2025/10/30,Debit Card,0.0,Completed
1192,345,8,33,09/30/2025,Store Credit,0.05,Cancelled
1193,606,1,87,11-10-2023,Gift Card,0.1,Completed
1194,317,77,72,,Gift Card,0.1,Completed
1195,522,77,13,11/17/2025,Credit Card,0.0,Completed
1196,682,1,35,2025-06-24,credit card,0.2,Completed
1197,242,9,17,2024-10-07,Credit Card,0.15,Completed
1198,964,10,89,2023-08-03,Debit  Card,0.0,Completed
1199,21,1,26,"February 15, 2023",PayPal,10%,Completed
1200,675,11,63,"June 08, 2023",CASH,0.1,Returned
1201,907,3,29,08 May 2024,Debit  Card,0.0,Completed
1202,1144,2,70,"March 27, 2024",Debit Card,0.0,Completed
1203,1093,11,75,07/14/2025,credit card,5%,Completed
1204,811,10,11,2024/11/07,CASH,0.0,Completed
1205,1145,1,28,24/05/2024,Store Credit,5%,Completed
1206,536,77,83,28/03/2026,PayPal,5%,Completed
1207,1056,4,79,04-02-2023,Gift Card,0.0,Completed
1208,814,1,67,"April 21, 2025",Store Credit,0.05,Completed
1209,595,12,4,21/01/2025,PayPal,0.0,Completed
1210,1003,4,87,03-04-2025,Credit Card,0.15,Completed
1211,1094,2,78,24 Sep 2024,credit card,0.0,Returned
1212,478,10,50,18 Nov 2023,none,0.0,Completed
1213,823,9,75,2023-06-16,PayPal,0.0,Completed
1214,1018,6,55,02/05/2024,Debit Card,5%,Completed
1215,1030,11,65,2025/03/14,CASH,0.0,Completed
1216,207,7,41,15-12-2025,Cash,5%,Completed
1217,680,8,72,2026-01-27,Debit Card,0.15,Completed
1218,328,9,9,10 Jun 2025,Cash,5%,Completed
1219,1152,10,83,04/01/2026,PayPal,0.1,Completed
1220,132,10,52,2023/07/13,credit card,0.0,Completed
1221,686,6,25,16-07-2023,Gift Card,0.0,Completed
1222,254,9,42,23/06/2025,Cash,0.0,Completed
1223,524,5,71,29-11-2025,-,0.1,Completed
1224,75,13,57,24 Oct 2023,Cash,0.0,Completed
1225,83,8,78,03/14/2025,Debit Card,0.0,Completed
1226,677,12,40,12-03-2026,Debit  Card,0.0,Completed
1227,306,77,48,26/02/2025,Gift Card,0.0,Completed
1228,659,5,58,16/08/2023,Store Credit,10%,Returned
1229,499,11,62,10-01-2024,Gift Card,0.15,Completed
1230,293,6,83,17 Jan 2026,Debit  Card,10%,Completed
1231,400,12,52,06/21/2025,Credit Card,0.0,Cancelled
1232,324,6,49,12/16/2025,Cash,20%,Completed
1233,1013,8,46,,Cash,0.0,Completed
1234,1179,12,89,17-10-2023,Credit Card,0.0,Completed
1235,606,3,90,2024-04-07,PayPal,0.0,Completed
1236,207,8,53,18 Jun 2023,-,0.0,Completed
1237,505,2,51,06-07-2024,Store Credit,0.05,Completed
1238,989,3,43,24/04/2023,Store Credit,0.0,Completed
1239,419,7,80,2024/04/01,NULL,0.0,Completed
1240,133,4,33,02/15/2023,Cash,0.0,Completed
1241,114,77,999,02-06-2024,PayPal,0.0,Completed
1242,367,5,21,30/03/2026,PayPal,0.05,Completed
1243,342,9,56,20-12-2024,Store Credit,0.15,Completed
1244,1064,1,43,22 Aug 2024,Debit  Card,0.0,Completed
1245,1148,7,38,2024-10-29,credit card,0.0,Completed
1246,713,11,47,05/22/2024,none,25%,Completed
1247,547,5,12,"October 11, 2024",Store Credit,0.0,Completed
1248,652,9,51,06/06/2026,-,0.05,Completed
1249,709,2,47,24 Sep 2025,Debit  Card,0.0,Completed
1250,1199,4,61,2025-11-19,Debit Card,15%,Completed
1251,515,13,43,18/12/2025,CASH,5%,Completed
1252,551,7,12,09/18/2023,CASH,0.0,Completed
1253,290,3,87,2023-02-20,Store Credit,0.1,completed
1254,220,5,68,2023-01-19,Store Credit,5%,Completed
1255,1138,10,85,12-06-2023,Store Credit,0.0,Returned
1256,245,13,18,"June 01, 2024",,0.15,Completed
1257,38,6,66,07-04-2024,,0.05,Completed
1258,395,4,37,"January 08, 2026",Cash,10%,Completed
1259,695,7,11,10 Dec 2025,CASH,0.0,Completed
1260,78,11,24,2024-12-23,CASH,0.2,Completed
1261,857,1,18,11-03-2026,CASH,20%,Completed
1262,529,3,65,29-12-2024,Store Credit,0.0,Completed
1263,326,1,59,"January 01, 2025",PayPal,10%,Completed
1264,658,10,10,06/09/2026,Credit Card,10%,Completed
1265,532,12,56,2025/07/10,Cash,0.0,Completed
1266,1006,77,66,"June 11, 2026",credit card,5%,Completed
1267,1027,10,87,05-10-2024,none,10%,Completed
1268,1155,6,25,11/01/2025,Credit Card,10%,Completed
1269,556,12,71,04/02/2025,CASH,15%,Completed
1270,1165,6,47,"April 19, 2026",Credit Card,0.0,Completed
1271,410,10,32,21-09-2025,PayPal,0.0,Returned
1272,289,11,82,"November 28, 2024",Cash,0.0,Completed
1273,785,6,49,"December 04, 2023",CASH,5%,Cancelled
1274,893,12,21,09 Jun 2024,Debit Card,0.0,Completed
1275,521,2,69,19-09-2023,credit card,0.0,Completed
1276,1149,77,5,31 Jul 2024,Debit Card,0.0,Completed
1277,931,8,11,09-12-2023,credit card,5%,Completed
1278,792,11,74,2023/07/09,Gift Card,0.0,PENDING
1279,578,12,32,07/02/2026,Cash,5%,Completed
1280,875,8,74,12/06/2026,PayPal,0.05,Completed
1281,279,13,7,2026-07-05,NULL,10%,Completed
1282,506,12,60,,Cash,10%,Completed
1283,975,13,80,2023/07/04,PayPal,0.1,Completed
1284,1212,4,79,30 Jul 2023,Debit  Card,0.0,Completed
1285,934,8,33,2025-07-18,Store Credit,0.0,Completed
1286,191,2,37,2023/01/23,CASH,0.05,Completed
1287,812,12,69,05/19/2023,Credit Card,0.0,Completed
1288,585,8,43,03 Mar 2025,Store Credit,0.15,Completed
1289,1217,5,58,2023/11/28,Gift Card,10%,Completed
1290,698,4,17,20-07-2023,PayPal,5%,Completed
1291,972,10,38,"January 01, 2025",Cash,0.0,Completed
1292,1059,13,56,24 May 2025,Gift Card,0.0,Completed
1293,596,13,82,2025-08-24,Cash,0.0,Completed
1294,898,3,30,2023-07-21,PayPal,20%,Completed
1295,1170,7,18,"November 30, 2025",CASH,0.0,Completed
1296,1153,10,64,"July 17, 2026",Debit Card,0.05,Completed
1297,42,1,71,2025-04-03,PayPal,10%,Completed
1298,853,10,8,29-08-2023,credit card,0.0,Completed
1299,88,10,90,2025/08/16,Credit Card,0.0,Completed
1300,544,11,46,04/06/2024,Debit Card,0.05,Completed
1301,601,12,89,2023/03/16,Debit Card,5%,Completed
1302,407,77,6,"August 27, 2023",Debit  Card,20%,Completed
1303,369,11,28,03/05/2026,credit card,15%,Completed
1304,765,11,58,2026/07/19,Debit Card,0.05,Completed
1305,686,9,62,16-03-2024,Debit  Card,0.0,Completed
1306,964,8,10,"April 29, 2024",Credit Card,0.05,Completed
1307,1181,10,5,2023/03/06,CASH,0.0,Completed
1308,560,8,20,23/05/2024,Cash,0.1,Completed
1309,472,6,50,2025/12/23,Credit Card,0.0,Completed
1310,404,7,74,"April 09, 2025",Debit  Card,0.0,Completed
1311,1003,4,41,2025-07-31,Credit Card,0.1,Completed
1312,459,11,77,2026/02/02,CASH,0.0,Cancelled
1313,148,3,88,16 Nov 2023,Gift Card,0.0,Completed
1314,485,2,74,20-01-2026,CASH,0.0,Completed
1315,1189,77,5,30-05-2023,CASH,5%,Completed
1316,34,1,84,2023-03-14,Credit Card,0.0,Completed
1317,531,1,58,01 Jun 2024,Credit Card,0.05,Completed
1318,1027,2,12,31 Oct 2025,Gift Card,0.0,Completed
1319,976,12,81,26-12-2023,Debit Card,0.25,Completed
1320,335,13,77,16/12/2025,Debit  Card,0.0,Completed
1321,611,9,76,01/09/2023,CASH,0.05,Completed
1322,197,6,38,23/05/2025,NULL,10%,Completed
1323,445,13,90,"October 26, 2023",Gift Card,10%,Completed
1324,41,3,9,30-12-2024,Cash,0.0,Completed
1325,278,12,78,2024/02/02,credit card,0.25,Completed
1326,848,13,11,09-06-2023,Store Credit,0.0,Completed
1327,755,6,17,2025-01-02,CASH,5%,Completed
1328,310,13,19,07/13/2023,Gift Card,0.05,Completed
1329,899,9,79,05-03-2026,CASH,0.0,Returned
1330,841,9,86,04-04-2023,credit card,0.0,Completed
1331,310,9,32,"October 08, 2025",credit card,0.0,Completed
1332,1119,1,70,16-08-2023,Credit Card,0.0,Completed
1333,228,11,2,,Store Credit,0.0,Completed
1334,997,10,63,2024-10-25,Gift Card,10%,Completed
1335,1123,7,49,10/01/2024,credit card,0.0,Completed
1336,616,77,57,06/05/2024,Gift Card,0.0,Completed
1337,303,3,89,"January 15, 2025",Cash,0.0,Completed
1338,994,5,27,28-07-2025,Credit Card,0.05,Completed
1339,594,1,41,07 May 2025,none,15%,Completed
1340,1155,7,21,18/05/2024,Debit  Card,5%,Cancelled
1341,774,1,74,2024-02-14,Store Credit,0.05,Completed
1342,993,12,30,2023/12/28,Store Credit,0.0,Completed
1343,614,9,77,13-09-2024,Debit  Card,5%,Completed
1344,1097,5,34,16/04/2024,Cash,0.0,Completed
1345,1157,6,24,25-11-2023,Gift Card,0.0,Completed
1346,291,4,65,05 Apr 2023,Cash,0.0,Returned
1347,167,9,73,"August 16, 2023",Store Credit,0.1,Completed
1348,384,77,77,28-03-2025,Credit Card,0.0,Completed
1349,233,8,30,29-03-2023,Cash,0.0,Completed
1350,379,5,53,2023-04-23,Debit Card,0.0,Completed
1351,114,13,53,06/29/2026,credit card,0.0,Completed
1352,1199,11,70,"December 16, 2023",Debit Card,0.0,Completed
1353,827,1,68,2023/04/12,Debit  Card,0.0,Completed
1354,300,13,90,27/09/2025,none,0.1,Completed
1355,1190,11,66,28/05/2025,Credit Card,0.1,Completed
1356,1022,9,42,06 Mar 2024,Credit Card,0.15,Completed
1357,746,11,6,"December 21, 2023",Credit Card,0.0,Completed
1358,905,10,30,13-01-2025,Debit Card,0.1,Completed
1359,594,7,31,2025/05/25,credit card,0.0,Completed
1360,940,8,41,2025/01/21,Debit  Card,0.0,Completed
1361,647,9,12,"May 05, 2024",Debit  Card,0.1,completed
1362,1026,5,1,2026/07/09,Store Credit,0.0,Completed
1363,803,6,80,10 Feb 2025,none,5%,Completed
1364,50,6,11,11/08/2024,Debit  Card,0.1,Completed
1365,1096,2,41,2024-10-10,Debit Card,0.0,Returned
1366,684,4,58,2025-11-16,PayPal,0.05,Completed
1367,350,5,11,20 Mar 2023,CASH,0.0,Completed
1368,1084,6,68,"November 14, 2025",Gift Card,0.0,Completed
1369,1057,2,55,24-11-2025,none,0.0,Completed
1370,761,6,73,24 Jan 2023,credit card,0.0,Completed
1371,653,12,82,08/09/2023,credit card,0.05,Completed
1372,367,6,89,2026/06/28,Store Credit,0.1,Completed
1373,1108,6,42,"May 19, 2025",PayPal,5%,Completed
1374,306,1,68,03 Apr 2023,PayPal,0.0,Completed
1375,957,12,39,"February 05, 2026",Cash,5%,Completed
1376,235,2,44,2024-10-09,Gift Card,0.05,Completed
1377,565,8,85,27 Jun 2023,PayPal,5%,Completed
1378,1135,10,18,"May 13, 2025",Credit Card,0.0,Completed
1379,631,10,31,15 Jul 2023,Store Credit,0.0,Returned
1380,462,13,84,06/04/2023,Debit Card,0.0,Completed
1381,667,13,66,2023/09/21,Gift Card,15%,Completed
1382,608,77,83,14 Nov 2023,CASH,5%,Completed
1383,73,13,6,2025/07/23,-,10%,Cancelled
1384,1127,77,70,28 Mar 2026,credit card,0.1,Completed
1385,1179,7,15,20/03/2025,Gift Card,10%,Completed
1386,1209,9,15,"August 26, 2024",Cash,0.15,Completed
1387,1118,5,49,09-01-2025,Credit Card,0.05,Completed
1388,535,7,50,08/15/2024,credit card,25%,Completed
1389,904,7,76,02/17/2023,credit card,5%,Completed
1390,1197,5,63,"May 31, 2026",Store Credit,0.0,Completed
1391,955,4,84,2024-09-11,N/A,0.0,Completed
1392,169,5,33,07 Apr 2023,PayPal,0.0,Completed
1393,380,7,34,2024/07/10,Debit Card,0.0,Completed
1394,1221,5,48,11 Mar 2026,Cash,0.0,Returned
1395,949,9,6,10/29/2023,Credit Card,0.0,Completed
1396,394,8,32,07-11-2025,Debit Card,0.05,Completed
1397,5,12,63,09-07-2026,NULL,0.0,Completed
1398,254,4,46,30/08/2023,Cash,0.0,Completed
1399,882,12,20,2024-07-25,credit card,10%,Completed
1400,1179,11,46,23-05-2024,Debit Card,0.0,Completed
1401,754,7,70,2025/09/24,Store Credit,5%,Completed
1402,899,3,61,2024-08-23,Debit Card,0.0,Completed
1403,1085,2,32,03/18/2024,Debit Card,0.0,Completed
1404,916,12,55,"January 22, 2025",Store Credit,0.0,Completed
1405,600,13,50,23 Nov 2024,PayPal,0.05,Completed
1406,1178,5,35,22/03/2025,Debit  Card,5%,Completed
1407,322,77,52,2025-04-26,credit card,0.0,Completed
1408,900,11,65,02/07/2024,Cash,0.0,Completed
1409,423,77,14,06-11-2023,Credit Card,0.0,Completed
1410,1094,4,25,2025/04/11,Cash,0.0,Completed
1411,825,5,70,"September 29, 2023",Credit Card,10%,Completed
1412,455,9,68,03 Apr 2025,credit card,0.1,Completed
1413,725,5,86,2025-01-16,credit card,0.15,Completed
1414,178,77,41,10 Apr 2026,none,5%,Completed
1415,483,12,49,06/23/2025,CASH,0.0,Completed
1416,294,5,64,22-09-2023,Cash,0.05,Completed
1417,300,77,55,02/25/2025,none,20%,Completed
1418,124,9,38,"April 02, 2025",Debit  Card,0.0,Completed
1419,279,12,79,"May 13, 2024",Debit  Card,15%,Completed
1420,866,9,51,02/07/2024,CASH,0.0,Completed
1421,1142,13,87,02/10/2023,Debit  Card,20%,Completed
1422,929,2,36,2024-10-30,,0.1,Completed
1423,802,3,51,2025/08/04,PayPal,0.1,Completed
1424,669,11,58,"January 24, 2025",Debit Card,0.05,Completed
1425,468,9,16,13 Mar 2024,Gift Card,0.15,Completed
1426,358,13,42,01 Nov 2023,Gift Card,0.0,Cancelled
1427,606,8,48,08/07/2023,PayPal,0.0,Completed
1428,1119,1,8,07/26/2023,PayPal,0.0,Completed
1429,842,10,67,2025/02/03,credit card,0.0,Completed
1430,689,9,32,,Debit  Card,5%,Cancelled
1431,1191,1,25,2023-01-31,Gift Card,0.0,PENDING
1432,1025,1,37,31-03-2024,CASH,0.0,Completed
1433,237,1,11,2025/11/19,Gift Card,0.0,Returned
1434,670,3,1,22 Dec 2023,CASH,0.1,Completed
1435,159,7,36,01/05/2024,Gift Card,0.0,Completed
1436,108,9,20,2025/04/15,Debit  Card,0.0,Completed
1437,605,6,60,2025-11-09,,15%,Completed
1438,24,1,43,2024/01/06,credit card,0.0,Completed
1439,463,6,77,09-01-2023,Debit Card,0.0,Completed
1440,58,3,11,07 Mar 2023,CASH,0.0,Completed
1441,813,7,42,07/03/2023,Gift Card,10%,Completed
1442,909,5,11,2026-06-17,Debit  Card,0.05,Completed
1443,1016,77,88,2024/08/28,credit card,0.05,completed
1444,647,9,60,04 Feb 2024,Store Credit,0.2,Completed
1445,822,77,71,11-12-2024,Cash,15%,Completed
1446,539,2,21,22-09-2025,PayPal,0.0,Completed
1447,153,11,27,09 Oct 2024,PayPal,0.0,Completed
1448,2,11,53,24-01-2024,Credit Card,0.0,Completed
1449,11,4,33,2024-08-07,Debit  Card,0.0,Returned
1450,946,1,50,2024-08-10,Debit Card,0.0,Completed
1451,186,11,67,2024-02-08,Gift Card,0.05,Completed
1452,780,6,55,2026/05/13,credit card,0.0,Completed
1453,817,12,8,07/01/2024,PayPal,0.1,Completed
1454,574,4,35,2023/09/20,Cash,10%,Completed
1455,969,6,38,08 Mar 2026,Store Credit,0.05,Completed
1456,128,11,55,2024-07-10,Cash,0.15,Completed
1457,820,1,29,16-07-2026,Cash,0.05,Completed
1458,305,4,36,2023-12-02,Debit  Card,0.15,Completed
1459,386,13,30,"March 07, 2024",,0.0,Completed
1460,590,2,13,2023/01/31,Cash,5%,Completed
1461,596,11,55,15 Nov 2023,Credit Card,0.1,Completed
1462,94,11,62,15-02-2024,Debit  Card,0.05,Completed
1463,1142,13,68,2023/10/15,credit card,0.0,Cancelled
1464,581,8,40,09/17/2023,credit card,10%,Completed
1465,961,4,56,07/02/2025,Store Credit,0.1,Completed
1466,744,77,31,18 May 2024,,0.0,Completed
1467,439,8,3,"December 22, 2023",CASH,0.0,Completed
1468,551,11,3,10-07-2024,N/A,10%,Completed
1469,1169,3,65,01/09/2023,CASH,0.0,Completed
1470,421,12,78,29/08/2024,Cash,0.05,Completed
1471,552,1,89,14 Apr 2023,CASH,0.1,Completed
1472,54,9,69,"February 25, 2026",Gift Card,0.25,Completed
1473,242,8,75,07 Jan 2025,Debit Card,0.0,Cancelled
1474,380,6,50,,Gift Card,0.0,Completed
1475,879,2,55,12-01-2025,Cash,0.0,Completed
1476,1018,11,11,11/05/2024,Gift Card,0.0,Completed
1477,369,13,13,"February 24, 2024",PayPal,5%,Completed
1478,489,8,34,"March 06, 2023",PayPal,0.0,Completed
1479,675,10,18,29 Apr 2024,Credit Card,0.05,Completed
1480,736,12,88,2024/08/31,Gift Card,0.05,Completed
1481,374,8,27,"January 11, 2023",Cash,0.0,Completed
1482,147,3,75,2024/04/25,Cash,0.0,Completed
1483,219,1,61,2023-05-24,Debit Card,0.0,Completed
1484,1182,5,68,2024-11-21,Debit Card,0.1,Completed
1485,259,3,30,26 Aug 2024,Gift Card,0.15,Completed
1486,972,1,74,05/30/2025,NaN,0.0,Cancelled
1487,1151,8,67,2024-07-10,CASH,0.0,Completed
1488,381,3,49,03 Nov 2023,Gift Card,0.05,Completed
1489,475,2,58,"April 13, 2023",Store Credit,10%,Completed
1490,1107,1,26,2024/02/14,Gift Card,0.0,Completed
1491,428,8,8,14-01-2024,credit card,0.05,Completed
1492,1000,1,2,2024/11/15,Store Credit,0.0,Completed
1493,541,9,13,"January 14, 2026",Debit Card,0.05,Completed
1494,1060,6,8,01-01-2026,Debit  Card,10%,Cancelled
1495,340,6,66,23-09-2025,CASH,0.0,Completed
1496,481,4,5,2025/03/09,Debit  Card,0.0,Completed
1497,823,4,30,2024/03/31,CASH,0.0,PENDING
1498,1209,6,44,01/03/2024,Cash,10%,Completed
1499,117,4,63,07 May 2025,Gift Card,0.0,Completed
1500,433,1,54,2023-11-20,Credit Card,0.0,Returned
1501,1060,3,6,22 Jun 2026,PayPal,0.0,Completed
1502,261,5,56,10-09-2025,credit card,0.05,Completed
1503,673,77,18,02/15/2026,CASH,0.05,Returned
1504,246,3,4,2026/05/14,Credit Card,0.1,Completed
1505,47,77,30,"January 17, 2024",Cash,0.0,Completed
1506,849,9,34,16/10/2023,Store Credit,0.0,Completed
1507,916,5,38,2025-07-14,credit card,25%,Cancelled
1508,758,12,86,2025-10-22,-,0.0,Completed
1509,1021,13,41,2025-10-30,Cash,0.05,Completed
1510,161,5,5,2024/02/03,,0.0,Completed
1511,557,7,46,2023-06-08,Credit Card,0.0,Completed
1512,600,12,53,13/01/2025,Store Credit,0.0,Completed
1513,1097,13,57,,Store Credit,0.0,Completed
1514,578,7,55,11/16/2023,none,0.0,Completed
1515,163,2,65,03 Mar 2025,CASH,0.0,Completed
1516,764,1,72,2025-12-24,PayPal,5%,Completed
1517,45,8,10,2026/05/17,PayPal,10%,Completed
1518,794,4,13,04 Dec 2023,Debit Card,0.05,Completed
1519,940,7,61,2025-01-24,CASH,0.0,Returned
1520,570,7,76,"January 08, 2024",Debit Card,0.0,Completed
1521,1111,4,24,20 Jan 2025,Gift Card,0.05,Completed
1522,557,12,88,"December 18, 2023",Debit Card,0.05,Completed
1523,665,10,12,"June 18, 2024",,10%,Completed
1524,634,7,44,23/01/2023,Gift Card,0.15,Completed
1525,317,11,38,"September 17, 2025",Credit Card,0.05,Completed
1526,500,8,51,27 Dec 2025,PayPal,0.05,Completed
1527,422,8,68,01-07-2025,Cash,0.0,Completed
1528,931,2,55,12/08/2023,CASH,0.0,Completed
1529,820,13,8,10/21/2023,credit card,5%,Completed
1530,259,6,74,13/02/2025,Debit  Card,0.05,Completed
1531,1088,13,46,2024-10-15,Credit Card,0.0,Completed
1532,894,12,28,17 Jun 2023,CASH,0.1,Completed
1533,569,13,58,2025-08-01,none,0.0,Completed
1534,959,1,18,2025/08/02,Cash,0.2,Cancelled
1535,525,10,37,"October 13, 2023",Store Credit,0.0,Completed
1536,271,6,50,21-01-2025,Store Credit,25%,Completed
1537,690,12,86,02 Dec 2025,CASH,5%,Completed
1538,557,3,1,"April 18, 2025",credit card,0.1,Completed
1539,921,3,61,2026/02/25,Debit Card,0.15,Completed
1540,1040,9,64,30-01-2025,Debit Card,0.0,Completed
1541,874,77,52,"May 03, 2026",-,0.0,Completed
1542,952,7,88,11 May 2023,PayPal,15%,Completed
1543,116,8,78,07/25/2023,Debit  Card,0.1,Completed
1544,1077,5,18,"June 16, 2026",Cash,0.0,Completed
1545,878,10,43,07/26/2026,credit card,0.0,Completed
1546,203,7,78,2025-09-19,Debit  Card,0.0,Completed
1547,110,8,86,04 Aug 2024,PayPal,0.0,Completed
1548,290,4,62,"March 21, 2023",Debit Card,0.0,Completed
1549,577,2,71,2023/08/15,credit card,0.0,Completed
1550,242,11,89,27-01-2026,Credit Card,0.0,PENDING
1551,1111,3,71,20/09/2025,credit card,0.0,Completed
1552,169,11,19,17 Sep 2024,Credit Card,0.0,Completed
1553,789,7,88,"January 29, 2024",PayPal,0.0,Completed
1554,426,12,62,16-01-2026,Debit Card,0.0,Completed
1555,497,8,62,29-03-2024,Credit Card,0.0,Completed
1556,368,77,58,10/01/2024,Gift Card,0.0,Completed
1557,733,1,43,"July 15, 2025",Debit Card,0.0,Completed
1558,626,11,90,"June 22, 2024",Debit  Card,0.05,Completed
1559,493,12,66,15 Mar 2024,Cash,0.15,Completed
1560,894,8,22,"November 10, 2025",CASH,0.05,Completed
1561,604,1,57,"June 22, 2023",CASH,0.0,Cancelled
1562,781,6,24,11/10/2025,Gift Card,10%,Completed
1563,289,1,37,18/02/2023,Cash,0.0,Completed
1564,574,4,89,14/01/2023,credit card,0.0,Returned
1565,597,10,51,"January 29, 2024",Gift Card,0.0,Returned
1566,163,1,15,09/01/2025,Gift Card,0.1,Completed
1567,449,8,8,2026/01/11,Debit  Card,0.05,Completed
1568,924,6,54,2024-05-12,Debit Card,0.2,Completed
1569,912,4,59,2023/03/25,Credit Card,0.0,Completed
1570,12,2,85,08/02/2025,Cash,15%,Cancelled
1571,324,77,21,2023-10-19,CASH,0.2,Completed
1572,686,5,89,2023/03/13,credit card,0.05,Cancelled
1573,555,4,44,05/02/2023,Cash,5%,Completed
1574,64,13,5,16-03-2026,Gift Card,20%,Completed
1575,1172,6,79,2026/02/15,CASH,0.2,Cancelled
1576,987,7,77,20-05-2023,Debit  Card,0.1,Completed
1577,855,1,42,13/10/2025,Debit Card,0.0,Completed
1578,560,3,23,24/09/2023,PayPal,0.0,Completed
1579,850,13,15,01-02-2026,Cash,0.1,Completed
1580,1022,2,15,10/03/2024,Credit Card,0.0,Completed
1581,155,10,64,28/05/2024,Credit Card,0.05,Completed
1582,1124,7,42,2024-04-09,PayPal,15%,Completed
1583,282,10,34,2025/07/11,Credit Card,0.1,Completed
1584,710,77,6,2024/05/26,Store Credit,0.0,Cancelled
1585,363,7,66,2024-03-07,PayPal,0.0,Completed
1586,1154,11,65,2024-03-16,Debit  Card,0.0,Completed
1587,161,8,84,03-06-2025,Gift Card,0.0,Completed
1588,316,11,29,07/09/2024,Cash,0.05,Completed
1589,249,77,59,04/01/2023,-,10%,Completed
1590,937,6,15,,Debit  Card,0.1,Completed
1591,367,9,37,"June 20, 2026",CASH,25%,Completed
1592,94,7,55,04/13/2023,Debit Card,0.0,Completed
1593,1201,77,16,18 Jan 2025,Debit Card,0.0,Completed
1594,362,12,47,13 Oct 2023,Debit  Card,0.05,Completed
1595,112,9,87,31-03-2023,PayPal,5%,Completed
1596,801,10,69,2025/07/10,Debit Card,0.25,Completed
1597,265,1,69,,Store Credit,0.0,Completed
1598,1006,77,85,2023/09/04,Debit Card,0.0,Completed
1599,816,12,31,26-06-2025,credit card,0.0,Completed
1600,652,2,51,2024/06/01,CASH,0.0,Completed
1601,712,9,51,2023-10-16,Debit Card,0.15,Completed
1602,770,9,63,04/05/2023,Debit Card,0.0,Completed
1603,95,13,71,04-05-2026,Credit Card,0.25,Completed
1604,949,77,27,19/12/2024,Cash,0.1,Completed
1605,410,11,37,2023/03/04,Credit Card,0.15,Completed
1606,600,9,37,2023/09/25,Gift Card,0.25,Completed
1607,567,7,8,2026/03/07,NaN,0.0,Completed
1608,1017,1,50,06/09/2023,credit card,0.0,Completed
1609,579,8,79,2024/06/15,Store Credit,0.25,Completed
1610,963,1,17,02 May 2026,Debit  Card,0.0,Completed
1611,386,1,88,24 Aug 2025,Credit Card,20%,Completed
1612,1118,6,63,"February 13, 2023",Credit Card,0.0,Completed
1613,630,1,49,2023-11-21,Debit  Card,0.0,Completed
1614,377,1,48,09-02-2024,credit card,0.05,Completed
1615,675,3,33,"January 18, 2024",Debit  Card,0.0,completed
1616,708,1,47,2023/12/12,Cash,0.0,Completed
1617,180,9,4,09/29/2023,Credit Card,0.0,Returned
1618,7,8,34,21-05-2023,Cash,5%,Completed
1619,436,4,20,29 Jan 2024,CASH,0.0,Completed
1620,1196,5,58,2025-05-15,Debit Card,0.0,Completed
1621,418,10,7,21/07/2025,Credit Card,0.0,Completed
1622,253,4,62,06/26/2024,credit card,0.0,Completed
1623,1163,4,56,25-08-2025,Gift Card,0.0,Completed
1624,400,2,85,"May 30, 2025",PayPal,0.0,Completed
1625,241,6,5,08-05-2025,CASH,0.1,Completed
1626,221,9,58,16 Oct 2025,Gift Card,0.05,Completed
1627,95,3,26,12/06/2024,Gift Card,0.0,Completed
1628,491,2,85,2023-02-06,Debit Card,5%,Completed
1629,50,13,40,21/12/2024,CASH,0.0,Completed
1630,1024,11,20,22/03/2026,Store Credit,0.0,Cancelled
1631,415,7,65,05/24/2026,Store Credit,0.0,Completed
1632,1077,3,26,2024-02-14,Cash,0.0,PENDING
1633,1111,3,38,12-07-2025,Cash,0.0,Returned
1634,284,2,1,2023/07/03,CASH,0.05,Completed
1635,1081,11,23,"January 27, 2026",none,0.05,Completed
1636,818,77,65,05/12/2024,Debit  Card,0.05,Completed
1637,335,6,22,2025-01-30,CASH,5%,Completed
1638,921,10,18,"March 07, 2023",Debit  Card,0.0,Completed
1639,445,2,6,2026/03/02,Credit Card,0.05,Returned
1640,709,12,34,"May 03, 2025",Credit Card,0.0,Completed
1641,557,9,32,"April 23, 2025",CASH,0.0,Completed
1642,278,7,8,"June 22, 2026",Credit Card,0.0,Completed
1643,850,5,8,25/07/2024,PayPal,0.0,Completed
1644,1022,12,72,01/09/2024,credit card,0.0,Completed
1645,899,2,17,30/08/2024,Credit Card,0.0,Completed
1646,684,13,41,2023/09/03,Debit  Card,0.0,Completed
1647,343,2,62,18/02/2023,PayPal,5%,Completed
1648,403,77,15,2023/09/29,Credit Card,0.0,Completed
1649,979,7,56,20/02/2024,Store Credit,0.0,Returned
1650,519,1,15,22/07/2023,Debit Card,0.0,Completed
1651,995,9,85,01-12-2024,credit card,0.0,Completed
1652,539,6,72,10/29/2025,Credit Card,0.1,Completed
1653,861,8,79,23-04-2024,PayPal,0.0,Completed
1654,898,12,30,03/03/2023,Debit Card,0.05,Completed
1655,1075,7,18,2023/07/31,Store Credit,0.0,Completed
1656,845,7,12,30-12-2024,Store Credit,0.0,Returned
1657,412,8,84,"May 17, 2026",Debit Card,0.15,Completed
1658,749,1,83,04 Jul 2024,CASH,0.0,Completed
1659,800,11,5,17 Mar 2024,Credit Card,0.05,Completed
1660,14,1,77,"August 08, 2024",credit card,0.0,Returned
1661,510,1,7,15 Mar 2024,CASH,0.0,Completed
1662,1006,12,39,12 Feb 2026,Credit Card,0.15,Completed
1663,268,6,86,18/04/2026,Gift Card,0.05,Completed
1664,407,3,14,28/07/2023,none,0.0,Completed
1665,1090,11,86,20 Sep 2023,Debit  Card,0.0,Completed
1666,518,1,82,10-11-2024,Debit Card,0.0,Completed
1667,862,13,33,20 Jul 2023,CASH,0.0,Returned
1668,730,1,41,2025/11/01,PayPal,25%,PENDING
1669,31,3,66,2023/01/13,Store Credit,0.0,Completed
1670,736,10,82,2023/01/22,Debit Card,0.15,Completed
1671,706,6,21,06 Mar 2024,Debit Card,0.2,Completed
1672,203,7,36,2025/01/18,Debit Card,10%,Completed
1673,572,5,83,05/21/2023,PayPal,10%,Completed
1674,878,8,89,24-09-2023,Debit  Card,5%,Completed
1675,806,12,36,13 Jan 2023,Store Credit,0.15,Completed
1676,211,10,2,29 Jan 2023,NaN,0.0,Completed
1677,1145,5,38,"September 15, 2023",Gift Card,0.25,Completed
1678,269,2,17,"June 16, 2024",Debit  Card,0.05,Completed
1679,369,5,67,29/07/2024,Cash,5%,Completed
1680,1083,12,34,15/08/2025,credit card,0.0,Completed
1681,457,5,27,10/06/2023,Credit Card,15%,Completed
1682,444,2,31,21-03-2026,Debit  Card,0.05,Completed
1683,552,77,42,2025/10/19,Cash,0.05,Completed
1684,207,13,10,2024/04/21,Store Credit,0.0,Completed
1685,1016,9,65,30/11/2025,Credit Card,0.05,Completed
1686,58,8,4,2024/07/24,CASH,0.05,Completed
1687,446,3,57,11 Jul 2024,Gift Card,0.0,Completed
1688,314,1,64,2025-10-09,Debit  Card,5%,PENDING
1689,495,8,78,03/06/2025,Gift Card,0.15,Completed
1690,400,7,73,29-03-2024,PayPal,0.1,Completed
1691,1201,9,87,2025/11/28,Debit Card,0.0,Completed
1692,301,12,78,2023-11-22,credit card,0.0,Completed
1693,340,8,37,03/09/2025,Cash,0.0,Completed
1694,459,4,27,15 Aug 2023,Gift Card,0.0,Completed
1695,612,77,64,17 Apr 2025,CASH,0.0,Completed
1696,778,6,81,2023-10-02,Credit Card,0.0,Completed
1697,631,11,79,"April 13, 2023",Debit  Card,10%,Completed
1698,248,11,17,2026-03-25,CASH,20%,Completed
1699,6,6,28,"April 02, 2026",Gift Card,0.15,Completed
1700,1179,77,88,16-08-2025,CASH,0.0,Completed
1701,1056,11,79,26-12-2024,Debit Card,0.0,Completed
1702,423,9,63,04/12/2023,Gift Card,0.0,Completed
1703,614,5,84,"September 28, 2024",CASH,0.05,Completed
1704,1177,13,84,"November 03, 2023",NaN,0.0,Returned
1705,289,13,64,10/10/2023,Gift Card,0.0,Completed
1706,679,1,83,"July 24, 2025",Debit Card,0.0,Completed
1707,243,13,4,25/05/2026,Debit Card,20%,Completed
1708,1186,2,36,2023-06-22,CASH,0.0,Completed
1709,771,13,2,15-06-2023,Gift Card,0.2,Completed
1710,167,1,24,2024/01/22,PayPal,0.0,Completed
1711,809,6,59,30/03/2023,Debit  Card,0.15,Completed
1712,121,6,1,22 Jun 2026,Debit Card,0.0,Completed
1713,609,77,55,28/01/2025,Credit Card,10%,Completed
1714,769,77,43,25 Aug 2025,Credit Card,0.0,Completed
1715,607,3,70,2026-07-28,CASH,0.05,Completed
1716,1179,13,84,2025-10-02,Credit Card,0.0,Completed
1717,112,4,56,2023-04-29,PayPal,0.1,Completed
1718,1176,11,88,2025-07-25,PayPal,0.0,Completed
1719,794,11,7,2026-06-03,Debit Card,5%,Completed
1720,1048,4,3,13-05-2025,Debit  Card,0.05,Completed
1721,1042,9,20,22/06/2023,Store Credit,0.0,Completed
1722,883,3,58,2023/03/10,,0.25,Completed
1723,902,2,42,02-05-2024,Credit Card,0.0,PENDING
1724,443,7,58,27 Jul 2024,credit card,0.15,Completed
1725,1069,2,36,20-02-2026,CASH,0.0,Completed
1726,244,11,31,"June 23, 2024",PayPal,0.0,Completed
1727,444,11,14,20/12/2025,Store Credit,0.0,Completed
1728,129,6,14,12 May 2025,none,5%,Completed
1729,623,7,40,2024/12/14,Store Credit,0.0,Completed
1730,457,10,33,2025-08-10,Cash,0.15,Completed
1731,889,13,69,04/06/2026,Credit Card,5%,Completed
1732,1071,2,38,21/12/2025,CASH,0.0,Completed
1733,956,11,20,13/09/2024,Debit  Card,10%,Cancelled
1734,702,12,67,2025/04/10,Credit Card,10%,Completed
1735,993,12,88,10/08/2024,PayPal,0.05,Completed
1736,121,4,11,12/12/2025,Cash,0.0,Completed
1737,892,3,20,24/06/2024,CASH,0.05,Cancelled
1738,554,10,45,23-03-2025,Cash,0.15,Completed
1739,21,3,52,12/22/2025,Debit Card,0.0,Completed
1740,970,1,69,06/05/2026,Store Credit,0.0,Completed
1741,739,12,48,27 Aug 2023,Debit Card,0.0,Completed
1742,9,2,16,"December 11, 2023",PayPal,0.0,Completed
1743,760,77,14,19-05-2024,Gift Card,0.0,Returned
1744,964,6,2,2025-04-14,Debit  Card,5%,Completed
1745,655,3,88,24-10-2023,Debit Card,25%,Completed
1746,716,13,62,12/02/2026,Debit Card,0.1,Completed
1747,457,6,3,29-07-2024,credit card,0.0,Completed
1748,625,13,67,26 Oct 2025,Store Credit,0.0,Completed
1749,749,12,45,04 Sep 2024,none,0.05,Completed
1750,323,11,82,07/13/2023,,0.0,Completed
1751,1103,3,87,2024/10/22,Cash,0.0,PENDING
1752,765,77,3,2026/04/30,Debit  Card,0.0,completed
1753,441,77,39,23/08/2023,Debit  Card,0.1,Completed
1754,1116,9,90,02/18/2024,Debit  Card,5%,Completed
1755,968,1,68,22-02-2023,Gift Card,0.0,Completed
1756,1195,9,10,01 Jun 2026,Gift Card,0.1,Completed
1757,800,13,43,17 Oct 2025,Debit  Card,0.0,Completed
1758,591,6,15,03/23/2024,-,0.0,Completed
1759,575,13,53,05/29/2024,CASH,0.1,Completed
1760,917,2,72,2024/11/27,CASH,0.05,Completed
1761,415,10,77,2025/07/18,Store Credit,0.0,Completed
1762,289,2,49,08/04/2026,Credit Card,0.0,Completed
1763,1039,6,90,08/03/2025,CASH,0.0,Completed
1764,738,7,77,07/12/2023,credit card,0.0,Completed
1765,786,10,39,"November 19, 2023",Store Credit,0.0,Completed
1766,4,11,71,22/11/2023,Credit Card,0.15,Completed
1767,8,8,13,09/02/2023,none,0.0,Completed
1768,1040,11,43,18 Jan 2025,PayPal,0.25,Completed
1769,276,13,15,2026/05/12,Debit  Card,10%,Completed
1770,436,77,72,2025/11/02,Cash,10%,Completed
1771,624,4,66,"May 11, 2023",Debit  Card,0.15,Completed
1772,770,9,999,"April 21, 2023",Credit Card,10%,Completed
1773,968,5,60,07/02/2026,Cash,0.0,Cancelled
1774,731,10,89,06/05/2023,Gift Card,0.0,Completed
1775,1081,2,58,08/20/2024,Debit Card,10%,Completed
1776,1116,9,12,11/01/2024,Credit Card,0.15,Completed
1777,536,2,49,04/11/2023,Cash,0.0,Completed
1778,20,10,45,,Cash,0.0,Completed
1779,371,13,42,06/17/2025,Gift Card,0.0,Completed
1780,441,11,58,2024/06/26,Store Credit,20%,Completed
1781,1223,5,1,"April 13, 2026",CASH,0.0,Completed
1782,826,1,60,2025/03/12,PayPal,0.0,Completed
1783,1171,9,1,2025/05/23,credit card,0.0,Cancelled
1784,743,1,15,08-03-2026,NaN,0.2,Completed
1785,245,8,32,18 Mar 2026,credit card,0.0,Completed
1786,258,1,76,"August 16, 2024",Debit Card,0.0,Completed
1787,634,2,82,06/03/2023,CASH,10%,Completed
1788,103,4,50,11-12-2025,Debit  Card,0.0,Completed
1789,208,10,41,,Store Credit,15%,Completed
1790,773,8,47,02/17/2023,Cash,0.0,Completed
1791,37,4,74,01 Apr 2025,credit card,0.0,Completed
1792,595,7,37,22 Oct 2023,Credit Card,5%,Completed
1793,195,7,45,2023-07-17,CASH,0.0,Completed
1794,230,77,63,2023-05-16,Debit Card,10%,Returned
1795,970,11,46,21/06/2026,Debit Card,10%,Completed
1796,1056,11,37,16-03-2025,CASH,0.25,Completed
1797,1143,77,82,,Credit Card,0.0,Cancelled
1798,1139,8,11,2023/08/21,credit card,0.15,Completed
1799,605,2,33,20 Feb 2024,Debit  Card,0.0,Returned
1800,897,5,44,01-03-2026,NaN,0.0,Cancelled
1801,102,3,81,"September 24, 2025",credit card,5%,Completed
1802,646,7,33,06-10-2024,Gift Card,0.0,Completed
1803,51,10,67,"August 14, 2023",Cash,20%,Completed
1804,609,8,6,,PayPal,0.0,Completed
1805,877,1,22,10/04/2024,Cash,0.0,Completed
1806,922,7,24,21-05-2024,PayPal,0.25,Completed
1807,545,11,5,"November 29, 2023",Credit Card,0.0,Completed
1808,1136,3,71,15 Oct 2023,CASH,0.0,Returned
1809,54,13,70,15-08-2024,CASH,0.0,Completed
1810,125,13,49,02/08/2023,CASH,0.0,Completed
1811,729,7,22,15-04-2024,Credit Card,0.0,Completed
1812,627,4,74,2024-01-13,Debit Card,5%,Completed
1813,296,9,45,07/08/2023,Store Credit,0.05,Completed
1814,684,3,2,2024/05/05,Store Credit,0.0,Completed
1815,1156,2,69,06 May 2024,N/A,10%,Completed
1816,421,13,78,23-02-2024,none,0.1,Completed
1817,31,12,86,"November 24, 2025",-,0.05,Completed
1818,973,8,52,"February 10, 2025",Cash,0.05,Completed
1819,1003,2,75,23-04-2025,PayPal,0.0,Completed
1820,51,77,56,14-01-2026,Gift Card,0.05,Completed
1821,965,4,71,2023/09/09,credit card,5%,Completed
1822,1015,7,78,"September 12, 2023",CASH,0.0,Completed
1823,337,12,61,18/08/2025,Credit Card,0.0,Completed
1824,162,10,86,22-06-2025,Cash,25%,Completed
1825,479,5,25,01 Dec 2025,Gift Card,0.0,Completed
1826,1039,8,50,2023/09/22,N/A,0.1,Completed
1827,178,10,14,01/14/2024,Gift Card,0.0,Completed
1828,513,12,85,01/30/2024,Cash,0.0,Completed
1829,589,2,25,18 Feb 2026,CASH,0.0,Completed
1830,255,2,14,12/23/2025,Credit Card,10%,Completed
1831,1104,8,30,02-02-2024,credit card,10%,Completed
1832,626,8,25,"January 02, 2026",credit card,0.0,Completed
1833,474,8,82,"October 13, 2024",PayPal,10%,Completed
1834,256,5,71,2025-02-20,CASH,0.05,Completed
1835,1064,9,7,2026-04-18,Store Credit,0.15,Completed
1836,266,5,37,"January 16, 2023",Debit Card,0.2,Completed
1837,538,12,49,08/29/2024,CASH,0.0,Completed
1838,1156,4,89,11/15/2025,Debit Card,0.0,Completed
1839,15,5,44,2023/01/14,Store Credit,0.0,Completed
1840,1163,2,84,"May 03, 2024",Debit Card,0.0,Completed
1841,834,9,13,2025/06/10,Debit Card,0.0,Completed
1842,999,13,90,26-09-2025,Gift Card,10%,Completed
1843,1032,9,32,12/06/2025,Cash,0.0,Completed
1844,501,9,40,04/04/2023,NaN,0.0,Completed
1845,9999,1,61,"September 26, 2025",Store Credit,0.0,Completed
1846,63,4,76,"February 13, 2024",Store Credit,0.0,Completed
1847,454,10,83,25 Oct 2025,Credit Card,0.05,Completed
1848,377,13,58,"August 07, 2024",credit card,0.05,Completed
1849,864,10,67,12/02/2023,Credit Card,10%,Completed
1850,1048,7,13,2025/07/05,Debit Card,15%,Completed
1851,797,8,71,26/08/2023,Credit Card,0.0,Completed
1852,159,77,20,11/07/2024,Cash,0.05,Completed
1853,325,1,72,08/05/2025,PayPal,0.0,Completed
1854,439,77,58,2023-07-28,Debit  Card,0.05,Completed
1855,267,13,58,19 Feb 2026,Gift Card,0.0,Completed
1856,680,11,9,"August 25, 2025",Credit Card,0.1,Completed
1857,598,2,90,24/06/2024,CASH,0.0,Completed
1858,506,8,48,16-12-2023,credit card,0.0,Completed
1859,987,12,64,"August 13, 2024",PayPal,15%,Completed
1860,848,2,69,2024/10/11,Gift Card,0.25,Completed
1861,1159,3,25,21-02-2024,Debit Card,0.1,Completed
1862,374,6,50,11/08/2023,Store Credit,0.0,Completed
1863,1204,9,70,2026/04/05,Credit Card,0.15,Completed
1864,842,4,21,"January 10, 2025",Credit Card,5%,Completed
1865,185,11,21,2023-01-23,Store Credit,0.0,Completed
1866,247,1,68,"April 16, 2023",Debit  Card,0.0,Completed
1867,1016,77,65,06/05/2024,Debit Card,0.0,Completed
1868,965,13,47,2024-12-09,CASH,5%,Completed
1869,655,8,39,2023-07-04,Credit Card,5%,Completed
1870,7,13,44,27-02-2025,Debit  Card,0.0,Completed
1871,582,2,7,06/02/2023,CASH,5%,Completed
1872,137,11,44,2024-04-26,Debit Card,0.0,Completed
1873,772,10,60,08/04/2025,Gift Card,10%,Completed
1874,793,77,80,25 Jul 2023,credit card,25%,Completed
1875,788,9,25,12-02-2025,Gift Card,0.0,Completed
1876,323,77,81,"June 02, 2023",CASH,0.0,Completed
1877,237,9,60,2024-02-25,PayPal,0.1,Completed
1878,457,5,68,2026/02/02,CASH,0.0,Completed
1879,494,77,58,2026/04/27,Gift Card,0.05,Completed
1880,597,5,28,19 Jun 2024,Gift Card,20%,Completed
1881,663,6,57,24/02/2023,Debit Card,0.05,Completed
1882,1141,8,17,10/02/2025,credit card,20%,Completed
1883,406,8,90,17 Feb 2024,Credit Card,0.0,Completed
1884,995,8,62,17 May 2025,Gift Card,0.2,Completed
1885,272,5,77,28/01/2025,Debit  Card,0.0,Completed
1886,1194,2,17,2023/10/31,Credit Card,0.0,Completed
1887,569,5,27,15 Nov 2023,Debit  Card,0.05,Completed
1888,248,4,87,"May 22, 2025",CASH,0.0,Completed
1889,1195,7,78,26/11/2025,Gift Card,0.15,Completed
1890,609,2,70,2025/04/22,PayPal,5%,Completed
1891,597,5,60,13-08-2023,PayPal,0.0,Completed
1892,984,9,53,23 Mar 2025,Debit Card,0.0,Completed
1893,113,8,41,2024-01-23,PayPal,0.25,Completed
1894,920,9,22,23-09-2025,CASH,0.25,Completed
1895,236,11,3,23/08/2023,-,0.05,Completed
1896,61,2,25,17 Jul 2024,Debit Card,0.05,Completed
1897,926,77,79,10 Apr 2023,PayPal,0.2,Completed
1898,502,2,62,15/05/2025,CASH,10%,Completed
1899,1081,7,9,"March 24, 2025",CASH,0.0,Completed
1900,496,1,26,2023/02/05,Store Credit,0.0,Completed
1901,518,7,51,22/05/2025,Credit Card,0.0,Completed
1902,609,5,32,19-03-2024,Cash,0.1,Completed
1903,779,3,7,2023/09/11,Debit Card,0.15,Completed
1904,522,9,21,"August 02, 2025",Debit Card,0.05,Completed
1905,790,6,4,"October 19, 2023",CASH,0.0,Completed
1906,164,10,22,03-12-2024,Debit Card,15%,Completed
1907,558,2,41,2026/01/15,Debit Card,5%,Completed
1908,191,11,23,26 Feb 2023,Gift Card,0.0,Completed
1909,674,7,79,18-01-2025,PayPal,0.0,Completed
1910,775,2,54,"January 16, 2026",credit card,0.15,Completed
1911,134,1,28,20/10/2023,Gift Card,0.0,Completed
1912,755,77,18,2026/01/21,credit card,0.0,Completed
1913,262,77,85,25-03-2023,CASH,10%,Completed
1914,534,5,87,18 Apr 2025,Store Credit,0.0,Completed
1915,1045,10,15,08/19/2023,credit card,0.15,Completed
1916,369,6,81,"July 18, 2023",CASH,0.1,Completed
1917,1017,12,66,"May 24, 2026",PayPal,0.0,Completed
1918,683,77,10,14/08/2023,PayPal,0.0,Completed
1919,650,1,48,2023/04/10,PayPal,0.05,Completed
1920,646,13,35,04/09/2025,Credit Card,0.0,Completed
1921,223,2,80,29/10/2024,Gift Card,0.2,Completed
1922,489,13,1,04-04-2026,Gift Card,0.0,Completed
1923,513,5,17,2023-05-28,Credit Card,0.05,Completed
1924,432,2,74,"May 01, 2024",Debit  Card,0.0,Completed
1925,701,11,25,20-07-2023,Gift Card,0.05,Completed
1926,326,7,19,2024/07/22,credit card,0.0,Returned
1927,784,77,19,28/06/2024,credit card,15%,Completed
1928,450,77,30,10/13/2024,-,0.05,Completed
1929,1105,9,66,06/07/2024,Store Credit,0.0,Completed
1930,1159,6,62,"March 12, 2026",Debit  Card,0.0,Completed
1931,146,9,78,"May 16, 2023",Store Credit,0.05,Completed
1932,37,77,58,2025/01/30,credit card,10%,Completed
1933,958,1,27,23 Nov 2024,Store Credit,0.15,Completed
1934,673,1,75,09/12/2023,credit card,5%,Completed
1935,260,1,33,02/12/2024,PayPal,0.0,Completed
1936,817,77,34,05/23/2024,N/A,15%,Completed
1937,524,77,35,"July 14, 2026",Debit  Card,0.0,Completed
1938,1,2,9,05/09/2025,Debit Card,0.0,Cancelled
1939,148,12,51,28/12/2025,Cash,0.05,Completed
1940,804,7,85,29/05/2025,Gift Card,0.0,Completed
1941,861,6,18,2023-02-25,,0.25,Completed
1942,792,2,82,05/21/2024,Credit Card,15%,Cancelled
1943,605,2,50,2025-01-13,Store Credit,0.15,Completed
1944,304,9,85,10/17/2024,PayPal,0.0,Completed
1945,576,8,15,01/05/2026,Debit  Card,0.0,Completed
1946,929,9,69,"July 31, 2024",none,15%,Completed
1947,53,9,85,"November 15, 2024",Credit Card,0.0,Completed
1948,935,1,45,2023/11/16,CASH,10%,Completed
1949,759,8,47,2024/02/14,Gift Card,0.0,Completed
1950,656,11,76,"March 03, 2024",Cash,0.1,Completed
1951,1195,13,80,2025/08/19,Debit  Card,0.1,Completed
1952,824,6,21,,credit card,0.0,Completed
1953,435,1,34,08/06/2024,NULL,0.05,Completed
1954,960,6,44,19 May 2026,CASH,0.0,Completed
1955,184,7,27,05 Jun 2024,Debit Card,5%,Completed
1956,108,4,45,02/10/2024,CASH,5%,Completed
1957,60,9,7,30 Aug 2025,Credit Card,0.1,Completed
1958,880,12,11,16-02-2025,PayPal,0.0,Completed
1959,815,6,88,2025-08-03,Cash,0.1,Completed
1960,829,9,14,12 Oct 2023,Debit  Card,0.0,Returned
1961,478,6,17,05/09/2025,Debit  Card,0.0,Completed
1962,14,7,69,2023/05/26,PayPal,0.0,Completed
1963,482,6,78,07/03/2023,Debit  Card,0.1,Completed
1964,354,6,59,"April 28, 2026",Debit  Card,0.0,Completed
1965,453,11,74,2025-11-21,Gift Card,0.0,Cancelled
1966,511,11,62,2023/08/22,Credit Card,10%,Completed
1967,127,11,57,10 Sep 2023,Cash,0.1,Returned
1968,456,3,29,01/23/2023,credit card,0.0,Completed
1969,188,6,82,2025/06/19,Gift Card,0.2,Completed
1970,597,2,51,"March 01, 2023",Credit Card,0.0,Completed
1971,1043,2,42,2023/08/01,NaN,0.1,Completed
1972,720,2,82,27 Nov 2023,Gift Card,5%,Completed
1973,1081,1,89,2023/10/11,Gift Card,0.25,Completed
1974,534,2,11,"June 23, 2026",Debit  Card,0.0,Completed
1975,834,5,64,03/01/2024,Store Credit,0.0,Completed
1976,990,1,78,25-09-2024,Cash,0.1,Completed
1977,1207,1,72,28/10/2024,Debit Card,0.0,Returned
1978,458,2,24,22 Feb 2026,Store Credit,0.0,Completed
1979,825,4,35,05 Oct 2025,PayPal,0.0,completed
1980,872,6,999,02 Jul 2025,CASH,0.0,Completed
1981,236,7,76,2023-05-27,Gift Card,0.0,Completed
1982,1134,5,42,06 Sep 2024,,0.0,Completed
1983,901,5,88,13/03/2025,CASH,0.0,Completed
1984,611,2,29,20/07/2023,Credit Card,5%,Completed
1985,403,6,78,19 Sep 2025,Debit Card,0.0,Completed
1986,588,77,70,,Gift Card,5%,Completed
1987,634,2,63,2025-02-14,PayPal,0.0,Completed
1988,1186,11,14,10/03/2025,Gift Card,0.0,Completed
1989,163,11,22,20 Jan 2025,credit card,0.1,Completed
1990,17,11,13,18/11/2024,Debit  Card,0.0,Returned
1991,789,11,65,2025-04-30,Cash,25%,Completed
1992,999,10,33,2024-11-01,Store Credit,0.0,Completed
1993,1160,11,6,"September 17, 2023",CASH,15%,Completed
1994,68,3,89,08/17/2025,CASH,0.05,Completed
1995,266,9,2,26-01-2023,CASH,15%,Completed
1996,28,9,2,2023-10-14,Store Credit,0.0,Completed
1997,15,12,32,"July 17, 2024",Debit Card,0.0,Completed
1998,1073,12,62,2024/06/18,Debit Card,0.05,Completed
1999,391,1,59,20 Aug 2025,CASH,0.0,Completed
2000,341,4,11,08/30/2025,Cash,5%,Completed
2001,139,10,72,07/10/2025,Debit  Card,0.0,Completed
2002,342,77,89,2023/03/23,Store Credit,0.05,Completed
2003,487,5,75,"March 29, 2024",Store Credit,0.0,Completed
2004,664,6,78,2023/09/14,Gift Card,0.0,Completed
2005,1075,9,45,2023/07/30,Gift Card,0.0,Completed
2006,1057,77,78,2024-03-15,credit card,0.0,Returned
2007,1000,6,27,2024-12-10,PayPal,0.0,Completed
2008,117,13,87,04/09/2023,Debit  Card,0.15,Completed
2009,322,11,6,"May 06, 2023",Cash,0.0,Completed
2010,1109,2,10,2024/02/24,Debit Card,0.05,Completed
2011,1057,5,69,02 Mar 2023,Credit Card,10%,Completed
2012,377,9,67,2025-11-22,Debit  Card,25%,completed
2013,115,9,82,2023-12-19,Debit  Card,5%,Completed
2014,660,8,42,02-03-2026,credit card,0.05,Returned
2015,766,77,82,19-03-2026,CASH,0.0,Completed
2016,3,2,44,12/18/2024,CASH,0.05,Completed
2017,384,5,80,2023/01/03,N/A,0.05,Completed
2018,82,7,84,08 Apr 2024,CASH,0.0,Returned
2019,969,12,63,18/06/2025,PayPal,0.15,Completed
2020,112,11,69,"April 22, 2026",Credit Card,0.0,Completed
2021,117,1,999,04/01/2026,PayPal,0.05,Completed
2022,1035,1,34,03/14/2025,NaN,15%,Completed
2023,706,8,32,"May 11, 2025",Debit Card,0.0,Completed
2024,775,6,58,"January 06, 2025",CASH,0.0,Returned
2025,1108,6,4,"March 08, 2025",Debit  Card,0.1,Completed
2026,635,77,66,03/19/2023,credit card,0.0,Completed
2027,543,6,32,06/03/2024,PayPal,0.0,Cancelled
2028,587,5,59,29-06-2025,-,0.0,Completed
2029,435,13,26,2023/08/03,Cash,0.0,Completed
2030,1210,7,83,19 Aug 2024,credit card,0.0,Completed
2031,1155,5,21,07/23/2024,Gift Card,0.0,Completed
2032,592,2,79,15/11/2023,Cash,0.05,Completed
2033,222,12,89,24 Oct 2023,Gift Card,0.0,Completed
2034,1118,10,1,06/01/2026,Cash,0.15,Completed
2035,852,10,35,2026/07/19,PayPal,0.0,Completed
2036,1059,9,75,2023/09/27,Cash,0.0,Completed
2037,985,13,59,2026/02/12,Credit Card,0.0,Completed
2038,849,11,41,06 Mar 2025,Credit Card,0.0,Completed
2039,658,4,85,,credit card,0.0,Completed
2040,128,3,81,27-10-2025,credit card,0.25,Cancelled
2041,905,7,74,2026/06/06,Debit Card,0.0,Completed
2042,72,8,67,"October 07, 2023",Gift Card,0.0,Returned
2043,224,3,31,2024/09/23,Debit Card,0.1,Completed
2044,1058,1,24,2026-03-20,CASH,0.0,Completed
2045,953,5,27,04/19/2023,Store Credit,0.0,Completed
2046,1016,12,8,2024-03-14,Debit Card,0.0,Completed
2047,779,1,81,29-05-2023,Gift Card,15%,Completed
2048,5,3,84,04/03/2025,Gift Card,0.25,Completed
2049,152,12,52,08/12/2024,Credit Card,0.05,Completed
2050,194,6,12,24-11-2025,Cash,0.0,Completed
2051,781,9,47,15-12-2025,Store Credit,0.0,Completed
2052,291,77,32,06/09/2024,N/A,0.0,Returned
2053,738,13,31,2024-06-02,Gift Card,0.0,Completed
2054,749,11,68,2023/05/17,Debit Card,15%,Completed
2055,1008,1,48,2024/07/20,Gift Card,0.0,Completed
2056,733,7,31,02 Feb 2024,Debit Card,0.05,Completed
2057,1155,13,57,2025-10-10,Credit Card,0.0,Completed
2058,1001,12,27,2023-01-02,Debit  Card,0.1,Completed
2059,258,7,81,08-04-2023,PayPal,0.0,Returned
2060,54,2,59,22 Jul 2023,CASH,10%,Completed
2061,1220,13,79,22-10-2024,Store Credit,0.05,Completed
2062,1018,77,999,07/24/2023,Credit Card,10%,Completed
2063,818,4,89,20/03/2026,Debit  Card,0.0,Completed
2064,505,7,31,24 Jul 2025,Cash,0.0,completed
2065,302,77,7,07/18/2023,Debit Card,25%,Completed
2066,248,5,1,28-05-2025,PayPal,10%,Completed
2067,1218,3,22,01/13/2026,,0.0,Completed
2068,917,9,78,2025/08/12,Gift Card,0.0,Completed
2069,1001,10,13,10/20/2023,credit card,10%,Completed
2070,993,7,24,17-03-2026,CASH,0.05,Completed
2071,586,1,69,24/08/2024,Debit  Card,0.1,Completed
2072,770,2,36,2025-02-22,Credit Card,0.0,Completed
2073,487,7,8,2026/01/22,credit card,0.0,Completed
2074,336,7,9,20/11/2024,Debit Card,0.0,Completed
2075,8888,11,70,02/29/2024,Store Credit,0.05,Completed
2076,616,4,65,05/08/2026,Debit Card,0.0,Completed
2077,1086,77,29,"August 18, 2025",credit card,0.0,Completed
2078,692,10,4,"July 02, 2025",PayPal,0.0,Completed
2079,87,12,88,13-06-2024,credit card,0.0,Completed
2080,318,5,48,14 Mar 2026,Gift Card,0.0,Completed
2081,714,1,36,2024/10/05,Gift Card,0.0,Cancelled
2082,571,2,46,04 May 2023,Gift Card,0.15,Completed
2083,1042,11,75,26 Feb 2023,Credit Card,0.0,Completed
2084,1187,11,35,2025-09-12,Store Credit,0.0,Completed
2085,977,3,29,2025-08-01,none,0.0,Completed
2086,144,9,56,13/12/2025,Debit  Card,5%,Completed
2087,717,3,80,2023/08/06,CASH,0.0,Completed
2088,781,10,18,08 Apr 2025,Credit Card,5%,Completed
2089,267,11,88,04-05-2026,Cash,0.0,Completed
2090,128,13,48,2024-11-13,Debit Card,0.0,Completed
2091,862,11,65,22-01-2026,Credit Card,0.0,Completed
2092,619,8,5,27 Nov 2025,PayPal,0.0,Completed
2093,407,12,20,2023/11/19,Gift Card,0.0,Completed
2094,138,5,29,08 Apr 2023,Gift Card,0.0,Completed
2095,546,4,16,16/06/2023,Store Credit,0.0,Returned
2096,748,4,10,03/02/2025,CASH,10%,Completed
2097,898,9,60,02/06/2026,PayPal,0.0,Completed
2098,477,1,60,2023-06-02,Credit Card,0.25,Completed
2099,224,3,38,2026-04-13,credit card,0.25,Completed
2100,264,2,15,2025/06/25,N/A,0.1,Completed
2101,112,11,8,2024/04/04,PayPal,0.0,Completed
2102,64,5,73,13-02-2025,Credit Card,5%,Completed
2103,151,1,59,01/26/2025,N/A,0.0,Completed
2104,20,4,12,26-11-2024,Credit Card,0.0,Completed
2105,882,8,46,11/19/2023,credit card,5%,Completed
2106,44,10,45,23/06/2025,Credit Card,0.0,Completed
2107,472,9,50,2024-04-01,CASH,0.0,Completed
2108,198,5,27,2024-10-11,CASH,0.1,Completed
2109,667,1,81,16-08-2025,credit card,0.0,Completed
2110,74,8,26,22/01/2023,Debit Card,0.0,Completed
2111,628,6,23,2025/07/23,Credit Card,0.0,Completed
2112,1215,3,41,2025-08-13,Cash,10%,Returned
2113,1193,12,84,04 Jul 2025,Cash,5%,Completed
2114,551,13,8,2024-05-06,Debit Card,0.0,Completed
2115,926,12,15,27 Jun 2025,Debit Card,0.25,Completed
2116,627,12,10,"December 08, 2025",Debit Card,0.0,Completed
2117,393,5,11,27-11-2024,Debit Card,0.0,Completed
2118,888,11,77,"September 23, 2025",Cash,0.15,Completed
2119,144,13,22,09/03/2025,Debit Card,0.05,Completed
2120,873,8,61,06/04/2024,Debit  Card,0.0,Completed
2121,7,9,89,"December 18, 2025",Gift Card,15%,Completed
2122,449,4,13,"June 30, 2023",Debit Card,0.25,Completed
2123,790,2,11,07 Aug 2024,Debit Card,0.0,Cancelled
2124,240,11,18,2024/02/07,Store Credit,0.0,Completed
2125,1202,7,15,,NULL,0.25,Completed
2126,1164,3,85,07/01/2025,Gift Card,0.05,Completed
2127,1083,7,30,"May 27, 2026",none,15%,Completed
2128,1011,7,2,,Credit Card,10%,Completed
2129,100,11,78,"October 19, 2023",Debit Card,0.0,Completed
2130,1210,13,65,23-12-2023,CASH,10%,Completed
2131,160,10,74,21-07-2024,Gift Card,0.1,Completed
2132,762,1,90,"April 10, 2025",Credit Card,0.0,Completed
2133,241,13,81,"September 24, 2025",Store Credit,0.05,Completed
2134,540,10,2,21/08/2025,PayPal,0.0,Cancelled
2135,192,2,62,2026/03/03,Credit Card,0.0,Completed
2136,695,11,26,26-01-2025,Debit Card,10%,Completed
2137,108,12,69,03/04/2025,Credit Card,0.0,Completed
2138,1138,7,57,03-08-2024,Gift Card,0.15,Completed
2139,154,6,32,29-03-2025,Gift Card,0.0,Completed
2140,3,9,14,06 Jul 2023,Credit Card,0.0,Completed
2141,5,2,1,"March 16, 2025",Debit Card,0.0,Completed
2142,199,77,52,06/07/2024,credit card,0.0,Completed
2143,725,2,52,13/07/2026,PayPal,0.0,Completed
2144,99,5,29,02/02/2024,Cash,10%,Completed
2145,257,12,22,09/24/2025,CASH,0.25,Completed
2146,78,3,49,19-01-2025,CASH,0.0,Completed
2147,292,2,11,01 Jun 2024,CASH,5%,Completed
2148,1180,4,25,01/29/2023,Cash,0.05,Completed
2149,1109,5,72,06-01-2023,PayPal,0.0,Completed
2150,460,11,87,2025/10/17,Credit Card,0.1,Completed
2151,1049,6,57,19-08-2024,Debit  Card,0.0,Completed
2152,1083,12,28,2025-06-14,Debit Card,5%,Completed
2153,998,9,44,2024/10/11,Cash,0.0,Completed
2154,327,2,55,"December 30, 2024",,0.0,Completed
2155,875,77,41,06/13/2025,PayPal,0.05,Completed
2156,864,6,71,15-01-2026,PayPal,0.0,Returned
2157,616,12,38,"January 06, 2024",Store Credit,5%,Completed
2158,407,12,33,26 Dec 2023,Credit Card,0.0,PENDING
2159,603,10,68,29/05/2026,credit card,0.0,Completed
2160,1139,12,29,2023-09-10,NaN,15%,Completed
2161,214,10,6,"March 04, 2025",CASH,0.1,Completed
2162,128,9,11,10/19/2024,PayPal,0.1,Completed
2163,1081,3,78,30 Jan 2024,Cash,0.25,Completed
2164,1017,9,67,2024/06/20,PayPal,0.0,Completed
2165,938,13,40,11/13/2023,credit card,0.0,Completed
2166,114,8,66,2025-12-30,Credit Card,0.0,Completed
2167,653,8,82,2024/11/08,Gift Card,0.05,Completed
2168,445,7,9,2025-04-02,credit card,0.0,Completed
2169,890,12,29,2023-09-27,PayPal,0.0,Completed
2170,321,12,34,2025-08-14,Debit  Card,0.05,Completed
2171,741,12,64,01-12-2024,none,0.0,Completed
2172,177,10,49,26 Nov 2024,Debit Card,0.0,Completed
2173,415,77,87,25 Jul 2026,Debit Card,0.0,Completed
2174,1141,8,62,,Gift Card,0.0,PENDING
2175,249,5,45,2025-02-01,Debit Card,0.0,Completed
2176,857,77,46,06-02-2023,Debit Card,0.1,Returned
2177,771,8,47,14-01-2024,N/A,0.0,Completed
2178,1045,13,74,13-01-2023,Gift Card,0.0,Completed
2179,348,3,88,28-02-2025,PayPal,0.0,Completed
2180,815,6,65,15 May 2025,Credit Card,0.15,Completed
2181,960,7,89,02-11-2024,Gift Card,15%,Completed
2182,301,77,67,2024/05/29,Store Credit,0.0,Completed
2183,546,4,4,13/01/2023,Gift Card,0.0,Completed
2184,362,13,36,13-06-2026,Store Credit,0.0,Completed
2185,869,9,68,2023/06/04,Store Credit,0.0,Completed
2186,925,7,26,03/04/2026,Debit  Card,0.15,Completed
2187,954,2,15,10 Feb 2023,Store Credit,0.0,Completed
2188,252,77,52,04/06/2024,Cash,0.0,Completed
2189,1015,4,9,2026-06-08,Cash,0.0,Completed
2190,247,7,22,2023/02/21,Store Credit,0.0,Completed
2191,884,8,51,06/06/2024,PayPal,0.0,Cancelled
2192,372,3,33,"December 22, 2024",CASH,0.0,completed
2193,934,2,51,2026/03/22,credit card,10%,Completed
2194,935,9,48,01/24/2023,Store Credit,5%,PENDING
2195,388,5,9,11-12-2024,Debit Card,0.0,Completed
2196,197,2,45,12/20/2023,Cash,0.15,Completed
2197,683,2,57,,Credit Card,0.0,Completed
2198,876,11,78,12 Apr 2024,CASH,0.0,Completed
2199,500,9,26,17-05-2023,Credit Card,0.0,Cancelled
2200,502,4,89,16 Oct 2023,NULL,0.15,Completed
2201,615,12,52,26-12-2024,credit card,0.0,Completed
2202,920,8,6,05-12-2024,CASH,0.0,Completed
2203,758,9,26,12/25/2024,credit card,0.0,Completed
2204,396,13,51,15 Feb 2026,Gift Card,0.15,Completed
2205,859,11,39,"November 15, 2025",Store Credit,25%,Completed
2206,827,4,17,"March 06, 2024",Debit Card,0.1,Completed
2207,48,5,18,"February 03, 2024",Debit Card,0.15,Completed
2208,359,5,58,2025/11/29,credit card,0.0,Completed
2209,990,9,22,20/12/2024,Debit Card,0.0,Completed
2210,38,4,66,"March 18, 2025",Credit Card,0.0,Completed
2211,753,10,45,19/08/2025,Store Credit,0.2,Completed
2212,796,9,5,08 Dec 2023,N/A,20%,Completed
2213,554,77,54,01/20/2026,Cash,5%,Returned
2214,433,4,54,07/22/2026,Cash,0.0,Completed
2215,705,5,74,"December 23, 2024",Debit Card,0.0,Completed
2216,971,10,14,"June 26, 2024",Credit Card,0.05,Completed
2217,777,5,9,"February 03, 2026",N/A,0.0,Cancelled
2218,620,9,82,2023-01-20,Cash,0.0,Completed
2219,220,13,11,2026/04/22,none,0.0,Completed
2220,614,6,81,"August 06, 2024",Debit  Card,10%,Completed
2221,1195,7,5,28 Apr 2024,Credit Card,20%,Completed
2222,705,7,23,"January 17, 2023",Store Credit,0.15,Completed
2223,1105,1,39,01-01-2023,Store Credit,0.25,Completed
2224,730,2,88,01-03-2023,Credit Card,0.0,Completed
2225,923,13,87,2024/03/26,Gift Card,20%,Completed
2226,4,4,66,24 May 2024,CASH,0.05,Completed
2227,738,3,10,"June 04, 2025",CASH,0.25,Completed
2228,535,12,25,,Store Credit,5%,Completed
2229,293,6,70,03/05/2026,none,10%,Completed
2230,927,8,27,"October 13, 2025",Store Credit,10%,Completed
2231,627,9,46,09/04/2024,Store Credit,0.0,Completed
2232,46,12,76,2023-09-23,credit card,0.0,Completed
2233,207,4,11,2026-04-04,N/A,10%,Completed
2234,733,5,85,05/25/2026,Gift Card,0.0,Completed
2235,213,1,75,05/20/2024,CASH,0.0,Completed
2236,884,2,35,2023/05/07,Store Credit,0.0,Completed
2237,120,10,25,07-12-2023,Cash,5%,Completed
2238,227,2,40,2025/01/07,Credit Card,5%,Completed
2239,278,11,53,13 Dec 2025,CASH,10%,Completed
2240,1058,2,90,07/01/2026,Gift Card,10%,Completed
2241,252,7,59,2025/05/17,CASH,5%,Returned
2242,383,4,71,16/03/2026,Store Credit,0.1,Completed
2243,630,5,51,2024/01/19,Debit  Card,15%,Completed
2244,115,6,26,08 Aug 2024,Credit Card,0.05,Completed
2245,16,10,35,03/09/2023,CASH,0.0,Cancelled
2246,1008,3,11,20-09-2025,Cash,0.0,Completed
2247,764,10,11,07 Apr 2026,Store Credit,0.15,Completed
2248,173,6,44,2026/04/05,credit card,0.0,Completed
2249,506,11,41,"May 02, 2025",PayPal,0.0,Completed
2250,983,11,86,2024-11-23,Debit Card,0.0,Completed
2251,940,3,50,2023/07/31,PayPal,0.0,Completed
2252,688,77,63,2026-02-20,PayPal,5%,Completed
2253,778,3,48,14-11-2025,Cash,0.0,Completed
2254,232,4,9,2023-02-10,PayPal,0.0,Completed
2255,1029,11,87,"April 03, 2025",Debit Card,0.0,Completed
2256,972,1,85,24/09/2023,CASH,0.0,Completed
2257,1196,12,67,2024/04/30,CASH,0.2,Completed
2258,131,4,45,16-06-2025,CASH,0.0,Completed
2259,826,4,28,04/03/2023,Cash,0.05,Completed
2260,579,8,41,12/21/2023,,0.0,Completed
2261,991,77,2,21-01-2024,Gift Card,10%,Completed
2262,284,4,71,24/05/2026,Cash,0.0,Completed
2263,966,5,87,2023-11-25,Debit  Card,0.0,Completed
2264,1080,13,999,2025-02-23,credit card,0.05,Returned
2265,263,4,75,2026/05/09,credit card,0.0,Completed
2266,22,3,52,2024/05/28,PayPal,0.0,Completed
2267,585,12,49,24 Dec 2023,PayPal,0.1,Completed
2268,710,77,4,23/03/2024,Cash,5%,Cancelled
2269,1020,9,34,2024/07/04,Debit  Card,5%,Completed
2270,524,3,36,03/23/2026,CASH,0.0,Cancelled
2271,587,5,69,2024-06-07,Cash,0.1,Completed
2272,139,9,22,11-04-2026,Debit  Card,0.1,Completed
2273,898,9,38,2023/08/04,Gift Card,0.0,Completed
2274,1058,77,67,11-05-2026,Cash,0.0,Completed
2275,568,11,82,2024/05/08,Credit Card,0.0,Completed
2276,125,8,57,24-10-2025,credit card,0.05,Completed
2277,41,2,63,06/14/2023,Debit  Card,0.0,Completed
2278,360,2,82,27/02/2024,Debit Card,0.0,Completed
2279,701,13,83,2024-03-25,Debit  Card,15%,Completed
2280,728,7,42,02/18/2025,PayPal,0.0,Completed
2281,1035,12,18,12-02-2026,N/A,10%,Returned
2282,832,1,59,28 Jun 2023,Cash,0.0,Completed
2283,859,1,80,01-05-2026,Credit Card,0.0,Completed
2284,330,2,74,09/29/2025,Debit Card,0.0,Completed
2285,866,12,45,2023/08/29,Cash,0.0,Completed
2286,688,9,67,20/01/2026,PayPal,0.0,Completed
2287,212,12,4,2023-06-12,Store Credit,0.1,Completed
2288,70,5,8,01/11/2023,Cash,0.2,Completed
2289,955,6,16,"November 04, 2023",NaN,0.05,Completed
2290,480,2,35,05/01/2026,Credit Card,5%,Completed
2291,588,4,11,04/25/2025,Debit Card,10%,Completed
2292,1224,77,43,20/01/2024,PayPal,0.15,Completed
2293,68,2,63,01/11/2025,Store Credit,0.1,Completed
2294,1030,13,67,2023-12-04,credit card,0.0,Returned
2295,309,4,68,02/06/2024,Debit  Card,0.0,Completed
2296,587,13,68,03/21/2026,PayPal,10%,Completed
2297,818,9,33,2024/02/01,Debit Card,0.0,Completed
2298,751,6,81,2024/01/12,Debit  Card,0.0,Completed
2299,610,11,49,22 Oct 2025,Credit Card,0.0,Completed
2300,150,1,20,2024/04/30,credit card,0.2,Completed
2301,92,13,34,"October 18, 2023",CASH,0.0,Completed
2302,677,1,27,07/24/2024,Debit  Card,0.0,completed
2303,562,7,86,11/08/2023,Credit Card,0.0,Completed
2304,732,77,12,11-01-2026,CASH,0.0,Completed
2305,382,11,52,03 Dec 2025,Debit  Card,0.0,Completed
2306,712,10,999,"November 28, 2024",Cash,0.0,Completed
2307,286,13,19,12-02-2024,Gift Card,0.0,Completed
2308,908,6,62,30-09-2024,Debit  Card,20%,Completed
2309,746,77,67,04/17/2023,CASH,0.15,Completed
2310,1147,4,31,2023/06/29,Gift Card,25%,Completed
2311,231,6,82,10/03/2024,CASH,0.05,Completed
2312,46,8,76,2024-03-29,Debit Card,0.0,Completed
2313,747,1,79,13-05-2023,Debit  Card,0.0,Completed
2314,1148,1,31,07/04/2025,Cash,0.15,Completed
2315,921,77,23,2026/01/29,Debit Card,0.0,completed
2316,1031,10,36,16 Feb 2025,CASH,15%,Completed
2317,505,12,32,"January 05, 2023",Gift Card,0.2,Completed
2318,966,3,66,"November 22, 2023",Store Credit,0.0,Returned
2319,853,2,86,16 Jun 2023,Credit Card,0.05,Completed
2320,128,5,3,30/08/2023,Debit Card,5%,Completed
2321,675,77,17,30/04/2023,Debit  Card,0.0,Completed
2322,992,3,24,07-02-2026,Gift Card,15%,Completed
2323,198,7,80,"April 27, 2026",Debit  Card,15%,Completed
2324,809,6,90,"October 13, 2025",CASH,0.25,Cancelled
2325,1215,13,42,06/11/2023,Credit Card,15%,Cancelled
2326,951,6,20,13/10/2025,Cash,0.05,Completed
2327,176,4,18,"July 06, 2023",Cash,0.05,Completed
2328,539,7,43,06/19/2026,CASH,0.15,Completed
2329,1042,6,9,07/10/2024,credit card,0.2,Completed
2330,1189,2,77,09/07/2024,Credit Card,0.0,Completed
2331,775,5,40,2023/12/20,Cash,0.05,Completed
2332,10,12,35,18-04-2025,Cash,0.0,Completed
2333,405,2,64,12-08-2025,Debit Card,0.0,Completed
2334,381,11,39,16 Mar 2025,Debit  Card,0.0,Completed
2335,1181,1,30,2024-12-26,Credit Card,0.0,Completed
2336,749,9,31,07/18/2025,Gift Card,10%,Completed
2337,612,6,27,24-02-2024,CASH,10%,completed
2338,604,4,9,2024/02/28,Cash,0.05,Completed
2339,401,13,45,25 Aug 2023,PayPal,0.0,Completed
2340,1037,3,42,"May 22, 2025",Debit Card,0.0,Completed
2341,816,9,18,11-08-2023,credit card,0.05,Completed
2342,356,9,39,"January 03, 2026",Cash,0.0,Completed
2343,1054,2,55,"July 02, 2023",Gift Card,10%,Completed
2344,510,12,54,26/01/2026,Cash,0.0,Completed
2345,596,77,50,13-05-2023,PayPal,0.0,Completed
2346,41,8,86,2023-05-31,Debit Card,0.1,Completed
2347,9,7,78,17 Oct 2024,Cash,0.1,Completed
2348,1083,77,77,"September 30, 2024",Debit  Card,0.0,Completed
2349,915,3,7,03/13/2025,Cash,0.0,Cancelled
2350,773,8,71,2024/08/08,Store Credit,0.15,Completed
2351,530,1,15,03/13/2023,Cash,5%,Completed
2352,3,5,51,04/10/2026,Store Credit,0.1,Returned
2353,557,1,30,21/11/2024,credit card,0.05,Completed
2354,1207,11,8,2025/04/10,Credit Card,5%,Completed
2355,837,11,8,"April 19, 2024",Store Credit,0.0,Completed
2356,431,3,80,21 Feb 2025,PayPal,0.05,Completed
2357,748,10,75,04/12/2023,CASH,0.0,Completed
2358,803,12,85,2024/08/15,PayPal,5%,Completed
2359,402,7,52,18 Dec 2023,Cash,0.0,Completed
2360,435,11,44,"October 28, 2023",PayPal,5%,Completed
2361,871,11,73,04/22/2024,PayPal,5%,Completed
2362,126,10,74,08-10-2023,PayPal,0.1,Completed
2363,613,4,11,10/04/2025,Cash,0.0,Completed
2364,68,10,52,01/24/2024,Store Credit,0.0,Completed
2365,536,1,40,2026/02/14,Debit  Card,0.0,Completed
2366,41,4,48,12 Aug 2025,none,0.0,Completed
2367,905,10,78,"January 18, 2026",Credit Card,0.0,Completed
2368,202,10,37,01/22/2024,PayPal,0.0,Completed
2369,743,12,6,2025-12-23,Store Credit,0.0,Completed
2370,108,10,19,"January 06, 2026",NaN,10%,Completed
2371,92,2,12,05 Jun 2023,Debit  Card,0.0,Completed
2372,712,6,42,"January 27, 2025",Credit Card,0.0,Cancelled
2373,1013,6,62,"July 05, 2025",PayPal,10%,Completed
2374,475,4,27,2026/07/02,Store Credit,10%,Completed
2375,849,6,9,"August 22, 2024",Gift Card,5%,Completed
2376,604,2,27,2023/12/06,PayPal,0.0,Completed
2377,1192,1,26,10-01-2026,Cash,0.0,Completed
2378,399,4,37,2025/02/25,Credit Card,0.1,Completed
2379,930,2,71,2023/02/17,Store Credit,10%,Completed
2380,35,7,86,"October 29, 2023",CASH,0.0,Completed
2381,1068,2,87,28 Oct 2024,Credit Card,0.0,Completed
2382,1110,9,31,2023-02-09,Debit Card,0.15,Completed
2383,729,8,78,12-09-2023,PayPal,15%,Returned
2384,388,6,38,22/11/2024,Gift Card,0.15,Completed
2385,804,3,40,2024/07/03,PayPal,0.1,Completed
2386,462,2,61,2026-02-14,Credit Card,0.05,Completed
2387,392,10,87,31/03/2023,Gift Card,0.0,Completed
2388,184,1,50,"September 20, 2023",Debit Card,0.15,Cancelled
2389,656,77,28,13 Dec 2025,Debit Card,20%,Completed
2390,802,9,79,11-11-2024,Store Credit,5%,Completed
2391,374,1,10,2025/02/23,credit card,0.0,Completed
2392,632,9,40,2023-08-26,credit card,0.0,Completed
2393,1126,77,60,2026-05-06,Debit  Card,0.0,Completed
2394,112,3,45,"October 31, 2024",Gift Card,0.1,Completed
2395,428,3,1,2024/10/22,Debit  Card,5%,Completed
2396,113,3,77,06/03/2026,credit card,0.0,Completed
2397,235,3,56,25 Nov 2025,CASH,0.0,Returned
2398,434,4,90,27/12/2024,CASH,0.0,Completed
2399,357,2,22,04/05/2024,Gift Card,0.0,Completed
2400,712,9,23,16-08-2023,CASH,0.05,Completed
2401,351,10,42,"December 10, 2024",PayPal,10%,Completed
2402,612,8,47,09/14/2023,Debit  Card,0.15,Returned
2403,360,6,54,08/01/2024,PayPal,0.2,Completed
2404,1196,6,85,25-12-2024,Cash,0.0,Completed
2405,108,7,60,29-08-2023,credit card,0.05,Completed
2406,11,6,79,"June 11, 2025",NULL,0.0,Completed
2407,774,10,64,2024-02-14,PayPal,5%,Completed
2408,14,12,81,09 Jun 2023,Debit Card,0.0,Completed
2409,606,2,54,,NaN,0.0,Completed
2410,686,3,15,2024-06-17,Debit Card,0.0,Completed
2411,577,5,90,12/21/2025,Debit  Card,0.1,Completed
2412,197,77,38,2023/10/05,Cash,5%,Completed
2413,1224,6,36,2024/03/03,Store Credit,0.0,Completed
2414,465,6,65,23 Oct 2023,Cash,15%,Completed
2415,714,13,83,"November 25, 2025",Debit  Card,0.05,Completed
2416,266,1,74,2025/10/20,PayPal,5%,Completed
2417,130,2,11,07/03/2023,Credit Card,0.0,Completed
2418,198,77,7,30 Oct 2024,credit card,0.0,Completed
2419,209,10,84,2026-01-31,credit card,0.0,Completed
2420,1065,4,34,2024/04/09,PayPal,0.15,Completed
2421,614,3,3,"June 13, 2025",Debit Card,0.05,Returned
2422,834,6,35,09/03/2023,credit card,0.05,Completed
2423,637,2,43,12/31/2023,Debit  Card,25%,Completed
2424,955,1,57,2024-05-12,CASH,0.1,Completed
2425,1203,5,15,25 Apr 2023,Store Credit,0.0,Completed
2426,420,7,77,17 Sep 2024,credit card,0.0,Completed
2427,949,12,8,08/26/2025,CASH,0.05,Completed
2428,768,7,73,03/05/2026,Credit Card,0.05,Completed
2429,1019,7,16,12 Feb 2025,Cash,0.0,Completed
2430,531,6,76,02 Jun 2024,Debit  Card,10%,Completed
2431,536,4,72,05/01/2026,Debit  Card,0.0,Completed
2432,551,10,89,2026/07/11,Store Credit,0.0,Completed
2433,1150,9,12,2023/10/20,Cash,0.05,Completed
2434,970,10,42,2025-11-27,PayPal,0.15,Completed
2435,906,1,86,28/06/2023,Store Credit,0.0,Completed
2436,492,4,66,28 Feb 2025,Store Credit,0.0,Completed
2437,353,3,7,2023-12-02,PayPal,0.1,Completed
2438,490,77,41,05 May 2024,Store Credit,0.0,Completed
2439,1201,6,61,11/01/2025,credit card,0.0,Completed
2440,31,12,81,08 Dec 2023,Cash,0.0,Completed
2441,1105,13,84,28 Mar 2026,Cash,0.1,Completed
2442,565,4,33,10 Mar 2023,credit card,0.0,Completed
2443,350,6,11,02/05/2025,credit card,10%,Completed
2444,1026,3,21,02/03/2025,Debit  Card,0.0,Completed
2445,590,7,23,2023/02/07,Credit Card,0.0,Completed
2446,281,2,17,18/02/2023,CASH,0.0,Completed
2447,692,11,28,04 Mar 2023,Gift Card,0.0,Completed
2448,206,2,31,2025/02/16,NULL,0.0,Completed
2449,170,77,68,20-03-2024,credit card,0.0,Returned
2450,1196,5,77,10/25/2023,Credit Card,0.0,Completed
2451,628,3,87,"January 23, 2023",PayPal,0.0,Returned
2452,787,6,13,2026/03/28,credit card,15%,Completed
2453,599,12,41,22 Dec 2025,Store Credit,0.0,Completed
2454,611,7,41,2025-06-11,PayPal,0.15,Completed
2455,1143,5,20,20 Mar 2024,CASH,0.0,Completed
2456,1023,6,34,05/05/2023,Debit Card,0.05,PENDING
2457,250,6,33,21-04-2023,Credit Card,10%,Completed
2458,432,5,13,14 Feb 2025,Debit  Card,0.0,Completed
2459,610,2,77,2025/05/15,Credit Card,0.0,Completed
2460,481,10,78,15/01/2024,Gift Card,0.05,Completed
2461,199,1,68,11/01/2024,credit card,0.0,Returned
2462,368,7,29,28 Apr 2025,credit card,0.0,Completed
2463,1141,9,45,"May 23, 2024",Cash,0.1,Returned
2464,554,3,72,08/18/2025,PayPal,0.0,Completed
2465,844,5,25,02-11-2024,credit card,0.0,Completed
2466,385,5,73,05/11/2024,Debit Card,0.05,Completed
2467,1158,11,28,19 Mar 2025,Credit Card,0.0,Completed
2468,166,11,59,10-05-2026,NaN,0.0,Completed
2469,1020,13,22,"December 31, 2025",Credit Card,0.0,Completed
2470,278,2,22,"March 13, 2025",CASH,0.0,completed
2471,103,3,39,20 Aug 2024,Debit Card,0.15,Completed
2472,576,5,84,28/04/2024,Cash,5%,Completed
2473,1107,4,11,"August 11, 2023",credit card,0.0,Completed
2474,116,2,69,2026-04-03,Debit Card,0.0,Completed
2475,240,11,17,29/04/2024,credit card,0.0,completed
2476,40,4,50,08 Oct 2025,PayPal,0.15,Completed
2477,973,11,31,2024/10/01,Cash,0.05,Completed
2478,750,9,10,04/08/2025,Cash,15%,Completed
2479,1098,3,25,01/15/2025,credit card,0.0,Completed
2480,1221,11,67,11 Sep 2025,Cash,0.2,Completed
2481,477,8,4,14-06-2023,Store Credit,0.0,Completed
2482,718,3,20,07 Nov 2024,CASH,5%,Completed
2483,571,8,49,26-05-2023,credit card,0.0,Completed
2484,110,4,50,11 Feb 2025,PayPal,0.0,Returned
2485,904,3,33,22 Aug 2023,Debit Card,0.0,Returned
2486,987,7,10,04-04-2023,credit card,0.0,Completed
2487,341,13,19,30-08-2025,CASH,0.0,completed
2488,751,5,78,26/08/2024,Cash,0.0,Returned
2489,816,1,89,"December 04, 2024",Debit  Card,5%,Completed
2490,223,7,6,"May 11, 2025",credit card,0.0,Completed
2491,652,5,24,2025/05/14,PayPal,0.0,Completed
2492,125,12,68,"April 03, 2025",Gift Card,0.0,Completed
2493,757,6,65,07-04-2023,PayPal,0.05,Completed
2494,920,10,73,29-06-2023,PayPal,0.1,Completed
2495,119,12,39,21-11-2024,CASH,0.0,Completed
2496,1014,11,68,02/09/2023,Store Credit,0.0,Completed
2497,986,3,41,"March 05, 2025",Credit Card,0.0,Completed
2498,900,9,87,2026-01-27,Cash,0.1,Completed
2499,456,11,21,2026/03/18,Debit Card,0.1,Completed
2500,900,2,3,"August 26, 2024",credit card,0.15,Completed
2501,391,6,10,23/04/2026,Credit Card,0.1,Completed
2502,86,10,999,2025-09-06,Cash,0.0,Completed
2503,561,13,14,21 Nov 2024,PayPal,0.05,Completed
2504,876,8,42,2026/04/10,Gift Card,5%,Completed
2505,1074,10,35,09 Dec 2023,Gift Card,0.0,Completed
2506,993,1,80,04/03/2024,Credit Card,0.0,Completed
2507,480,8,28,"May 10, 2023",Debit Card,25%,Completed
2508,1005,5,53,,CASH,15%,Returned
2509,907,8,38,2026-04-23,Store Credit,0.0,Completed
2510,816,7,10,,credit card,5%,Completed
2511,84,1,64,,Debit Card,0.0,Completed
2512,240,3,90,"July 28, 2023",Credit Card,0.0,Completed
2513,74,2,10,2026/07/22,CASH,0.1,Completed
2514,1205,2,1,"July 05, 2026",Debit  Card,0.1,Completed
2515,226,5,79,17 May 2023,CASH,0.0,Completed
2516,307,12,20,08/26/2023,credit card,0.0,Completed
2517,887,8,19,12 Oct 2023,Debit Card,0.0,Completed
2518,618,13,77,2023/02/08,PayPal,0.0,Completed
2519,172,77,67,20 Nov 2024,PayPal,0.05,Completed
2520,956,6,80,03/21/2024,PayPal,10%,Completed
2521,284,7,28,2024/07/20,Debit  Card,0.0,Completed
2522,907,8,16,11/30/2024,Credit Card,0.1,Completed
2523,267,1,31,08 Oct 2025,Debit  Card,0.0,Completed
2524,343,3,66,01/24/2025,N/A,0.1,Completed
2525,472,1,90,06/03/2025,CASH,5%,Completed
2526,321,13,11,10 Jul 2026,Cash,0.05,Completed
2527,527,13,999,"December 24, 2025",credit card,0.0,completed
2528,657,11,65,15-04-2023,Debit  Card,0.1,Returned
2529,503,12,82,18/05/2026,Store Credit,0.0,Completed
2530,358,9,60,03/15/2024,Debit  Card,10%,Completed
2531,657,5,69,15 Jan 2023,PayPal,5%,Completed
2532,702,11,36,2025/12/07,Credit Card,5%,Completed
2533,615,4,50,"August 20, 2025",PayPal,0.0,Returned
2534,1135,9,23,16-03-2025,credit card,25%,Completed
2535,794,7,66,"April 11, 2026",CASH,0.1,Completed
2536,755,5,78,,Gift Card,15%,Completed
2537,2,2,26,2025-07-28,Cash,0.0,Completed
2538,987,1,13,2025-04-02,credit card,0.15,Completed
2539,780,77,20,08/06/2023,Store Credit,0.0,Completed
2540,948,12,52,05/18/2023,Debit  Card,0.0,Completed
2541,756,8,78,02 Sep 2024,credit card,0.1,Completed
2542,1141,77,12,03-03-2023,NULL,0.0,Completed
2543,462,3,2,02/16/2024,Debit  Card,5%,Completed
2544,1134,1,82,01/01/2025,CASH,5%,Completed
2545,464,12,83,2024-07-08,Debit  Card,0.0,Completed
2546,1031,77,61,07/05/2024,CASH,25%,Completed
2547,1213,4,4,2023/09/29,CASH,0.1,Completed
2548,408,9,26,2025-12-10,CASH,0.1,Completed
2549,276,12,70,02 May 2024,Credit Card,0.1,Completed
2550,972,5,32,30-03-2025,Debit Card,0.05,Returned
2551,992,13,21,"May 07, 2025",Store Credit,5%,Completed
2552,384,13,37,2025/08/29,PayPal,0.0,Completed
2553,231,5,82,03 Dec 2024,Debit  Card,5%,Completed
2554,573,6,27,27-01-2023,Debit  Card,0.05,Completed
2555,788,3,56,"July 31, 2025",credit card,0.05,Returned
2556,18,1,86,08-06-2026,Gift Card,5%,Completed
2557,376,77,82,16 Jan 2023,Debit  Card,0.0,Completed
2558,360,77,46,27/12/2025,Credit Card,0.0,PENDING
2559,240,2,57,20-02-2024,Store Credit,0.0,Completed
2560,603,77,73,15/06/2023,PayPal,5%,Completed
2561,1122,8,9,2024/05/29,Gift Card,0.0,Completed
2562,1052,11,75,31 Aug 2025,PayPal,0.0,Completed
2563,357,6,56,08/06/2023,PayPal,0.0,Completed
2564,256,7,11,01/21/2025,Store Credit,10%,Completed
2565,975,9,38,2025-10-24,credit card,0.0,Completed
2566,281,1,89,15-04-2023,Credit Card,0.05,Completed
2567,1215,2,88,21-11-2023,CASH,20%,Completed
2568,564,5,11,2026-01-24,Cash,0.0,Completed
2569,1110,6,40,06/13/2023,Cash,20%,Completed
2570,21,12,32,2025/01/18,credit card,0.1,Completed
2571,352,3,77,2024-09-10,Gift Card,0.05,Completed
2572,902,12,31,2023/06/25,PayPal,0.1,Completed
2573,555,5,26,04-02-2026,Debit  Card,0.0,Completed
2574,596,2,83,2024/04/01,credit card,0.15,Completed
2575,199,7,32,14 Nov 2023,Gift Card,0.0,Completed
2576,681,8,46,10 Jul 2024,Credit Card,0.0,Completed
2577,690,1,59,19/01/2025,N/A,10%,Completed
2578,874,2,7,19 Jun 2025,Gift Card,0.0,Completed
2579,522,8,35,03/04/2024,N/A,0.15,Completed
2580,893,9,37,29 Nov 2024,CASH,5%,Completed
2581,138,9,85,2023-05-12,CASH,5%,Completed
2582,1130,2,76,10/17/2024,Debit  Card,0.0,Completed
2583,1214,10,29,"June 10, 2023",Debit  Card,0.05,Completed
2584,847,6,1,2024/01/05,credit card,0.0,Completed
2585,211,9,5,21 Mar 2023,credit card,0.2,Completed
2586,269,5,77,"June 26, 2023",Gift Card,10%,Completed
2587,827,77,56,04/10/2023,Gift Card,0.0,Completed
2588,944,5,73,24 Aug 2024,Debit  Card,0.0,Completed
2589,374,13,45,2024/06/06,credit card,0.0,Completed
2590,262,6,56,2026-03-28,CASH,0.1,Completed
2591,348,8,13,02/05/2026,Debit Card,10%,Completed
2592,400,5,16,03-11-2025,none,0.0,Completed
2593,1214,7,82,2024/11/23,PayPal,0.2,Completed
2594,519,9,19,26/09/2023,Gift Card,0.0,Completed
2595,363,2,17,15/09/2025,Debit  Card,0.15,Completed
2596,720,1,28,02 Jul 2023,CASH,10%,Completed
2597,852,6,89,2024/07/28,Gift Card,0.0,Completed
2598,601,8,63,2023/10/11,Gift Card,0.0,Completed
2599,510,5,12,03/31/2024,Debit  Card,0.0,Completed
2600,864,13,21,29 Jul 2025,Debit  Card,0.2,Completed
2601,478,4,49,07-06-2024,-,0.0,Completed
2602,1145,5,26,17 Nov 2023,Cash,0.05,completed
2603,113,1,28,2024/04/05,Gift Card,0.05,Completed
2604,376,8,88,2025/11/08,Debit Card,0.0,Returned
2605,433,2,86,20/03/2023,credit card,0.0,Returned
2606,547,8,66,"January 10, 2023",Debit  Card,0.1,Completed
2607,624,6,65,11-03-2024,Debit  Card,0.05,Completed
2608,203,5,77,24-02-2024,CASH,0.0,Completed
2609,111,7,76,2026/02/14,credit card,0.1,Completed
2610,419,3,64,07 Sep 2025,CASH,0.05,Completed
2611,1171,9,39,21/06/2026,credit card,0.0,Completed
2612,102,6,18,2023-04-28,Debit  Card,0.0,Completed
2613,195,13,29,"April 05, 2025",credit card,0.0,Completed
2614,1167,7,89,2024/01/16,Debit Card,0.0,Completed
2615,111,5,41,18/05/2025,Cash,0.0,Completed
2616,919,7,63,23 Apr 2023,Gift Card,0.0,Completed
2617,828,13,9,2024-03-12,credit card,0.25,Returned
2618,1049,11,25,2024/05/18,credit card,5%,Returned
2619,366,77,7,2024-05-05,,0.0,Completed
2620,573,2,87,02/02/2025,Gift Card,0.0,Completed
2621,446,2,27,11-01-2025,Debit  Card,0.0,Completed
2622,988,77,51,10/04/2024,PayPal,0.0,Cancelled
2623,364,2,5,27-10-2025,Store Credit,0.1,Completed
2624,698,2,62,31/05/2023,CASH,0.1,Completed
2625,561,11,8,10/05/2024,Cash,0.05,Completed
2626,654,2,79,18-11-2023,Debit  Card,0.0,Completed
2627,1089,12,56,02 Jun 2026,Gift Card,0.1,Completed
2628,919,8,13,2025-03-11,Gift Card,0.05,Completed
2629,177,8,49,11 May 2025,Debit  Card,0.1,Completed
2630,351,11,57,30-12-2025,PayPal,0.05,Completed
2631,595,4,1,03/04/2026,Store Credit,5%,Completed
2632,588,7,44,2024/09/07,Store Credit,10%,Completed
2633,623,10,84,08/26/2023,-,0.05,Completed
2634,342,7,71,2023/02/06,Gift Card,0.15,Completed
2635,1006,9,48,2023/07/26,CASH,10%,Completed
2636,1188,3,34,"February 14, 2025",Cash,0.1,Completed
2637,709,8,48,24/07/2026,PayPal,0.0,Completed
2638,765,12,1,2025/04/28,Debit  Card,0.05,Completed
2639,1168,3,85,2024/06/18,PayPal,0.2,Completed
2640,413,9,20,2024-03-23,N/A,0.1,Completed
2641,1082,11,55,11/22/2023,CASH,0.0,Completed
2642,459,13,79,08/20/2023,Store Credit,10%,Completed
2643,1050,4,71,"April 18, 2023",Debit Card,10%,Completed
2644,917,4,72,19/11/2025,credit card,0.15,Completed
2645,682,1,63,2023/12/01,Gift Card,0.1,Cancelled
2646,477,12,81,2025-12-02,CASH,0.0,Completed
2647,1223,7,4,06/10/2025,credit card,0.05,Completed
2648,316,12,20,2023-04-10,Credit Card,0.0,Completed
2649,910,13,69,03/11/2026,Debit  Card,0.15,PENDING
2650,93,6,84,24 Mar 2025,Gift Card,5%,Completed
2651,996,5,6,28/06/2025,Cash,5%,Completed
2652,311,5,72,2026-06-05,Store Credit,0.05,Completed
2653,228,10,69,02/26/2024,NULL,0.1,Returned
2654,968,3,34,09-03-2026,Debit  Card,0.0,Completed
2655,1072,6,5,2024/03/12,PayPal,0.0,Completed
2656,727,9,2,"February 12, 2026",CASH,0.0,Completed
2657,1165,3,90,08-04-2025,Credit Card,0.25,Completed
2658,548,10,4,26-01-2024,Debit  Card,0.0,Completed
2659,588,13,42,"December 16, 2025",CASH,0.0,Completed
2660,1023,12,74,02/25/2023,Debit Card,0.05,Completed
2661,776,12,87,05/02/2024,none,0.0,Completed
2662,943,13,47,12/06/2023,Debit  Card,0.1,Completed
2663,1154,4,69,04-09-2023,Gift Card,0.05,Completed
2664,1218,11,2,2025-01-01,Debit Card,0.0,Completed
2665,1020,6,1,"January 02, 2023",Cash,0.0,Completed
2666,710,10,29,10/01/2024,PayPal,0.15,Completed
2667,894,6,24,"October 07, 2023",PayPal,0.0,Completed
2668,1172,10,48,"December 11, 2023",Gift Card,0.05,Completed
2669,1130,2,41,27/09/2024,Credit Card,0.0,Completed
2670,892,10,48,30 Sep 2023,Gift Card,10%,Completed
2671,131,13,18,25 Jun 2023,Store Credit,0.05,Completed
2672,391,1,88,"January 23, 2026",Debit Card,0.0,Completed
2673,1117,8,67,12/02/2026,Debit Card,0.05,Cancelled
2674,481,1,83,2023-12-10,Store Credit,0.0,Completed
2675,107,9,25,05/12/2023,Credit Card,0.1,Completed
2676,725,12,68,"December 20, 2023",Cash,5%,Completed
2677,32,10,31,01-06-2023,Debit  Card,0.05,Completed
2678,1024,11,7,12-09-2025,Store Credit,5%,Completed
2679,780,3,29,28 Oct 2023,credit card,0.0,Completed
2680,633,5,81,,Cash,0.0,Completed
2681,453,6,7,03/10/2023,Credit Card,0.0,Completed
2682,60,6,80,29-01-2023,Debit  Card,0.0,Completed
2683,1177,4,61,"June 21, 2024",PayPal,0.05,Completed
2684,312,10,76,2025-11-06,CASH,0.0,Completed
2685,256,1,18,2024-06-29,PayPal,0.0,Completed
2686,467,3,11,06/08/2024,CASH,0.0,Completed
2687,274,4,63,2025-06-26,Gift Card,0.0,Completed
2688,16,10,69,01/28/2026,Gift Card,0.0,Returned
2689,27,4,40,05/10/2025,Store Credit,0.0,Completed
2690,747,7,41,02/03/2025,-,0.0,Cancelled
2691,1135,1,5,2026/06/13,credit card,0.0,Completed
2692,441,9,15,2026-04-15,Cash,0.0,Completed
2693,1114,12,43,13/01/2025,Debit  Card,0.0,Returned
2694,561,10,14,14 Aug 2023,Cash,0.1,Completed
2695,234,5,35,"December 01, 2024",credit card,0.0,Completed
2696,73,1,53,24/01/2026,CASH,0.15,Completed
2697,595,77,41,2026/05/09,CASH,5%,Returned
2698,1017,7,56,"October 26, 2024",Credit Card,0.0,Completed
2699,577,13,17,25/09/2025,Debit Card,0.0,Completed
2700,552,9,40,2026-02-10,PayPal,5%,Completed
2701,1059,4,52,2025/09/11,credit card,0.0,Completed
2702,739,2,81,02/04/2024,Cash,0.0,Returned
2703,10,3,63,21/01/2026,Gift Card,0.05,Completed
2704,465,13,80,06/11/2023,Cash,0.15,Cancelled
2705,835,9,21,2025/12/21,Store Credit,15%,Returned
2706,560,11,26,2024/03/04,Debit  Card,0.0,Completed
2707,630,8,36,09/03/2025,CASH,0.0,Completed
2708,835,6,57,15/08/2024,Cash,0.0,Completed
2709,593,5,20,08-01-2026,PayPal,0.0,Completed
2710,259,5,14,06/10/2023,PayPal,0.0,Completed
2711,873,77,12,2023/12/13,CASH,5%,Returned
2712,624,5,42,14-09-2023,N/A,0.0,Completed
2713,196,5,56,17-04-2025,Cash,20%,Completed
2714,385,8,55,,Cash,0.15,Completed
2715,1007,9,9,22-12-2024,Debit  Card,0.0,Completed
2716,613,6,14,31 Dec 2024,credit card,0.0,Completed
2717,1112,8,28,06/06/2023,CASH,0.0,Completed
2718,1060,1,69,2023-05-18,CASH,0.0,Completed
2719,287,77,60,2024-05-15,Credit Card,0.1,Completed
2720,639,12,50,2025/12/21,Credit Card,0.0,Completed
2721,733,12,16,20 Dec 2023,Store Credit,0.05,Completed
2722,59,3,64,07/29/2025,Debit  Card,5%,Completed
2723,1017,4,55,12/17/2025,Debit Card,5%,Completed
2724,92,6,75,23-09-2023,Debit Card,0.0,Completed
2725,750,5,76,20-05-2026,Gift Card,0.0,Completed
2726,389,13,40,09-02-2025,CASH,10%,Completed
2727,778,77,8,18/09/2025,Debit Card,0.1,Completed
2728,644,2,34,21/03/2026,PayPal,5%,Completed
2729,183,12,26,2024/10/23,Debit Card,0.0,Returned
2730,355,7,6,"September 26, 2023",Debit Card,0.0,Completed
2731,418,6,60,"September 05, 2024",credit card,0.05,Completed
2732,1152,10,22,30 Apr 2025,Debit  Card,0.0,Completed
2733,912,8,46,13 Apr 2024,Store Credit,0.0,Completed
2734,683,7,26,30-10-2024,Debit  Card,0.05,Completed
2735,7,2,22,13 Aug 2025,Store Credit,0.0,Completed
2736,537,3,10,07 Oct 2023,credit card,0.0,Completed
2737,680,13,59,01/06/2024,CASH,0.0,Cancelled
2738,1151,12,17,2024-09-11,Gift Card,0.0,Completed
2739,696,3,9,19-01-2023,CASH,0.0,Completed
2740,886,9,74,11/24/2023,PayPal,0.05,Cancelled
2741,975,13,42,2023/10/31,NULL,0.0,Completed
2742,333,3,14,11-01-2023,Cash,10%,Completed
2743,856,10,66,17-01-2023,Cash,0.0,Completed
2744,337,7,30,04/06/2026,Cash,0.05,Completed
2745,973,2,44,"May 14, 2026",CASH,5%,Completed
2746,1012,9,65,2024/03/31,Cash,0.1,Completed
2747,206,4,23,10/31/2024,CASH,0.0,Completed
2748,551,7,79,11 Apr 2025,Gift Card,5%,Completed
2749,699,8,11,"June 30, 2024",Cash,5%,Completed
2750,282,8,72,2023/01/31,NULL,0.1,Completed
2751,676,7,37,"December 12, 2024",Store Credit,0.0,Completed
2752,161,10,48,"May 31, 2024",CASH,0.0,Completed
2753,446,11,68,2024-03-31,PayPal,0.2,Completed
2754,943,5,50,"October 24, 2025",N/A,0.0,Completed
2755,690,2,64,06/19/2026,Debit  Card,10%,Completed
2756,340,8,5,20/04/2026,CASH,0.0,Completed
2757,1092,6,70,30/03/2023,Debit Card,10%,Completed
2758,830,6,11,01/10/2026,CASH,0.0,Completed
2759,595,12,26,2026-01-30,Credit Card,0.0,Completed
2760,295,8,43,"October 31, 2023",credit card,5%,Completed
2761,388,6,67,2023-04-21,PayPal,0.0,Completed
2762,343,12,13,"February 15, 2023",NULL,0.0,Completed
2763,11,13,80,01-05-2025,Credit Card,15%,Completed
2764,1198,2,41,10-08-2024,Credit Card,0.0,Completed
2765,715,1,86,2023/06/24,PayPal,0.0,Cancelled
2766,823,4,54,17/12/2023,PayPal,0.0,Completed
2767,547,12,29,31-12-2023,Gift Card,0.05,Completed
2768,27,77,38,26/01/2023,PayPal,0.0,Completed
2769,753,11,31,11 Jul 2025,CASH,0.15,Completed
2770,381,8,56,"October 07, 2024",Store Credit,5%,Completed
2771,787,7,16,"February 10, 2025",Credit Card,0.2,Completed
2772,331,1,78,"July 07, 2025",CASH,0.1,Completed
2773,208,77,88,2023/05/11,Gift Card,0.0,Completed
2774,278,11,45,2023-10-08,Store Credit,15%,Completed
2775,483,8,62,20-12-2023,Gift Card,0.15,Completed
2776,73,11,15,07/26/2026,Debit Card,0.0,Completed
2777,852,5,57,11/10/2023,Cash,0.1,Completed
2778,1219,7,65,19 Dec 2024,PayPal,0.0,Completed
2779,886,4,12,,Credit Card,0.0,Completed
2780,638,12,73,2025/03/21,credit card,0.0,Completed
2781,777,7,64,2025/07/21,Gift Card,0.0,Completed
2782,618,6,22,02/08/2024,credit card,0.0,Completed
2783,1048,11,42,30 May 2026,Gift Card,0.1,Completed
2784,833,6,57,04/20/2026,credit card,0.0,Completed
2785,1017,1,88,2023-07-08,Debit Card,0.0,Completed
2786,157,6,36,"December 28, 2023",none,0.0,Completed
2787,30,2,52,05/27/2026,PayPal,0.0,Completed
2788,34,11,45,02/06/2023,CASH,0.0,Completed
2789,313,12,10,10-08-2025,credit card,0.0,Completed
2790,997,7,66,29/12/2024,Debit  Card,0.05,Completed
2791,381,7,77,,Cash,0.05,Completed
2792,272,8,79,"May 23, 2024",Debit Card,0.1,Completed
2793,3,3,83,"November 30, 2023",CASH,0.2,Completed
2794,580,10,13,02/05/2026,credit card,15%,Completed
2795,852,12,6,14-06-2024,Debit Card,0.1,Completed
2796,1056,3,21,28/08/2023,Cash,0.25,Completed
2797,23,10,49,05/02/2024,Gift Card,0.0,Completed
2798,926,9,77,2026-07-18,CASH,0.0,Completed
2799,456,5,62,2026/01/03,Cash,0.1,Completed
2800,961,4,4,01 Nov 2025,Store Credit,0.1,Cancelled
2801,1175,77,43,08/31/2023,Debit Card,0.1,Completed
2802,313,3,26,"January 19, 2023",Debit Card,0.0,Completed
2803,736,2,14,"December 22, 2025",Debit  Card,0.05,Completed
2804,499,9,85,24/06/2025,CASH,0.0,Returned
2805,321,4,51,05/28/2025,CASH,0.0,Completed
2806,836,6,14,13/08/2023,credit card,0.0,Completed
2807,826,3,3,11 May 2023,Store Credit,0.0,Completed
2808,253,10,65,"November 27, 2024",Store Credit,10%,Completed
2809,10,9,35,22-03-2025,Cash,0.0,Completed
2810,155,12,82,2023-02-16,credit card,0.0,PENDING
2811,573,10,44,03 Feb 2024,Debit Card,0.0,Completed
2812,1210,3,74,,Store Credit,0.05,Cancelled
2813,541,13,15,"May 10, 2023",Gift Card,0.1,Cancelled
2814,367,5,8,12 May 2024,Cash,0.05,Completed
2815,877,4,17,2023/03/07,credit card,0.0,Completed
2816,157,1,32,16 Jan 2023,credit card,0.0,Completed
2817,669,3,47,13-12-2024,Cash,0.2,Completed
2818,1010,9,10,08 Aug 2024,PayPal,25%,Completed
2819,1025,5,62,"May 01, 2025",Credit Card,0.0,Completed
2820,121,3,78,15 Mar 2023,credit card,0.05,Completed
2821,1129,6,68,2026-04-28,PayPal,0.0,Completed
2822,760,4,44,10/13/2025,Store Credit,0.05,Completed
2823,555,1,69,11/02/2023,Gift Card,0.0,Completed
2824,784,7,7,03/13/2024,Debit  Card,0.0,Completed
2825,1139,5,60,2025-10-31,Store Credit,0.05,Completed
2826,1090,4,40,25-05-2024,-,0.0,Completed
2827,972,4,1,"November 13, 2025",Debit Card,0.25,Completed
2828,162,12,39,30 Jul 2025,Cash,10%,Completed
2829,480,1,36,"April 02, 2023",PayPal,10%,Completed
2830,846,4,39,,Credit Card,0.05,Completed
2831,860,9,78,,PayPal,0.0,Completed
2832,178,4,81,10 Dec 2024,CASH,0.0,Completed
2833,218,7,88,10/02/2023,PayPal,0.1,Completed
2834,278,13,83,03/18/2024,Store Credit,0.25,Completed
2835,146,9,14,09/12/2024,PayPal,0.05,Completed
2836,669,6,57,13/02/2024,Debit Card,0.0,Completed
2837,1169,7,26,"March 20, 2023",Cash,0.05,Cancelled
2838,559,10,87,2024/10/07,Debit Card,0.15,Completed
2839,59,2,57,28 Jun 2023,Store Credit,0.0,Completed
2840,897,3,13,"May 31, 2026",Gift Card,0.05,Completed
2841,513,12,84,04 Jan 2025,credit card,0.0,Completed
2842,326,77,54,2023/01/17,PayPal,0.0,Completed
2843,810,7,54,2025-11-08,Cash,0.0,Completed
2844,1013,1,14,2023/10/10,Store Credit,0.05,Completed
2845,753,10,55,25/08/2024,Debit Card,0.0,Completed
2846,282,6,59,05 Sep 2023,Gift Card,0.0,Completed
2847,1052,11,34,"October 13, 2025",CASH,0.05,Completed
2848,1058,12,25,05/03/2025,Debit Card,0.1,Completed
2849,1016,9,48,2023/08/13,Credit Card,0.0,Completed
2850,1194,9,73,,none,10%,Returned
2851,861,6,71,"September 24, 2023",Credit Card,0.0,Completed
2852,695,7,43,"November 26, 2025",-,10%,Completed
2853,9999,1,79,09/01/2025,Credit Card,0.0,Completed
2854,140,13,77,08/27/2025,Store Credit,0.1,Completed
2855,1108,4,49,2024-09-08,CASH,0.0,Completed
2856,912,11,61,09-04-2023,Debit Card,0.15,Completed
2857,1169,12,39,"May 23, 2024",Cash,0.2,Completed
2858,1107,11,79,2023/07/06,PayPal,0.0,Completed
2859,672,77,21,06-06-2023,Credit Card,0.1,Completed
2860,968,6,44,15 Nov 2025,Store Credit,0.0,Completed
2861,1100,9,85,"November 28, 2023",credit card,10%,Completed
2862,1176,2,74,09-02-2026,Cash,0.0,Completed
2863,208,4,36,15 Jul 2025,PayPal,0.1,completed
2864,358,9,85,2023-12-31,PayPal,10%,Completed
2865,1092,7,88,15 Jun 2024,Debit Card,0.1,Completed
2866,987,4,30,,PayPal,0.0,Completed
2867,813,11,65,10/09/2024,Cash,0.0,Returned
2868,87,77,77,13/01/2025,Cash,0.0,Completed
2869,386,1,61,2024/12/15,Store Credit,5%,Completed
2870,572,7,58,19-07-2026,Cash,0.0,Completed
2871,720,7,21,2023-03-31,Credit Card,0.0,Completed
2872,930,13,76,24 Dec 2025,Credit Card,25%,Completed
2873,151,6,55,08/16/2024,Credit Card,0.15,Completed
2874,920,3,64,04 Feb 2024,,0.0,Completed
2875,1108,10,23,2024-06-15,credit card,0.1,Completed
2876,465,11,62,2026/07/07,Debit  Card,0.1,Completed
2877,444,3,36,07/08/2023,Gift Card,0.05,Completed
2878,987,6,54,22/10/2023,CASH,0.0,Completed
2879,382,5,15,29/01/2024,Store Credit,20%,Cancelled
2880,73,8,57,23/01/2026,credit card,0.0,Completed
2881,900,9,48,2026/04/29,Debit Card,0.0,Completed
2882,496,5,50,2023/06/21,Store Credit,5%,Completed
2883,709,3,24,15-04-2024,Cash,0.05,Completed
2884,1087,7,31,"May 02, 2023",Debit  Card,0.0,Completed
2885,912,7,26,2024-06-02,Gift Card,0.05,Completed
2886,367,8,63,08 Jul 2023,CASH,0.15,Completed
2887,1069,11,49,08/25/2023,Credit Card,0.0,Completed
2888,665,8,69,2026-04-04,CASH,0.2,Completed
2889,677,2,69,19-12-2023,Gift Card,0.1,Completed
2890,147,11,30,2023/04/18,Debit  Card,10%,Completed
2891,881,11,66,30-05-2026,CASH,0.0,Completed
2892,210,8,2,"April 07, 2026",CASH,0.1,Completed
2893,686,6,89,2025/05/16,Debit Card,15%,Completed
2894,767,6,20,2023/01/23,Debit  Card,0.05,Cancelled
2895,401,6,15,,Debit Card,0.0,Completed
2896,255,2,28,2025-08-26,PayPal,0.05,Completed
2897,1093,5,57,05-08-2024,Debit  Card,25%,Completed
2898,444,3,72,01/04/2026,Cash,0.0,Completed
2899,494,7,50,"February 26, 2026",Gift Card,0.05,Completed
2900,21,9,35,05/05/2024,Debit Card,0.0,Completed
2901,647,9,35,2023/01/30,Gift Card,0.1,Completed
2902,532,5,51,"May 30, 2025",Credit Card,0.1,Completed
2903,58,10,39,02/07/2024,Debit Card,0.0,Completed
2904,831,12,43,"March 27, 2025",Debit  Card,0.05,Completed
2905,616,7,32,17 Feb 2024,Debit Card,0.0,Completed
2906,354,8,40,"October 21, 2023",Store Credit,0.05,Completed
2907,284,1,24,06/20/2023,Store Credit,20%,Completed
2908,1044,5,5,2024/06/17,credit card,0.0,Completed
2909,17,1,69,2025-04-30,Credit Card,0.15,Completed
2910,325,12,56,25/02/2025,Store Credit,0.0,Completed
2911,873,8,33,2024/01/27,Gift Card,15%,Completed
2912,428,3,28,28-12-2024,PayPal,0.25,Completed
2913,986,4,8,2026-06-20,CASH,0.1,Completed
2914,699,10,79,2025-06-02,Debit Card,0.0,Completed
2915,306,6,47,2023/12/19,Debit Card,0.2,Completed
2916,1113,2,35,26/03/2024,Credit Card,0.0,Completed
2917,120,8,64,2025/06/22,Debit Card,0.1,Completed
2918,704,5,61,2025-02-01,Gift Card,0.0,Completed
2919,851,13,68,04/02/2024,PayPal,10%,Completed
2920,650,10,55,13/05/2024,Store Credit,0.15,Completed
2921,204,13,2,"June 21, 2023",credit card,10%,Completed
2922,775,4,88,19 May 2023,Debit Card,0.0,Completed
2923,317,7,40,"May 20, 2025",Debit  Card,0.0,Returned
2924,1058,77,71,2024/02/22,PayPal,0.0,Completed
2925,776,11,80,2026/04/28,Cash,0.1,Completed
2926,548,4,85,01/28/2025,credit card,25%,Completed
2927,159,77,16,2026/01/03,Credit Card,0.15,Completed
2928,287,3,17,08/11/2023,Credit Card,25%,Completed
2929,736,7,7,14/07/2024,Cash,0.05,Completed
2930,32,77,12,23 Feb 2026,Debit  Card,0.0,Completed
2931,205,13,16,20/07/2026,CASH,15%,Completed
2932,1055,9,81,06 Jul 2025,Credit Card,10%,Returned
2933,404,2,55,08/13/2025,PayPal,0.0,Completed
2934,807,77,26,2025-11-13,credit card,0.0,Returned
2935,181,11,55,2026/02/28,credit card,5%,Completed
2936,1100,7,49,2023/11/30,PayPal,0.0,Completed
2937,246,5,22,,Credit Card,10%,Completed
2938,909,5,25,2025-10-29,Debit  Card,0.0,Completed
2939,391,3,19,"March 31, 2026",Gift Card,0.0,Completed
2940,337,11,19,01-11-2024,Credit Card,15%,Completed
2941,965,8,52,03 Jul 2024,CASH,0.0,Completed
2942,104,1,3,2023-10-07,Store Credit,0.15,Completed
2943,550,8,78,05/10/2024,PayPal,0.1,Completed
2944,585,1,17,03/18/2023,Cash,0.0,Cancelled
2945,712,11,45,,Debit  Card,5%,Completed
2946,944,6,13,16 Nov 2024,Gift Card,20%,Completed
2947,395,8,7,12/02/2024,Store Credit,0.05,Completed
2948,216,11,26,2023/12/04,PayPal,5%,Completed
2949,633,3,79,29-10-2024,none,0.0,Completed
2950,920,4,30,2023-10-29,CASH,0.1,Completed
2951,709,5,73,2025-12-07,Credit Card,0.0,Completed
2952,338,11,83,2024/12/28,Credit Card,0.0,Completed
2953,238,9,56,26-04-2023,CASH,5%,Completed
2954,174,77,72,2025/01/06,Credit Card,0.0,Completed
2955,883,5,29,16/01/2025,credit card,0.0,Completed
2956,773,4,15,10/02/2024,Store Credit,0.2,Completed
2957,1186,2,67,2025/03/19,CASH,5%,Completed
2958,650,11,36,2025/01/10,Debit Card,0.1,Completed
2959,1163,13,74,22 Apr 2023,Gift Card,5%,Completed
2960,717,9,8,28-01-2024,CASH,0.05,Cancelled
2961,521,12,38,"March 07, 2023",Store Credit,0.05,Completed
2962,1142,9,31,01/15/2025,Debit  Card,0.15,Completed
2963,928,77,57,"August 05, 2025",Gift Card,5%,Cancelled
2964,162,9,12,21/11/2024,Debit  Card,0.0,Completed
2965,463,5,6,12/11/2025,CASH,0.0,Completed
2966,932,13,34,12-03-2026,,0.0,Completed
2967,32,77,12,2026/06/25,Debit Card,0.0,Completed
2968,1122,10,3,27 May 2024,Gift Card,0.0,Completed
2969,1169,3,14,2026-06-09,Debit Card,0.0,Completed
2970,302,5,37,27-03-2025,credit card,0.0,Completed
2971,636,7,72,2025/12/23,Store Credit,5%,Completed
2972,814,6,80,2025/10/21,Cash,10%,Completed
2973,244,10,24,,Store Credit,0.05,Completed
2974,1070,3,49,2023/12/30,CASH,0.0,Completed
2975,773,7,53,18 Dec 2023,Debit Card,0.05,Cancelled
2976,928,11,4,2024/07/24,CASH,0.05,Returned
2977,608,9,55,09-08-2024,Debit  Card,0.0,Completed
2978,1039,1,6,25/05/2026,Store Credit,15%,Completed
2979,509,13,61,19-10-2024,Debit  Card,0.0,Completed
2980,360,7,64,2023-06-03,Debit  Card,0.05,Completed
2981,754,5,52,2025-01-19,Debit  Card,0.0,Returned
2982,278,2,32,19/11/2024,Store Credit,0.0,Completed
2983,1041,9,2,02/20/2024,credit card,0.25,Completed
2984,1024,7,80,07/17/2024,Debit  Card,10%,Completed
2985,8888,12,75,13 Jul 2023,Credit Card,0.1,Completed
2986,171,6,37,"January 21, 2026",Debit  Card,0.0,Completed
2987,7,11,70,08/08/2023,Cash,25%,Completed
2988,325,5,79,07/26/2026,PayPal,5%,Completed
2989,97,10,33,18 Sep 2023,CASH,0.0,Completed
2990,23,9,78,2025-08-06,Gift Card,0.0,Completed
2991,816,7,58,"June 14, 2025",Debit  Card,0.0,Completed
2992,549,13,43,2025/08/27,Credit Card,0.1,Completed
2993,1057,77,78,02/04/2026,Cash,0.05,PENDING
2994,1194,11,51,13/04/2024,Cash,0.0,Completed
2995,971,4,38,05-03-2024,Cash,0.0,Completed
2996,708,6,39,02/20/2026,Gift Card,0.0,Completed
2997,1203,2,54,2025-09-20,credit card,0.1,Completed
2998,49,12,26,03-01-2023,Store Credit,0.0,Completed
2999,915,5,34,27 Jan 2023,Credit Card,0.0,Completed
3000,847,6,30,2024/12/16,CASH,0.0,Completed
3001,983,8,65,2024-05-06,PayPal,0.05,Completed
3002,565,9,56,01-11-2025,Gift Card,0.0,Completed
3003,36,11,34,28 Aug 2025,Store Credit,0.0,Returned
3004,776,4,77,21/07/2026,credit card,0.0,Returned
3005,297,8,11,2024-08-14,Debit Card,0.0,Cancelled
3006,574,13,31,2025-02-13,Store Credit,20%,Completed
3007,36,6,7,03/09/2025,Gift Card,15%,Completed
3008,311,11,32,"January 05, 2023",Gift Card,0.1,Completed
3009,740,8,16,11/11/2024,PayPal,0.0,Completed
3010,287,9,28,09/29/2025,Store Credit,0.0,Completed
3011,349,5,47,11/01/2025,CASH,0.0,Completed
3012,895,1,63,"April 28, 2023",Debit Card,5%,Returned
3013,669,10,16,26-11-2023,Gift Card,0.0,Completed
3014,1113,77,59,2024/06/14,Credit Card,0.1,Completed
3015,58,10,33,2023-01-04,CASH,0.0,Completed
3016,1103,3,10,"January 26, 2025",Debit Card,5%,Completed
3017,399,7,17,21 Jan 2026,PayPal,5%,Completed
3018,900,4,19,05/01/2023,PayPal,25%,Completed
3019,928,77,72,01/10/2025,credit card,10%,Completed
3020,280,9,63,"August 25, 2025",Credit Card,0.2,Completed
3021,185,8,55,18-07-2023,Debit  Card,0.0,Completed
3022,69,7,89,"November 03, 2023",Gift Card,0.0,Completed
3023,551,11,69,"June 13, 2025",credit card,10%,Completed
3024,1127,11,90,21-09-2023,Debit  Card,0.05,Completed
3025,248,12,42,08/19/2024,credit card,5%,Completed
3026,879,3,24,21/12/2025,Cash,0.0,Completed
3027,1123,8,22,28/05/2025,Cash,0.0,Returned
3028,487,1,42,18 May 2026,Store Credit,0.1,Completed
3029,44,12,61,"January 23, 2025",Debit Card,0.05,Completed
3030,265,6,23,"August 23, 2024",PayPal,5%,Completed
3031,708,11,34,07/23/2025,Debit  Card,0.0,Completed
3032,1204,77,75,28 Feb 2023,Debit Card,0.0,Completed
3033,279,77,47,12 Jan 2023,Store Credit,0.1,Completed
3034,514,4,22,11/03/2025,,0.0,Completed
3035,959,8,83,2024-03-15,Debit  Card,0.0,Completed
3036,778,9,42,"December 10, 2024",credit card,0.0,Completed
3037,103,9,42,01/04/2026,Store Credit,0.0,Completed
3038,94,1,74,18-04-2023,PayPal,0.05,Completed
3039,906,2,48,20-01-2026,Store Credit,0.25,Completed
3040,258,12,45,02 Apr 2026,Cash,0.05,Completed
3041,873,9,36,2024/07/08,Debit Card,5%,Returned
3042,905,9,85,2026/07/28,Debit Card,0.0,Completed
3043,1162,12,44,22-05-2024,Debit  Card,0.05,Completed
3044,900,11,84,"February 23, 2023",Cash,0.0,Completed
3045,97,4,47,31-01-2023,Debit Card,0.0,Returned
3046,368,4,35,17-02-2025,credit card,0.0,Completed
3047,1113,11,56,2026/01/02,PayPal,0.0,Completed
3048,116,7,15,2025-02-08,Cash,0.0,Completed
3049,1025,10,44,"December 28, 2023",Debit Card,0.05,Completed
3050,1190,6,16,13/10/2023,PayPal,0.0,Completed
3051,181,4,58,2024-07-21,Cash,15%,Completed
3052,240,77,14,03/07/2026,PayPal,0.0,Completed
3053,788,6,34,2025-08-01,Store Credit,0.2,Completed
3054,247,11,75,15-11-2023,Cash,0.0,Completed
3055,710,5,31,2024/08/04,Gift Card,0.0,Completed
3056,526,9,77,28-04-2026,Credit Card,0.0,Completed
3057,143,1,1,2024-11-14,Store Credit,0.0,Completed
3058,391,2,51,22 Apr 2023,CASH,0.0,Completed
3059,487,12,7,"May 01, 2023",Credit Card,0.0,Completed
3060,43,9,15,2025-02-27,Debit  Card,0.0,Completed
3061,37,13,42,22/04/2025,credit card,0.05,Completed
3062,1187,5,46,06/25/2025,Cash,0.05,Completed
3063,891,7,999,06-03-2024,Debit  Card,0.0,Completed
3064,303,13,53,04/07/2023,Store Credit,0.05,PENDING
3065,489,3,8,01/18/2025,Credit Card,0.0,Completed
3066,248,8,55,16-11-2025,Store Credit,0.0,Completed
3067,239,3,57,2023-07-15,NaN,0.0,Completed
3068,638,3,34,2023-01-24,Credit Card,0.0,Completed
3069,285,13,45,2025-04-09,Debit Card,0.05,Completed
3070,717,9,39,16 Nov 2025,credit card,0.1,Completed
3071,521,10,79,2025/05/17,NaN,0.0,Cancelled
3072,686,5,83,2023/03/31,credit card,0.0,Completed
3073,716,4,71,23 Sep 2023,Gift Card,0.15,Cancelled
3074,99,8,52,09/22/2025,PayPal,0.0,Completed
3075,493,2,42,,credit card,0.0,Completed
3076,269,5,48,06/20/2024,CASH,0.1,Completed
3077,864,12,66,08/05/2024,Debit  Card,0.0,Completed
3078,851,3,27,05/04/2024,none,0.15,PENDING
3079,917,3,54,01/20/2025,Debit Card,0.0,Completed
3080,389,6,84,18 Feb 2025,Credit Card,0.1,completed
3081,1129,3,28,2024/01/05,Credit Card,0.0,Completed
3082,457,1,36,2026/03/08,none,0.1,Completed
3083,763,4,30,2023/12/23,Store Credit,0.0,Completed
3084,364,77,72,11 Jun 2024,Store Credit,15%,Returned
3085,485,4,49,30 Jul 2024,CASH,0.0,Cancelled
3086,957,13,9,2025/07/23,Credit Card,0.0,Completed
3087,197,7,71,2023-05-05,Store Credit,0.1,PENDING
3088,685,6,63,12/19/2024,credit card,0.0,Completed
3089,1119,4,89,15/12/2023,Cash,0.0,Completed
3090,701,11,47,"April 20, 2025",CASH,0.15,Completed
3091,925,77,14,01/21/2023,PayPal,0.0,Completed
3092,983,12,35,01/07/2023,credit card,0.0,Completed
3093,354,4,1,10/01/2025,Debit Card,0.0,Cancelled
3094,188,7,50,04/02/2026,credit card,0.0,Completed
3095,925,11,21,"June 17, 2025",Debit Card,15%,Completed
3096,1185,4,8,07/18/2023,Credit Card,0.0,Completed
3097,239,12,12,06/29/2023,,0.0,Completed
3098,235,1,88,18-10-2023,Debit Card,10%,Completed
3099,1199,6,50,05-08-2024,NaN,0.15,Completed
3100,734,4,61,2026/04/18,Store Credit,5%,Completed
3101,375,12,77,13-01-2024,PayPal,0.0,Completed
3102,46,8,53,02/01/2023,Debit  Card,0.05,Completed
3103,437,10,46,2026-06-08,PayPal,0.2,Completed
3104,341,77,84,25/05/2024,PayPal,10%,Completed
3105,135,2,52,13/02/2023,Store Credit,0.0,Completed
3106,324,3,21,2024/03/28,PayPal,0.0,Completed
3107,619,9,39,"March 03, 2026",PayPal,0.05,Completed
3108,538,3,16,"October 10, 2024",Cash,0.05,Completed
3109,114,8,9,06/17/2025,Store Credit,0.0,Completed
3110,577,11,51,"March 26, 2026",credit card,0.0,Completed
3111,302,6,74,02 Sep 2024,Credit Card,0.1,Completed
3112,904,11,86,27/10/2025,NaN,0.0,Completed
3113,438,5,52,12-04-2024,Gift Card,5%,Completed
3114,179,13,85,06/21/2026,Store Credit,0.1,Completed
3115,172,9,27,,Gift Card,0.15,Completed
3116,660,6,2,2023-07-28,Cash,0.0,Completed
3117,1029,6,51,29/04/2026,CASH,0.1,Completed
3118,363,5,30,25-03-2024,PayPal,0.1,Completed
3119,719,2,11,16-08-2024,Gift Card,10%,Completed
3120,532,7,28,11-01-2023,Credit Card,0.0,Completed
3121,287,2,79,"April 24, 2023",PayPal,0.25,Completed
3122,263,1,46,"March 19, 2025",NaN,15%,Completed
3123,380,3,999,2026-07-19,Debit  Card,0.0,Returned
3124,1213,8,6,31 Dec 2024,Store Credit,0.1,Completed
3125,1132,3,49,2023-07-02,Credit Card,0.1,completed
3126,985,8,29,04/07/2025,Debit Card,0.0,Completed
3127,717,10,3,20-05-2023,Gift Card,10%,Completed
3128,455,5,88,01/06/2023,Gift Card,0.25,Completed
3129,673,7,39,"June 30, 2024",Debit Card,0.0,Completed
3130,534,13,43,2023-04-01,credit card,0.2,completed
3131,334,2,51,19 Aug 2023,Store Credit,0.1,Completed
3132,721,6,1,04 Apr 2025,NaN,0.0,Completed
3133,803,1,60,03 Mar 2024,Gift Card,0.0,Completed
3134,1090,11,72,"January 06, 2025",,0.1,Completed
3135,698,13,24,01/10/2024,Credit Card,5%,Completed
3136,871,2,33,04 Feb 2026,Gift Card,0.15,Completed
3137,332,8,34,2024/06/02,credit card,0.1,Completed
3138,602,13,1,02/26/2026,Debit  Card,0.15,Completed
3139,171,1,34,21 Mar 2023,Credit Card,0.05,Completed
3140,350,77,38,2025-02-24,PayPal,0.05,Completed
3141,214,5,1,"October 13, 2023",Debit  Card,0.05,Completed
3142,716,77,10,12 Dec 2023,Debit Card,0.0,Completed
3143,409,8,81,"June 16, 2024",Store Credit,10%,Completed
3144,979,77,52,2023/03/12,PayPal,5%,Completed
3145,205,5,14,06/16/2023,Store Credit,0.15,Completed
3146,779,8,59,13/11/2023,PayPal,0.0,Completed
3147,903,9,44,07/07/2023,PayPal,10%,Completed
3148,233,2,52,04/24/2023,PayPal,10%,Completed
3149,882,9,64,2023/04/28,Gift Card,0.0,Completed
3150,355,6,12,2026/02/21,Store Credit,0.0,Completed
3151,549,10,86,2026-03-30,,10%,Completed
3152,626,8,34,19/09/2023,CASH,10%,Completed
3153,562,3,25,03/25/2026,PayPal,10%,Completed
3154,316,5,62,10/01/2025,Credit Card,0.1,Completed
3155,744,8,35,16-07-2026,PayPal,0.1,Completed
3156,946,1,23,29 Mar 2025,PayPal,0.0,Completed
3157,270,77,1,03/31/2023,Debit Card,0.0,Completed
3158,238,12,67,27/04/2023,Gift Card,0.05,Cancelled
3159,567,6,30,2023-02-08,Store Credit,0.05,Completed
3160,42,12,26,2026/03/26,NULL,0.2,Completed
3161,571,1,20,2026/05/20,CASH,0.0,Returned
3162,566,10,38,22 Jul 2025,Debit  Card,0.0,Completed
3163,934,6,11,01/16/2023,CASH,0.0,Completed
3164,884,1,70,"August 17, 2025",-,0.1,Completed
3165,353,10,61,21 Jul 2024,Store Credit,0.05,Completed
3166,644,11,41,02/29/2024,Cash,0.0,Completed
3167,817,10,3,01 Jun 2026,Gift Card,0.0,Returned
3168,307,4,22,04-10-2025,Cash,0.0,Completed
3169,119,9,28,11-08-2025,Store Credit,0.05,Completed
3170,1110,11,22,06/24/2026,Debit Card,25%,Returned
3171,617,7,51,2023-12-04,Store Credit,0.0,Completed
3172,820,4,19,05/13/2024,Debit  Card,0.2,Completed
3173,366,2,34,02/03/2023,Debit Card,0.0,Completed
3174,106,77,34,2026/02/16,Debit  Card,0.25,Completed
3175,339,3,85,2025-05-04,Gift Card,0.0,Completed
3176,747,11,7,12-03-2026,Gift Card,0.05,Completed
3177,107,7,85,2026-06-30,Debit  Card,0.0,Cancelled
3178,782,8,47,30/06/2024,Cash,20%,Returned
3179,650,8,30,10/13/2023,Debit  Card,0.0,Completed
3180,77,3,32,07-04-2025,Credit Card,0.05,Completed
3181,593,11,59,14/05/2024,Store Credit,0.0,Completed
3182,90,8,78,"June 15, 2026",credit card,5%,Completed
3183,273,13,59,05/20/2023,Debit  Card,0.0,Completed
3184,47,2,15,25/04/2023,Debit  Card,0.0,Completed
3185,508,6,15,05 Nov 2023,PayPal,0.0,Completed
3186,1041,10,6,22/04/2024,Debit  Card,0.1,Completed
3187,1056,1,31,27 Jul 2025,Debit Card,0.0,Completed
3188,4,1,72,08/11/2025,Cash,0.0,Completed
3189,38,13,26,07/06/2026,Store Credit,5%,Returned
3190,390,13,48,12/06/2026,Gift Card,0.0,Returned
3191,1170,6,89,"February 08, 2024",Store Credit,0.0,Completed
3192,1022,12,47,01/08/2026,Debit Card,0.05,Completed
3193,986,9,5,05 Dec 2023,Store Credit,5%,Completed
3194,193,11,5,01 Apr 2024,Debit  Card,0.0,Returned
3195,83,13,29,"June 08, 2026",PayPal,0.05,Completed
3196,958,11,49,19 Apr 2023,PayPal,0.05,Completed
3197,132,2,70,2026/07/27,Debit Card,0.0,Cancelled
3198,662,6,59,2024/11/28,Credit Card,0.0,Completed
3199,1031,5,23,2023/08/01,Debit  Card,15%,Returned
3200,369,8,89,19-02-2024,Debit Card,15%,Cancelled
3201,302,4,9,2023-05-13,CASH,0.15,Completed
3202,1111,3,54,05/06/2025,Debit Card,0.0,Completed
3203,1172,9,90,13-12-2025,CASH,0.0,Completed
3204,902,5,8,2025/05/21,Store Credit,0.05,Completed
3205,1220,9,63,28/08/2023,Debit Card,0.0,Completed
3206,1019,8,25,14 Aug 2024,Credit Card,0.0,completed
3207,132,2,2,"January 05, 2023",Gift Card,0.0,Completed
3208,1062,77,21,2024-05-26,Store Credit,10%,Completed
3209,426,3,24,06/29/2024,Gift Card,0.0,Completed
3210,973,77,34,2025/11/22,credit card,0.05,Completed
3211,580,8,21,05 May 2026,Debit Card,0.0,Completed
3212,942,77,10,"May 01, 2026",CASH,0.0,Completed
3213,535,3,1,19/10/2025,Store Credit,5%,Completed
3214,770,2,72,28 May 2026,Gift Card,0.0,Completed
3215,1061,77,64,2026-01-21,Debit Card,0.05,Returned
3216,832,4,41,2023-12-27,credit card,0.1,Completed
3217,355,7,22,2023-04-10,Gift Card,0.0,Completed
3218,1040,77,37,"April 24, 2026",Debit Card,0.0,Completed
3219,58,12,13,2026-02-21,Credit Card,15%,Completed
3220,1153,2,70,27-02-2026,Debit  Card,0.0,Completed
3221,858,7,85,2024-06-17,Debit  Card,0.0,Completed
3222,103,10,79,12/13/2024,Debit  Card,0.0,Completed
3223,1096,13,34,2024/10/28,CASH,5%,Completed
3224,205,9,38,"January 06, 2026",PayPal,10%,Completed
3225,718,4,66,28-10-2025,CASH,0.0,Completed
3226,711,11,75,2024-01-18,Credit Card,0.1,Completed
3227,358,9,58,09/01/2024,Debit Card,0.1,Completed
3228,968,13,85,16-04-2023,Gift Card,10%,Completed
3229,321,13,24,28-07-2023,credit card,20%,Completed
3230,507,11,2,20-03-2023,CASH,0.0,Completed
3231,487,10,49,2023-09-29,Debit  Card,0.0,Completed
3232,413,9,1,"January 20, 2023",-,0.0,Completed
3233,79,8,27,2024/06/22,Cash,0.0,Completed
3234,31,4,52,02-05-2026,-,0.0,Completed
3235,164,10,47,2025/11/18,Store Credit,0.0,Completed
3236,556,10,23,2024/01/31,NULL,0.1,Completed
3237,1216,4,46,08-01-2025,Store Credit,15%,Completed
3238,497,9,6,20/07/2026,Credit Card,0.0,Completed
3239,539,4,44,06/24/2026,Cash,5%,Completed
3240,135,1,70,2023/06/13,Cash,5%,Completed
3241,1212,7,14,"February 13, 2024",Debit  Card,0.1,Completed
3242,656,4,61,"December 21, 2023",Cash,0.05,Completed
3243,89,10,52,01 Oct 2023,Store Credit,0.0,Completed
3244,621,12,61,12/03/2023,Store Credit,0.0,Completed
3245,945,5,62,"August 05, 2025",credit card,0.15,Completed
3246,1040,11,25,20-02-2026,Gift Card,0.0,Completed
3247,748,5,11,10/09/2025,credit card,25%,Completed
3248,173,11,45,15/12/2024,Store Credit,0.1,Completed
3249,753,3,58,"May 21, 2026",credit card,0.25,Completed
3250,209,7,36,2023/07/16,CASH,0.2,Completed
3251,412,77,21,"March 14, 2024",Gift Card,0.0,Completed
3252,461,4,84,11-04-2025,PayPal,0.0,Returned
3253,338,9,81,05/01/2026,CASH,0.0,Completed
3254,1024,10,58,2025-02-28,Credit Card,0.15,Completed
3255,169,1,6,07/09/2025,CASH,0.0,Completed
3256,27,9,999,2023/08/02,Cash,0.05,Cancelled
3257,1013,12,63,2023/12/02,PayPal,10%,Completed
3258,128,13,11,22-10-2025,Gift Card,0.0,Completed
3259,1200,3,62,2023/01/23,CASH,0.0,Completed
3260,592,3,78,2024-06-05,Credit Card,10%,Completed
3261,92,2,57,20/06/2025,Credit Card,0.0,Completed
3262,1146,7,34,11/11/2025,Store Credit,0.05,Returned
3263,195,3,27,04/18/2025,PayPal,0.0,Completed
3264,212,77,63,2023/04/25,Gift Card,0.0,Completed
3265,219,7,36,"June 11, 2023",Store Credit,0.05,Cancelled
3266,930,11,25,2025-05-25,Debit Card,20%,Completed
3267,847,4,47,2025-03-10,Cash,0.0,Completed
3268,1161,13,11,07-10-2025,Debit Card,0.0,Completed
3269,690,10,47,14/12/2024,credit card,0.0,Completed
3270,119,6,80,2023/04/15,Cash,0.15,Completed
3271,145,1,18,2023/07/11,none,0.0,Completed
3272,880,1,37,2023-11-22,none,20%,Completed
3273,966,6,19,"January 23, 2026",CASH,0.0,Completed
3274,679,12,56,07/13/2024,Debit Card,0.2,Cancelled
3275,660,13,35,05-02-2024,CASH,0.0,Completed
3276,295,10,28,"March 16, 2024",Credit Card,0.05,Completed
3277,779,5,87,04-02-2025,Store Credit,0.05,PENDING
3278,385,9,81,11-01-2024,Cash,0.15,Completed
3279,285,1,39,02/15/2026,Credit Card,0.0,Completed
3280,266,8,32,10/18/2024,Debit  Card,15%,Completed
3281,1144,4,20,22 Aug 2023,Debit Card,5%,Completed
3282,427,5,68,2023/03/26,Debit Card,0.0,Completed
3283,6,2,34,05-11-2024,Credit Card,0.15,Completed
3284,670,12,38,02/04/2025,Credit Card,15%,Completed
3285,90,77,16,07/01/2024,,5%,Completed
3286,110,77,75,2023-01-31,CASH,0.05,Completed
3287,1084,8,52,12-06-2024,Store Credit,0.05,Completed
3288,720,3,60,05-12-2023,CASH,0.0,Completed
3289,639,3,75,"October 07, 2025",Gift Card,0.0,Completed
3290,836,77,57,29 Mar 2024,Debit Card,0.0,Completed
3291,728,3,25,"May 09, 2023",Debit  Card,5%,Completed
3292,45,12,90,12/05/2023,Gift Card,0.0,Completed
3293,594,10,32,02/27/2023,Gift Card,0.05,Returned
3294,693,11,45,29-04-2023,Debit  Card,0.0,Completed
3295,446,1,999,"November 29, 2025",Debit Card,20%,Completed
3296,730,5,81,"April 29, 2024",Cash,0.1,Completed
3297,1136,10,63,13/09/2023,Store Credit,0.0,PENDING
3298,211,5,86,2025/09/05,Debit Card,0.1,Completed
3299,409,7,69,18-04-2023,Credit Card,0.0,Completed
3300,711,13,46,05-08-2025,Store Credit,0.0,Completed
3301,781,2,12,19/11/2023,Cash,0.0,Completed
3302,259,10,59,08/02/2023,Store Credit,0.15,Completed
3303,832,3,83,13-07-2025,Cash,15%,Completed
3304,987,7,79,03/08/2023,CASH,0.0,Completed
3305,138,10,39,2025/03/08,Debit Card,10%,Completed
3306,216,1,90,26/05/2026,credit card,0.0,Completed
3307,371,4,5,"July 07, 2024",Credit Card,10%,Completed
3308,419,2,57,2025/12/11,PayPal,0.0,Completed
3309,137,13,10,09/11/2023,Credit Card,5%,Completed
3310,1014,9,27,05-07-2023,credit card,0.0,Completed
3311,219,4,13,"July 20, 2025",Debit  Card,0.0,Completed
3312,484,6,84,2025/04/17,Credit Card,10%,Completed
3313,521,13,62,2024/10/21,Debit Card,0.0,Completed
3314,838,9,89,03/10/2023,PayPal,0.0,Completed
3315,960,77,18,"March 18, 2023",PayPal,0.1,Completed
3316,1061,5,43,01/08/2023,Debit  Card,5%,Completed
3317,266,2,71,28/07/2026,Debit Card,0.25,Completed
3318,394,13,37,2023-09-21,Credit Card,0.0,Completed
3319,295,2,1,15/02/2025,Gift Card,0.15,Completed
3320,1004,2,3,19/12/2024,credit card,0.05,Completed
3321,470,8,31,11/02/2025,Debit Card,0.0,completed
3322,859,9,80,2025/02/27,Gift Card,0.2,Completed
3323,453,6,4,04/06/2026,PayPal,0.0,Completed
3324,16,4,30,15/04/2023,Credit Card,0.05,Completed
3325,1006,12,43,2025/11/19,Debit Card,0.0,Returned
3326,69,12,40,12-02-2023,Debit Card,0.0,PENDING
3327,385,4,87,18-01-2023,credit card,0.1,Completed
3328,736,77,5,2024/01/24,CASH,10%,Completed
3329,774,7,73,07-05-2026,Store Credit,0.0,Completed
3330,623,10,10,27-11-2025,Cash,0.05,Completed
3331,635,5,41,11/11/2023,Debit  Card,10%,Completed
3332,646,10,40,"September 06, 2025",Store Credit,15%,Completed
3333,815,7,52,"October 09, 2024",Credit Card,0.0,Completed
3334,532,12,15,10/05/2023,N/A,0.0,Completed
3335,531,11,74,09-12-2025,Credit Card,0.0,Completed
3336,554,8,51,21/09/2025,Debit  Card,0.0,Completed
3337,561,10,3,12/24/2024,Store Credit,0.0,Returned
3338,847,3,73,01/03/2023,credit card,0.0,Completed
3339,315,3,11,04 Sep 2025,PayPal,20%,Completed
3340,1163,7,58,28 Feb 2026,CASH,0.0,Completed
3341,1123,11,28,15-09-2025,CASH,0.0,Completed
3342,788,10,27,27 Feb 2026,Cash,5%,Completed
3343,459,8,28,"July 23, 2023",Credit Card,0.1,Completed
3344,165,12,51,12-07-2026,PayPal,0.05,Completed
3345,895,77,68,,Cash,15%,Cancelled
3346,828,10,33,07/22/2025,CASH,0.0,Completed
3347,169,9,999,29-06-2026,Gift Card,0.1,Completed
3348,947,5,3,"July 16, 2026",PayPal,0.0,Completed
3349,1095,11,41,30/07/2025,PayPal,5%,Completed
3350,269,3,57,12/04/2023,Debit Card,0.0,Completed
3351,1027,10,83,"January 29, 2025",NULL,10%,Completed
3352,566,4,12,07-01-2024,Debit Card,0.05,Completed
3353,247,77,20,"June 30, 2026",Debit  Card,5%,Completed
3354,467,2,84,,CASH,0.0,Completed
3355,550,11,17,"November 14, 2024",Credit Card,10%,Completed
3356,95,77,50,02/05/2026,credit card,0.0,Completed
3357,1092,9,63,2026/04/17,CASH,0.0,Completed
3358,1062,12,37,31-03-2025,NaN,0.0,Completed
3359,419,13,64,04/11/2023,credit card,0.0,Completed
3360,430,7,12,04 Jun 2026,Store Credit,0.0,Completed
3361,962,2,56,2024/03/20,credit card,0.0,Completed
3362,92,12,7,16/03/2024,PayPal,5%,completed
3363,1050,77,81,05 Aug 2023,CASH,0.0,Completed
3364,848,8,57,05-06-2023,Debit  Card,5%,Completed
3365,429,1,30,"September 08, 2024",Gift Card,0.05,Completed
3366,508,13,70,2023-08-06,credit card,0.15,Completed
3367,585,3,25,"November 20, 2024",Credit Card,0.15,Completed
3368,958,2,71,05/02/2026,PayPal,0.0,Completed
3369,301,1,33,01-08-2024,CASH,10%,Completed
3370,430,7,25,08/29/2025,Debit Card,0.25,Completed
3371,361,4,8,2024-09-07,Gift Card,0.15,Completed
3372,1169,9,24,"October 14, 2025",Gift Card,15%,Completed
3373,190,3,30,"February 20, 2025",Gift Card,0.0,Completed
3374,711,10,1,2023/03/15,Debit Card,0.0,Completed
3375,140,4,27,23/10/2023,PayPal,0.0,Completed
3376,660,1,61,2023-05-27,Gift Card,0.1,Completed
3377,403,77,53,"June 26, 2024",Debit Card,0.05,Completed
3378,180,4,71,07/10/2024,Store Credit,0.0,Completed
3379,889,12,59,2024/12/22,CASH,0.1,Completed
3380,128,5,64,30-10-2024,CASH,5%,Completed
3381,655,9,14,,PayPal,0.05,Completed
3382,1185,3,22,2024/09/05,Store Credit,20%,Returned
3383,703,12,87,12/25/2025,Credit Card,0.05,Completed
3384,1146,10,67,06/19/2023,Debit Card,0.05,Completed
3385,1020,5,57,22 Sep 2023,PayPal,0.05,Completed
3386,1098,4,40,02/16/2025,Debit  Card,10%,Completed
3387,615,2,64,16/09/2025,Credit Card,0.05,Completed
3388,1039,11,82,07/04/2025,Cash,0.0,Completed
3389,599,11,31,16 May 2024,Debit Card,0.1,Completed
3390,636,2,4,19-09-2024,Debit Card,0.05,Completed
3391,799,4,14,08 Oct 2025,Store Credit,0.0,Completed
3392,1123,8,60,"November 29, 2024",CASH,0.1,Completed
3393,876,11,69,09/25/2024,Credit Card,0.0,Completed
3394,1009,6,11,2025/12/28,PayPal,5%,Completed
3395,1080,12,20,2023-02-22,CASH,0.0,Completed
3396,847,9,21,02/20/2026,Store Credit,10%,completed
3397,635,10,54,"December 31, 2024",Credit Card,0.2,Completed
3398,616,11,83,19/05/2023,Credit Card,5%,Completed
3399,102,13,37,24 Mar 2026,Debit  Card,0.0,Completed
3400,679,3,50,26 Aug 2023,PayPal,0.0,Completed
3401,394,6,71,2024-01-10,Credit Card,0.05,Completed
3402,31,1,19,01/20/2023,credit card,0.0,Completed
3403,895,3,60,01 Aug 2025,credit card,0.0,Completed
3404,1041,77,68,2024-12-17,PayPal,0.0,Completed
3405,461,6,36,2025-10-20,Store Credit,0.0,Completed
3406,709,11,41,30-08-2024,Gift Card,0.0,Completed
3407,558,77,3,20 Jun 2026,credit card,0.0,Completed
3408,243,6,85,11 Feb 2023,CASH,5%,Completed
3409,1097,11,5,"August 10, 2023",Cash,0.1,Completed
3410,516,13,31,12/02/2023,Gift Card,0.0,Completed
3411,723,6,52,06 Feb 2026,Debit Card,10%,Completed
3412,1089,1,48,11 Sep 2023,Debit Card,0.0,Completed
3413,435,77,24,2025-09-29,Store Credit,0.2,Completed
3414,1217,2,33,2023/10/06,none,0.0,Completed
3415,1038,4,36,2024-05-30,CASH,0.0,Completed
3416,64,9,29,09/01/2023,PayPal,0.1,Completed
3417,882,4,23,06/20/2026,Debit  Card,0.0,Completed
3418,209,8,42,08/06/2023,Cash,0.0,Returned
3419,325,5,3,02/02/2025,credit card,0.15,Completed
3420,685,77,70,2025-10-27,Debit Card,0.0,Completed
3421,548,1,86,16/05/2024,Store Credit,0.05,Completed
3422,469,6,11,22 May 2025,Debit Card,0.05,Completed
3423,227,11,39,14-05-2024,Cash,0.05,Completed
3424,571,5,63,2024/04/04,CASH,0.0,Completed
3425,408,10,86,17 Aug 2024,Cash,15%,Completed
3426,953,1,33,2024/06/03,NULL,0.1,Completed
3427,558,9,15,08 Sep 2024,Debit Card,0.0,Completed
3428,600,5,29,2024-05-22,PayPal,0.0,Completed
3429,44,4,3,2024-07-31,Gift Card,0.0,Completed
3430,614,1,63,09 Jun 2025,CASH,0.0,Completed
3431,441,5,65,2023-03-28,credit card,0.0,Returned
3432,981,6,46,"March 19, 2025",Debit Card,0.0,Completed
3433,200,7,11,04-06-2023,Store Credit,0.0,Completed
3434,1005,4,19,24-01-2025,credit card,15%,Completed
3435,891,77,67,2026/07/06,Store Credit,10%,Completed
3436,342,4,68,2026-04-30,PayPal,0.0,Completed
3437,288,8,89,"June 28, 2025",credit card,0.0,Completed
3438,1147,1,22,"May 11, 2026",Cash,0.0,Completed
3439,1099,12,4,16-05-2026,Gift Card,0.1,Completed
3440,361,8,29,"April 27, 2023",Credit Card,0.0,Completed
3441,574,8,12,13 Mar 2023,Cash,0.05,Completed
3442,296,5,5,31/05/2023,Cash,0.0,Completed
3443,897,4,32,14-06-2024,credit card,0.0,Completed
3444,801,4,38,25 Jan 2024,credit card,5%,Completed
3445,227,9,8,07/09/2023,Gift Card,0.1,Completed
3446,739,3,69,2023-04-05,Credit Card,0.05,Completed
3447,370,13,58,18/09/2024,credit card,0.0,Completed
3448,308,6,3,13/01/2023,Gift Card,0.0,Completed
3449,413,6,30,09/15/2023,Credit Card,0.0,Completed
3450,119,10,43,02 Mar 2023,Store Credit,0.05,Completed
3451,306,4,9,13/05/2026,PayPal,0.0,Completed
3452,410,7,51,27/11/2025,Credit Card,0.0,Completed
3453,342,77,65,"November 13, 2024",Gift Card,0.05,Completed
3454,417,5,79,03 Dec 2023,Gift Card,0.05,Completed
3455,689,77,50,10/17/2025,CASH,0.0,Completed
3456,167,9,69,04/01/2024,Debit  Card,0.05,Completed
3457,134,10,12,10/04/2023,Cash,0.0,Completed
3458,918,6,76,03/09/2025,N/A,0.0,Completed
3459,459,8,50,2023/05/27,CASH,0.05,Completed
3460,560,4,74,12/03/2024,none,0.0,Completed
3461,355,4,11,"October 17, 2023",Cash,0.0,Completed
3462,419,11,81,2023-06-28,Cash,0.0,Completed
3463,212,12,50,"December 08, 2024",Debit  Card,0.0,Completed
3464,240,1,46,18/01/2024,Gift Card,0.1,Completed
3465,844,9,44,28/03/2023,PayPal,10%,Completed
3466,1214,3,75,31 Jan 2023,Cash,0.0,Completed
3467,316,12,90,"January 29, 2024",Debit Card,0.25,Completed
3468,785,4,83,20/05/2023,CASH,0.1,Completed
3469,472,77,48,,Debit  Card,0.0,Completed
3470,19,11,72,11/22/2025,Store Credit,0.0,Completed
3471,941,6,20,,Debit  Card,0.1,completed
3472,990,77,83,"January 21, 2023",CASH,0.15,Completed
3473,766,7,11,01/24/2026,Store Credit,0.0,Completed
3474,1149,1,19,03-03-2023,CASH,0.0,Cancelled
3475,847,6,12,12/05/2023,CASH,0.0,Completed
3476,727,8,7,04/04/2026,Gift Card,0.0,Completed
3477,1070,5,4,07/05/2024,Cash,0.05,Completed
3478,1180,9,47,28/07/2025,Gift Card,0.0,Completed
3479,537,1,87,2025/09/23,credit card,0.05,Completed
3480,274,7,35,07/21/2025,CASH,10%,Completed
3481,515,8,15,14/07/2026,CASH,0.05,Completed
3482,235,12,6,30/06/2025,Debit  Card,0.0,Returned
3483,96,1,23,2024/06/11,CASH,0.0,Completed
3484,1048,3,18,"November 02, 2025",PayPal,0.0,PENDING
3485,689,11,11,2023/10/29,Credit Card,0.0,Completed
3486,54,10,33,06/02/2026,credit card,0.0,Completed
3487,642,2,57,"March 12, 2025",Gift Card,10%,Completed
3488,663,1,77,"March 06, 2024",Debit  Card,5%,Cancelled
3489,313,1,85,2024/02/09,Gift Card,0.1,Completed
3490,614,4,23,"April 29, 2023",PayPal,0.05,Completed
3491,1194,77,3,2023-01-05,Store Credit,0.0,Completed
3492,968,2,8,2023/01/23,Cash,0.0,Completed
3493,869,9,79,"June 04, 2023",Debit  Card,0.0,Completed
3494,53,4,77,20 Sep 2025,Debit  Card,0.0,Completed
3495,392,11,70,"April 05, 2026",credit card,10%,Completed
3496,370,77,74,2024/07/02,Debit  Card,0.0,Completed
3497,416,4,66,30-09-2025,Gift Card,0.0,Returned
3498,856,12,88,22-07-2023,Cash,0.05,Completed
3499,274,4,19,21 Oct 2024,Store Credit,20%,Completed
3500,769,3,90,"November 20, 2025",Debit  Card,15%,Completed
3501,612,77,22,2025/10/24,PayPal,15%,Completed
3502,997,4,22,2026-01-21,credit card,10%,Completed
3503,389,77,12,"June 09, 2023",Debit  Card,0.0,Completed
3504,971,13,90,2024-09-08,Gift Card,0.1,Completed
3505,77,1,43,21 Dec 2024,Debit  Card,0.15,Completed
3506,115,7,73,2024-02-23,Gift Card,0.1,Completed
3507,398,12,11,2025-09-25,credit card,0.0,Returned
3508,1130,11,75,"February 01, 2026",Debit Card,0.0,Completed
3509,424,8,4,06/28/2023,Store Credit,0.0,Completed
3510,337,10,39,10/02/2025,PayPal,0.0,Completed
3511,757,77,15,"March 28, 2026",credit card,0.05,Completed
3512,496,2,49,30/03/2026,Store Credit,15%,Cancelled
3513,607,9,57,06/03/2024,Cash,0.1,Completed
3514,837,10,45,2023-05-09,NaN,0.15,Completed
3515,435,2,51,02/11/2023,Store Credit,15%,Completed
3516,215,4,35,"April 30, 2024",Debit Card,0.0,Completed
3517,1065,2,2,2025/01/04,credit card,0.0,Completed
3518,820,6,89,23 Oct 2024,Store Credit,10%,Completed
3519,1061,6,77,2024/03/21,Credit Card,0.05,Completed
3520,493,10,71,"December 05, 2023",PayPal,0.0,Completed
3521,624,13,36,06/05/2024,Credit Card,10%,Completed
3522,630,1,45,"May 10, 2026",Credit Card,5%,Completed
3523,1018,8,64,2023-03-01,credit card,0.0,Completed
3524,1188,4,27,26/05/2025,Credit Card,0.0,Completed
3525,1185,3,46,02/20/2025,Debit  Card,0.0,Completed
3526,460,3,48,"July 29, 2023",Store Credit,0.0,Completed
3527,36,5,11,2025-08-16,Debit Card,0.0,Completed
3528,668,5,84,25-01-2023,Credit Card,0.0,Completed
3529,835,12,10,"January 21, 2024",Cash,0.0,Completed
3530,506,8,63,2024-01-17,credit card,0.05,Completed
3531,807,1,58,2025-09-16,Gift Card,0.0,Returned
3532,612,1,37,04/01/2026,Store Credit,0.0,Completed
3533,421,11,40,27 Apr 2024,Credit Card,0.0,Completed
3534,515,4,11,01 Jan 2024,CASH,0.15,Completed
3535,786,5,52,05 Oct 2025,Gift Card,0.15,Completed
3536,309,1,73,03 Sep 2024,credit card,0.0,Completed
3537,1186,11,77,17 Feb 2023,Credit Card,0.0,Completed
3538,232,9,61,03/26/2023,Debit  Card,15%,Completed
3539,266,5,50,2023/05/13,CASH,0.0,Completed
3540,60,9,67,2024/08/24,Gift Card,10%,Completed
3541,885,77,81,2023/03/21,Debit  Card,0.1,Completed
3542,1008,3,33,"October 14, 2024",Debit Card,0.15,Completed
3543,284,5,1,"June 09, 2023",PayPal,15%,Completed
3544,1206,77,20,16-05-2024,CASH,15%,Completed
3545,344,7,11,2023-12-10,Gift Card,0.15,Completed
3546,1070,11,10,05/01/2025,credit card,0.0,Completed
3547,907,5,61,24-11-2024,Debit Card,0.0,Completed
3548,853,6,49,16-04-2025,CASH,0.0,Completed
3549,56,8,21,2023/10/27,Credit Card,0.0,Completed
3550,447,2,28,17/05/2025,PayPal,0.05,Completed
3551,460,8,61,21 Mar 2023,Debit Card,0.1,Completed
3552,1045,5,89,2023/05/08,CASH,0.0,Cancelled
3553,218,3,65,20 Feb 2024,Store Credit,0.0,Completed
3554,587,11,65,01/07/2026,Store Credit,0.0,Completed
3555,711,7,12,22/11/2024,Debit  Card,10%,Completed
3556,663,13,67,2025-10-10,Credit Card,0.2,Completed
3557,943,2,50,05 Mar 2026,Store Credit,0.0,Completed
3558,143,3,4,"January 22, 2024",Credit Card,0.0,Completed
3559,614,8,62,04/06/2023,Credit Card,0.0,Completed
3560,491,4,49,29 Jan 2024,Gift Card,0.0,Completed
3561,968,9,76,01/09/2026,credit card,0.0,Completed
3562,139,3,76,"July 09, 2025",CASH,25%,Completed
3563,746,3,38,2025-05-26,PayPal,10%,Completed
3564,45,12,52,,Store Credit,0.05,Completed
3565,1165,3,83,"July 31, 2023",Cash,0.0,Completed
3566,1048,4,21,08/14/2023,Cash,0.0,Completed
3567,800,7,86,2023/12/05,Debit Card,10%,Completed
3568,527,10,65,08 Sep 2025,Cash,0.05,Completed
3569,227,13,47,06/13/2025,CASH,0.25,Completed
3570,142,6,31,09 Jun 2024,PayPal,5%,Completed
3571,956,12,37,12/07/2023,Debit  Card,0.0,Completed
3572,699,13,51,11 Aug 2024,credit card,0.0,Completed
3573,158,7,1,25-12-2024,Debit  Card,5%,Completed
3574,856,1,10,"December 24, 2025",CASH,0.0,Completed
3575,583,12,81,"July 25, 2026",Credit Card,0.0,Completed
3576,275,8,26,08/08/2024,PayPal,0.0,Completed
3577,313,2,61,"July 13, 2024",Store Credit,0.0,Completed
3578,1133,7,72,"June 27, 2023",Credit Card,0.0,Completed
3579,561,2,39,04-08-2024,Debit  Card,0.0,Completed
3580,702,11,55,10/03/2026,Debit Card,0.1,Completed
3581,870,2,25,06/10/2025,Debit Card,5%,Completed
3582,825,4,77,"July 07, 2023",PayPal,15%,Completed
3583,1184,8,51,"May 19, 2026",CASH,0.05,Completed
3584,224,9,11,26-01-2026,Credit Card,0.05,Completed
3585,1177,11,80,2025-07-10,Debit  Card,0.0,Cancelled
3586,580,77,36,"May 15, 2026",Cash,0.0,Completed
3587,374,7,79,09/29/2023,Debit  Card,0.0,Completed
3588,490,4,23,16/12/2024,Gift Card,10%,Completed
3589,1059,3,39,16 Apr 2026,Debit Card,0.0,Completed
3590,969,9,89,13-09-2024,CASH,5%,Completed
3591,960,13,2,06/21/2025,PayPal,0.0,Completed
3592,783,5,50,2024-04-12,CASH,0.0,Completed
3593,712,3,71,13-06-2023,credit card,0.0,Completed
3594,820,9,43,11 Mar 2026,none,5%,Returned
3595,710,12,87,2024/07/16,Cash,0.05,Completed
3596,116,2,65,10/19/2024,Credit Card,5%,PENDING
3597,1126,8,23,2024/09/12,CASH,0.0,PENDING
3598,57,11,999,"March 10, 2023",CASH,0.15,Completed
3599,889,8,14,15-03-2026,Store Credit,0.0,Completed
3600,748,10,78,2025/06/24,Cash,0.05,Completed
3601,1118,77,88,2025/11/06,Debit Card,0.0,Cancelled
3602,79,9,49,11/05/2024,Credit Card,0.15,Completed
3603,1170,7,31,06-05-2026,Store Credit,5%,Completed
3604,813,1,87,20/07/2026,-,0.25,Completed
3605,620,4,40,10/02/2025,credit card,0.0,Completed
3606,183,77,77,11/02/2023,Debit Card,0.0,Completed
3607,1203,8,50,2023-03-17,CASH,0.0,Completed
3608,10,9,59,12 Mar 2024,credit card,0.0,Completed
3609,460,77,68,2024-04-28,PayPal,0.05,Completed
3610,809,11,61,11/04/2023,Credit Card,0.1,Completed
3611,68,2,72,08/01/2023,Gift Card,0.0,Completed
3612,899,7,45,25-10-2025,Cash,0.15,Completed
3613,687,12,4,2025-06-15,Credit Card,0.05,Completed
3614,725,13,75,05/16/2026,PayPal,0.25,Completed
3615,556,5,34,2025-02-27,credit card,0.0,Completed
3616,263,3,7,2023/07/08,PayPal,0.15,Completed
3617,1130,4,72,"September 19, 2023",Cash,0.0,Completed
3618,153,13,15,2024/06/29,Credit Card,10%,Completed
3619,359,1,68,20/04/2023,none,0.05,Returned
3620,410,6,29,03/26/2026,Debit Card,0.2,Completed
3621,122,12,46,"February 17, 2025",credit card,0.0,Completed
3622,53,8,24,"August 09, 2024",Debit Card,0.1,Completed
3623,882,12,74,26 May 2026,Cash,0.2,Completed
3624,143,12,57,10/10/2025,Credit Card,0.0,Completed
3625,147,7,63,15 Feb 2024,Debit  Card,0.0,Completed
3626,599,2,5,"June 08, 2025",NULL,0.1,Completed
3627,39,13,75,20 Aug 2025,Gift Card,0.0,Completed
3628,523,77,9,2024-06-20,Cash,0.1,Completed
3629,344,4,7,17/03/2023,Debit Card,0.0,Completed
3630,368,9,58,2024/09/10,Credit Card,15%,Completed
3631,1040,8,86,2025-02-15,Credit Card,0.0,Completed
3632,940,10,55,2024/08/27,Credit Card,0.0,Completed
3633,755,3,48,2025-07-16,Gift Card,0.0,Completed
3634,632,2,29,25-03-2024,PayPal,0.0,Completed
3635,249,13,75,07/27/2023,Gift Card,0.0,Completed
3636,764,12,72,2026-01-14,Credit Card,0.05,Completed
3637,212,8,13,04-02-2025,Store Credit,0.25,Completed
3638,1220,7,37,,Debit  Card,5%,Completed
3639,694,5,64,"November 11, 2023",Store Credit,0.15,Completed
3640,891,9,29,2025-10-16,-,0.0,Returned
3641,875,3,15,05/12/2023,PayPal,0.25,Completed
3642,1190,13,26,07 Jan 2026,credit card,0.0,Completed
3643,589,10,15,14-09-2024,PayPal,10%,Completed
3644,772,5,74,2026/01/27,CASH,15%,Completed
3645,29,2,62,05 Sep 2025,PayPal,0.05,Completed
3646,551,77,53,06/19/2023,Credit Card,0.1,Returned
3647,608,77,63,"August 08, 2025",Debit  Card,0.15,Completed
3648,1156,9,27,2023/08/24,credit card,0.0,Cancelled
3649,233,4,25,2025/07/10,credit card,0.0,Completed
3650,502,3,36,17/08/2023,Debit  Card,0.0,Completed
3651,1018,13,61,04/19/2025,Debit  Card,0.0,Completed
3652,1124,11,35,2024/09/21,CASH,0.0,Completed
3653,728,6,28,19-05-2023,Credit Card,0.1,Returned
3654,998,7,77,08 Apr 2023,none,0.0,Completed
3655,1217,10,39,29/08/2024,-,0.0,Returned
3656,62,2,13,2024-04-29,Gift Card,0.05,Completed
3657,35,3,5,2026/03/03,credit card,0.05,Completed
3658,416,9,55,"July 09, 2024",CASH,0.05,Completed
3659,500,77,56,"June 07, 2023",credit card,0.05,Completed
3660,740,12,10,03/10/2024,Debit  Card,5%,Completed
3661,248,9,68,05/07/2024,Gift Card,0.0,completed
3662,641,6,53,03/16/2023,CASH,0.15,Completed
3663,11,77,24,20 Jan 2024,Cash,0.0,Completed
3664,275,2,16,2025-03-15,-,15%,Completed
3665,42,3,59,"December 09, 2024",Cash,0.0,PENDING
3666,1178,7,86,05/29/2023,Credit Card,0.0,Completed
3667,923,7,66,17 Dec 2023,CASH,0.05,Completed
3668,666,9,20,21 Dec 2024,Debit  Card,5%,Completed
3669,21,1,29,2025/01/23,CASH,10%,Completed
3670,583,11,23,2023-10-31,Debit Card,0.0,Completed
3671,183,10,37,"May 04, 2024",credit card,0.0,Completed
3672,1030,2,69,11/05/2026,credit card,0.0,Completed
3673,485,8,6,12/26/2025,Debit  Card,0.0,Returned
3674,753,2,33,31-05-2026,PayPal,0.0,Completed
3675,313,11,69,11/01/2023,NaN,15%,Completed
3676,1183,1,74,01/02/2025,Cash,0.2,Completed
3677,202,6,13,"November 18, 2025",PayPal,0.0,Completed
3678,1044,10,52,"September 02, 2023",credit card,0.0,Completed
3679,643,7,90,18-03-2026,credit card,0.15,Completed
3680,137,3,32,2025/09/01,credit card,0.0,Completed
3681,602,1,81,"July 22, 2026",PayPal,0.0,Completed
3682,224,8,18,08-07-2026,Debit Card,10%,Completed
3683,282,5,11,03/11/2025,Store Credit,0.05,Completed
3684,491,8,20,19-01-2023,Debit  Card,0.0,Completed
3685,141,9,57,24 Jul 2026,credit card,0.0,Completed
3686,745,3,42,08-03-2026,credit card,0.05,Completed
3687,598,4,54,08/29/2023,PayPal,15%,completed
3688,1050,5,72,02-06-2024,Cash,0.1,Completed
3689,316,6,89,10/08/2024,Gift Card,0.0,Completed
3690,995,10,88,2023-04-12,Store Credit,0.0,Completed
3691,414,10,44,2024/07/05,credit card,5%,Completed
3692,371,10,50,02-02-2023,Debit  Card,0.0,Completed
3693,127,10,71,04-04-2023,Credit Card,0.0,Completed
3694,486,5,40,29-08-2024,Debit  Card,25%,Completed
3695,566,3,76,"March 03, 2026",Gift Card,0.0,Completed
3696,73,3,14,"January 26, 2023",-,0.0,Completed
3697,590,7,4,"October 09, 2023",none,0.0,Completed
3698,896,4,40,26-07-2026,credit card,0.05,Cancelled
3699,1178,1,34,06/06/2024,Gift Card,0.0,Completed
3700,434,2,90,2023-09-11,Cash,0.0,PENDING
3701,445,9,63,"March 03, 2026",Credit Card,0.0,Returned
3702,1023,13,72,"February 21, 2023",CASH,0.05,Returned
3703,23,12,54,"March 22, 2024",PayPal,0.15,Completed
3704,182,7,42,"January 15, 2023",Cash,0.0,Completed
3705,601,10,6,12-02-2023,Gift Card,0.0,Completed
3706,772,10,67,"January 31, 2025",PayPal,5%,Completed
3707,440,77,63,2023-09-30,credit card,0.0,Completed
3708,756,9,37,,Gift Card,5%,Completed
3709,333,1,15,"August 21, 2024",CASH,0.15,Completed
3710,470,9,46,28-11-2023,Cash,0.0,Completed
3711,956,77,87,12/31/2023,CASH,0.15,Completed
3712,627,4,53,,PayPal,0.0,Completed
3713,178,1,65,17 Jan 2026,CASH,0.0,Completed
3714,416,6,85,"January 31, 2026",credit card,5%,Completed
3715,762,3,63,28 Jul 2024,NULL,0.0,Completed
3716,734,7,45,04-01-2025,Gift Card,0.0,Completed
3717,152,10,8,2025-10-18,Debit Card,0.0,Completed
3718,148,13,17,19/07/2024,Debit Card,0.0,Completed
3719,965,9,61,"November 12, 2023",PayPal,0.0,Completed
3720,992,12,23,2024/12/25,Debit Card,0.25,Completed
3721,525,1,85,"December 05, 2024",Cash,10%,Completed
3722,895,2,81,2026/06/04,Store Credit,0.0,Returned
3723,155,11,20,12 Feb 2023,Debit Card,0.0,Completed
3724,178,5,45,,Debit  Card,0.05,Completed
3725,401,1,78,"April 28, 2026",Debit Card,0.15,Completed
3726,1214,9,47,06/12/2023,Gift Card,0.1,Returned
3727,799,4,85,23/07/2023,credit card,0.0,Completed
3728,171,1,10,2024/04/01,Cash,20%,Completed
3729,192,6,75,08/08/2025,CASH,0.0,Completed
3730,1079,7,50,12/02/2025,Debit Card,0.0,Completed
3731,147,4,85,2024/12/18,PayPal,0.05,Completed
3732,741,8,3,2023-05-22,Credit Card,0.0,Completed
3733,440,77,21,2025-02-26,Store Credit,0.0,Completed
3734,370,4,57,2025/08/21,PayPal,0.0,Completed
3735,251,8,30,21-10-2023,PayPal,10%,Completed
3736,756,8,68,2024-08-25,CASH,0.0,Cancelled
3737,724,6,82,26 Jul 2023,Store Credit,5%,Completed
3738,444,7,7,16/09/2025,Debit Card,0.15,Completed
3739,258,10,89,"August 24, 2023",CASH,10%,Completed
3740,788,5,38,28 Jan 2026,credit card,15%,Completed
3741,1063,6,29,,PayPal,0.05,Completed
3742,955,13,79,2025-01-17,Debit  Card,0.0,Completed
3743,873,6,74,09/12/2025,Credit Card,5%,Completed
3744,1072,8,67,2023/10/17,Cash,10%,Completed
3745,868,6,56,01/05/2025,CASH,0.0,Completed
3746,1096,6,16,"January 25, 2024",credit card,0.1,Completed
3747,959,10,39,04-10-2025,Cash,10%,Returned
3748,818,9,75,2025/12/02,Cash,5%,Completed
3749,1004,77,69,"March 19, 2023",credit card,0.0,Completed
3750,827,77,53,19/12/2025,credit card,0.0,Completed
3751,193,13,26,26/07/2025,Store Credit,10%,Completed
3752,784,10,80,2024/08/13,credit card,0.0,Completed
3753,866,9,38,22-04-2025,Credit Card,0.0,Completed
3754,912,13,69,"December 11, 2025",Cash,0.05,Completed
3755,804,77,7,08/14/2024,CASH,0.0,Completed
3756,329,3,45,05-08-2023,Gift Card,0.1,Completed
3757,12,12,73,21/04/2025,Debit Card,5%,Completed
3758,83,7,51,2024/04/09,Credit Card,0.0,Completed
3759,439,1,31,26-09-2023,credit card,0.0,Completed
3760,125,9,11,30 Sep 2024,Debit Card,5%,Completed
3761,906,1,36,"March 24, 2025",PayPal,0.2,Completed
3762,173,10,9,28/03/2025,Store Credit,0.0,Completed
3763,552,13,58,"May 02, 2024",Store Credit,0.0,completed
3764,1185,8,73,,Store Credit,0.15,Completed
3765,80,77,9,2023/01/01,Debit Card,0.0,Completed
3766,179,1,17,2026-01-26,Gift Card,5%,Completed
3767,541,77,5,21 Jul 2024,PayPal,0.0,Completed
3768,1207,9,28,"November 30, 2025",Credit Card,0.0,Completed
3769,61,8,14,06/30/2024,Credit Card,0.0,Completed
3770,630,6,4,08/10/2024,credit card,0.1,Completed
3771,813,9,48,19-04-2024,Store Credit,25%,Completed
3772,613,7,84,06/22/2024,Debit Card,0.0,Completed
3773,521,3,43,2026-02-10,Debit  Card,0.0,Completed
3774,1115,9,39,10 Aug 2023,Cash,0.15,Completed
3775,53,2,9,13 Dec 2024,PayPal,0.0,PENDING
3776,1136,2,13,2025/05/17,none,5%,Completed
3777,334,7,24,2026/04/18,Credit Card,0.0,Completed
3778,143,13,40,07-01-2025,PayPal,0.0,Completed
3779,609,1,86,04/01/2026,PayPal,0.0,Completed
3780,807,12,16,13 Aug 2023,Debit  Card,0.1,Completed
3781,1008,11,27,2023-03-02,CASH,0.0,Completed
3782,798,3,3,31-08-2023,Debit  Card,0.0,Completed
3783,894,11,62,2023-04-12,PayPal,0.0,Completed
3784,571,1,60,29/04/2024,CASH,0.05,Completed
3785,1215,1,64,"December 12, 2025",PayPal,0.0,Completed
3786,451,12,34,26-01-2024,Debit Card,0.0,Completed
3787,912,13,13,2025-11-28,PayPal,0.0,Returned
3788,1171,6,21,19 Mar 2025,credit card,0.0,Completed
3789,809,4,78,2023-12-31,Debit Card,0.0,Completed
3790,425,4,46,"December 08, 2024",Debit  Card,0.2,Completed
3791,647,7,59,07/04/2026,CASH,0.0,Completed
3792,524,10,999,02/02/2025,PayPal,0.0,Completed
3793,618,13,19,2023/08/15,credit card,0.0,Completed
3794,582,12,37,2023-07-24,NaN,5%,Completed
3795,646,10,6,03 Jun 2026,Store Credit,10%,Completed
3796,600,7,75,11/19/2023,Debit  Card,0.0,Completed
3797,937,10,5,15 Aug 2023,PayPal,0.0,Completed
3798,1020,6,5,06/03/2026,credit card,0.2,Cancelled
3799,230,4,56,"November 16, 2023",PayPal,25%,Completed
3800,90,11,87,,Gift Card,0.05,Completed
3801,199,6,44,2023/07/20,credit card,15%,Completed
3802,549,2,78,03-05-2024,Gift Card,5%,Completed
3803,1118,2,14,"April 30, 2025",Credit Card,0.05,Completed
3804,728,4,69,08 Mar 2024,Cash,0.0,Completed
3805,145,11,54,"January 18, 2026",Cash,0.0,Completed
3806,603,7,71,19/03/2023,Gift Card,0.0,Completed
3807,768,4,70,17 Mar 2025,Gift Card,0.1,Completed
3808,814,8,29,08/09/2025,Cash,0.0,Completed
3809,379,5,26,15/07/2026,Debit Card,0.0,Completed
3810,413,12,49,06-01-2024,none,25%,Completed
3811,597,7,15,"November 05, 2025",PayPal,5%,Completed
3812,926,6,29,10/06/2025,PayPal,0.05,Returned
3813,387,6,31,"February 13, 2023",PayPal,0.0,Completed
3814,228,9,4,21-01-2026,Store Credit,0.05,Cancelled
3815,535,9,31,28 Jan 2025,CASH,0.05,Completed
3816,698,13,67,27/11/2025,-,0.0,Completed
3817,986,77,17,21-11-2025,CASH,0.05,Completed
3818,873,7,57,"January 07, 2024",CASH,0.0,Completed
3819,813,4,27,2025-10-19,Cash,0.05,Completed
3820,589,4,11,"March 25, 2025",Gift Card,0.0,Completed
3821,912,3,66,"September 12, 2025",Store Credit,0.1,Completed
3822,854,6,80,11/17/2023,Store Credit,10%,Completed
3823,943,8,3,16-02-2026,Debit  Card,0.0,Returned
3824,1207,13,20,01/20/2024,credit card,0.0,Completed
3825,1059,5,28,2023/11/18,-,10%,Completed
3826,865,4,70,04/14/2026,PayPal,10%,Completed
3827,1029,11,85,11-02-2025,CASH,0.0,Completed
3828,31,77,25,"June 22, 2023",CASH,0.05,Completed
3829,739,10,24,"November 25, 2025",Cash,0.0,Completed
3830,845,5,42,02/04/2023,Debit  Card,25%,Completed
3831,712,10,11,06-01-2025,Cash,20%,Completed
3832,610,5,87,"August 24, 2025",Store Credit,0.0,Completed
3833,89,12,15,"July 28, 2026",Debit Card,0.1,Completed
3834,1212,13,49,28 Oct 2023,Store Credit,0.0,Completed
3835,530,12,34,2023-06-14,Store Credit,15%,Completed
3836,668,10,12,"June 14, 2026",credit card,0.25,Completed
3837,978,5,82,18/12/2023,Gift Card,0.15,Completed
3838,1032,4,61,12/19/2023,Debit  Card,0.0,Completed
3839,334,6,3,07/31/2023,Credit Card,0.0,Completed
3840,754,9,16,2025/01/26,Debit  Card,0.1,Completed
3841,678,2,80,02/08/2024,Debit Card,0.1,Completed
3842,542,1,47,11 Mar 2024,credit card,0.0,Completed
3843,1164,11,80,19-02-2025,Debit Card,0.05,Completed
3844,899,8,5,13-02-2024,credit card,0.0,Completed
3845,644,77,37,2026/02/15,Store Credit,0.0,Completed
3846,365,77,74,2025/02/23,CASH,0.0,Completed
3847,750,11,88,2023/06/24,Gift Card,0.0,Completed
3848,153,8,11,15-03-2023,Debit  Card,0.05,Completed
3849,1220,6,84,2023-07-06,credit card,10%,Completed
3850,969,5,72,15/06/2026,Credit Card,10%,Completed
3851,848,7,32,2024-06-07,Debit Card,0.2,Completed
3852,239,11,59,2023-04-09,credit card,0.0,Completed
3853,1089,11,71,"August 23, 2024",Store Credit,0.0,Completed
3854,253,8,21,02/06/2025,PayPal,0.0,Completed
3855,1149,13,72,12/29/2023,credit card,0.0,Completed
3856,1205,5,86,2023-03-27,Credit Card,0.1,Completed
3857,548,11,34,2023-01-20,Debit Card,0.0,Completed
3858,590,7,14,26-08-2023,Debit Card,0.0,Completed
3859,62,13,18,10/08/2025,Credit Card,0.2,Completed
3860,235,4,4,"December 17, 2023",credit card,0.15,Completed
3861,889,11,80,02-05-2023,Debit Card,0.0,Completed
3862,421,5,42,"September 23, 2023",none,10%,Completed
3863,445,8,50,"August 07, 2024",Credit Card,0.0,Completed
3864,109,6,999,22-03-2025,Cash,0.15,Completed
3865,1130,12,36,05-11-2025,NaN,0.0,Completed
3866,414,9,73,2025-02-03,Debit  Card,0.15,Completed
3867,596,7,14,24-08-2023,Cash,0.0,Returned
3868,162,5,71,"August 05, 2024",Debit Card,10%,Completed
3869,1105,12,29,"July 06, 2025",Gift Card,0.0,Completed
3870,840,13,65,11/05/2023,PayPal,0.05,Completed
3871,561,8,7,"April 30, 2024",credit card,0.2,Completed
3872,879,6,73,2025/07/31,PayPal,0.0,Completed
3873,523,10,28,17-06-2023,Debit  Card,0.0,Completed
3874,513,10,84,06 Jul 2024,Gift Card,0.1,Completed
3875,972,2,40,2026-05-25,Debit Card,0.05,Completed
3876,154,2,65,2024-09-09,Credit Card,0.0,Completed
3877,1120,12,77,17/07/2023,Store Credit,0.05,Completed
3878,584,8,1,18 Jan 2026,PayPal,0.05,Completed
3879,472,13,87,01 Apr 2025,Cash,0.0,Completed
3880,156,2,1,04 Jun 2024,Debit Card,5%,Completed
3881,1076,11,17,14 May 2024,CASH,0.0,Completed
3882,23,77,1,"March 16, 2026",Debit  Card,0.0,Completed
3883,219,5,31,"July 05, 2023",credit card,0.0,Cancelled
3884,1187,12,88,02/03/2023,credit card,0.0,Completed
3885,92,12,64,2025/03/21,Cash,0.0,completed
3886,84,4,58,2023-06-07,Debit Card,0.2,Completed
3887,396,13,59,11/21/2025,Gift Card,25%,Completed
3888,235,12,45,2023-10-26,Credit Card,0.05,Returned
3889,884,77,61,06 Jan 2023,Store Credit,0.0,Completed
3890,1075,9,19,12/02/2025,CASH,0.0,Completed
3891,66,6,86,11-05-2025,Store Credit,0.25,Completed
3892,949,13,6,21/02/2026,CASH,0.0,PENDING
3893,980,12,32,23/03/2026,none,0.0,Completed
3894,361,9,82,16 Feb 2024,Debit Card,0.0,Completed
3895,934,2,20,29 Jun 2023,CASH,0.0,Completed
3896,791,9,81,03/21/2023,Store Credit,10%,Completed
3897,544,3,51,05/08/2023,Credit Card,0.05,Completed
3898,826,9,68,"May 19, 2023",Gift Card,0.05,Completed
3899,158,11,30,04/06/2024,Cash,0.0,Completed
3900,431,5,89,28-10-2023,Credit Card,5%,Completed
3901,529,1,40,2024-03-09,CASH,0.05,Completed
3902,792,13,37,01/13/2023,Gift Card,0.1,Completed
3903,903,5,17,03 May 2023,-,0.0,Completed
3904,54,12,69,01 Oct 2023,Debit Card,0.1,Completed
3905,199,11,64,04/10/2025,Debit Card,0.0,Cancelled
3906,978,6,31,11/05/2023,Debit  Card,0.0,Completed
3907,8888,7,51,15 Apr 2025,Store Credit,20%,Completed
3908,128,2,42,"January 26, 2024",credit card,10%,Completed
3909,597,12,50,19 May 2025,Debit Card,0.0,Completed
3910,134,12,78,06/03/2023,Cash,20%,Completed
3911,1199,7,65,16/01/2026,Debit Card,0.0,PENDING
3912,896,5,70,2024-09-25,Gift Card,5%,Completed
3913,1135,2,90,2025-02-10,,0.05,Completed
3914,496,7,19,2025-04-12,credit card,0.25,Completed
3915,491,1,44,07/12/2023,CASH,0.05,Completed
3916,575,7,49,2025/03/01,Cash,0.0,Completed
3917,140,13,49,"June 15, 2023",Store Credit,0.0,Completed
3918,877,7,15,2025-06-22,Store Credit,0.0,Completed
3919,117,4,60,2023-11-24,Debit Card,0.0,Completed
3920,793,2,68,2023-06-21,credit card,0.2,Completed
3921,319,2,84,06/20/2026,Store Credit,0.1,Completed
3922,792,1,31,"October 16, 2024",Debit  Card,0.05,Cancelled
3923,735,8,30,2023/11/05,PayPal,0.0,Completed
3924,1209,77,40,04 Dec 2025,credit card,0.0,Completed
3925,13,4,64,03/30/2025,Gift Card,0.0,Returned
3926,1050,77,33,05/31/2025,credit card,10%,Cancelled
3927,524,13,17,2025-07-03,PayPal,0.0,Completed
3928,803,12,26,05/12/2024,Cash,0.0,Completed
3929,438,1,45,05/23/2023,Cash,0.0,Completed
3930,500,8,18,24/08/2023,Debit  Card,0.2,Completed
3931,1048,3,16,2026/04/25,Debit Card,0.2,Completed
3932,241,2,14,01/10/2023,Credit Card,5%,Completed
3933,437,4,27,"October 04, 2025",Cash,0.0,Completed
3934,866,77,3,"September 22, 2024",Debit Card,0.0,Completed
3935,1038,11,16,24-02-2023,Store Credit,5%,completed
3936,509,6,65,"October 04, 2024",Debit  Card,10%,Cancelled
3937,1215,7,65,2024-05-13,Debit Card,0.0,Completed
3938,560,3,26,2025/01/19,CASH,0.05,Completed
3939,1196,3,88,2026-06-08,Debit  Card,10%,Completed
3940,297,13,20,"February 23, 2026",Credit Card,0.15,Completed
3941,1108,10,71,09/15/2025,Cash,0.1,Completed
3942,732,13,66,2025-02-07,PayPal,0.0,Completed
3943,556,9,33,10/07/2026,Debit  Card,0.15,Completed
3944,386,11,23,2024/07/15,Debit  Card,15%,Completed
3945,147,8,46,05 May 2023,Cash,0.25,Completed
3946,869,7,48,"February 12, 2026",credit card,5%,Completed
3947,89,7,15,05/15/2026,Gift Card,0.0,Completed
3948,1207,7,2,05-08-2023,Debit Card,0.0,Completed
3949,742,1,77,01 Sep 2024,PayPal,5%,Completed
3950,590,9,85,2024-12-09,Store Credit,0.1,Completed
3951,901,12,41,2024/01/14,Gift Card,0.0,Completed
3952,25,11,5,07/19/2024,Credit Card,0.15,Completed
3953,72,8,60,03/16/2023,Gift Card,0.0,Completed
3954,935,1,42,2024/11/09,Gift Card,0.0,Completed
3955,596,77,30,04/10/2025,Debit  Card,0.1,Completed
3956,866,12,29,2025/10/22,NULL,0.0,Completed
3957,255,77,87,13-04-2024,Debit Card,0.0,Returned
3958,427,2,6,2024/11/19,credit card,0.0,Completed
3959,1123,5,54,09/08/2023,Credit Card,0.0,Completed
3960,1062,7,51,08/22/2025,NaN,15%,Completed
3961,580,10,57,"August 13, 2023",Cash,0.1,Completed
3962,259,8,11,2025-10-08,Gift Card,0.05,Completed
3963,1077,3,69,07/01/2025,PayPal,5%,Completed
3964,886,4,48,16 Jul 2025,Store Credit,0.0,Completed
3965,404,6,36,15-09-2024,Debit  Card,0.0,Completed
3966,916,3,58,06/11/2024,Cash,0.0,Completed
3967,1106,1,57,"August 13, 2023",Cash,0.0,Completed
3968,680,6,35,23/08/2025,Gift Card,0.2,Completed
3969,926,11,90,14 Dec 2023,credit card,20%,Completed
3970,848,2,28,"September 21, 2024",Credit Card,0.0,Completed
3971,1036,8,58,"May 09, 2025",,0.0,Completed
3972,139,13,1,13/10/2025,Store Credit,0.25,Completed
3973,10,2,87,17/04/2024,Debit  Card,0.05,Completed
3974,1160,12,24,20/04/2026,Credit Card,0.0,Completed
3975,1012,10,67,2026/01/30,Store Credit,0.05,Completed
3976,34,8,85,2025/04/12,Gift Card,0.15,Completed
3977,222,13,25,,Gift Card,0.0,Completed
3978,307,12,11,02 May 2024,PayPal,0.0,Completed
3979,396,12,23,2025-10-22,credit card,0.0,Completed
3980,1070,77,67,26 May 2024,Credit Card,10%,Completed
3981,1184,6,34,"December 25, 2024",Debit Card,0.0,Completed
3982,453,11,58,08/14/2023,PayPal,15%,Completed
3983,1053,1,16,02/08/2026,PayPal,0.0,Completed
3984,607,77,5,12 Jan 2023,CASH,0.1,Completed
3985,690,4,81,05/19/2023,Credit Card,0.0,Completed
3986,651,13,74,28/08/2023,Credit Card,0.05,Completed
3987,552,8,84,2025/08/09,Cash,0.0,Completed
3988,391,8,69,16-05-2025,Credit Card,15%,Completed
3989,304,10,30,2025-04-09,Debit  Card,0.05,Completed
3990,16,1,89,08 Aug 2023,PayPal,0.1,Completed
3991,1214,2,29,"February 26, 2026",credit card,0.0,Completed
3992,113,5,16,,CASH,0.05,Completed
3993,224,2,66,2023/08/13,Debit Card,0.0,Completed
3994,127,2,4,06/20/2024,Cash,0.0,Completed
3995,279,12,70,2025-02-07,PayPal,0.0,Completed
3996,650,1,23,25 Nov 2023,Cash,0.0,Completed
3997,173,10,75,2023-08-24,credit card,0.0,Completed
3998,609,11,23,2023-01-17,PayPal,0.1,Completed
3999,663,77,16,2026/01/15,Cash,0.1,Completed
4000,1101,77,12,"August 10, 2023",Cash,0.0,Completed
4001,429,12,15,2023-08-01,PayPal,0.1,Returned
4002,618,11,72,2026/04/18,credit card,0.05,Completed
4003,61,11,4,24/04/2023,Gift Card,5%,Completed
4004,1154,4,79,2025/01/13,Debit Card,0.0,PENDING
4005,646,7,45,2023-08-17,CASH,0.0,Completed
4006,292,8,79,,NaN,0.0,Completed
4007,658,13,26,2023/01/18,Debit  Card,0.0,Completed
4008,405,1,51,"July 05, 2025",CASH,0.05,Completed
4009,125,12,87,"June 28, 2024",credit card,20%,Completed
4010,290,7,12,2023/08/11,PayPal,0.0,Completed
4011,654,13,56,"June 24, 2025",PayPal,10%,Completed
4012,37,7,2,"February 21, 2023",Debit Card,0.0,Completed
4013,580,8,5,18 Jun 2024,Debit  Card,0.0,Completed
4014,299,10,16,01 Jan 2023,Gift Card,0.0,Cancelled
4015,736,4,25,2026/04/13,Debit Card,0.05,Completed
4016,1045,11,26,09 Mar 2026,Credit Card,0.0,Completed
4017,89,11,47,12/16/2025,PayPal,0.0,Completed
4018,734,7,46,10 Mar 2023,Debit  Card,0.1,Completed
4019,708,1,33,2025/01/27,PayPal,25%,Completed
4020,1154,12,18,15-07-2024,credit card,10%,Completed
4021,374,13,68,2023/08/30,PayPal,0.0,Completed
4022,553,3,24,"September 14, 2024",credit card,10%,Completed
4023,607,3,57,07 Jan 2024,CASH,0.2,Completed
4024,570,10,42,21 Feb 2023,PayPal,10%,Completed
4025,778,12,37,24 Jul 2025,Debit Card,0.0,Returned
4026,28,12,44,2025-03-12,Debit Card,0.1,Completed
4027,1033,10,37,2023-03-07,CASH,0.0,Completed
4028,756,7,29,2025-09-19,PayPal,0.15,Completed
4029,415,6,75,20 Jan 2025,-,15%,Completed
4030,748,77,43,17-11-2023,CASH,0.1,Returned
4031,432,6,80,2025/09/22,CASH,20%,Completed
4032,972,77,59,04 Dec 2024,CASH,0.0,Completed
4033,806,13,41,,Gift Card,0.15,Completed
4034,1042,7,15,29 Jul 2023,CASH,0.0,Completed
4035,462,10,24,12/27/2025,Gift Card,0.0,Completed
4036,353,9,41,05/03/2023,Debit  Card,0.0,Completed
4037,917,11,38,05/24/2026,CASH,0.0,Completed
4038,109,8,69,2023-10-17,credit card,0.2,Completed
4039,686,1,27,2026-01-17,CASH,0.0,Completed
4040,743,5,79,2025-06-25,CASH,0.1,Completed
4041,783,5,71,,Store Credit,0.1,Completed
4042,926,7,40,28/01/2023,Gift Card,0.0,Completed
4043,267,9,56,"November 21, 2024",Debit Card,0.0,Completed
4044,794,12,44,"August 25, 2024",Credit Card,0.25,Completed
4045,91,8,21,10 May 2025,Gift Card,0.0,Completed
4046,845,2,34,23 Feb 2024,Debit  Card,0.0,Completed
4047,58,3,21,01/02/2024,Gift Card,0.0,Returned
4048,523,77,44,"May 25, 2023",Cash,10%,Completed
4049,377,7,13,"June 13, 2025",credit card,0.0,Completed
4050,146,9,32,,Credit Card,0.0,Completed
4051,238,6,51,,Gift Card,0.1,Completed
4052,83,9,43,10/09/2024,Credit Card,0.0,Completed
4053,375,5,80,"July 22, 2024",Cash,0.05,Completed
4054,28,9,76,"June 19, 2023",Credit Card,0.0,Completed
4055,608,13,35,2024/01/03,Cash,0.0,Completed
4056,412,6,37,2025-07-13,Credit Card,5%,Completed
4057,41,9,72,19-07-2025,Store Credit,15%,Completed
4058,1086,12,33,06 Apr 2024,Gift Card,0.1,Completed
4059,442,9,77,01/20/2023,credit card,5%,Completed
4060,539,11,35,29 Feb 2024,Credit Card,0.0,Completed
4061,415,11,8,08/27/2024,CASH,0.2,Completed
4062,723,13,87,18-09-2023,CASH,0.0,Completed
4063,97,6,15,06 Jul 2024,Debit  Card,0.0,Completed
4064,183,8,32,"August 03, 2024",credit card,0.0,Completed
4065,808,10,82,2024-07-09,Cash,0.0,Completed
4066,497,5,27,07/11/2023,Gift Card,0.0,Completed
4067,254,77,31,18/10/2023,Cash,0.0,Completed
4068,661,8,40,"May 26, 2023",NaN,0.05,Completed
4069,924,13,18,07/06/2026,PayPal,0.1,Completed
4070,671,13,30,02/03/2026,Credit Card,0.15,Completed
4071,1183,7,6,10/23/2025,credit card,0.05,Completed
4072,463,5,47,30/05/2023,Cash,0.2,Completed
4073,872,4,32,2025-04-19,Cash,0.0,Completed
4074,437,2,24,10/31/2025,CASH,0.0,Completed
4075,81,9,12,2023-12-04,Gift Card,0.0,Completed
4076,263,1,52,"July 18, 2025",Credit Card,0.0,Completed
4077,1136,6,13,"June 13, 2026",Gift Card,0.05,Completed
4078,134,5,32,27/01/2024,Gift Card,0.05,Completed
4079,542,7,49,2026/05/09,CASH,0.2,Completed
4080,112,1,63,22/07/2025,Debit  Card,0.0,Completed
4081,551,4,65,05/22/2024,credit card,5%,Completed
4082,545,12,44,27-12-2023,Store Credit,10%,Completed
4083,521,3,13,2025-12-02,credit card,0.0,Completed
4084,933,77,76,"June 01, 2023",,5%,Completed
4085,872,77,7,04-09-2025,Gift Card,15%,Completed
4086,1209,9,47,22/08/2024,Credit Card,0.1,Completed
4087,517,3,62,28/08/2024,credit card,0.0,Completed
4088,1077,11,75,09 May 2025,Gift Card,15%,Completed
4089,17,12,47,21/05/2024,Cash,0.0,Completed
4090,1015,9,6,17/04/2024,Store Credit,0.0,Completed
4091,635,5,45,05/26/2026,PayPal,0.1,Completed
4092,14,9,58,"March 13, 2026",Gift Card,0.0,Completed
4093,710,9,62,2025/09/08,PayPal,0.0,Completed
4094,573,77,11,2024-07-04,Debit  Card,0.0,Completed
4095,640,13,86,06/22/2025,Debit Card,10%,Completed
4096,567,7,28,28-10-2025,Debit  Card,20%,Completed
4097,477,6,62,02/27/2025,CASH,0.05,Completed
4098,298,77,13,23-08-2023,Store Credit,0.0,Completed
4099,563,8,79,25-06-2026,Cash,0.05,Completed
4100,9999,10,53,04/12/2025,Debit Card,0.05,Returned
4101,1092,10,81,2026-02-22,Credit Card,0.0,Completed
4102,337,4,29,2025/11/21,Gift Card,0.05,Completed
4103,376,3,35,09-09-2024,Store Credit,0.0,Completed
4104,211,7,18,25 Jan 2026,Debit  Card,0.0,Completed
4105,145,2,35,11 May 2023,Cash,0.05,Completed
4106,647,10,26,2024/12/19,Debit  Card,0.05,Completed
4107,228,2,67,01/26/2023,PayPal,10%,Returned
4108,550,1,17,"April 23, 2023",Gift Card,0.0,Completed
4109,1111,12,73,2026/01/09,PayPal,0.0,Returned
4110,1043,13,41,2025-03-19,PayPal,0.1,Completed
4111,515,10,23,06-01-2025,CASH,5%,Completed
4112,1067,7,53,2023/08/14,Gift Card,5%,Completed
4113,629,77,12,06/29/2025,Debit  Card,0.25,Completed
4114,810,11,39,23-02-2023,PayPal,0.1,Completed
4115,124,13,19,08/09/2023,credit card,0.0,Completed
4116,262,2,41,01-01-2025,PayPal,0.0,Completed
4117,335,10,56,04-08-2024,Debit Card,0.0,Completed
4118,57,1,16,14/12/2023,credit card,5%,PENDING
4119,259,77,20,15/12/2023,CASH,0.0,Completed
4120,320,12,5,30/09/2025,CASH,0.0,Completed
4121,389,8,7,08-08-2023,credit card,0.0,Cancelled
4122,479,9,68,2023/12/17,Debit  Card,20%,Completed
4123,940,2,14,2024/07/13,Store Credit,0.0,Returned
4124,827,10,14,13 Mar 2024,Store Credit,0.05,Completed
4125,674,13,65,2023-09-14,Store Credit,10%,Completed
4126,484,10,27,11/12/2025,Cash,0.0,Completed
4127,706,77,52,2025-01-17,Credit Card,0.25,Completed
4128,998,12,9,2024/08/08,credit card,0.1,Completed
4129,1212,1,8,,Store Credit,0.0,PENDING
4130,130,5,55,15 Jan 2023,Debit  Card,0.1,Completed
4131,965,13,65,04/13/2024,Cash,0.0,Completed
4132,967,1,12,,credit card,25%,Returned
4133,322,10,17,30/11/2024,Debit Card,0.0,Completed
4134,476,5,19,30/08/2025,CASH,15%,Completed
4135,1213,9,51,"May 08, 2024",Credit Card,0.25,Completed
4136,1067,9,43,20-09-2025,Store Credit,0.0,Completed
4137,1020,12,37,"June 29, 2024",Debit Card,0.0,Completed
4138,256,10,67,"January 11, 2025",Cash,0.0,Completed
4139,267,9,67,2024/01/02,Debit  Card,0.0,Completed
4140,417,9,61,02-09-2024,Credit Card,0.0,Completed
4141,609,8,42,09/16/2023,CASH,0.0,Completed
4142,977,1,21,2024-07-20,PayPal,10%,Completed
4143,963,77,13,10/07/2025,Debit  Card,0.0,Completed
4144,784,1,1,24-03-2023,credit card,0.0,Completed
4145,1017,77,48,16/01/2023,credit card,0.0,Completed
4146,640,5,73,06/03/2026,CASH,0.2,Completed
4147,150,5,84,02/16/2025,Credit Card,0.15,Completed
4148,295,6,999,2023/10/24,Credit Card,10%,Completed
4149,35,9,74,"February 15, 2026",none,0.0,Completed
4150,72,2,27,27/03/2025,Debit  Card,0.25,Completed
4151,456,8,49,13-02-2024,Gift Card,5%,Returned
4152,604,11,39,26-08-2025,Credit Card,0.1,completed
4153,672,13,14,,Credit Card,0.0,Completed
4154,331,8,2,2023-04-30,Credit Card,15%,Completed
4155,995,13,14,05/08/2025,Debit Card,0.25,Completed
4156,990,12,34,02/11/2023,Debit  Card,0.0,Completed
4157,241,6,38,15-10-2025,Gift Card,0.0,Completed
4158,1208,9,17,26 Feb 2025,Debit  Card,5%,Completed
4159,933,5,14,25 Dec 2025,Debit Card,0.15,Completed
4160,1006,12,46,"February 12, 2023",Store Credit,0.0,Completed
4161,397,1,88,16/10/2025,Store Credit,0.0,Completed
4162,778,6,71,2024-09-14,Credit Card,0.0,Completed
4163,330,3,3,2023/04/12,CASH,0.0,Completed
4164,1027,4,54,2025-05-26,Credit Card,0.1,Completed
4165,364,10,52,03/07/2023,CASH,0.0,Completed
4166,315,77,72,09/29/2024,Debit Card,0.0,Completed
4167,1078,2,90,2025/04/25,Debit Card,0.1,Completed
4168,869,4,54,,Gift Card,5%,Completed
4169,872,1,6,05/03/2023,Gift Card,0.0,Completed
4170,1076,9,72,10/17/2023,Debit Card,0.05,Completed
4171,408,12,88,21 Oct 2024,Cash,0.1,Completed
4172,559,6,23,2026-03-29,Credit Card,15%,Completed
4173,137,10,81,"December 08, 2023",credit card,10%,Completed
4174,130,77,42,05 Oct 2023,Debit Card,0.0,Completed
4175,156,2,22,08-03-2023,Credit Card,0.15,Completed
4176,958,13,6,"August 07, 2025",Credit Card,0.0,Completed
4177,583,10,31,2023-04-18,Credit Card,0.0,Completed
4178,251,5,49,08 Sep 2025,Debit  Card,0.1,Completed
4179,87,10,45,2026/01/05,Gift Card,0.05,Completed
4180,327,8,43,10-06-2026,Debit  Card,0.15,Completed
4181,115,6,24,2024/04/03,PayPal,0.1,Completed
4182,1183,77,9,26/06/2024,Gift Card,0.15,Completed
4183,554,77,5,"March 15, 2026",credit card,0.25,Completed
4184,1117,6,45,13/01/2026,Debit  Card,0.0,Completed
4185,888,3,60,2023-06-21,Credit Card,0.0,Completed
4186,68,4,3,02/18/2026,Store Credit,0.0,Completed
4187,1026,2,42,2025-09-12,Debit  Card,0.05,Completed
4188,1150,7,15,,Store Credit,0.15,Completed
4189,956,6,41,2026-04-21,PayPal,0.0,Completed
4190,1210,5,36,03/22/2026,CASH,0.0,Completed
4191,705,2,75,10/17/2025,Store Credit,0.2,Completed
4192,573,12,79,24-04-2024,Debit Card,0.05,Completed
4193,327,8,60,23-01-2024,Store Credit,0.0,Cancelled
4194,843,2,51,06/24/2025,Debit  Card,0.0,Completed
4195,1108,8,85,2024/11/08,Debit Card,0.05,Completed
4196,1177,1,58,01-12-2025,Credit Card,20%,Completed
4197,11,77,54,01 Sep 2025,PayPal,0.2,Completed
4198,809,1,43,"January 15, 2025",Credit Card,0.15,Completed
4199,745,12,48,09 May 2026,Debit  Card,0.1,Completed
4200,540,1,57,2023-07-14,Debit Card,5%,Completed
4201,841,11,14,12/09/2024,Debit  Card,0.0,Completed
4202,31,6,29,2025/06/26,Debit Card,10%,Completed
4203,1080,7,37,22 Jan 2025,NULL,0.0,Completed
4204,922,13,38,24-05-2023,CASH,0.1,Completed
4205,970,2,42,11/10/2025,PayPal,0.2,Completed
4206,1046,3,56,2024-02-07,Debit Card,0.05,Completed
4207,221,6,19,2023/02/23,CASH,0.0,Completed
4208,1009,6,87,"August 16, 2024",Debit  Card,0.0,Completed
4209,56,7,77,"January 02, 2026",Debit  Card,0.0,Completed
4210,1194,5,76,2025-01-03,credit card,0.05,Completed
4211,1143,2,64,27 Jan 2023,Debit  Card,5%,Completed
4212,1211,12,26,28/06/2026,CASH,0.05,Cancelled
4213,176,9,66,19 Apr 2024,CASH,0.15,Completed
4214,923,2,17,09/09/2025,credit card,20%,Completed
4215,239,13,86,13/07/2024,PayPal,0.0,Completed
4216,404,5,85,"March 16, 2024",Store Credit,0.0,Cancelled
4217,641,10,77,2023-02-17,Debit  Card,20%,Completed
4218,506,6,63,"July 10, 2025",Cash,0.05,Completed
4219,414,3,8,2024/08/02,CASH,0.0,Completed
4220,912,1,14,"April 08, 2026",Debit Card,0.0,Completed
4221,280,3,34,"February 11, 2025",Gift Card,0.05,Completed
4222,972,11,88,2023/11/17,Store Credit,0.0,Completed
4223,745,4,11,2023-02-05,Store Credit,0.15,Completed
4224,688,3,24,,Store Credit,15%,Completed
4225,894,6,54,2024/07/28,Cash,0.0,Completed
4226,907,5,75,03/10/2023,Debit  Card,20%,Completed
4227,162,12,21,02/12/2025,PayPal,0.0,Completed
4228,279,2,87,"September 06, 2024",Cash,0.0,completed
4229,1077,4,76,29 Oct 2025,Store Credit,0.15,Completed
4230,995,12,23,2026-03-26,Cash,0.0,Completed
4231,466,4,53,16 Dec 2024,PayPal,0.0,Completed
4232,422,7,61,27-06-2023,credit card,0.0,Cancelled
4233,1173,6,47,17-08-2025,Debit  Card,0.0,Completed
4234,824,1,34,2024-07-02,Debit  Card,0.0,Completed
4235,789,10,76,03/04/2026,Store Credit,0.25,Completed
4236,356,5,64,2024/09/12,credit card,0.0,Returned
4237,556,8,15,2025-01-19,CASH,0.0,Completed
4238,780,13,72,"January 02, 2024",Debit  Card,0.0,Completed
4239,987,6,26,04/17/2023,Cash,0.0,Completed
4240,698,10,74,2023-01-22,PayPal,0.0,Completed
4241,606,11,15,,Gift Card,0.0,Completed
4242,94,12,3,"October 25, 2024",PayPal,0.0,Completed
4243,61,13,89,,Debit  Card,0.0,Completed
4244,75,9,17,2024-03-05,credit card,0.0,Completed
4245,1040,6,79,10/17/2024,PayPal,0.0,completed
4246,148,8,47,05-03-2024,Debit  Card,0.0,Completed
4247,310,8,63,02/19/2025,Gift Card,0.0,Completed
4248,1224,3,85,2025-12-14,Debit Card,0.05,Completed
4249,254,12,11,2024/05/20,Credit Card,0.05,Completed
4250,458,13,19,07-09-2025,Gift Card,0.0,Completed
4251,997,7,6,17/01/2025,Debit  Card,0.2,Completed
4252,561,3,37,24/09/2023,PayPal,10%,Completed
4253,507,11,32,06/06/2025,Credit Card,0.0,Returned
4254,445,3,18,09/08/2023,credit card,0.0,Completed
4255,558,11,10,03 Nov 2024,Store Credit,10%,Completed
4256,1056,13,11,03/17/2025,PayPal,0.1,Completed
4257,292,5,15,01/11/2026,credit card,10%,Completed
4258,330,3,66,"September 13, 2025",Gift Card,5%,Completed
4259,1121,1,4,12/07/2026,Debit  Card,0.1,Completed
4260,170,5,45,01-02-2023,PayPal,0.0,Completed
4261,949,4,63,01/06/2026,Gift Card,0.0,Completed
4262,437,4,63,2025/11/08,Gift Card,5%,Completed
4263,475,10,26,12/04/2025,credit card,25%,Completed
4264,861,5,45,11/01/2026,credit card,0.2,Completed
4265,979,2,62,"January 06, 2026",Gift Card,0.0,Completed
4266,464,4,47,11-04-2025,NULL,0.0,Completed
4267,1129,5,15,2025/01/15,PayPal,10%,Completed
4268,904,4,85,07/01/2023,none,0.0,Completed
4269,1107,3,17,03 Jun 2023,CASH,0.05,Completed
4270,1140,12,83,2024-08-17,CASH,0.0,Completed
4271,1106,7,30,09/12/2023,credit card,0.15,Completed
4272,202,10,22,2026-01-22,Cash,0.05,Completed
4273,1077,5,75,2024-07-05,Gift Card,0.05,Completed
4274,390,3,80,2025/07/02,CASH,0.1,Completed
4275,258,1,90,12 Apr 2023,Credit Card,0.15,Completed
4276,404,4,22,01 Feb 2026,Cash,0.0,Completed
4277,773,7,40,10-06-2025,Cash,0.15,Completed
4278,517,7,43,31 Jul 2024,credit card,5%,Completed
4279,1150,3,56,,PayPal,5%,Completed
4280,329,7,6,26 Sep 2023,Store Credit,0.1,Returned
4281,389,10,11,12/30/2025,Cash,0.0,Completed
4282,748,4,72,2025-09-22,Debit Card,0.05,Completed
4283,558,3,65,08/06/2024,Cash,0.15,Completed
4284,43,11,80,"August 01, 2023",Gift Card,15%,Completed
4285,259,77,82,2026-04-29,Credit Card,0.0,Cancelled
4286,1004,13,66,2025/06/01,Debit Card,0.0,Completed
4287,938,77,87,02/21/2026,Cash,0.0,Completed
4288,635,6,26,2024/09/11,PayPal,0.0,Returned
4289,786,6,31,16/05/2026,Debit Card,0.0,Completed
4290,987,7,20,27/01/2025,-,0.0,Completed
4291,633,77,34,20 Aug 2023,PayPal,5%,Completed
4292,439,7,2,2025/12/28,Store Credit,10%,Completed
4293,786,4,4,31 Dec 2025,credit card,15%,Completed
4294,1087,4,52,2023-04-15,Gift Card,0.0,Completed
4295,1117,2,1,"July 22, 2026",Debit Card,0.0,Completed
4296,476,11,44,01 Dec 2025,Debit Card,5%,Completed
4297,598,13,17,,PayPal,0.0,Cancelled
4298,290,4,1,02 Oct 2024,Debit  Card,0.0,Completed
4299,828,2,81,03-01-2025,Gift Card,5%,Completed
4300,1109,5,31,"June 30, 2024",Gift Card,0.25,Completed
4301,510,12,13,"February 26, 2024",Credit Card,0.0,Completed
4302,804,11,72,2026/02/27,Cash,0.0,Completed
4303,875,2,19,24/09/2023,Store Credit,0.0,Completed
4304,935,7,55,15/11/2025,credit card,0.0,Completed
4305,83,3,71,2024/08/28,PayPal,0.2,Cancelled
4306,569,12,70,20/08/2024,CASH,0.0,Completed
4307,927,11,72,08/04/2026,CASH,25%,Completed
4308,327,12,87,08-01-2023,Debit Card,5%,Completed
4309,590,7,47,2024/07/05,Debit  Card,0.0,completed
4310,974,3,49,2025-12-19,Credit Card,0.1,Completed
4311,394,1,35,08/03/2025,Credit Card,0.0,Completed
4312,267,2,47,12-08-2023,Credit Card,15%,Completed
4313,759,6,2,2025-02-05,Store Credit,0.15,Completed
4314,146,10,69,25/07/2023,CASH,0.0,Completed
4315,555,12,56,2023-09-27,CASH,0.0,Completed
4316,175,3,52,26 Jun 2025,Gift Card,0.0,Completed
4317,133,13,39,29/11/2024,Store Credit,0.0,Completed
4318,56,1,73,29/05/2026,Gift Card,5%,Completed
4319,817,4,86,11/02/2023,credit card,0.0,Returned
4320,397,11,28,02/27/2026,Debit  Card,0.0,Completed
4321,80,11,64,30/05/2025,CASH,0.0,Completed
4322,186,7,78,"November 06, 2023",Credit Card,0.05,Completed
4323,884,1,6,2024-03-02,PayPal,0.0,Completed
4324,561,5,79,2025-06-15,credit card,10%,Completed
4325,1146,8,79,04/14/2025,Debit Card,0.05,Completed
4326,683,8,39,2025/06/22,credit card,15%,Cancelled
4327,90,9,82,05/28/2023,CASH,20%,Completed
4328,181,12,49,04/13/2024,Cash,15%,Completed
4329,405,4,49,"January 08, 2025",Credit Card,0.0,Completed
4330,365,12,50,"June 30, 2026",Cash,0.0,Completed
4331,560,7,13,09/08/2024,Store Credit,0.1,Cancelled
4332,224,6,53,,Debit  Card,0.0,Completed
4333,1170,2,57,2025-02-20,-,0.05,PENDING
4334,204,3,45,2023/03/24,Store Credit,0.0,Cancelled
4335,544,9,75,2024-03-19,CASH,0.15,Completed
4336,675,1,3,2024-12-03,Debit  Card,0.1,Returned
4337,864,5,83,05/09/2023,Credit Card,0.0,Completed
4338,143,3,40,"April 25, 2024",credit card,0.0,Completed
4339,137,7,18,2026-07-24,PayPal,0.05,Completed
4340,1077,11,38,23-11-2024,Cash,0.0,Cancelled
4341,151,10,36,04-06-2026,CASH,0.15,Completed
4342,1127,1,6,21/12/2023,Debit Card,0.1,Completed
4343,547,2,14,02-01-2025,Store Credit,0.0,Completed
4344,597,2,75,2024/10/30,Debit Card,0.25,Completed
4345,431,2,29,2025-10-09,Debit  Card,25%,Completed
4346,328,10,44,"May 09, 2025",Gift Card,0.2,Completed
4347,275,3,79,11/17/2023,Gift Card,0.0,Completed
4348,637,8,75,2023-03-12,PayPal,0.05,Completed
4349,1171,13,69,2023-07-11,-,0.05,Completed
4350,472,10,44,02/11/2026,Store Credit,15%,Completed
4351,157,3,77,2025/06/04,Store Credit,0.05,Completed
4352,158,1,57,"August 24, 2025",Debit  Card,0.0,Completed
4353,905,4,1,31 Aug 2024,Cash,0.15,Completed
4354,125,13,54,12/04/2024,Debit Card,0.05,Completed
4355,557,1,11,2024-06-24,Cash,0.0,Completed
4356,71,8,31,"October 17, 2024",Debit  Card,0.2,Completed
4357,66,8,63,"April 25, 2026",Credit Card,0.0,Returned
4358,718,11,8,05/19/2024,PayPal,0.05,Returned
4359,103,13,20,2024-05-06,Debit  Card,0.0,Completed
4360,651,4,87,04/16/2025,Cash,0.05,Completed
4361,877,2,10,15-05-2025,Debit Card,0.05,Completed
4362,758,10,24,03-06-2025,PayPal,5%,Completed
4363,1192,5,53,2024/03/24,Cash,0.1,Completed
4364,256,2,69,21 Apr 2025,Credit Card,0.0,Completed
4365,974,4,57,26-01-2025,Debit  Card,0.05,Completed
4366,679,8,22,09/13/2025,Store Credit,5%,Completed
4367,951,7,64,2026/03/24,Gift Card,0.25,Completed
4368,994,3,45,03/09/2023,credit card,0.1,Completed
4369,321,13,16,2024-05-10,Cash,5%,Completed
4370,1080,3,35,2026/01/15,Cash,0.05,Completed
4371,669,9,4,"February 25, 2026",Cash,0.0,Returned
4372,520,12,44,"January 28, 2025",credit card,0.1,Returned
4373,463,9,85,01 Aug 2025,CASH,0.0,Completed
4374,855,7,23,2023-07-05,Credit Card,0.1,Completed
4375,801,4,60,14/01/2026,Credit Card,0.1,Completed
4376,1103,77,11,"October 28, 2024",Gift Card,0.0,Completed
4377,380,7,9,04-03-2024,credit card,0.0,Completed
4378,455,2,8,18 Sep 2023,CASH,0.15,Completed
4379,909,5,24,"August 08, 2024",Cash,0.0,Completed
4380,270,10,13,02 Mar 2023,Debit  Card,5%,Completed
4381,516,1,9,2024/09/13,CASH,0.05,Completed
4382,579,10,22,07 May 2026,Debit Card,0.0,Completed
4383,306,5,4,"June 29, 2026",Cash,10%,Completed
4384,1189,5,25,22-06-2024,Credit Card,5%,Completed
4385,506,10,39,"January 25, 2024",Credit Card,0.0,Completed
4386,83,2,57,2024/08/05,Cash,0.1,Returned
4387,415,3,38,"March 04, 2023",CASH,0.05,Completed
4388,925,1,88,2023-02-10,CASH,0.1,Completed
4389,612,12,59,03/31/2025,Debit  Card,0.05,Returned
4390,904,10,27,2023-02-11,Debit  Card,0.15,Completed
4391,1200,12,87,2025/04/16,Credit Card,0.2,Completed
4392,519,77,51,04-02-2026,credit card,0.0,Returned
4393,391,11,47,2026-01-25,Cash,0.05,Completed
4394,370,6,72,15-08-2024,PayPal,0.0,Completed
4395,336,9,15,06/08/2024,CASH,15%,Completed
4396,483,11,19,20/11/2024,Credit Card,5%,Cancelled
4397,791,11,86,22-02-2025,Store Credit,0.0,Completed
4398,223,9,62,25/06/2024,Credit Card,0.05,Completed
4399,167,6,90,2023-08-15,credit card,0.25,Completed
4400,659,12,2,09 Feb 2026,CASH,0.0,PENDING
4401,490,3,5,22 Jan 2024,Gift Card,0.0,Completed
4402,398,7,23,2024/01/26,Debit  Card,0.05,Returned
4403,163,13,14,18/11/2024,CASH,10%,Completed
4404,830,8,15,08 Sep 2025,Debit  Card,0.05,Completed
4405,822,7,63,"February 09, 2023",Debit Card,0.0,Completed
4406,1190,8,6,2026-01-15,Debit Card,0.0,Completed
4407,288,2,46,2024/08/20,Credit Card,0.0,Completed
4408,315,8,29,04-11-2024,Debit Card,0.0,Completed
4409,884,8,67,11 May 2025,N/A,0.0,Completed
4410,232,3,3,14 Jun 2026,Debit  Card,0.0,Completed
4411,218,5,35,26/05/2026,Debit  Card,0.05,Completed
4412,752,9,83,28 Aug 2023,Debit  Card,0.15,Completed
4413,298,11,46,"April 24, 2025",Cash,5%,Completed
4414,1185,4,54,2025-04-03,credit card,0.05,Returned
4415,274,12,51,2023/04/26,Debit Card,0.0,Completed
4416,998,6,49,30 Jun 2024,Store Credit,5%,Cancelled
4417,877,12,81,03/01/2023,PayPal,5%,Completed
4418,851,13,58,05/07/2026,Gift Card,0.0,Completed
4419,549,4,37,2025/06/13,CASH,0.0,Completed
4420,821,7,34,"July 27, 2025",N/A,0.0,Completed
4421,242,4,11,28 Feb 2026,Credit Card,0.1,Completed
4422,1016,3,79,17-05-2024,NaN,0.0,Completed
4423,534,13,67,24/05/2023,credit card,0.0,Completed
4424,747,11,1,2025/11/09,Debit Card,0.2,Cancelled
4425,973,6,3,06/14/2024,Debit Card,0.0,Completed
4426,21,3,62,06/22/2023,PayPal,0.05,Completed
4427,1059,4,58,2024/12/28,credit card,0.1,Completed
4428,112,13,19,2024-11-23,Credit Card,0.0,Completed
4429,85,12,3,"January 02, 2026",CASH,0.0,Completed
4430,269,5,3,2023-11-10,credit card,0.05,Completed
4431,758,1,59,"June 06, 2023",CASH,0.0,Completed
4432,1173,3,13,16-03-2023,Debit Card,0.0,Completed
4433,127,77,37,15-09-2025,Cash,0.1,Completed
4434,873,1,7,2023/08/17,credit card,0.05,Completed
4435,1222,10,21,19-04-2026,Cash,0.0,Completed
4436,134,77,39,2023/09/11,CASH,0.05,Completed
4437,1144,7,14,22 Mar 2026,Cash,0.0,Completed
4438,456,77,88,12-12-2023,Cash,0.0,Completed
4439,1041,8,55,18/12/2023,Cash,0.0,Completed
4440,131,4,78,01/03/2024,Debit Card,0.0,Completed
4441,475,6,90,15/02/2025,Credit Card,0.0,Returned
4442,1220,2,24,2025/04/02,credit card,15%,Completed
4443,276,12,37,2023/08/28,Debit Card,0.0,Completed
4444,1151,6,51,27 Nov 2023,Credit Card,0.0,Completed
4445,679,13,39,2026/07/26,N/A,0.0,Completed
4446,770,2,43,07/06/2025,Debit  Card,0.0,Completed
4447,560,2,7,"February 15, 2026",Debit  Card,0.0,Completed
4448,1039,9,3,2026/03/20,PayPal,0.1,Completed
4449,320,7,4,2023/04/16,Store Credit,0.0,Completed
4450,788,5,13,"January 15, 2023",Cash,0.15,Completed
4451,160,5,34,01/09/2025,NaN,0.05,Completed
4452,549,9,44,2025/11/23,Debit  Card,0.1,Completed
4453,378,77,53,29 Apr 2026,Credit Card,0.0,Completed
4454,594,5,25,2023-07-06,Store Credit,0.15,Completed
4455,89,12,77,"July 31, 2023",credit card,20%,Completed
4456,889,2,25,18 Feb 2026,Credit Card,0.0,Completed
4457,1172,11,19,,CASH,0.0,Returned
4458,792,1,7,17-02-2025,Debit  Card,0.05,Completed
4459,677,7,18,03/02/2025,CASH,25%,Completed
4460,129,12,37,"May 10, 2026",Credit Card,0.1,Completed
4461,1128,77,4,2023-07-23,credit card,0.05,Completed
4462,263,7,52,2023/10/18,Cash,10%,Completed
4463,509,1,66,20 Apr 2024,Debit Card,0.0,Completed
4464,984,7,86,12 Jan 2023,Debit  Card,0.05,Completed
4465,602,2,8,2024-12-20,Credit Card,0.05,Completed
4466,1154,10,56,"December 14, 2023",credit card,0.0,Completed
4467,918,1,26,2024-08-12,Debit  Card,0.0,Completed
4468,103,1,30,2025/12/09,Credit Card,0.05,Completed
4469,450,11,40,24/04/2026,PayPal,0.1,Completed
4470,427,7,72,2023/03/18,Debit Card,20%,Completed
4471,770,10,84,2025/03/07,Cash,0.05,Completed
4472,281,6,54,2025-04-26,CASH,0.0,Completed
4473,466,77,4,"August 08, 2024",CASH,0.0,Completed
4474,289,7,72,22 Jun 2023,Gift Card,0.0,Completed
4475,128,10,82,11 Sep 2025,Cash,0.0,Completed
4476,753,6,11,2023/11/13,Debit  Card,0.0,Returned
4477,136,2,44,"February 20, 2024",Debit Card,0.0,Completed
4478,487,7,1,07 Jan 2026,credit card,0.05,Completed
4479,49,13,31,"March 09, 2026",Store Credit,0.05,Completed
4480,682,10,38,07/02/2024,credit card,0.0,Completed
4481,641,4,60,04-04-2024,Debit Card,0.2,Completed
4482,1041,13,47,10/18/2023,Cash,0.0,PENDING
4483,615,5,17,24-09-2025,PayPal,0.1,Completed
4484,557,2,44,30-11-2023,Debit Card,0.0,Completed
4485,376,11,2,10-09-2025,Store Credit,0.0,Completed
4486,998,9,25,02-07-2025,Gift Card,0.25,Completed
4487,1172,12,16,29 Nov 2025,PayPal,0.15,Completed
4488,57,12,75,"October 27, 2025",none,0.05,Completed
4489,753,12,12,13/10/2025,PayPal,5%,Completed
4490,124,6,33,2023/12/30,Debit Card,5%,Completed
4491,855,5,75,22-01-2023,PayPal,20%,Completed
4492,736,77,5,11/14/2023,PayPal,15%,Completed
4493,1198,6,24,06/06/2024,Debit  Card,10%,Completed
4494,370,3,82,"July 04, 2025",PayPal,0.0,Completed
4495,588,6,37,01-01-2026,credit card,0.1,Cancelled
4496,728,6,70,2026/03/19,Store Credit,0.05,Returned
4497,451,5,61,"December 14, 2024",credit card,0.0,Cancelled
4498,685,4,11,05 Jun 2023,Cash,0.05,Completed
4499,1092,77,27,02/14/2026,Cash,0.0,Completed
4500,208,13,83,2025-01-13,Debit  Card,0.15,Completed
4501,62,3,82,07/26/2026,Cash,0.05,Completed
4502,290,11,65,21-11-2023,Store Credit,0.0,Completed
4503,982,2,2,27 Apr 2024,Gift Card,0.0,Completed
4504,109,1,70,2026/05/10,Cash,0.2,Completed
4505,509,7,20,"June 06, 2024",Gift Card,0.0,Completed
4506,1174,6,35,2023/07/18,N/A,5%,Completed
4507,1074,6,7,"September 15, 2023",Cash,0.0,Completed
4508,117,77,62,15-06-2023,Debit Card,15%,Completed
4509,830,7,19,12 Jul 2024,Credit Card,0.0,Completed
4510,77,1,71,"May 12, 2024",Store Credit,0.0,Completed
4511,261,11,40,2025-11-18,Debit  Card,0.05,Completed
4512,965,9,85,27-02-2025,Gift Card,15%,Returned
4513,828,8,59,2025/03/26,Gift Card,0.15,Completed
4514,974,77,19,2024-11-21,PayPal,5%,Completed
4515,68,2,24,01/06/2024,Gift Card,0.0,Completed
4516,945,1,70,04/07/2023,credit card,0.0,Completed
4517,633,2,35,2024/05/01,PayPal,0.05,Completed
4518,565,2,65,2024-02-10,Store Credit,5%,Completed
4519,1074,12,8,,CASH,5%,Completed
4520,134,8,46,16-06-2026,Gift Card,20%,Completed
4521,374,13,45,2026-01-21,Gift Card,0.0,Completed
4522,955,4,61,"May 19, 2025",Debit  Card,15%,Completed
4523,512,3,15,16 Aug 2023,Gift Card,10%,Completed
4524,404,12,80,03 Sep 2025,CASH,0.0,Completed
4525,788,1,38,05/26/2026,CASH,0.05,Completed
4526,234,8,41,"August 31, 2023",PayPal,0.0,Completed
4527,134,9,66,"November 15, 2024",credit card,0.05,Cancelled
4528,173,10,16,29/08/2023,Gift Card,15%,Completed
4529,801,13,71,08/06/2026,PayPal,0.1,Completed
4530,934,9,89,"January 05, 2025",PayPal,10%,Completed
4531,667,77,41,06/18/2023,Gift Card,0.2,Completed
4532,297,8,5,2024-05-15,Store Credit,0.0,Completed
4533,853,77,17,2024/06/03,Gift Card,0.0,Completed
4534,1190,1,5,15-06-2026,Debit  Card,0.0,Completed
4535,1198,11,33,2026-05-22,Gift Card,0.0,Completed
4536,752,3,77,12 Jan 2025,Debit Card,0.0,Cancelled
4537,980,11,5,16 Jun 2024,Debit Card,15%,Completed
4538,5,4,7,04/09/2023,Cash,0.0,Completed
4539,533,3,78,2024/03/25,credit card,0.0,Completed
4540,1097,11,85,07 Mar 2025,Cash,0.0,Cancelled
4541,408,1,70,2025/02/08,credit card,0.1,Completed
4542,164,2,38,07-03-2026,Gift Card,0.15,PENDING
4543,31,13,37,23/02/2025,Debit  Card,0.0,Completed
4544,1051,10,32,07-12-2025,Debit Card,0.0,Completed
4545,421,11,85,2025-02-06,CASH,0.0,Completed
4546,562,3,61,20 Aug 2025,Credit Card,0.0,Completed
4547,522,2,53,2025-10-29,PayPal,0.0,Returned
4548,773,11,16,2025-08-15,CASH,0.0,Completed
4549,1031,3,1,2023/11/20,Debit Card,0.0,Completed
4550,255,7,13,02/23/2024,NULL,25%,Completed
4551,1048,11,61,12/22/2024,Gift Card,0.05,Completed
4552,500,12,49,"September 15, 2024",credit card,0.25,Completed
4553,301,6,89,23 Jun 2026,credit card,0.1,Completed
4554,322,2,48,12/26/2024,PayPal,0.0,Completed
4555,3,13,65,28/08/2024,Cash,0.0,Completed
4556,55,5,9,2024-10-08,Debit Card,0.0,Completed
4557,10,7,89,"March 08, 2025",CASH,0.0,Returned
4558,1217,8,57,04/30/2024,Cash,5%,Completed
4559,1217,4,90,16/10/2025,PayPal,0.1,Completed
4560,901,5,63,17/01/2023,PayPal,0.0,Completed
4561,518,4,20,08/06/2023,Gift Card,0.0,Completed
4562,207,6,69,11/29/2023,Debit Card,0.05,Completed
4563,107,10,20,08/14/2023,N/A,0.0,Completed
4564,923,13,27,13 Nov 2024,Debit  Card,5%,Completed
4565,375,5,62,05 Feb 2026,CASH,0.0,Completed
4566,480,10,8,25 Nov 2023,Debit Card,0.0,Completed
4567,1105,13,66,04/03/2025,Gift Card,0.0,Completed
4568,170,10,3,2023/11/19,Debit  Card,0.15,Completed
4569,1057,12,56,"March 03, 2024",Debit  Card,10%,completed
4570,588,3,86,"February 26, 2025",credit card,0.0,Completed
4571,321,1,7,"August 31, 2025",Store Credit,0.1,Completed
4572,1135,10,56,06/27/2026,Store Credit,0.0,Completed
4573,961,8,53,"February 21, 2025",PayPal,0.0,Cancelled
4574,158,2,48,07/21/2023,Debit  Card,0.0,Completed
4575,397,7,52,14 Jun 2023,Debit Card,0.0,Completed
4576,571,8,2,13/01/2023,Debit  Card,0.1,Completed
4577,133,7,19,01/06/2023,CASH,0.0,Completed
4578,747,6,89,28/03/2023,Store Credit,0.05,Completed
4579,16,1,46,01/24/2024,Credit Card,0.0,Completed
4580,988,13,36,01/05/2025,Debit Card,0.0,Completed
4581,20,8,84,08-05-2025,Debit Card,0.15,Completed
4582,614,5,71,"August 31, 2024",Credit Card,15%,Completed
4583,76,7,26,2024-06-04,Store Credit,0.0,Completed
4584,498,9,28,01-01-2026,PayPal,0.05,Completed
4585,1023,12,89,03 Aug 2025,Gift Card,0.0,Completed
4586,128,77,48,16-05-2026,Cash,0.05,Completed
4587,1121,11,60,2026-06-02,credit card,0.0,Completed
4588,288,4,32,02 Feb 2024,Gift Card,0.0,Completed
4589,1115,4,32,30/04/2025,Gift Card,20%,Completed
4590,1074,1,42,24 Oct 2023,Store Credit,0.1,Completed
4591,1032,2,37,"February 14, 2023",credit card,0.2,Completed
4592,1000,5,52,06/01/2024,Gift Card,0.0,Completed
4593,802,5,60,06-05-2026,Debit Card,0.0,Completed
4594,556,11,70,"April 03, 2023",PayPal,0.15,Completed
4595,865,4,26,"January 28, 2024",Gift Card,0.05,Returned
4596,919,13,6,22/01/2023,CASH,0.0,Returned
4597,1213,2,76,05/11/2024,Credit Card,0.15,Completed
4598,918,4,13,2025/01/20,Cash,0.0,Cancelled
4599,341,77,24,2024-02-24,Credit Card,15%,Completed
4600,152,2,29,2026/03/21,Cash,0.1,Completed
4601,62,8,2,"January 05, 2026",credit card,5%,Completed
4602,518,2,53,2024/09/05,PayPal,0.05,Completed
4603,799,10,66,13-02-2023,Gift Card,25%,Completed
4604,745,4,38,10 Mar 2025,NaN,0.0,Completed
4605,103,8,80,21-07-2024,CASH,0.05,Completed
4606,1208,11,4,03/03/2024,PayPal,0.1,Completed
4607,511,12,29,"May 26, 2025",Cash,5%,Completed
4608,61,11,999,23 Jan 2024,Debit Card,0.15,Completed
4609,331,12,18,"August 26, 2025",CASH,15%,PENDING
4610,226,7,72,05/20/2025,credit card,0.0,Completed
4611,1039,2,4,28-06-2025,Credit Card,10%,Completed
4612,1097,4,47,2024/01/23,Gift Card,0.0,Completed
4613,693,8,80,15-01-2023,Credit Card,10%,Completed
4614,1166,8,78,03/21/2025,Debit Card,5%,Cancelled
4615,173,2,2,2025-07-14,CASH,5%,Completed
4616,20,3,84,2023/07/17,CASH,20%,Completed
4617,387,3,7,11/07/2024,Debit Card,0.0,Completed
4618,20,5,21,01-11-2023,Credit Card,0.05,Completed
4619,989,3,38,2025/12/21,Credit Card,0.0,Completed
4620,1127,11,57,02/10/2023,CASH,0.0,Completed
4621,769,5,29,05/01/2026,Credit Card,0.0,Completed
4622,700,9,28,20/07/2026,Store Credit,0.05,Completed
4623,1067,12,77,07/12/2024,PayPal,0.0,Completed
4624,517,9,3,2026-05-14,Cash,0.0,Completed
4625,955,8,45,2023/05/14,Cash,0.0,Completed
4626,1055,2,46,2026-05-15,CASH,0.0,Completed
4627,54,1,27,2024-12-30,Debit  Card,0.05,Completed
4628,908,7,44,20-03-2025,Credit Card,20%,Completed
4629,687,1,26,"June 13, 2023",,10%,Completed
4630,35,9,84,2026-05-08,PayPal,0.0,Completed
4631,1128,8,30,2026-05-11,credit card,15%,Completed
4632,608,4,78,12/15/2025,credit card,0.15,Completed
4633,196,6,37,12 Dec 2024,credit card,0.0,Completed
4634,725,6,31,23/06/2026,credit card,0.1,Completed
4635,387,13,74,01 Dec 2025,PayPal,0.1,Completed
4636,1170,8,73,26 Apr 2025,Debit Card,0.0,Completed
4637,296,4,87,,Gift Card,0.1,Completed
4638,283,9,65,2024-06-08,Debit Card,0.25,Completed
4639,63,1,82,2023-06-21,Credit Card,0.0,Completed
4640,224,1,50,06/01/2023,Debit  Card,0.1,Completed
4641,497,9,51,10/09/2024,PayPal,0.0,Completed
4642,686,12,85,2024/04/20,Credit Card,0.0,Completed
4643,458,7,78,30 Mar 2025,Debit Card,0.0,Completed
4644,109,13,84,2023-01-04,Store Credit,0.05,Completed
4645,213,8,39,14 Mar 2025,credit card,0.0,Completed
4646,20,1,33,06/17/2024,Gift Card,0.15,Completed
4647,1150,7,37,05/07/2026,Debit  Card,20%,Completed
4648,1131,10,30,2024/07/15,CASH,5%,Completed
4649,500,7,999,"March 10, 2024",Debit  Card,0.0,Completed
4650,148,10,4,18-09-2024,none,0.0,Completed
4651,587,9,63,2025-09-15,Debit  Card,0.15,Completed
4652,991,5,77,30/04/2025,Debit Card,15%,Completed
4653,416,4,62,13-08-2025,Debit  Card,0.0,Returned
4654,103,12,60,"June 11, 2026",Gift Card,0.0,Completed
4655,749,13,65,2024-01-14,Store Credit,10%,Completed
4656,734,7,28,09-01-2026,Debit Card,0.05,Completed
4657,599,10,8,09-02-2024,Debit Card,0.05,Completed
4658,321,7,29,11/04/2025,Credit Card,15%,Returned
4659,759,5,44,06/02/2024,Credit Card,0.05,Completed
4660,929,8,22,03 Dec 2023,CASH,0.05,Completed
4661,49,13,63,16/07/2025,,0.0,Completed
4662,46,7,46,19/02/2024,Debit Card,0.0,Completed
4663,845,11,38,,Debit  Card,10%,completed
4664,1175,7,51,05/06/2025,PayPal,10%,Completed
4665,556,8,57,21/09/2024,CASH,10%,Completed
4666,1126,7,16,18-03-2025,Debit  Card,0.0,Completed
4667,518,1,33,14 Jan 2026,Debit Card,0.05,Completed
4668,255,2,45,07 May 2023,Debit Card,0.05,Completed
4669,1137,2,81,2023-03-09,PayPal,0.0,Completed
4670,449,4,72,10/01/2024,Debit  Card,0.0,Cancelled
4671,322,11,50,2023-09-14,Gift Card,0.0,Cancelled
4672,396,12,78,10-08-2023,Cash,0.0,Completed
4673,137,2,75,09 Oct 2024,CASH,0.0,Completed
4674,483,8,83,2026-06-20,Cash,0.2,Completed
4675,580,10,86,23-03-2023,,0.1,Completed
4676,128,6,19,30/06/2024,CASH,0.0,Completed
4677,775,12,13,15-09-2025,credit card,5%,Completed
4678,934,4,27,21 Sep 2025,PayPal,0.0,Completed
4679,396,2,6,08/23/2023,Gift Card,0.0,Completed
4680,554,5,12,28 Feb 2023,Store Credit,0.0,Completed
4681,287,1,79,25-06-2025,Cash,0.05,Cancelled
4682,1087,8,46,23 Dec 2025,none,0.0,Completed
4683,1122,8,6,2025/08/29,NaN,10%,Completed
4684,393,5,13,"January 31, 2025",CASH,0.15,Completed
4685,1086,4,7,2025/07/31,Debit Card,0.0,Completed
4686,1140,1,6,"February 09, 2025",Store Credit,10%,Completed
4687,591,2,77,03 Nov 2024,Cash,20%,Completed
4688,899,5,50,09/10/2023,Gift Card,0.05,Completed
4689,1111,4,74,22-08-2024,Gift Card,0.0,Completed
4690,671,7,17,05/09/2023,Store Credit,5%,Completed
4691,1193,3,60,12-08-2025,CASH,0.05,Completed
4692,1165,7,89,2025/11/23,credit card,0.0,Completed
4693,67,12,67,16/01/2026,CASH,0.0,Completed
4694,781,77,28,10/02/2024,Store Credit,0.25,Completed
4695,551,77,67,2026/01/09,Cash,0.0,Completed
4696,285,11,49,,Debit Card,15%,Completed
4697,1095,4,42,05 Mar 2025,Store Credit,0.05,Completed
4698,458,6,18,10/14/2025,Store Credit,0.0,Completed
4699,34,7,11,2024-10-05,Cash,5%,Completed
4700,344,77,52,"February 03, 2023",Credit Card,25%,Completed
4701,896,12,8,2025/09/05,Debit Card,0.1,Completed
4702,884,8,89,28-11-2024,Credit Card,15%,Completed
4703,977,4,16,2026/02/04,Debit Card,0.0,Completed
4704,233,7,31,2025/10/07,Cash,0.2,Completed
4705,1122,10,17,16 Feb 2024,Credit Card,5%,Completed
4706,810,4,41,03/27/2023,CASH,0.0,Completed
4707,285,5,20,18/06/2026,CASH,0.05,Completed
4708,919,5,17,2023/01/07,Cash,0.05,Completed
4709,56,1,24,28 Dec 2025,-,0.1,Completed
4710,586,2,59,2024-06-23,Debit Card,0.05,Completed
4711,1122,2,71,2023/04/10,Debit  Card,5%,Completed
4712,690,3,31,14/09/2025,Debit Card,0.1,Cancelled
4713,784,8,999,04 Apr 2023,Gift Card,0.0,Returned
4714,33,10,3,06/09/2024,PayPal,15%,Completed
4715,21,12,11,14-02-2023,Store Credit,0.0,Cancelled
4716,388,12,18,"April 14, 2026",Credit Card,0.1,PENDING
4717,145,9,40,28/12/2024,PayPal,0.05,Completed
4718,128,4,87,16 Oct 2025,Cash,0.0,Completed
4719,582,7,72,11/04/2024,credit card,10%,Completed
4720,1010,77,40,09/22/2024,PayPal,0.0,completed
4721,1105,9,999,08-11-2023,Gift Card,0.0,Completed
4722,1219,12,63,2025/05/07,PayPal,0.1,Completed
4723,1101,1,66,"February 01, 2026",Store Credit,0.05,Completed
4724,409,12,64,02/12/2025,PayPal,0.05,Completed
4725,60,6,53,13-04-2023,Debit Card,0.0,Completed
4726,796,6,23,2024/04/03,Store Credit,0.05,Completed
4727,79,13,25,,PayPal,0.0,Returned
4728,42,77,43,"November 30, 2023",NaN,0.0,Completed
4729,1143,12,61,28/02/2025,Cash,0.0,Completed
4730,267,77,2,2023/04/06,credit card,0.0,Completed
4731,1019,12,21,03 Nov 2025,Debit  Card,0.0,Completed
4732,667,9,76,"October 26, 2024",Debit  Card,0.0,Completed
4733,668,2,74,25/03/2024,Gift Card,0.05,Completed
4734,811,1,27,"December 11, 2024",PayPal,0.0,Cancelled
4735,991,9,79,04/14/2023,CASH,0.0,Completed
4736,730,3,67,2025/08/19,Store Credit,0.05,Completed
4737,640,4,85,05-05-2023,-,15%,Completed
4738,1178,13,89,2026/03/14,CASH,0.1,Completed
4739,1111,8,70,12/08/2024,Credit Card,0.0,Cancelled
4740,1033,12,43,2023-12-20,Gift Card,0.05,Completed
4741,249,8,68,"November 11, 2025",Cash,0.05,Completed
4742,866,7,79,05/27/2024,Gift Card,5%,Completed
4743,1086,13,37,22/04/2024,credit card,0.0,Completed
4744,939,77,9,2025-02-24,PayPal,0.05,Completed
4745,634,11,82,2023-06-02,PayPal,0.0,Completed
4746,1110,13,28,03 Jun 2024,Store Credit,0.0,Completed
4747,970,13,6,23/04/2025,,0.0,Returned
4748,262,7,8,07-12-2025,Cash,0.0,Returned
4749,117,11,55,"January 04, 2023",PayPal,0.0,Completed
4750,276,9,22,07-01-2024,Debit Card,0.25,Completed
4751,155,2,55,06 Feb 2025,Debit  Card,0.2,Completed
4752,505,13,20,2026/03/10,Store Credit,0.0,Completed
4753,449,4,64,11-11-2025,credit card,0.0,Completed
4754,425,9,69,24-07-2025,CASH,0.0,Completed
4755,886,9,79,21 Feb 2024,Debit Card,5%,Completed
4756,833,9,5,11/02/2024,credit card,0.0,Completed
4757,191,6,36,12/05/2024,Cash,0.0,Completed
4758,26,7,19,09-07-2026,Debit  Card,0.05,Completed
4759,1022,3,40,"July 21, 2026",Store Credit,0.0,Completed
4760,138,2,80,11/21/2023,Gift Card,0.0,Completed
4761,430,10,73,2026-04-19,PayPal,0.1,Completed
4762,747,11,74,2025-07-17,PayPal,0.05,Completed
4763,746,12,79,15 Jul 2023,Debit  Card,0.0,Completed
4764,1041,5,14,17 Apr 2023,Credit Card,10%,Completed
4765,742,3,77,05/12/2024,Debit  Card,0.0,Completed
4766,667,13,59,07 Jun 2025,Gift Card,0.0,Completed
4767,824,10,10,02/07/2025,PayPal,0.0,Completed
4768,916,12,76,,credit card,0.1,Completed
4769,105,1,11,"July 29, 2023",Store Credit,0.15,Completed
4770,10,11,18,11 May 2026,credit card,0.1,Completed
4771,477,7,34,12 Aug 2025,Store Credit,0.0,Completed
4772,327,12,72,08/11/2023,Gift Card,0.05,Completed
4773,832,13,70,30-04-2024,Credit Card,0.0,Completed
4774,517,9,68,07/12/2025,Store Credit,0.1,Completed
4775,443,3,67,2024-12-24,Debit  Card,0.0,Completed
4776,345,11,62,06/12/2025,Debit  Card,0.05,Completed
4777,328,5,18,2023-12-30,CASH,0.0,Completed
4778,679,9,2,06/22/2026,Cash,0.1,Completed
4779,98,6,79,28 Aug 2025,Debit  Card,15%,Completed
4780,74,8,83,2025/05/11,PayPal,0.05,Completed
4781,1048,11,74,2024-11-28,Debit  Card,0.0,PENDING
4782,73,9,24,"January 17, 2023",PayPal,0.0,Completed
4783,1165,12,62,26 May 2024,Gift Card,0.0,Completed
4784,1112,4,46,"July 25, 2023",Credit Card,0.05,Completed
4785,1076,2,27,06/29/2025,Cash,0.05,Completed
4786,835,13,999,29/04/2023,credit card,0.0,Completed
4787,511,4,46,22 Mar 2026,Debit Card,0.0,Completed
4788,915,1,52,04/01/2024,Debit  Card,0.2,Completed
4789,1091,77,40,2024-07-24,Debit  Card,0.25,Completed
4790,287,4,56,22-02-2025,CASH,0.05,Completed
4791,501,3,3,05/02/2026,Cash,0.0,Completed
4792,1201,77,12,2025/07/31,CASH,0.1,Completed
4793,1209,5,16,23 Mar 2024,Debit Card,0.1,Returned
4794,654,11,14,"June 28, 2024",Credit Card,0.0,Completed
4795,436,2,42,2023/09/19,none,0.05,Completed
4796,636,10,20,01-05-2026,Gift Card,0.0,Completed
4797,972,13,29,28-02-2025,Debit  Card,0.0,Completed
4798,1065,1,14,03-09-2024,CASH,0.0,Completed
4799,709,5,1,,credit card,10%,Completed
4800,658,5,81,27-01-2023,Debit Card,0.0,Completed
4801,373,11,73,03/30/2026,PayPal,0.0,Completed
4802,220,9,39,03/20/2026,Debit  Card,0.0,Completed
4803,910,7,86,2025/09/21,PayPal,0.05,Returned
4804,204,11,67,2026/01/01,CASH,0.1,Completed
4805,749,4,45,09/28/2024,PayPal,5%,Returned
4806,110,9,33,2024-10-21,credit card,5%,Completed
4807,610,13,59,13 Jun 2026,Store Credit,0.0,Completed
4808,596,11,31,29-12-2024,Store Credit,0.0,Completed
4809,824,12,5,2026-07-19,Debit  Card,15%,Completed
4810,689,13,19,25/02/2023,CASH,0.0,Completed
4811,1026,2,66,2023-08-08,CASH,5%,Completed
4812,883,9,35,07/01/2026,Gift Card,0.0,Completed
4813,1201,2,31,2025/07/22,CASH,0.0,Completed
4814,297,9,64,21 Feb 2025,PayPal,10%,Completed
4815,951,7,24,03/13/2025,CASH,0.1,Completed
4816,1218,5,53,2024-12-06,CASH,0.0,Completed
4817,1063,2,34,2025/08/01,Cash,15%,Completed
4818,456,7,26,2025/06/23,Debit Card,10%,Completed
4819,1046,1,10,01 Mar 2026,Credit Card,0.0,Completed
4820,501,9,55,04-01-2024,Gift Card,0.0,Completed
4821,937,1,32,18/10/2023,PayPal,0.15,Completed
4822,609,4,70,30 Apr 2023,Credit Card,0.0,Completed
4823,1128,11,25,2025-06-07,Cash,0.0,completed
4824,1004,2,45,"April 03, 2026",Store Credit,0.0,Completed
4825,1000,1,31,"November 24, 2025",Cash,0.0,Completed
4826,400,8,35,09 May 2024,Gift Card,0.0,Completed
4827,1098,2,74,06 May 2023,PayPal,0.2,Returned
4828,1001,8,48,12/01/2024,Debit Card,0.05,Completed
4829,107,2,76,"December 23, 2024",credit card,0.0,Completed
4830,785,4,32,2025-01-01,Gift Card,0.0,Completed
4831,63,9,59,23 Mar 2024,Cash,0.15,Completed
4832,900,7,9,2025-11-10,CASH,0.0,Completed
4833,493,13,90,11/11/2023,Debit  Card,10%,Completed
4834,897,6,26,2025/05/08,Debit Card,0.1,Completed
4835,1061,3,79,26 May 2023,Debit Card,0.0,Completed
4836,781,9,53,2025-05-06,Cash,25%,Completed
4837,708,6,68,12-02-2023,Credit Card,20%,Completed
4838,1132,2,70,21 Jul 2026,Credit Card,0.05,Completed
4839,729,7,88,11/08/2025,Cash,0.25,Completed
4840,83,9,35,2025-05-27,CASH,0.1,Completed
4841,480,8,68,"July 27, 2023",-,0.0,Completed
4842,1023,11,68,2023-01-24,CASH,0.0,Completed
4843,226,7,43,22 Oct 2023,Debit  Card,0.0,Completed
4844,677,8,86,27/03/2026,Cash,0.0,Completed
4845,382,1,7,2025/06/03,,5%,Completed
4846,924,9,75,09/13/2024,PayPal,0.0,Completed
4847,709,11,34,"May 27, 2026",Debit Card,15%,Completed
4848,172,3,87,"April 19, 2024",Gift Card,0.0,Completed
4849,819,11,10,30/12/2023,Credit Card,0.0,Completed
4850,991,11,34,2024-09-18,Store Credit,0.0,Completed
4851,912,11,72,30/06/2025,CASH,0.0,Completed
4852,423,4,38,2025/10/27,Debit  Card,5%,Completed
4853,81,13,9,2026-01-31,Gift Card,0.05,completed
4854,172,4,51,04/06/2025,Credit Card,0.0,Completed
4855,767,2,15,04 Jun 2025,Debit  Card,0.0,Completed
4856,590,77,46,29/06/2023,Debit Card,0.05,Completed
4857,27,4,35,15 Apr 2025,Credit Card,5%,Completed
4858,383,3,52,14/09/2023,Debit Card,0.15,Completed
4859,267,3,78,02/08/2024,credit card,0.0,Completed
4860,8,13,24,24-03-2023,Credit Card,0.05,Completed
4861,846,6,54,24-05-2024,CASH,0.0,Completed
4862,1074,11,12,2023-04-06,Gift Card,0.1,Completed
4863,1149,5,39,16-03-2025,Gift Card,0.0,Completed
4864,498,77,30,18-03-2024,Debit Card,0.1,Completed
4865,389,1,17,15 Nov 2023,Store Credit,0.05,Completed
4866,348,1,58,12/22/2023,credit card,0.0,Completed
4867,172,9,56,2026/02/17,Cash,0.0,Completed
4868,577,5,30,26-09-2024,CASH,0.0,Completed
4869,484,1,5,20 May 2024,Gift Card,0.1,Completed
4870,667,3,59,16/06/2024,PayPal,0.05,Completed
4871,1185,2,36,12-02-2026,CASH,0.0,Completed
4872,634,4,9,"August 23, 2023",Store Credit,10%,Completed
4873,332,10,48,02/03/2024,Cash,0.0,Completed
4874,384,9,37,17 Sep 2025,Store Credit,0.0,Completed
4875,1028,1,24,05/05/2024,N/A,0.05,Completed
4876,828,5,71,04 Jan 2023,credit card,0.15,Completed
4877,536,9,62,2023-10-30,Store Credit,10%,Completed
4878,752,12,6,"January 18, 2023",Store Credit,0.1,Completed
4879,743,10,34,"September 04, 2025",Store Credit,0.0,Returned
4880,1131,2,30,07/04/2023,Debit Card,0.0,Completed
4881,887,13,24,28-11-2024,Debit  Card,20%,Completed
4882,470,6,85,22/01/2023,PayPal,0.0,Completed
4883,933,10,88,"May 03, 2024",PayPal,0.0,Returned
4884,774,2,58,2025/11/26,Store Credit,0.0,Completed
4885,6,7,90,2026/03/29,Debit Card,0.0,Completed
4886,1039,8,82,08 Jan 2023,Cash,0.0,Completed
4887,607,9,7,29-03-2026,Store Credit,15%,Completed
4888,1045,1,8,2024-11-05,PayPal,0.1,Completed
4889,637,7,88,2023-03-05,Debit Card,20%,Completed
4890,296,10,53,2026-04-26,Gift Card,25%,Completed
4891,246,8,999,03/09/2023,Cash,0.0,Completed
4892,1060,77,19,05/11/2023,credit card,0.0,Completed
4893,760,10,38,"June 01, 2024",Debit  Card,0.05,Completed
4894,716,6,76,2023-11-08,Store Credit,0.1,Completed
4895,269,5,999,2025-12-18,CASH,5%,Completed
4896,1101,77,59,29 Apr 2024,Debit  Card,0.0,Completed
4897,790,12,67,2023/06/18,Gift Card,0.0,Completed
4898,803,3,6,2024/11/23,Store Credit,0.05,Completed
4899,60,8,40,2025/04/16,CASH,0.05,Completed
4900,183,11,32,2025/04/24,Cash,15%,Completed
4901,150,5,85,13-07-2024,Store Credit,5%,Completed
4902,523,13,44,12/28/2025,PayPal,0.1,Returned
4903,708,1,8,"March 25, 2025",Debit Card,0.05,Completed
4904,123,4,33,06 Feb 2025,Debit Card,5%,Completed
4905,579,10,37,01/15/2023,Debit  Card,0.0,Completed
4906,988,11,84,10-10-2023,Debit Card,0.0,PENDING
4907,219,8,83,02/27/2023,Debit Card,0.0,Completed
4908,942,11,59,04 Jun 2023,Cash,0.05,Completed
4909,122,1,47,2023-08-04,Credit Card,0.0,Completed
4910,248,8,22,2025-11-17,Debit Card,0.1,Completed
4911,1178,5,26,06 Nov 2023,Debit  Card,25%,completed
4912,854,12,24,07 Feb 2023,Cash,0.0,Completed
4913,1138,9,52,21-04-2024,Credit Card,0.0,Completed
4914,1178,7,1,"January 31, 2023",credit card,0.1,PENDING
4915,1000,77,40,"December 09, 2023",Debit  Card,0.05,Completed
4916,151,77,89,26 Jul 2023,PayPal,0.0,Completed
4917,499,2,12,2023-09-19,CASH,0.05,Completed
4918,635,8,68,2026/05/15,Credit Card,10%,Completed
4919,184,1,31,"September 14, 2025",Cash,0.0,Cancelled
4920,686,12,1,11 Jan 2025,CASH,0.0,Completed
4921,1224,4,4,27 Jun 2025,Cash,10%,Completed
4922,1200,12,20,"April 23, 2024",CASH,0.0,completed
4923,576,1,72,23-01-2026,PayPal,0.05,Cancelled
4924,499,13,68,2025/01/19,Debit Card,0.2,Completed
4925,720,6,19,11 Dec 2025,Credit Card,0.0,Completed
4926,206,8,62,18 Jun 2026,Gift Card,0.05,Completed
4927,109,1,51,2023/02/24,none,0.0,Completed
4928,10,11,34,2025/03/24,CASH,0.05,Completed
4929,495,77,29,11/27/2024,,0.05,Completed
4930,1077,10,18,2023-02-26,Store Credit,0.0,Completed
4931,396,10,67,31-01-2026,CASH,10%,Completed
4932,864,11,15,08/27/2024,Store Credit,0.0,Returned
4933,303,11,27,11-04-2026,Gift Card,0.05,Completed
4934,1018,3,60,2026/05/21,,5%,Returned
4935,1097,8,20,04 May 2026,Debit  Card,0.0,Completed
4936,953,9,65,,PayPal,0.0,Completed
4937,1017,3,1,12/03/2023,credit card,15%,Completed
4938,770,6,57,23 Dec 2023,Gift Card,0.0,Completed
4939,38,7,9,02-04-2025,NaN,0.05,Completed
4940,612,11,8,2026-05-27,credit card,0.0,Completed
4941,13,1,47,27-02-2023,Store Credit,5%,Completed
4942,601,13,24,2024-01-09,Debit  Card,0.0,Completed
4943,925,7,4,12/27/2024,credit card,0.0,Completed
4944,241,12,50,2025/02/28,credit card,0.05,Completed
4945,834,13,76,23 Jun 2025,Debit Card,0.0,Returned
4946,44,5,88,04/23/2026,credit card,5%,Completed
4947,1044,2,11,10/21/2023,PayPal,0.1,Completed
4948,742,8,999,29-04-2023,credit card,0.0,Completed
4949,320,9,52,2024/12/28,Gift Card,10%,Completed
4950,1027,3,14,"April 02, 2025",credit card,0.25,Completed
4951,82,12,59,06/07/2023,credit card,0.0,Completed
4952,624,5,11,16 Dec 2024,Gift Card,0.1,Completed
4953,695,10,42,23 May 2024,credit card,0.05,Completed
4954,451,10,63,"April 01, 2025",credit card,0.0,Completed
4955,806,3,48,21 Nov 2024,Gift Card,0.1,Completed
4956,1171,77,47,05 Jan 2024,Cash,0.2,Completed
4957,30,8,8,30 Dec 2025,Store Credit,0.0,Completed
4958,397,7,29,2024/01/05,Debit Card,15%,Completed
4959,412,8,37,"March 06, 2024",PayPal,0.1,Completed
4960,1188,77,3,03-07-2026,PayPal,0.0,Completed
4961,344,6,42,24 Jul 2023,Debit  Card,0.15,Completed
4962,434,1,23,08/08/2023,Gift Card,0.0,Completed
4963,87,77,47,02 Nov 2025,Credit Card,5%,Completed
4964,570,13,88,29 Apr 2024,CASH,0.0,Completed
4965,469,4,64,10-06-2023,-,0.0,Completed
4966,143,77,37,"March 15, 2025",Gift Card,0.0,Completed
4967,46,13,51,10-03-2023,Credit Card,20%,Completed
4968,897,8,78,2025-07-01,PayPal,0.15,Completed
4969,24,77,52,2024-05-10,Cash,0.0,Completed
4970,683,10,10,"November 03, 2023",Credit Card,0.0,Returned
4971,408,77,73,2025/11/25,PayPal,10%,Completed
4972,951,12,81,14/05/2023,CASH,0.0,Completed
4973,422,10,72,2024/07/02,credit card,0.0,Completed
4974,286,77,11,2023-07-02,Cash,0.05,Completed
4975,597,11,33,07/12/2024,Cash,0.0,Completed
4976,536,1,70,02/09/2023,Cash,0.05,Completed
4977,285,11,59,"January 14, 2023",Cash,5%,Completed
4978,779,6,36,08/08/2024,Debit Card,0.0,Completed
4979,269,12,64,15/04/2025,Credit Card,0.05,Completed
4980,1219,4,25,2025-09-15,Debit Card,0.05,Completed
4981,1121,3,19,"March 22, 2026",PayPal,0.0,Completed
4982,229,4,33,13/06/2024,credit card,0.05,Completed
4983,458,3,49,06/21/2023,Cash,0.0,Completed
4984,16,13,41,06 Apr 2024,credit card,10%,Completed
4985,1155,13,81,21-07-2026,Debit Card,5%,Completed
4986,835,5,83,,Credit Card,0.05,Completed
4987,358,2,46,04/21/2024,Cash,0.0,Returned
4988,1197,6,63,2023-04-03,Credit Card,0.0,Completed
4989,1177,1,56,2026/05/31,Debit Card,0.0,Completed
4990,1028,9,50,2025/06/07,Cash,0.1,Completed
4991,910,77,8,30 Mar 2023,Store Credit,0.1,Completed
4992,852,2,71,2023-10-28,credit card,0.0,Returned
4993,946,77,41,05-08-2025,Debit Card,0.0,Completed
4994,617,13,46,26-05-2026,PayPal,15%,PENDING
4995,1049,10,13,"July 06, 2024",Store Credit,0.1,Completed
4996,743,11,86,2025/11/21,-,0.0,Completed
4997,325,2,21,17/02/2024,Gift Card,0.0,Completed
4998,218,5,42,12 Mar 2023,Cash,0.0,Completed
4999,70,5,13,11/18/2024,Store Credit,0.0,Completed
5000,991,2,89,,Credit Card,0.05,Completed
5001,552,10,7,2024-05-02,Gift Card,5%,Completed
5002,73,13,46,2023/08/22,Debit  Card,5%,Completed
5003,846,8,53,30/01/2024,credit card,0.05,Completed
5004,54,13,13,09/30/2023,Credit Card,0.1,Completed
5005,1073,8,75,2025/02/09,N/A,10%,Completed
5006,1010,6,48,"February 06, 2024",Store Credit,0.0,Returned
5007,384,10,75,01/10/2025,Store Credit,0.0,Completed
5008,140,13,73,2023-03-15,Store Credit,0.25,Completed
5009,237,8,76,2024/05/04,Store Credit,0.0,Completed
5010,252,3,11,11-12-2023,PayPal,0.1,Completed
5011,774,6,58,30/08/2025,credit card,0.0,Completed
5012,1082,3,38,"October 07, 2023",Cash,20%,Completed
5013,195,3,79,06-06-2025,credit card,5%,Completed
5014,341,7,34,22-02-2024,Cash,0.0,Completed
5015,884,12,48,10-05-2026,credit card,0.0,Completed
5016,433,2,82,04/12/2026,CASH,0.0,Completed
5017,1202,5,58,01/31/2025,Gift Card,0.0,Returned
5018,69,10,45,21 Feb 2024,Cash,0.0,Completed
5019,299,3,57,"August 23, 2024",PayPal,0.1,Completed
5020,173,2,70,01/17/2025,Debit Card,0.1,Completed
5021,1039,4,12,17/08/2025,credit card,0.2,Completed
5022,59,10,57,2025-09-16,PayPal,0.15,Completed
5023,469,7,19,"May 01, 2026",Cash,0.05,Completed
5024,981,12,71,11/04/2025,PayPal,15%,Returned
5025,519,11,50,2024-11-24,Debit  Card,5%,Completed
5026,722,11,70,21/07/2024,PayPal,10%,Completed
5027,109,4,80,"August 28, 2025",Cash,15%,Completed
5028,208,8,5,"January 27, 2024",Debit  Card,0.0,Completed
5029,101,6,18,07/26/2025,Credit Card,0.0,Completed
5030,990,13,8,2025-01-27,CASH,0.05,Completed
5031,134,1,58,14/07/2024,CASH,0.0,Completed
5032,525,2,88,21-05-2024,Store Credit,0.0,Completed
5033,1073,9,84,2023/06/10,Debit Card,0.0,Completed
5034,559,12,79,03-11-2023,Gift Card,0.1,Completed
5035,600,6,14,23/02/2026,CASH,0.0,Completed
5036,487,2,44,2025/07/20,Debit  Card,0.0,PENDING
5037,374,2,11,"October 07, 2024",CASH,0.0,Completed
5038,801,4,39,29/03/2025,Debit  Card,0.0,Completed
5039,592,6,84,"December 31, 2024",Debit Card,0.25,Completed
5040,620,3,39,31 May 2024,Store Credit,0.0,Completed
5041,34,6,18,31/05/2026,Debit Card,0.0,Returned
5042,826,2,65,2024/05/03,Store Credit,0.0,Returned
5043,1028,8,34,03-09-2024,Debit  Card,0.0,Completed
5044,770,3,61,2025/10/04,Debit Card,0.0,Completed
5045,195,2,83,"June 20, 2026",credit card,0.05,Completed
5046,962,13,37,,Gift Card,0.25,Completed
5047,328,4,41,"June 24, 2025",CASH,0.15,Completed
5048,1057,5,51,11/01/2026,Store Credit,0.0,Completed
5049,663,7,14,2025-11-11,PayPal,0.0,Completed
5050,239,77,82,26-04-2023,Store Credit,0.0,Completed
5051,1214,10,27,2023-12-13,Debit  Card,0.0,Completed
5052,738,4,65,21 Jan 2026,-,0.1,Completed
5053,927,8,19,2025-11-17,Debit Card,0.0,Completed
5054,151,5,1,11 May 2023,CASH,0.25,Completed
5055,1019,10,70,"August 31, 2023",Store Credit,0.0,Completed
5056,305,5,47,02/03/2023,Credit Card,0.0,Cancelled
5057,228,12,67,2024/04/14,credit card,0.0,Completed
5058,653,3,11,2024-09-29,credit card,0.1,Completed
5059,866,4,25,11/10/2023,Store Credit,0.0,Completed
5060,861,10,6,"January 14, 2026",Credit Card,0.0,Completed
5061,469,4,60,07/07/2023,Gift Card,0.0,Completed
5062,1071,13,89,10-07-2025,Gift Card,0.0,Completed
5063,1165,7,999,30-06-2025,Debit Card,5%,Completed
5064,1194,3,51,05 Oct 2023,none,0.0,Completed
5065,120,9,85,09-06-2025,PayPal,0.0,Completed
5066,1000,10,59,02/10/2023,CASH,10%,Completed
5067,553,5,77,"July 26, 2026",Gift Card,5%,Completed
5068,1032,7,73,06/12/2024,Debit Card,0.0,Completed
5069,908,7,36,05/12/2023,credit card,0.0,Completed
5070,1159,7,18,31 Aug 2023,Gift Card,0.05,Returned
5071,251,77,20,01/01/2025,none,5%,Completed
5072,804,77,79,06/24/2023,Cash,0.1,Completed
5073,387,10,34,11/10/2023,Debit  Card,0.0,Returned
5074,181,7,28,2023-08-02,Debit  Card,5%,Completed
5075,693,2,23,30 May 2024,credit card,0.1,Completed
5076,887,11,7,2025-11-15,N/A,0.05,Completed
5077,353,1,51,"June 12, 2026",CASH,0.0,Completed
5078,1122,10,34,2024-05-05,CASH,0.05,Completed
5079,371,4,66,01/26/2026,PayPal,0.0,Completed
5080,924,10,54,,Debit Card,0.1,Completed
5081,7,2,63,"December 04, 2023",credit card,0.0,Completed
5082,133,3,34,,Credit Card,0.05,Completed
5083,616,4,58,"April 13, 2026",credit card,0.05,Completed
5084,460,7,7,03/22/2025,,0.15,Completed
5085,75,1,45,07/14/2025,Debit  Card,0.0,Completed
5086,350,4,29,10/20/2023,CASH,0.1,Completed
5087,1128,2,85,2024-11-29,PayPal,0.0,Completed
5088,505,4,45,17-03-2024,NULL,0.1,Completed
5089,345,5,64,03/07/2023,Debit Card,0.0,Completed
5090,718,6,10,2023/06/28,Debit  Card,0.0,Completed
5091,1111,12,3,2025-06-14,Debit  Card,0.05,Completed
5092,966,10,84,29/01/2023,Gift Card,0.1,Completed
5093,1219,10,85,2023-05-03,Gift Card,0.0,Completed
5094,127,5,70,17-06-2025,CASH,20%,Completed
5095,1094,77,76,"January 01, 2023",CASH,10%,Cancelled
5096,592,10,18,06 Jul 2024,Debit Card,0.0,Completed
5097,999,12,15,09/04/2023,Store Credit,0.0,Completed
5098,216,77,1,20 Sep 2025,Cash,0.0,Completed
5099,548,1,30,2023/08/17,CASH,0.25,Completed
5100,1139,1,56,"December 30, 2023",Cash,5%,Completed
5101,302,2,78,30/06/2023,Debit Card,0.15,Completed
5102,589,2,68,08/06/2026,CASH,0.0,Cancelled
5103,162,6,3,07 Oct 2024,credit card,5%,Completed
5104,152,11,30,04/03/2023,Gift Card,0.0,Completed
5105,476,10,18,02/10/2025,Gift Card,0.15,Completed
5106,823,4,36,14 Jul 2023,CASH,0.15,Completed
5107,911,2,77,04-03-2025,Debit Card,10%,Completed
5108,906,77,26,09-11-2025,Credit Card,0.0,Completed
5109,83,1,89,2024/09/22,-,0.0,Completed
5110,782,11,59,05/12/2025,Debit  Card,0.0,Completed
5111,450,3,74,29-01-2026,credit card,0.0,Completed
5112,534,10,26,"March 04, 2024",Credit Card,0.0,Completed
5113,521,1,31,"December 17, 2023",Gift Card,0.0,Completed
5114,557,5,48,22 Mar 2024,Credit Card,0.0,Completed
5115,1126,1,37,16/03/2026,PayPal,10%,Completed
5116,137,6,60,03/17/2023,NULL,0.0,Completed
5117,416,13,36,23-04-2026,PayPal,0.05,Completed
5118,85,8,40,2024/02/27,Store Credit,0.1,Completed
5119,402,12,63,2025-01-11,Credit Card,0.2,Completed
5120,674,7,68,"March 06, 2025",Credit Card,0.25,Cancelled
5121,886,77,33,04/01/2023,Debit Card,0.15,Completed
5122,825,10,53,2024/12/20,Store Credit,0.1,Completed
5123,930,77,75,16-10-2023,CASH,0.0,Completed
5124,740,8,17,2023-02-08,credit card,0.0,Cancelled
5125,825,1,47,2025-07-24,credit card,0.05,Completed
5126,49,1,10,2024-05-28,Debit Card,10%,Completed
5127,482,8,87,2024-01-07,Credit Card,0.05,Completed
5128,457,3,67,"November 17, 2023",CASH,0.0,Completed
5129,481,13,20,2025-05-28,Cash,0.05,Completed
5130,739,8,30,2023/08/29,Debit Card,0.0,Completed
5131,929,6,37,"September 16, 2025",Store Credit,0.0,Completed
5132,124,10,74,07/19/2026,PayPal,10%,Completed
5133,78,12,54,03/08/2025,Debit  Card,0.0,Completed
5134,983,4,3,2023/07/16,PayPal,0.0,Completed
5135,906,2,35,2023/06/17,Credit Card,0.0,Completed
5136,907,1,15,2024-08-09,Gift Card,0.05,Completed
5137,592,11,62,"September 01, 2024",Cash,10%,Completed
5138,915,11,55,23-09-2023,Cash,0.1,Completed
5139,199,9,52,04/09/2023,Cash,0.2,Completed
5140,173,8,53,"March 03, 2026",Credit Card,10%,Completed
5141,17,11,29,10/22/2024,credit card,15%,Completed
5142,739,4,77,2026/06/06,credit card,0.0,Completed
5143,856,12,38,05/31/2026,credit card,10%,Completed
5144,850,8,7,2024-06-08,CASH,0.0,Completed
5145,205,12,11,,Debit Card,0.1,PENDING
5146,327,4,46,2024/09/15,PayPal,10%,Completed
5147,687,7,5,2026-04-22,Debit Card,10%,Completed
5148,1041,3,33,08/01/2024,Gift Card,0.0,Completed
5149,294,5,89,28/09/2023,Credit Card,0.2,Completed
5150,112,13,59,16-04-2024,Cash,0.05,Completed
5151,942,2,81,2023-11-07,CASH,0.15,Completed
5152,410,12,44,2025/11/06,Cash,0.05,Completed
5153,412,11,20,2024/03/13,credit card,0.0,Completed
5154,564,11,78,02/13/2024,Store Credit,0.0,Completed
5155,854,5,68,25/03/2025,Debit  Card,15%,Completed
5156,379,5,52,"November 04, 2025",Debit Card,0.1,Returned
5157,888,4,68,2023-06-26,Cash,0.05,Completed
5158,1168,12,79,11/01/2024,CASH,0.0,Returned
5159,346,12,37,08/07/2025,Store Credit,5%,Completed
5160,393,3,44,19 Feb 2023,Cash,0.0,Completed
5161,899,3,78,"September 09, 2024",Credit Card,0.0,Completed
5162,345,3,76,2025-07-13,Cash,0.0,Completed
5163,123,5,86,2025-08-07,Debit  Card,0.0,Completed
5164,1000,2,26,06/22/2023,Store Credit,0.15,Completed
5165,954,77,4,"October 09, 2024",CASH,0.0,Completed
5166,1011,12,68,25-01-2023,-,0.0,Completed
5167,305,3,50,25-04-2025,PayPal,5%,Completed
5168,965,13,2,"July 20, 2024",Store Credit,0.05,Returned
5169,134,13,53,16 Oct 2025,Gift Card,0.15,Completed
5170,18,12,67,,Debit  Card,10%,Completed
5171,498,5,11,08/06/2023,credit card,0.0,Completed
5172,1024,5,40,08/14/2024,Gift Card,20%,Completed
5173,42,77,27,2023-06-29,CASH,5%,Completed
5174,78,7,34,12 Jan 2025,credit card,0.2,Completed
5175,1192,9,55,2023/01/04,Credit Card,0.0,Cancelled
5176,18,10,58,23/04/2026,Gift Card,0.0,Completed
5177,971,4,14,12/19/2025,Debit  Card,0.05,Completed
5178,720,10,86,19 Jan 2023,credit card,0.05,Completed
5179,500,77,25,2023/02/22,Gift Card,0.15,Completed
5180,671,77,3,11 Jul 2025,PayPal,0.0,Completed
5181,42,3,42,09/07/2023,Debit  Card,0.15,Completed
5182,807,7,33,25/10/2024,Debit  Card,0.1,Completed
5183,772,9,77,2026/07/05,credit card,0.0,Completed
5184,109,12,13,07/04/2025,Gift Card,0.0,Completed
5185,1018,1,90,01-11-2025,CASH,0.05,Completed
5186,559,11,12,"May 16, 2026",CASH,10%,Completed
5187,44,10,40,02/26/2026,credit card,0.0,Completed
5188,70,2,82,2025-11-04,N/A,0.0,Completed
5189,350,11,70,2026/05/19,Credit Card,0.0,Completed
5190,71,11,51,"August 09, 2025",Debit  Card,0.1,Completed
5191,598,12,35,01/04/2024,PayPal,0.0,Completed
5192,648,9,33,07-08-2024,Credit Card,0.0,Completed
5193,45,1,18,16/02/2024,Debit  Card,0.0,Completed
5194,249,10,23,09/25/2024,Debit  Card,0.0,Completed
5195,740,11,57,2025/02/03,Gift Card,5%,Cancelled
5196,911,2,12,05/17/2023,Debit Card,0.0,Completed
5197,1145,7,22,22/04/2026,Gift Card,0.15,Completed
5198,957,6,78,07/04/2026,Debit  Card,0.1,Completed
5199,160,13,42,01/07/2025,Cash,5%,Completed
5200,1172,5,61,14-01-2025,Credit Card,0.05,Completed
5201,708,4,79,09/24/2024,CASH,0.0,Completed
5202,371,11,70,2025/01/19,Debit Card,0.0,Completed
5203,545,8,40,12/07/2024,Debit  Card,0.0,Completed
5204,839,1,42,29/12/2023,Store Credit,0.0,Completed
5205,272,4,62,07/25/2026,credit card,10%,Completed
5206,1063,6,56,27 Oct 2025,Credit Card,0.0,Completed
5207,168,8,89,03/12/2023,Store Credit,0.0,Completed
5208,569,9,73,07-04-2026,Cash,5%,Completed
5209,36,9,2,"October 22, 2024",Gift Card,0.0,Completed
5210,218,1,7,2023/02/14,Debit  Card,0.0,Completed
5211,544,13,47,23/08/2025,Gift Card,0.0,Completed
5212,983,5,85,2026-03-05,Gift Card,0.0,Completed
5213,607,4,68,"November 28, 2025",Debit  Card,0.0,Completed
5214,387,8,39,2023-01-19,Credit Card,0.0,Cancelled
5215,868,11,57,2024-01-04,Store Credit,0.0,Completed
5216,528,3,4,"July 05, 2025",Debit  Card,0.0,Completed
5217,64,77,21,13 May 2025,CASH,10%,Completed
5218,318,1,41,2023-07-06,N/A,0.0,Completed
5219,955,13,15,28-06-2024,PayPal,0.0,Completed
5220,1224,1,85,12-02-2026,Credit Card,0.15,Completed
5221,159,4,65,2024-01-23,PayPal,0.25,Completed
5222,945,7,48,"June 16, 2023",credit card,0.05,Completed
5223,939,7,23,2025/08/30,PayPal,0.0,Completed
5224,993,4,59,"June 26, 2026",Debit  Card,0.0,Completed
5225,532,4,18,02/12/2023,Debit Card,10%,Completed
5226,743,2,38,2024-05-12,Cash,0.0,Completed
5227,1168,1,79,20/06/2023,Gift Card,0.0,Completed
5228,81,1,86,24/07/2023,Gift Card,15%,Completed
5229,1141,4,40,2024/12/16,Credit Card,0.0,Completed
5230,135,9,60,07/07/2025,PayPal,0.0,Completed
5231,1117,77,81,23-02-2026,PayPal,5%,Completed
5232,1208,5,81,17 Nov 2025,Debit  Card,10%,Completed
5233,1005,8,76,,Debit Card,0.25,Completed
5234,1041,3,26,2026-02-05,Cash,0.0,Completed
5235,787,11,66,05/17/2023,Gift Card,10%,Completed
5236,1224,77,37,14-03-2025,CASH,0.0,Completed
5237,1113,3,32,2025-01-03,Store Credit,0.0,Completed
5238,527,5,40,"March 18, 2024",Store Credit,10%,Completed
5239,584,8,13,2023-11-25,Cash,0.1,Completed
5240,177,1,70,06-01-2023,Credit Card,0.1,Returned
5241,106,3,26,06-04-2023,Credit Card,0.0,Completed
5242,517,77,19,06/12/2025,credit card,0.0,Completed
5243,392,8,13,24 Jul 2024,Debit  Card,0.05,Completed
5244,315,10,14,01/07/2025,Debit  Card,0.0,Completed
5245,1039,13,42,2026/04/14,Debit Card,0.05,Completed
5246,306,2,60,02/08/2023,Credit Card,0.0,Completed
5247,1089,77,31,04/02/2026,CASH,0.0,Completed
5248,812,2,43,2025-12-01,N/A,5%,completed
5249,27,11,64,2026-06-22,none,0.05,Completed
5250,42,4,39,07/06/2025,CASH,0.2,Completed
5251,615,11,53,01-02-2024,Credit Card,10%,Completed
5252,892,3,12,2024/10/11,Store Credit,0.05,Completed
5253,654,10,30,"August 14, 2023",Debit  Card,0.0,Completed
5254,1203,3,47,06-03-2026,PayPal,0.0,Completed
5255,394,5,23,11/04/2025,Debit  Card,0.05,Completed
5256,218,13,7,,Debit Card,0.0,Completed
5257,272,7,10,2025/07/22,credit card,0.0,Completed
5258,11,4,76,2025-09-01,Gift Card,15%,Completed
5259,431,13,74,06/27/2025,Debit Card,0.0,Completed
5260,1194,9,13,25 Mar 2023,Cash,0.0,Completed
5261,909,11,67,31 Oct 2024,Debit  Card,5%,completed
5262,122,7,31,16-10-2024,Store Credit,5%,Completed
5263,382,10,64,2023/07/04,Store Credit,0.0,Completed
5264,1104,5,28,2026-06-13,Debit Card,0.0,Completed
5265,375,9,68,25-09-2023,PayPal,10%,Completed
5266,656,5,32,2024/11/17,credit card,0.0,Completed
5267,394,3,90,12/13/2024,Debit Card,0.0,Completed
5268,225,77,4,"September 22, 2024",Store Credit,0.0,Completed
5269,553,12,7,2024/03/06,Debit  Card,0.1,Returned
5270,439,7,75,14/12/2024,Gift Card,0.0,Completed
5271,448,5,81,"January 11, 2026",PayPal,0.0,Completed
5272,13,10,39,29/03/2023,Gift Card,0.0,Completed
5273,79,2,67,11/12/2024,NULL,0.0,Completed
5274,1213,7,13,"May 16, 2024",Debit Card,0.0,Completed
5275,467,13,50,"April 11, 2023",Debit  Card,0.0,Returned
5276,270,4,60,"August 12, 2025",Credit Card,0.05,Returned
5277,944,6,45,,Gift Card,0.0,Completed
5278,641,11,3,30 Nov 2023,Credit Card,0.0,Completed
5279,333,13,35,18-04-2025,Store Credit,5%,Returned
5280,285,2,22,2024-06-07,Credit Card,0.15,Completed
5281,1,12,78,02/09/2024,credit card,5%,Completed
5282,464,6,51,2026-07-02,Store Credit,0.1,Completed
5283,718,3,83,21/02/2025,Store Credit,0.15,Completed
5284,991,12,40,23-06-2026,credit card,0.0,Completed
5285,541,11,78,06/17/2026,Cash,0.05,Completed
5286,810,10,37,25/05/2024,Credit Card,0.0,Completed
5287,259,10,45,09 Sep 2025,credit card,0.0,Completed
5288,888,8,68,28-02-2024,credit card,25%,Completed
5289,707,11,75,2024-07-13,Store Credit,0.05,Completed
5290,500,77,18,08/02/2024,NaN,0.05,Returned
5291,723,2,15,2023/12/18,Cash,0.0,Completed
5292,1086,6,23,08/10/2025,Credit Card,15%,Completed
5293,1170,12,25,19/05/2024,PayPal,0.0,Cancelled
5294,424,11,68,27 Feb 2026,Store Credit,0.0,Completed
5295,900,12,53,07 Dec 2024,-,10%,Completed
5296,1023,12,40,06/21/2026,CASH,0.0,Completed
5297,87,12,86,2026-01-22,Store Credit,0.2,Completed
5298,1139,3,41,"January 24, 2026",CASH,0.05,Completed
5299,930,8,38,03-08-2024,CASH,0.1,Completed
5300,1042,2,12,"September 20, 2023",Credit Card,0.1,Completed
5301,905,4,23,15/11/2025,Debit  Card,5%,Completed
5302,1139,5,1,"March 08, 2023",CASH,5%,Completed
5303,257,8,19,,credit card,0.0,Completed
5304,894,8,19,18 Jan 2025,Debit  Card,0.05,Completed
5305,1038,1,34,"July 03, 2023",Debit Card,0.0,Completed
5306,810,8,89,20-04-2023,PayPal,0.0,Completed
5307,969,2,61,07 Jun 2024,Debit Card,0.0,PENDING
5308,281,6,63,10-01-2023,Cash,0.0,Returned
5309,1204,9,30,"June 30, 2024",credit card,0.0,Completed
5310,1181,77,31,2024/04/10,-,0.0,Completed
5311,780,13,48,"February 20, 2024",none,0.0,Completed
5312,213,8,37,2024/08/09,CASH,0.0,Completed
5313,843,7,86,23 Oct 2024,Debit  Card,0.15,Completed
5314,257,5,87,26/05/2026,Cash,0.0,Completed
5315,1155,4,36,07-03-2024,Credit Card,15%,Completed
5316,132,9,46,2025-05-18,none,5%,Returned
5317,1220,9,40,"November 13, 2024",CASH,0.0,Completed
5318,656,9,66,04-06-2024,Credit Card,0.2,Completed
5319,806,10,32,03/03/2024,Credit Card,5%,Completed
5320,469,77,85,17-09-2025,Cash,0.0,Completed
5321,794,11,8,03/05/2026,Cash,0.0,Completed
5322,860,5,83,04/04/2024,PayPal,0.0,Completed
5323,68,11,8,2026-07-17,Store Credit,0.05,Completed
5324,9,12,52,"August 13, 2023",Credit Card,0.0,Completed
5325,1143,8,1,05 Sep 2024,PayPal,0.1,Completed
5326,838,12,82,25/12/2023,PayPal,10%,Completed
5327,544,13,5,01/09/2023,credit card,0.1,Completed
5328,32,3,9,19 May 2024,none,0.2,Returned
5329,509,6,73,2024/08/05,Store Credit,0.0,Completed
5330,963,1,16,10-11-2024,PayPal,0.1,Completed
5331,868,3,15,22-11-2025,Store Credit,0.0,Completed
5332,552,8,83,2025/11/20,Gift Card,0.0,Completed
5333,1012,11,42,2026/01/21,CASH,0.0,Completed
5334,529,11,15,2024-01-15,PayPal,20%,Completed
5335,25,5,87,2023/03/17,Gift Card,0.0,Completed
5336,186,2,82,04/04/2023,Cash,0.0,Completed
5337,431,10,44,2024-05-14,CASH,0.0,Completed
5338,758,77,74,30-11-2023,Debit Card,0.0,Completed
5339,29,10,39,"May 19, 2023",credit card,0.0,Completed
5340,563,1,71,"August 17, 2023",Debit Card,0.25,Completed
5341,237,11,43,2023/12/01,CASH,0.1,Completed
5342,482,10,90,30 Jan 2024,credit card,0.05,Completed
5343,1026,4,25,31-03-2023,Cash,0.05,Completed
5344,796,4,77,30-10-2024,PayPal,0.05,Completed
5345,995,1,58,"March 09, 2025",Store Credit,0.0,Completed
5346,557,1,73,2026/05/02,credit card,0.0,Completed
5347,626,4,68,01/07/2023,Debit  Card,0.0,PENDING
5348,927,7,68,2025-11-12,Credit Card,0.15,Completed
5349,474,2,40,"December 23, 2025",Gift Card,0.0,Completed
5350,772,12,87,09/21/2023,CASH,0.0,Completed
5351,308,9,43,14 Jun 2024,Store Credit,0.1,Completed
5352,529,77,48,"November 28, 2024",CASH,0.0,Completed
5353,752,1,89,07/09/2024,PayPal,0.0,Completed
5354,1080,12,57,,NULL,0.1,Completed
5355,108,4,44,2023-11-01,Debit  Card,0.05,Completed
5356,455,3,36,20 Feb 2024,Store Credit,0.05,Completed
5357,869,13,5,"September 05, 2024",PayPal,10%,Completed
5358,735,12,70,24/02/2023,Cash,0.0,Cancelled
5359,344,77,61,"March 24, 2023",Store Credit,0.0,PENDING
5360,233,8,87,26/01/2023,CASH,0.0,Completed
5361,1035,13,35,"November 16, 2023",Gift Card,0.1,Completed
5362,275,3,4,"September 11, 2023",Credit Card,0.0,Completed
5363,935,5,28,"February 24, 2026",Gift Card,0.0,Completed
5364,1030,8,34,25-01-2024,Debit Card,20%,Completed
5365,678,1,21,07-05-2026,Credit Card,0.0,Completed
5366,584,6,8,20-07-2023,Credit Card,0.0,Completed
5367,787,13,73,04 Oct 2023,Debit Card,0.0,Completed
5368,172,6,33,2025/04/19,Debit Card,0.0,Completed
5369,66,1,19,2023-03-21,Gift Card,0.0,Completed
5370,349,4,20,01/03/2023,PayPal,0.2,Completed
5371,594,6,13,24/06/2025,Credit Card,0.15,Completed
5372,1095,7,55,12-08-2025,PayPal,0.0,Completed
5373,8,8,5,06-12-2024,Debit Card,0.0,Returned
5374,181,3,71,"August 18, 2025",CASH,0.05,Cancelled
5375,6,6,35,2023/10/19,Debit Card,0.0,Completed
5376,922,5,66,06/07/2026,Debit  Card,0.2,Completed
5377,701,1,47,10/10/2025,PayPal,0.0,Completed
5378,289,11,41,29 Dec 2023,Cash,0.05,Completed
5379,1170,5,58,2023-04-01,PayPal,0.05,Cancelled
5380,760,4,33,12/18/2023,Store Credit,10%,Completed
5381,314,7,1,2025/01/24,PayPal,0.0,Completed
5382,661,8,77,31/01/2025,Gift Card,0.0,Completed
5383,334,1,13,2024-07-19,Cash,0.05,Completed
5384,916,77,56,"March 28, 2023",CASH,0.25,completed
5385,705,4,47,03 Mar 2025,Store Credit,0.25,Completed
5386,952,10,14,17/02/2025,Store Credit,5%,Completed
5387,1140,12,46,06 Feb 2026,Gift Card,0.0,Completed
5388,898,4,7,,Store Credit,0.05,Completed
5389,354,12,63,14-03-2026,,10%,Completed
5390,183,6,56,2026/02/19,Cash,0.15,Completed
5391,54,12,66,"June 26, 2023",Gift Card,0.0,Completed
5392,460,77,67,,PayPal,0.0,Completed
5393,816,5,71,2026-07-15,Credit Card,0.0,Completed
5394,1176,8,84,2024-12-25,PayPal,0.1,Returned
5395,143,4,65,,Gift Card,0.15,Completed
5396,842,12,14,2024/04/18,Debit  Card,25%,Completed
5397,905,3,15,06 Mar 2025,Cash,0.0,Cancelled
5398,657,10,44,"November 18, 2024",Debit  Card,0.0,Returned
5399,64,9,77,"January 25, 2024",credit card,10%,Completed
5400,803,12,69,08/04/2026,N/A,0.05,Completed
5401,256,13,87,28 Aug 2024,Gift Card,0.0,Completed
5402,831,6,90,2024-04-06,credit card,0.0,Completed
5403,355,4,88,10/01/2025,credit card,0.15,Completed
5404,115,2,41,,PayPal,0.0,Completed
5405,443,6,66,"October 04, 2024",PayPal,15%,Completed
5406,827,7,42,13-07-2026,Credit Card,5%,Completed
5407,402,2,20,2026/06/24,Cash,0.0,Completed
5408,1001,5,17,19-01-2023,CASH,15%,Completed
5409,1111,3,62,25-02-2024,Cash,0.2,Completed
5410,411,10,89,15-04-2025,Credit Card,0.0,Completed
5411,121,1,50,2026/05/29,Debit  Card,0.0,Cancelled
5412,549,1,66,01/17/2025,NaN,0.25,Completed
5413,448,4,67,06/02/2025,credit card,0.0,Completed
5414,820,11,64,05 Mar 2026,Cash,0.0,Completed
5415,476,12,16,02/01/2025,Debit  Card,20%,Completed
5416,1218,1,29,30-03-2025,Gift Card,0.0,Completed
5417,340,3,75,"December 16, 2024",Cash,5%,Completed
5418,975,9,27,03-07-2023,CASH,0.0,Completed
5419,1134,10,52,06-07-2026,Store Credit,0.05,Completed
5420,929,6,83,01/02/2023,Cash,5%,Completed
5421,500,11,80,2025-07-24,credit card,0.0,Completed
5422,317,1,69,24 Nov 2023,CASH,0.2,Completed
5423,961,10,37,12 Jul 2023,Credit Card,0.0,Completed
5424,121,77,38,02/11/2026,Gift Card,5%,Completed
5425,1125,11,48,"January 22, 2026",CASH,0.0,Completed
5426,714,3,83,11/11/2025,CASH,0.0,Completed
5427,1077,1,27,06/19/2026,CASH,0.0,Completed
5428,43,10,9,04/06/2024,Store Credit,0.0,Completed
5429,147,11,57,23 Nov 2024,NaN,0.0,Completed
5430,21,77,999,06/26/2026,Credit Card,0.0,Completed
5431,1180,11,4,"July 02, 2023",Debit Card,10%,Completed
5432,437,11,28,2024/11/10,Cash,0.0,Completed
5433,224,5,11,03/07/2025,Debit  Card,0.0,Completed
5434,102,9,74,,Credit Card,0.1,Completed
5435,154,8,37,03/09/2024,Debit Card,0.05,PENDING
5436,1099,7,62,"January 06, 2026",PayPal,0.0,Completed
5437,510,6,76,2023-07-20,Debit Card,0.05,Completed
5438,86,2,51,24-10-2023,Cash,0.1,Completed
5439,327,4,86,2025/01/05,CASH,0.0,Completed
5440,597,11,56,,Gift Card,0.15,Completed
5441,1035,13,90,2024/08/23,Debit Card,0.0,Cancelled
5442,716,1,80,08 Jan 2024,credit card,10%,Completed
5443,837,10,86,2024/07/24,CASH,10%,Completed
5444,271,77,23,2024/04/18,credit card,0.05,Returned
5445,483,11,33,21/04/2024,Cash,0.0,Completed
5446,77,7,16,22 May 2026,Debit  Card,0.05,Completed
5447,245,10,65,2025/05/06,Cash,0.1,Completed
5448,136,7,50,29-03-2023,Cash,0.05,Completed
5449,698,7,63,19/03/2026,PayPal,10%,Returned
5450,907,77,66,20 Aug 2025,Debit  Card,15%,Completed
5451,900,77,44,20/07/2026,Debit  Card,15%,Completed
5452,454,7,36,15/06/2025,Cash,0.2,Completed
5453,9999,1,65,2025-07-30,Credit Card,0.05,Completed
5454,1082,9,22,09/20/2023,credit card,0.05,Completed
5455,597,2,15,10/15/2024,Debit Card,20%,Completed
5456,1175,3,20,09/11/2025,NaN,0.15,Completed
5457,998,3,54,06/18/2023,Credit Card,0.0,Completed
5458,418,3,70,2025-03-02,Credit Card,5%,Completed
5459,555,2,62,2025-10-23,CASH,0.2,Completed
5460,1049,9,21,2024/11/09,Debit Card,0.0,Completed
5461,359,8,52,01 Jun 2024,PayPal,0.05,Completed
5462,1143,3,3,02 Nov 2024,CASH,0.1,PENDING
5463,272,8,71,08 May 2026,credit card,0.0,Completed
5464,1004,5,41,05/19/2023,CASH,0.0,Completed
5465,74,77,69,2024-07-02,CASH,0.0,Completed
5466,465,2,19,"November 16, 2023",Debit Card,0.25,Completed
5467,800,11,41,27/09/2025,Gift Card,0.25,Completed
5468,674,5,16,08/08/2023,Cash,0.0,Completed
5469,374,4,5,2026-03-09,Debit  Card,0.2,Completed
5470,537,10,39,10 Feb 2023,Debit Card,0.0,Completed
5471,122,6,22,18 Apr 2025,Store Credit,0.0,Completed
5472,925,13,49,"July 31, 2025",Debit  Card,10%,Completed
5473,693,5,999,06 May 2024,NULL,0.0,Completed
5474,890,13,59,23-03-2025,Cash,0.05,Completed
5475,4,77,41,2024/01/01,Credit Card,0.0,completed
5476,1064,77,24,,Credit Card,25%,Completed
5477,183,2,8,30 Dec 2025,Store Credit,5%,Completed
5478,8,4,70,17-01-2024,Cash,0.1,Completed
5479,1032,10,21,2024-11-04,CASH,0.0,Completed
5480,286,10,46,05/09/2023,Store Credit,0.15,Completed
5481,1191,2,41,2026/07/05,Credit Card,5%,Completed
5482,284,12,67,"September 09, 2023",Debit  Card,0.0,Completed
5483,830,4,24,04/01/2023,CASH,0.0,Completed
5484,525,9,35,2024-06-09,Credit Card,0.0,Completed
5485,201,1,9,2026-01-05,CASH,0.0,Completed
5486,501,1,21,"October 06, 2023",Gift Card,0.0,Completed
5487,28,6,35,15/06/2026,PayPal,10%,Completed
5488,1127,13,16,04/08/2026,Store Credit,0.1,Completed
5489,172,11,36,"April 23, 2023",Credit Card,0.0,Completed
5490,1186,10,14,01/05/2023,Debit Card,0.1,Completed
5491,1127,5,83,11/25/2025,Store Credit,0.1,Completed
5492,408,77,51,2026-04-19,Cash,0.0,Cancelled
5493,408,12,74,07-11-2025,PayPal,0.0,Completed
5494,687,12,41,04/28/2023,Cash,0.0,Completed
5495,21,77,51,12/06/2024,CASH,0.1,Completed
5496,88,9,39,2023/07/15,Debit  Card,0.0,Completed
5497,1196,9,73,13/10/2025,PayPal,0.0,Completed
5498,1132,12,78,02 Mar 2026,Debit Card,0.15,Completed
5499,1049,1,40,12/10/2025,credit card,5%,Completed
5500,1141,1,32,2025/12/08,credit card,0.1,Completed
5501,399,2,28,"January 04, 2025",credit card,0.0,Cancelled
5502,156,8,35,24 Jun 2024,Debit Card,0.0,Completed
5503,264,2,76,2024-12-17,PayPal,0.2,Completed
5504,753,5,24,26/12/2025,Credit Card,0.0,Completed
5505,540,7,89,03 May 2026,Credit Card,0.0,Completed
5506,327,6,39,2026-04-25,NaN,0.05,Completed
5507,228,2,7,2023-11-04,-,0.15,Completed
5508,606,8,12,2024-08-23,Gift Card,0.0,Completed
5509,228,2,75,2023/07/08,Debit  Card,0.0,Completed
5510,858,77,50,,Gift Card,0.25,Completed
5511,968,10,68,2023/06/05,credit card,0.05,Cancelled
5512,126,7,74,2025/03/26,Cash,5%,Completed
5513,546,3,61,2026-05-19,CASH,0.05,Completed
5514,404,11,88,02/05/2023,Cash,15%,Completed
5515,54,77,32,2023/07/17,Debit Card,0.0,Completed
5516,326,4,41,"August 12, 2023",Store Credit,0.0,Completed
5517,472,2,12,07/09/2024,Debit  Card,0.0,Completed
5518,544,5,9,"December 15, 2025",Cash,0.05,Completed
5519,303,77,19,15-03-2023,Debit Card,0.05,Completed
5520,8,4,20,2025/07/13,Credit Card,0.0,Completed
5521,685,5,18,11/05/2025,Store Credit,0.0,Completed
5522,68,6,76,06/30/2026,PayPal,0.0,Completed
5523,405,7,1,02/17/2024,Debit Card,5%,Completed
5524,337,4,24,22-12-2023,credit card,0.0,Completed
5525,400,5,30,"November 09, 2025",CASH,0.15,Completed
5526,114,4,4,08/12/2024,,0.0,Completed
5527,80,4,66,12 Apr 2025,Debit  Card,5%,Completed
5528,545,3,72,14-03-2023,Gift Card,0.0,Completed
5529,973,2,40,05-03-2026,Cash,0.0,Completed
5530,731,5,13,2024-01-02,Cash,0.0,Completed
5531,302,6,53,08/31/2024,Gift Card,0.05,Completed
5532,1092,7,19,08/05/2024,Debit  Card,0.0,Completed
5533,9,6,47,2024/02/26,Store Credit,0.0,Completed
5534,545,5,53,05-12-2023,Store Credit,5%,Completed
5535,97,10,61,03/29/2025,Debit  Card,0.1,Completed
5536,1,13,9,"August 03, 2024",credit card,5%,Completed
5537,105,77,54,2024-10-09,credit card,0.0,Completed
5538,412,1,55,2024-02-14,Debit Card,0.1,Completed
5539,425,4,86,13 Feb 2025,Store Credit,0.15,Completed
5540,896,13,8,11/04/2023,PayPal,10%,Completed
5541,266,2,36,2025/12/04,Store Credit,0.0,Completed
5542,1204,9,4,02/02/2026,Debit Card,0.0,Completed
5543,1151,12,39,06/12/2024,Debit Card,0.1,Completed
5544,1218,11,87,2025-06-13,credit card,0.2,Completed
5545,456,13,12,2026-01-05,CASH,0.05,Completed
5546,739,10,7,04/09/2025,PayPal,0.0,Completed
5547,491,10,63,26 Aug 2024,Credit Card,0.0,Completed
5548,431,2,67,"March 28, 2023",Store Credit,0.0,Completed
5549,523,12,50,2025/01/31,CASH,0.05,Completed
5550,1121,10,7,23/02/2024,Gift Card,0.0,Completed
5551,1064,10,81,"February 25, 2025",Debit  Card,0.0,Completed
5552,1077,7,5,2024/12/28,Debit  Card,0.0,Completed
5553,38,8,82,"January 30, 2024",CASH,10%,Completed
5554,1004,8,90,2024-10-27,Cash,0.25,Completed
5555,1147,13,89,05/03/2025,Cash,0.05,Completed
5556,186,4,80,2025/07/18,credit card,0.0,Completed
5557,771,10,50,24/05/2024,Debit  Card,0.0,Completed
5558,1045,10,18,2024/06/12,Gift Card,0.0,Cancelled
5559,1208,11,46,2024/12/18,Credit Card,0.1,Completed
5560,476,1,40,2024/10/21,Gift Card,0.0,Completed
5561,858,12,53,"December 19, 2024",none,0.0,Completed
5562,535,1,18,01/08/2024,Store Credit,0.05,Completed
5563,778,3,16,25-09-2023,Store Credit,0.0,Completed
5564,1159,2,43,"January 30, 2023",Store Credit,0.0,Completed
5565,291,4,11,07/22/2023,none,0.0,Completed
5566,257,5,17,23/01/2023,Store Credit,25%,Completed
5567,123,13,61,"September 17, 2024",PayPal,0.0,Completed
5568,114,13,16,14 Apr 2023,Debit Card,0.1,Completed
5569,1180,4,11,"November 07, 2023",CASH,25%,PENDING
5570,80,1,22,2024/06/04,N/A,15%,Completed
5571,393,6,48,22/05/2023,Store Credit,0.0,Completed
5572,498,7,71,05/30/2023,Credit Card,10%,Completed
5573,771,12,32,2025-04-04,credit card,0.2,Completed
5574,880,77,26,2025/05/21,Cash,5%,Completed
5575,1134,1,23,06-02-2023,Debit Card,5%,Completed
5576,530,9,8,2026-01-13,credit card,0.0,Completed
5577,933,2,78,21/08/2025,credit card,0.0,Completed
5578,1169,7,59,"December 15, 2024",Store Credit,0.0,Returned
5579,19,7,73,11/19/2025,Store Credit,0.1,Completed
5580,1042,11,79,11/05/2023,Debit Card,0.05,completed
5581,693,3,72,2026-04-26,Gift Card,10%,Completed
5582,348,9,64,04/24/2025,Debit  Card,0.0,Completed
5583,551,4,9,05-12-2024,Cash,0.0,Completed
5584,1034,13,32,2025/04/19,none,0.0,Completed
5585,1118,13,10,,Store Credit,0.0,Completed
5586,19,12,70,"October 20, 2025",Cash,0.05,Completed
5587,229,5,62,2023-05-09,Cash,0.0,Completed
5588,581,1,88,27-09-2025,CASH,0.15,Completed
5589,941,1,43,11/30/2025,Debit  Card,0.0,Completed
5590,859,10,67,04/02/2023,Debit  Card,0.0,Completed
5591,520,12,80,15-12-2025,credit card,0.0,Completed
5592,823,10,54,2023-01-10,CASH,5%,Completed
5593,39,5,16,2024/06/08,NULL,0.0,Completed
5594,56,4,57,"July 22, 2025",credit card,0.0,Completed
5595,574,11,57,"January 14, 2026",Debit  Card,10%,Completed
5596,959,4,56,02/16/2025,Cash,0.0,Completed
5597,63,10,38,13-02-2026,Cash,0.15,Completed
5598,21,77,64,03/03/2023,PayPal,0.0,Completed
5599,695,1,18,03 Feb 2025,credit card,0.1,Completed
5600,936,13,23,2023/10/14,PayPal,0.0,Returned
5601,231,12,21,14-10-2025,Store Credit,20%,Completed
5602,611,9,20,,Store Credit,0.0,Completed
5603,346,11,28,2023/07/07,Cash,0.0,PENDING
5604,695,13,1,23 Dec 2024,credit card,0.0,Completed
5605,362,6,51,2026/03/11,Credit Card,0.05,Completed
5606,424,6,62,2023/10/20,Store Credit,0.1,Completed
5607,625,2,31,"March 27, 2026",Debit Card,0.0,Completed
5608,172,7,37,29 Oct 2024,Store Credit,0.0,Completed
5609,841,9,34,28/04/2026,Credit Card,0.0,Completed
5610,130,3,19,23 Jul 2024,PayPal,0.15,Completed
5611,313,4,68,01-02-2024,Store Credit,0.0,Completed
5612,466,13,83,,Debit Card,0.0,Cancelled
5613,1153,2,28,2026/04/17,Store Credit,0.0,Completed
5614,548,3,14,2023-11-13,credit card,0.0,Completed
5615,545,7,1,17/02/2024,Cash,0.0,Completed
5616,595,12,63,03 Jul 2024,Cash,0.1,Completed
5617,545,4,38,03 Mar 2024,CASH,0.0,Completed
5618,627,77,87,28-10-2024,PayPal,0.1,Completed
5619,451,6,48,23 Jun 2024,credit card,0.1,Completed
5620,748,3,36,07 Nov 2024,Cash,0.0,Completed
5621,1156,3,23,10/08/2025,CASH,0.05,Completed
5622,751,12,38,2023/10/21,credit card,5%,Completed
5623,616,9,48,2026-06-25,Debit Card,0.1,Completed
5624,946,3,77,03/17/2024,Store Credit,0.15,Completed
5625,1039,3,66,06/20/2025,Credit Card,0.0,Completed
5626,449,13,37,2023/01/18,Credit Card,0.0,Completed
5627,105,12,15,09/27/2024,Gift Card,10%,Completed
5628,1055,5,76,11/05/2023,PayPal,0.0,Completed
5629,729,11,31,05/13/2023,Debit Card,0.15,Completed
5630,30,5,25,2023-08-11,credit card,0.05,Completed
5631,487,7,90,17 Nov 2025,CASH,0.0,Completed
5632,282,11,9,"March 18, 2026",Credit Card,10%,Completed
5633,77,4,22,12 Oct 2023,credit card,0.0,Cancelled
5634,945,2,5,26/02/2024,PayPal,0.0,Cancelled
5635,821,4,69,20-03-2024,Credit Card,0.05,Cancelled
5636,526,12,81,2023/02/25,credit card,0.05,Cancelled
5637,450,6,65,2026-01-06,CASH,0.0,Completed
5638,328,77,57,,Debit Card,15%,Completed
5639,51,11,2,2025/06/01,Debit  Card,0.2,PENDING
5640,1032,11,16,12 Feb 2023,Store Credit,0.1,Completed
5641,480,1,31,2023/06/15,Store Credit,15%,Completed
5642,3,12,13,"May 03, 2023",PayPal,10%,Completed
5643,948,2,69,16 Sep 2024,Credit Card,0.0,Completed
5644,1162,2,11,02/26/2025,CASH,0.05,Completed
5645,1023,1,60,2026-02-18,Debit Card,0.25,Completed
5646,252,77,17,18 Oct 2023,Debit Card,0.0,Completed
5647,1013,9,10,"December 24, 2023",PayPal,0.0,Completed
5648,1130,13,55,08-12-2025,credit card,10%,Completed
5649,939,7,11,2023-12-10,credit card,0.0,Completed
5650,252,2,55,2024-02-11,Cash,0.05,Completed
5651,43,11,41,05 Jul 2026,CASH,0.0,Completed
5652,883,10,58,02 Dec 2024,Credit Card,0.0,Completed
5653,358,9,16,17 May 2023,Gift Card,0.0,Completed
5654,869,5,86,10 Apr 2023,NaN,0.0,Completed
5655,195,1,31,25/03/2023,Debit  Card,0.0,Completed
5656,26,11,85,"March 04, 2026",Debit Card,0.0,PENDING
5657,773,1,88,05/26/2026,Credit Card,0.1,Completed
5658,91,3,17,30-04-2025,PayPal,0.0,Completed
5659,168,4,26,04/07/2025,Debit Card,10%,Completed
5660,268,13,15,09-09-2025,Debit  Card,0.05,Completed
5661,175,6,85,2026/05/06,CASH,0.2,Completed
5662,891,7,35,2026/06/29,CASH,0.0,Completed
5663,452,5,68,2025/11/01,credit card,0.0,Completed
5664,86,1,41,"January 15, 2026",Debit  Card,10%,Completed
5665,890,4,8,2023/09/16,Debit Card,0.0,Completed
5666,84,10,44,2024/11/30,Gift Card,0.05,Completed
5667,769,77,72,02/08/2024,Cash,0.0,completed
5668,787,6,12,28 Feb 2024,Debit Card,0.0,Completed
5669,404,7,44,"September 05, 2025",CASH,5%,Completed
5670,69,12,39,04/12/2025,Debit  Card,5%,Completed
5671,395,13,65,"October 10, 2025",PayPal,5%,Completed
5672,1055,77,60,"February 24, 2025",Cash,0.15,Completed
5673,1018,7,54,"August 28, 2025",Credit Card,0.0,Cancelled
5674,876,2,67,01/30/2025,CASH,0.0,Completed
5675,18,2,54,07/25/2024,CASH,0.0,Completed
5676,680,10,71,12 Feb 2026,Cash,10%,Completed
5677,1085,6,27,17-03-2025,-,0.1,Returned
5678,1180,5,23,02/12/2024,Gift Card,0.0,Completed
5679,219,6,31,02/14/2026,Credit Card,0.0,Completed
5680,454,2,5,05-07-2023,Debit  Card,10%,Completed
5681,985,7,77,"April 13, 2025",credit card,0.0,Cancelled
5682,573,7,75,30/01/2024,Cash,0.05,Completed
5683,311,8,22,2025/10/12,Debit  Card,10%,Completed
5684,491,4,28,"December 15, 2023",Debit  Card,0.0,Completed
5685,729,6,17,07/10/2024,Debit  Card,10%,Completed
5686,1004,8,86,2024-01-16,Store Credit,0.0,Completed
5687,702,12,9,"June 21, 2024",Store Credit,0.0,Completed
5688,236,2,73,09-09-2024,Credit Card,0.05,Completed
5689,813,13,33,23-11-2025,CASH,0.0,Completed
5690,281,10,2,2023-02-02,Cash,0.0,Completed
5691,1022,6,1,2025/09/20,CASH,0.1,Completed
5692,362,77,21,30-10-2023,Gift Card,0.0,Completed
5693,1146,5,67,04-10-2025,Cash,5%,Completed
5694,884,12,21,08/04/2025,PayPal,25%,Completed
5695,1199,8,24,2024/07/11,Debit Card,0.0,Completed
5696,1044,1,66,2024/01/25,Debit Card,0.25,Completed
5697,1112,1,59,2023/01/29,Debit  Card,0.0,Completed
5698,477,3,11,17 Jul 2024,credit card,5%,Completed
5699,933,4,25,05/08/2026,Debit  Card,0.0,Completed
5700,993,12,54,11/03/2025,Gift Card,0.05,Completed
5701,754,11,61,09/18/2024,Cash,0.1,Completed
5702,22,12,48,09/16/2025,CASH,0.05,Completed
5703,675,13,9,2024/10/22,credit card,0.0,Cancelled
5704,303,7,59,29 Sep 2023,Gift Card,0.15,PENDING
5705,389,3,17,06/05/2023,Cash,0.25,Completed
5706,1013,4,24,29-01-2025,Credit Card,0.0,Completed
5707,728,4,39,12 Oct 2024,Debit Card,0.0,Completed
5708,274,9,10,08/14/2024,Gift Card,0.0,Completed
5709,44,5,69,11 Apr 2026,Debit  Card,10%,Returned
5710,299,11,71,"February 23, 2025",PayPal,10%,Completed
5711,334,12,64,"July 06, 2025",Debit  Card,0.0,Completed
5712,1184,5,14,,Debit  Card,0.2,Completed
5713,451,6,78,2024-07-27,Store Credit,5%,Completed
5714,567,77,50,17/05/2023,CASH,0.05,Cancelled
5715,824,12,54,2024/05/28,Debit Card,0.0,Completed
5716,163,4,8,31/12/2024,Gift Card,5%,Completed
5717,683,77,62,"August 27, 2025",PayPal,0.1,Completed
5718,611,3,56,07/16/2025,Debit  Card,0.0,Completed
5719,720,5,80,28-06-2023,Cash,0.0,Completed
5720,289,3,77,2025/12/18,Store Credit,0.0,Returned
5721,1055,2,10,,Store Credit,0.0,Completed
5722,127,77,68,25-04-2024,Debit  Card,0.0,Completed
5723,62,1,39,09 Jul 2025,Credit Card,0.1,Completed
5724,318,7,64,2024-02-02,Gift Card,10%,Completed
5725,1024,5,78,08/02/2023,Debit Card,0.0,Completed
5726,692,2,41,"December 08, 2025",Gift Card,0.0,Completed
5727,647,13,89,10/23/2023,Credit Card,0.1,Completed
5728,286,77,54,"January 27, 2024",Debit  Card,0.15,Completed
5729,1171,9,40,05 May 2024,credit card,0.0,Cancelled
5730,760,1,85,"July 19, 2026",Debit  Card,0.2,Completed
5731,335,77,73,2024/05/01,Cash,5%,Completed
5732,575,9,33,2024-12-18,Store Credit,0.0,Completed
5733,1070,1,47,29 Mar 2025,Store Credit,5%,Completed
5734,652,5,18,11/28/2023,Cash,0.0,Completed
5735,1031,5,79,2023/11/19,CASH,0.0,Completed
5736,632,9,47,2024/07/18,PayPal,0.0,Completed
5737,665,12,41,2024/05/22,Credit Card,10%,Completed
5738,227,1,85,2026/05/20,Credit Card,25%,Completed
5739,211,1,33,"April 03, 2026",CASH,0.0,Completed
5740,805,1,18,2024/01/27,Credit Card,5%,Completed
5741,1029,6,44,03 Nov 2025,Debit Card,0.0,Completed
5742,772,2,17,09/01/2026,CASH,0.0,Completed
5743,374,8,15,2025-07-14,NaN,0.05,Completed
5744,557,10,45,2024-05-22,Gift Card,0.0,Completed
5745,230,13,85,"August 06, 2025",Gift Card,0.1,Completed
5746,788,77,37,26/03/2024,Debit Card,0.05,Completed
5747,1188,11,10,2025-04-05,CASH,0.0,Completed
5748,783,7,86,2024/04/10,Cash,5%,Completed
5749,902,9,83,05 Jan 2024,Debit Card,0.15,Completed
5750,621,9,41,18/04/2023,Gift Card,0.0,Completed
5751,607,12,66,29 Mar 2025,credit card,10%,Completed
5752,846,9,26,2023-12-16,PayPal,10%,Completed
5753,1061,1,25,01-05-2026,none,0.0,Returned
5754,192,13,23,,credit card,0.0,Completed
5755,61,12,61,05/30/2023,CASH,5%,Completed
5756,894,2,87,03/25/2023,PayPal,10%,Completed
5757,272,9,42,04 Jan 2023,-,5%,Completed
5758,307,1,15,2023/01/18,CASH,0.0,Completed
5759,1167,13,52,30/07/2023,Debit  Card,0.0,Completed
5760,35,1,22,"August 05, 2023",Gift Card,0.05,Completed
5761,112,7,40,01 Nov 2024,Credit Card,10%,Completed
5762,1159,3,81,05/03/2023,,10%,Completed
5763,273,6,87,"January 06, 2025",credit card,0.0,Completed
5764,881,12,1,04/04/2023,Cash,15%,Completed
5765,1211,13,35,2025-12-24,Store Credit,25%,Completed
5766,293,8,35,10 Jan 2024,Cash,0.0,Completed
5767,144,4,56,"July 26, 2026",CASH,0.25,Completed
5768,739,5,77,2023-10-25,Store Credit,0.05,Returned
5769,1012,7,31,22-09-2025,Gift Card,0.0,Completed
5770,59,11,23,2025-12-29,PayPal,0.05,Returned
5771,948,5,13,21/05/2025,Credit Card,0.05,Completed
5772,973,8,73,19-05-2024,Gift Card,0.1,Completed
5773,49,3,64,06 Mar 2026,Debit  Card,0.0,Completed
5774,1008,12,20,09 Jul 2025,CASH,0.05,Completed
5775,419,2,22,2023/11/29,Gift Card,20%,Completed
5776,466,10,49,01/04/2025,Gift Card,0.0,Completed
5777,303,2,44,24 Jun 2025,Gift Card,0.0,Completed
5778,163,1,46,2025-11-24,Debit  Card,0.05,Completed
5779,257,3,66,2024-01-11,Store Credit,20%,Completed
5780,1059,10,72,"August 18, 2025",Store Credit,0.0,Completed
5781,208,12,29,"June 17, 2023",NULL,0.0,Completed
5782,1154,7,10,23/11/2025,Debit Card,0.25,Completed
5783,964,10,32,26/01/2026,CASH,0.05,Completed
5784,232,1,21,"November 30, 2024",Store Credit,0.0,Completed
5785,550,77,52,2024-01-12,PayPal,0.0,Completed
5786,327,1,23,2025-04-11,PayPal,0.0,Completed
5787,1161,8,68,2023-11-11,PayPal,15%,Completed
5788,8,2,14,2023-09-20,credit card,0.15,Completed
5789,151,1,61,04 May 2026,PayPal,0.0,Completed
5790,505,7,48,25-11-2025,Store Credit,0.05,Completed
5791,1126,3,50,2024-07-08,PayPal,10%,Completed
5792,817,2,65,17 Jan 2026,Store Credit,0.05,Completed
5793,457,77,80,2024-03-29,Cash,0.25,Completed
5794,366,8,78,"May 02, 2026",Cash,0.0,Completed
5795,41,8,16,02/08/2023,Debit Card,0.0,Completed
5796,997,2,11,08/05/2025,Credit Card,0.0,Completed
5797,997,1,43,02-02-2025,Gift Card,0.0,Completed
5798,300,13,57,2025/07/11,Cash,10%,Completed
5799,563,1,36,09/02/2023,PayPal,20%,Completed
5800,678,5,11,12/28/2024,Debit  Card,0.0,Completed
5801,803,5,18,2023-09-04,Gift Card,0.0,Completed
5802,372,2,23,2024/05/07,N/A,5%,Completed
5803,889,11,17,08/22/2024,Cash,0.1,Completed
5804,862,10,29,2025-02-21,Debit  Card,15%,Completed
5805,1122,8,81,07 May 2024,credit card,0.1,Completed
5806,122,8,44,26 Jun 2024,CASH,0.0,Completed
5807,947,2,41,07/22/2024,Cash,0.0,PENDING
5808,1036,2,999,12 Apr 2023,Debit Card,0.2,Completed
5809,942,3,45,02-07-2023,Debit  Card,0.05,Completed
5810,215,8,72,14 Feb 2024,CASH,0.0,Completed
5811,694,12,49,29-05-2024,Debit  Card,0.0,Completed
5812,215,6,59,11/10/2023,Store Credit,5%,Completed
5813,282,12,71,15/08/2023,Debit Card,0.0,Completed
5814,668,77,30,05/24/2026,Debit Card,0.15,Completed
5815,1097,8,89,11-02-2023,Store Credit,0.05,completed
5816,106,10,74,"November 01, 2025",PayPal,0.1,Completed
5817,1038,10,32,2025-12-29,Cash,0.0,Completed
5818,579,6,10,24/06/2023,Cash,0.0,Completed
5819,1030,10,34,07/01/2025,CASH,0.05,Completed
5820,29,8,54,15-10-2023,Credit Card,0.05,Completed
5821,667,10,56,2025-03-11,credit card,0.0,Completed
5822,591,9,79,11-12-2024,CASH,0.0,Completed
5823,1045,10,75,,Debit  Card,0.0,Completed
5824,576,7,53,14 Jul 2026,credit card,0.0,Completed
5825,841,12,14,04/08/2025,Cash,0.1,Completed
5826,677,3,1,"June 22, 2026",Cash,0.0,Completed
5827,923,12,2,"December 23, 2024",Cash,0.0,Completed
5828,331,13,999,"March 08, 2026",Cash,0.0,Completed
5829,212,7,63,2024/09/29,N/A,0.15,Completed
5830,1060,4,41,16/03/2025,Credit Card,0.0,Completed
5831,1198,4,20,22/01/2023,credit card,0.05,Completed
5832,875,77,70,11/09/2024,PayPal,10%,Returned
5833,1018,12,76,08/13/2024,Cash,0.0,Completed
5834,244,7,68,"April 05, 2023",Store Credit,0.0,Completed
5835,775,4,40,15 Jul 2023,Credit Card,5%,Completed
5836,952,6,83,"February 02, 2024",Credit Card,0.25,Completed
5837,245,13,9,,Credit Card,10%,Completed
5838,951,77,83,,PayPal,0.0,Completed
5839,395,10,17,"January 19, 2024",credit card,0.15,Completed
5840,1043,2,84,03/15/2025,PayPal,0.05,Completed
5841,223,13,24,"October 03, 2023",N/A,0.1,Completed
5842,1158,11,64,10/10/2025,Store Credit,0.0,Completed
5843,196,7,4,02 Apr 2024,Store Credit,15%,Completed
5844,976,9,72,20/08/2024,Cash,0.0,Completed
5845,341,13,39,2026/01/16,Debit  Card,0.0,Completed
5846,905,11,38,30 Mar 2026,Credit Card,15%,Completed
5847,523,5,74,2024/07/20,Gift Card,0.0,Completed
5848,982,12,47,02/05/2024,Debit Card,0.05,Completed
5849,63,1,77,07-02-2026,CASH,10%,Completed
5850,1002,6,36,2024/05/06,Debit Card,0.1,Completed
5851,896,1,54,10 Mar 2023,PayPal,0.25,Completed
5852,875,10,89,18-12-2024,Debit Card,5%,Completed
5853,1175,77,51,"November 18, 2023",Store Credit,0.0,Completed
5854,231,9,66,2025/09/07,Credit Card,0.0,Completed
5855,173,12,24,10/05/2024,Gift Card,0.0,Completed
5856,620,6,69,,PayPal,5%,Completed
5857,608,4,82,01-02-2025,Debit  Card,0.1,Completed
5858,635,11,61,2025-09-06,Gift Card,0.0,Completed
5859,95,7,77,08/17/2025,Credit Card,0.0,Completed
5860,317,11,84,2025/04/18,Debit Card,0.05,Completed
5861,64,77,54,2026/03/12,Cash,5%,Completed
5862,248,9,66,2025-04-06,Debit  Card,0.0,Completed
5863,144,4,17,09 Apr 2024,,0.15,Completed
5864,613,1,67,16-09-2025,Credit Card,0.05,Completed
5865,909,1,48,14-04-2025,Cash,0.0,Completed
5866,359,3,50,2024/09/26,Credit Card,0.05,PENDING
5867,583,12,83,07/26/2024,Store Credit,0.0,Completed
5868,1154,9,70,01/15/2026,Cash,10%,Completed
5869,144,9,89,2023/12/09,NaN,0.0,Completed
5870,340,11,3,01 May 2023,Store Credit,0.0,Completed
5871,576,2,17,04-03-2025,Credit Card,0.2,Completed
5872,1202,9,83,04 Feb 2023,PayPal,10%,Completed
5873,749,11,81,2026/04/25,CASH,0.0,Completed
5874,839,9,63,2026-06-18,Cash,25%,Completed
5875,858,10,44,"April 14, 2026",Cash,0.0,Completed
5876,277,5,51,2024-12-15,Debit  Card,0.0,Completed
5877,103,8,7,"January 04, 2023",Gift Card,0.1,Returned
5878,364,3,68,08/22/2023,Cash,0.0,Completed
5879,308,4,35,12/11/2025,Cash,0.05,Completed
5880,334,6,58,"March 23, 2024",N/A,0.25,Completed
5881,932,12,64,08/08/2025,Cash,0.0,Completed
5882,1071,8,5,"July 01, 2026",PayPal,0.1,Completed
5883,833,11,60,2025/12/21,PayPal,0.2,Completed
5884,206,12,79,10/17/2025,Debit Card,0.2,Completed
5885,1009,13,86,20-12-2023,Credit Card,0.05,Completed
5886,236,6,49,12-01-2024,CASH,5%,Completed
5887,130,1,75,"June 10, 2025",Debit  Card,0.05,Completed
5888,381,10,7,15/02/2026,Gift Card,25%,Completed
5889,812,4,8,"June 05, 2024",Debit  Card,0.0,Completed
5890,418,8,4,07/03/2023,Store Credit,5%,Cancelled
5891,1109,4,12,,CASH,0.2,Completed
5892,82,10,14,30/11/2024,Debit Card,0.0,Completed
5893,1220,3,65,01/17/2025,Debit Card,0.0,Completed
5894,288,77,39,"January 28, 2024",Credit Card,15%,Completed
5895,829,10,75,"September 12, 2025",Debit  Card,5%,Completed
5896,60,9,77,"June 02, 2026",Store Credit,0.0,Completed
5897,188,9,73,28 Mar 2023,PayPal,0.0,Completed
5898,345,4,68,22 Apr 2026,Cash,10%,Completed
5899,119,12,48,2023/12/27,PayPal,0.0,Returned
5900,505,13,36,2025/08/12,Debit Card,0.0,Completed
5901,435,7,41,26-06-2025,credit card,0.0,Completed
5902,15,4,45,"May 02, 2024",CASH,0.0,Completed
5903,981,77,51,2024-09-21,Debit  Card,0.05,Cancelled
5904,544,10,13,"January 27, 2025",CASH,0.0,Completed
5905,362,2,53,"September 16, 2023",Cash,0.1,Completed
5906,892,7,90,"April 11, 2024",Debit Card,0.0,Completed
5907,1006,2,28,05/30/2023,Debit  Card,15%,Completed
5908,444,77,28,28/06/2025,Gift Card,0.0,Completed
5909,769,77,23,2025/02/06,NULL,0.0,Completed
5910,227,3,88,17-11-2024,PayPal,0.0,Completed
5911,837,77,67,08/31/2024,Gift Card,5%,Completed
5912,534,77,70,11-12-2025,Cash,0.1,Completed
5913,428,2,39,2023/10/06,none,0.0,Completed
5914,965,5,63,24/06/2023,PayPal,0.0,Completed
5915,429,5,36,17-06-2025,Debit  Card,0.05,Completed
5916,869,6,88,13/01/2024,Credit Card,0.1,completed
5917,364,4,26,2025-01-31,CASH,0.05,Completed
5918,467,12,81,01/08/2024,Cash,10%,Completed
5919,1218,3,68,07/29/2024,credit card,0.0,Completed
5920,93,77,51,29 Apr 2025,credit card,0.0,Completed
5921,1126,12,50,2024-07-08,Credit Card,0.0,Returned
5922,1039,2,25,2024-11-01,Cash,0.1,Completed
5923,366,11,59,2023/03/09,Store Credit,0.05,Completed
5924,752,10,79,"November 20, 2024",Store Credit,0.2,Completed
5925,1196,3,87,03-05-2024,credit card,0.0,Returned
5926,30,4,81,09/03/2023,Gift Card,0.0,Completed
5927,1203,9,42,05/11/2023,Debit Card,0.0,Completed
5928,415,8,54,06/28/2025,Store Credit,0.05,Completed
5929,186,77,8,,Debit  Card,0.05,Completed
5930,180,12,81,"November 14, 2023",Credit Card,0.0,Completed
5931,1020,7,83,02/12/2024,Gift Card,0.0,Completed
5932,1024,77,40,01/29/2025,Cash,0.0,Completed
5933,1176,13,72,2024-02-28,CASH,0.05,Completed
5934,284,2,85,2026/05/09,Cash,0.0,Completed
5935,1152,3,24,23-11-2023,CASH,0.0,Completed
5936,161,8,41,07/19/2024,Credit Card,0.0,Completed
5937,139,2,84,2024/11/28,credit card,0.0,Completed
5938,231,2,33,11 Aug 2023,Debit Card,0.1,Completed
5939,139,6,50,16 May 2023,CASH,0.0,Completed
5940,904,4,66,2025-11-10,Cash,0.0,Completed
5941,604,11,81,2024-09-26,Debit Card,10%,Cancelled
5942,627,11,15,16/12/2024,NaN,0.05,Completed
5943,938,4,32,"December 17, 2024",Store Credit,0.05,Completed
5944,370,8,46,"May 07, 2023",Gift Card,0.0,Completed
5945,1080,12,50,03/13/2025,CASH,0.0,Completed
5946,1079,4,58,2024-06-13,CASH,0.0,Completed
5947,132,6,9,11/15/2024,Debit  Card,0.0,Completed
5948,695,1,24,2024-07-06,Store Credit,0.0,Completed
5949,267,4,90,"June 18, 2023",Debit Card,10%,Completed
5950,292,10,88,09/20/2025,N/A,0.0,Completed
5951,25,1,61,30 Dec 2025,Store Credit,25%,Completed
5952,528,5,8,14/06/2024,PayPal,15%,Completed
5953,115,6,44,,credit card,0.0,Completed
5954,674,13,20,"December 29, 2025",Gift Card,0.1,Completed
5955,1167,9,90,06 Jul 2023,Debit Card,0.0,Completed
5956,344,9,24,2024-07-12,Cash,10%,Completed
5957,769,3,51,"January 24, 2025",NaN,5%,Completed
5958,182,2,29,16/09/2023,Credit Card,0.05,Completed
5959,344,8,34,2026-04-21,Gift Card,15%,Completed
5960,756,6,29,2025/07/30,Debit  Card,0.0,Completed
5961,89,4,72,2024/04/30,NULL,10%,Completed
5962,772,77,4,"December 10, 2023",Credit Card,0.0,Completed
5963,30,3,29,2025-07-11,Store Credit,0.1,Completed
5964,677,3,14,"September 14, 2023",CASH,0.0,PENDING
5965,213,13,15,2024/06/11,PayPal,0.2,Completed
5966,468,5,11,10 Mar 2023,CASH,5%,Cancelled
5967,105,7,24,2023/09/12,Cash,0.0,Completed
5968,197,77,67,30/08/2023,Debit  Card,0.0,Completed
5969,153,1,75,10/17/2024,none,0.15,Completed
5970,370,6,62,02/14/2026,Store Credit,0.0,Completed
5971,172,7,79,2026-06-28,,0.0,Completed
5972,878,7,60,"June 21, 2025",Debit Card,0.1,Completed
5973,1003,8,77,2024/03/13,Gift Card,0.05,Completed
5974,1067,77,79,2025/06/26,Store Credit,0.1,Completed
5975,696,9,61,31-05-2025,PayPal,0.1,Completed
5976,959,12,20,09 Apr 2026,PayPal,20%,Completed
5977,1182,10,86,30/06/2023,Store Credit,15%,Completed
5978,232,2,31,"January 12, 2024",Debit  Card,0.0,Completed
5979,1017,10,60,"May 05, 2023",Cash,5%,Completed
5980,1208,11,47,,Cash,0.05,Completed
5981,462,9,2,07/20/2023,PayPal,0.0,Completed
5982,428,4,8,10 Jun 2024,credit card,0.0,Completed
5983,315,13,63,18 Sep 2024,Debit Card,10%,Completed
5984,1080,4,78,15/05/2023,Store Credit,0.15,Completed
5985,117,13,41,09-04-2023,Cash,0.0,Cancelled
5986,478,10,78,2024/02/22,Cash,0.0,Completed
5987,103,4,40,2025/02/07,Cash,0.0,Completed
5988,594,4,17,2023-07-04,PayPal,0.0,Completed
5989,602,13,47,05/05/2023,Gift Card,0.0,Completed
5990,651,4,16,27/01/2026,Debit  Card,0.05,Completed
5991,504,3,61,"July 07, 2024",CASH,0.0,Completed
5992,354,1,83,23 Nov 2023,Debit  Card,0.0,Completed
5993,437,8,74,"January 12, 2026",PayPal,0.0,Completed
5994,270,5,14,"November 08, 2024",Debit  Card,0.05,Completed
5995,1115,2,62,06/17/2023,Credit Card,5%,Completed
5996,995,5,29,18/01/2026,Debit  Card,25%,Cancelled
5997,272,6,16,2023/12/29,Store Credit,0.0,Completed
5998,158,2,74,2023/02/11,Debit  Card,0.0,Completed
5999,444,2,50,21/02/2024,Credit Card,0.0,Completed
6000,1168,10,77,08-02-2026,Credit Card,10%,Returned
6001,1129,10,20,02/05/2025,CASH,15%,Completed
6002,1148,11,2,2023-08-29,PayPal,0.0,Completed
6003,761,77,10,18-08-2023,credit card,0.15,Completed
6004,444,10,86,01/05/2024,Credit Card,15%,Completed
6005,863,5,49,02/07/2023,Debit  Card,0.15,PENDING
6006,1038,6,42,05/02/2023,PayPal,0.0,Completed
6007,978,5,62,07/06/2026,CASH,0.05,Completed
6008,1052,13,86,2025-08-22,CASH,0.2,Completed
6009,750,8,90,"September 15, 2025",PayPal,0.1,Completed
6010,512,12,28,14 Jan 2026,Store Credit,0.0,Completed
6011,530,8,63,05/29/2023,CASH,0.1,Completed
6012,214,8,59,09/29/2023,Cash,0.0,Completed
6013,330,1,3,28-11-2024,Credit Card,0.2,Completed
6014,278,5,39,2023-09-30,Credit Card,10%,Completed
6015,267,5,59,2025-01-21,credit card,0.0,Completed
6016,41,6,83,2023-09-09,Credit Card,0.05,Completed
6017,354,11,65,17-04-2025,credit card,0.0,Completed
6018,297,7,1,19 Apr 2024,Debit  Card,0.2,completed
6019,946,12,1,"November 05, 2024",Credit Card,0.2,Completed
6020,574,8,77,2026-05-31,credit card,10%,Completed
6021,579,9,67,02 Jun 2023,Cash,0.05,Completed
6022,118,13,84,08-10-2023,Store Credit,5%,Completed
6023,567,2,56,14/11/2023,credit card,5%,completed
6024,221,4,23,"February 19, 2025",Debit  Card,5%,Completed
6025,802,7,61,03/13/2024,Gift Card,0.0,Completed
6026,776,9,20,27 Jan 2026,Credit Card,0.05,Returned
6027,1164,8,4,2025-06-05,credit card,0.0,Completed
6028,183,12,64,03/10/2024,Debit Card,0.0,Completed
6029,1209,13,82,2023-10-10,Debit Card,0.05,Completed
6030,1112,12,50,08/31/2023,CASH,0.1,Completed
6031,664,8,3,05-06-2024,CASH,0.0,Completed
6032,807,77,33,05/10/2025,Gift Card,0.0,Completed
6033,162,13,2,2024/01/24,Store Credit,0.05,Completed
6034,854,4,70,31/07/2024,Debit Card,10%,Completed
6035,552,9,31,31/10/2025,Cash,0.0,Completed
6036,95,77,85,2023/08/15,credit card,0.0,Completed
6037,971,5,53,01/31/2025,PayPal,10%,Completed
6038,175,2,40,07/15/2024,Gift Card,0.0,PENDING
6039,1218,12,42,2023-09-10,Cash,0.0,Cancelled
6040,696,10,72,15/08/2023,Store Credit,0.2,Completed
6041,27,12,65,13 Mar 2023,Debit Card,10%,Completed
6042,1053,8,38,23/11/2025,Debit Card,0.05,Completed
6043,339,6,77,25 May 2026,PayPal,0.05,Completed
6044,771,9,35,2023-11-20,CASH,10%,Completed
6045,196,10,79,2025/09/06,Cash,0.0,Completed
6046,892,11,19,2025/04/10,credit card,10%,Completed
6047,238,77,77,2024/09/09,Gift Card,0.1,Completed
6048,933,1,79,26-03-2026,Debit Card,0.0,Completed
6049,674,7,9,"December 07, 2025",Debit  Card,5%,Returned
6050,744,77,33,12/28/2023,credit card,0.0,Returned
6051,594,5,59,2025/01/17,Cash,0.0,Completed
6052,833,11,47,2025-04-11,NaN,10%,Completed
6053,8,6,81,04/15/2024,PayPal,20%,Completed
6054,472,7,13,22 Mar 2025,Credit Card,10%,Returned
6055,54,2,24,2025-12-19,Cash,0.0,Completed
6056,514,1,17,09-04-2024,CASH,5%,Completed
6057,1211,13,48,2025-12-25,CASH,0.0,Completed
6058,138,7,77,05/01/2023,Debit Card,0.15,Completed
6059,1134,3,46,17 Jun 2025,Credit Card,0.0,Completed
6060,635,8,52,"July 25, 2026",Cash,0.0,Completed
6061,395,3,53,07/05/2026,Debit  Card,0.0,Completed
6062,709,7,65,06/11/2024,Debit  Card,0.05,Cancelled
6063,521,8,6,11/28/2025,credit card,0.0,Completed
6064,1198,9,73,2025-01-04,credit card,0.0,Completed
6065,775,8,18,,Gift Card,5%,Cancelled
6066,390,4,76,28 Sep 2024,Store Credit,0.0,Completed
6067,984,12,62,16/03/2026,PayPal,0.1,Completed
6068,1199,13,90,2026-06-07,Gift Card,0.0,Completed
6069,1197,8,73,2024-04-27,CASH,0.05,Completed
6070,395,4,46,18/11/2023,PayPal,0.0,Completed
6071,881,8,14,14-04-2025,Gift Card,10%,Cancelled
6072,763,2,85,21/03/2023,Debit Card,0.1,Completed
6073,501,10,33,2026-04-10,Gift Card,0.0,Completed
6074,413,7,13,27/06/2024,PayPal,0.0,Returned
6075,1013,2,83,2023/05/18,Debit  Card,20%,Completed
6076,419,4,33,,CASH,15%,Completed
6077,987,1,78,07/19/2026,Debit  Card,0.0,Completed
6078,349,7,31,14/10/2023,Credit Card,0.0,Completed
6079,509,7,32,"June 11, 2024",PayPal,0.0,Completed
6080,948,2,48,"January 28, 2025",Cash,0.05,Completed
6081,271,6,8,28/04/2024,Cash,0.0,Completed
6082,232,5,63,2024/01/12,Credit Card,0.0,Returned
6083,836,11,90,2024-07-30,Debit Card,0.0,Completed
6084,1061,8,33,19-07-2026,Cash,0.0,Completed
6085,390,5,55,12/20/2023,Gift Card,10%,Completed
6086,1191,1,56,09/24/2025,Debit Card,15%,Completed
6087,9,1,74,"July 20, 2024",Cash,10%,Returned
6088,736,6,75,19/02/2024,Store Credit,0.05,Completed
6089,546,12,73,01 Nov 2023,Debit Card,0.0,Completed
6090,413,12,81,09/29/2023,CASH,0.0,Completed
6091,782,6,53,27-01-2025,PayPal,0.0,Completed
6092,670,9,20,2025/06/18,PayPal,0.0,Cancelled
6093,781,8,5,"April 23, 2026",Store Credit,0.0,Completed
6094,731,9,39,16 Jun 2023,credit card,0.05,Cancelled
6095,610,10,9,07 Apr 2025,NULL,15%,Completed
6096,904,4,83,26 Sep 2025,,0.05,Completed
6097,1033,10,19,20 Dec 2024,,0.0,Returned
6098,525,3,21,2024/03/18,Debit Card,0.0,Returned
6099,9,8,36,2023/11/23,credit card,0.15,Completed
6100,15,2,8,"January 13, 2024",Credit Card,0.1,Completed
6101,1010,4,90,"February 19, 2026",Credit Card,0.05,Completed
6102,909,5,54,11-07-2025,Cash,0.1,Completed
6103,1048,8,33,2026-07-15,Store Credit,0.0,Completed
6104,459,77,78,06-10-2024,Store Credit,0.1,Completed
6105,101,7,56,"February 12, 2025",credit card,0.0,Completed
6106,581,7,71,2024-01-24,PayPal,0.15,Completed
6107,16,1,80,18/03/2024,Debit  Card,0.0,Completed
6108,374,7,65,2023/04/17,Debit Card,0.1,Cancelled
6109,1110,5,35,04/16/2025,NULL,0.0,Returned
6110,888,10,3,31 Jan 2026,Debit  Card,0.1,Completed
6111,766,10,35,29-06-2025,Debit Card,10%,Completed
6112,472,6,61,2024-06-29,CASH,0.0,Completed
6113,1004,4,43,09/14/2023,Store Credit,0.1,Completed
6114,107,2,64,27/03/2025,CASH,0.1,Completed
6115,256,6,53,,Debit  Card,5%,Completed
6116,283,6,58,27/02/2024,CASH,0.15,Completed
6117,70,13,3,2023-10-05,Gift Card,0.0,Completed
6118,680,2,18,"May 10, 2025",Debit Card,20%,Returned
6119,505,5,81,"June 20, 2024",Credit Card,0.0,Completed
6120,875,10,57,04/03/2024,Debit  Card,0.0,Completed
6121,90,77,45,04/09/2025,Gift Card,0.0,Completed
6122,358,2,78,18/11/2023,Debit  Card,0.1,Completed
6123,813,7,74,"January 23, 2025",Credit Card,10%,Completed
6124,288,8,70,22-06-2024,Debit Card,0.0,Completed
6125,1179,1,82,2023-05-13,Debit Card,0.0,Returned
6126,1217,2,54,08/11/2025,Debit  Card,0.1,Completed
6127,1032,11,16,11-07-2023,credit card,0.0,Completed
6128,1053,5,48,2025-01-07,Credit Card,10%,Completed
6129,448,11,65,2025/02/09,Store Credit,5%,Completed
6130,1118,11,78,05/11/2023,Debit  Card,10%,Completed
6131,1061,1,65,04-03-2025,CASH,0.0,Completed
6132,510,4,40,06/03/2026,Store Credit,0.25,Completed
6133,977,2,8,14/12/2024,Store Credit,0.15,Completed
6134,255,9,79,07/05/2025,Gift Card,0.05,Completed
6135,515,9,63,06/25/2024,PayPal,0.2,Completed
6136,186,11,53,04/07/2024,Cash,0.05,Completed
6137,961,4,11,21 Oct 2023,Store Credit,0.0,Completed
6138,2,5,25,05/19/2026,Cash,0.25,Completed
6139,793,4,78,2023/04/19,Debit Card,0.25,Completed
6140,1061,10,10,"May 28, 2024",Store Credit,0.0,Completed
6141,207,13,16,"October 17, 2025",Debit  Card,0.1,Completed
6142,1081,12,27,2025/05/05,CASH,0.0,Completed
6143,810,8,15,2025-06-25,Gift Card,0.0,Completed
6144,1212,8,79,"April 26, 2023",Debit  Card,0.0,Completed
6145,403,77,64,16 Nov 2023,Gift Card,0.0,Completed
6146,690,3,26,10/10/2024,Debit  Card,10%,Completed
6147,1048,11,73,29-09-2023,CASH,0.15,Completed
6148,19,9,43,20 Jun 2023,Gift Card,0.0,Completed
6149,933,8,17,18/03/2023,Gift Card,10%,Completed
6150,997,77,66,2025/06/20,Debit  Card,0.0,Completed
6151,477,2,999,2025/10/08,Debit Card,0.0,Completed
6152,1005,77,66,2025-10-06,Debit Card,10%,Completed
6153,245,1,12,15 May 2026,Gift Card,0.0,Completed
6154,1207,8,78,12/24/2023,Debit  Card,0.0,Completed
6155,877,11,78,11-03-2025,Debit Card,0.0,Completed
6156,893,7,29,11/28/2025,Credit Card,0.0,Completed
6157,992,2,19,"June 05, 2026",PayPal,0.05,Completed
6158,412,9,25,25 Mar 2026,PayPal,0.1,Completed
6159,638,12,70,25-01-2023,Store Credit,0.0,Completed
6160,850,7,13,2026/03/15,-,0.0,Completed
6161,334,12,80,05/19/2024,PayPal,0.0,Completed
6162,124,10,35,2023/12/26,credit card,0.0,Completed
6163,692,3,48,29-09-2023,Store Credit,0.15,Completed
6164,292,11,37,22-06-2023,Credit Card,0.0,Completed
6165,513,10,7,06/09/2023,Cash,0.05,Completed
6166,687,7,90,08 Jan 2024,PayPal,0.05,Completed
6167,698,10,38,19/10/2025,Credit Card,0.0,Completed
6168,946,3,61,"February 11, 2025",Store Credit,5%,Completed
6169,692,12,64,24-01-2024,Debit Card,0.0,Completed
6170,10,2,72,10/06/2025,Credit Card,15%,Completed
6171,170,1,57,01/06/2024,CASH,0.05,completed
6172,9,6,13,02/26/2024,Debit Card,0.0,Completed
6173,214,3,11,2023/12/29,Credit Card,0.0,Completed
6174,1202,9,10,2023/07/08,Gift Card,10%,Completed
6175,1111,12,44,24/01/2025,Store Credit,0.0,Completed
6176,794,12,26,20 Dec 2025,credit card,10%,Returned
6177,814,1,8,"August 03, 2023",Gift Card,0.0,Completed
6178,623,77,13,01/04/2026,Gift Card,5%,Completed
6179,95,12,15,01/22/2024,Store Credit,0.05,Completed
6180,713,2,45,2025/09/06,Debit Card,0.0,Completed
6181,235,3,77,25/09/2023,PayPal,0.15,Completed
6182,649,5,63,30 Nov 2025,Debit Card,0.0,Completed
6183,310,3,16,"February 19, 2025",Store Credit,10%,Completed
6184,829,2,88,2024-08-23,CASH,0.0,Completed
6185,461,11,50,2025-09-03,Cash,15%,Completed
6186,947,10,20,02 Feb 2025,NULL,0.05,Completed
6187,1051,4,44,18 Nov 2025,PayPal,0.1,Completed
6188,594,1,36,"April 02, 2025",Store Credit,0.0,Completed
6189,160,2,46,2024-01-28,Debit Card,0.05,Completed
6190,742,3,67,08-10-2023,CASH,0.0,Completed
6191,438,3,12,2025-12-06,Cash,0.0,Completed
6192,304,11,31,2023-12-09,Credit Card,15%,Completed
6193,87,8,81,09-01-2026,credit card,0.0,Completed
6194,446,11,82,15 Apr 2023,Gift Card,0.0,Completed
6195,213,13,17,05/21/2025,CASH,0.25,Completed
6196,762,9,80,2023/08/25,CASH,0.0,Cancelled
6197,555,2,17,23/06/2024,Store Credit,0.0,Completed
6198,338,9,20,03 Apr 2026,Gift Card,0.0,Completed
6199,1210,11,31,"July 26, 2025",Cash,0.0,Completed
6200,701,8,80,10/01/2025,CASH,0.0,Completed
6201,110,10,50,26 Apr 2023,Credit Card,0.05,Completed
6202,859,4,69,"June 19, 2024",PayPal,0.0,Completed
6203,93,11,10,15 Jul 2026,Credit Card,0.25,Completed
6204,758,7,86,02/03/2023,Gift Card,0.0,Completed
6205,695,13,42,"June 08, 2025",PayPal,0.0,Completed
6206,708,2,36,2024-12-19,Debit Card,0.05,Completed
6207,824,11,14,13-10-2023,PayPal,5%,Completed
6208,259,12,39,2023/10/15,Debit  Card,10%,Completed
6209,1087,13,78,"May 25, 2023",N/A,0.05,Completed
6210,414,13,15,17 May 2023,Cash,0.05,Completed
6211,1062,6,5,"May 23, 2024",CASH,25%,Completed
6212,576,1,53,"August 10, 2023",Store Credit,0.1,Completed
6213,1210,13,17,"October 21, 2025",Gift Card,5%,Completed
6214,1186,10,11,2025/01/15,Gift Card,0.0,Completed
6215,1199,9,77,2023/05/29,Store Credit,0.15,Completed
6216,460,3,62,09-10-2025,Credit Card,0.0,Returned
6217,953,2,69,19/11/2023,Debit Card,0.0,Completed
6218,876,7,88,24 Feb 2025,Gift Card,0.0,Completed
6219,985,6,57,2025/08/12,credit card,0.0,Completed
6220,740,6,33,02/14/2023,Cash,0.0,Completed
6221,27,2,67,2025/09/11,Debit  Card,5%,Completed
6222,31,3,77,09/12/2023,Credit Card,0.25,Cancelled
6223,1173,5,46,2023/10/30,Debit  Card,0.15,Completed
6224,292,5,40,2026/06/22,Debit  Card,0.05,Completed
6225,443,1,72,2023/10/09,CASH,5%,Completed
6226,785,6,47,04/12/2026,PayPal,0.0,Completed
6227,1039,3,26,"July 01, 2024",PayPal,5%,Completed
6228,406,8,11,21/09/2024,PayPal,0.0,Cancelled
6229,315,11,41,11/10/2025,credit card,15%,Completed
6230,1090,2,45,,Store Credit,0.25,Completed
6231,1209,77,36,24/12/2023,Gift Card,0.0,Completed
6232,1128,9,53,11/02/2025,Cash,0.0,Completed
6233,1182,4,29,03 Jan 2024,Gift Card,0.0,Completed
6234,417,3,51,13/12/2025,CASH,0.2,Completed
6235,316,5,7,12-12-2024,Cash,0.05,Completed
6236,1193,6,37,"June 21, 2025",Gift Card,25%,Completed
6237,1203,13,24,2023/04/26,Debit Card,0.0,Completed
6238,1033,3,12,23-03-2023,Store Credit,0.0,Completed
6239,442,77,74,"April 03, 2023",CASH,0.0,Completed
6240,64,1,10,"July 20, 2024",Debit Card,0.0,Completed
6241,30,10,39,22/02/2025,N/A,0.0,Completed
6242,147,12,18,19-02-2023,Cash,20%,Completed
6243,876,12,40,2026-07-21,PayPal,0.0,Completed
6244,226,2,59,31/03/2026,Gift Card,10%,Completed
6245,1138,13,82,04/29/2023,Debit  Card,0.1,Completed
6246,691,3,59,06/06/2024,Credit Card,0.0,Completed
6247,2,5,59,26 Jun 2026,PayPal,0.0,Completed
6248,906,13,31,24/01/2025,Cash,0.05,Completed
6249,650,13,87,2025-07-16,CASH,0.05,Completed
6250,710,5,78,15-05-2025,Debit  Card,0.25,Completed
6251,321,77,31,2023-04-19,Credit Card,15%,Completed
6252,522,11,999,2023/02/02,Store Credit,0.0,Completed
6253,1211,3,15,"January 12, 2026",Store Credit,0.0,Completed
6254,576,3,72,2025-05-06,Store Credit,0.0,Completed
6255,245,8,45,19-04-2026,Gift Card,5%,Completed
6256,918,11,66,"March 12, 2026",Store Credit,0.05,Completed
6257,282,9,16,20 Feb 2023,Debit Card,0.05,Completed
6258,668,13,4,22-11-2024,CASH,0.05,Completed
6259,1105,1,71,2025-12-20,CASH,10%,Completed
6260,369,11,82,2024-06-28,Store Credit,15%,Completed
6261,428,9,3,"June 28, 2024",Credit Card,0.05,Completed
6262,1081,11,51,2023/06/05,CASH,0.0,Completed
6263,700,13,64,10 Apr 2026,Debit Card,0.0,Completed
6264,175,5,79,07/28/2026,Debit Card,0.0,Completed
6265,894,1,17,03/09/2025,PayPal,20%,Completed
6266,744,13,33,04/05/2023,Debit Card,0.15,Completed
6267,1175,9,86,21-03-2025,Debit Card,0.0,Completed
6268,1035,6,73,21 Feb 2023,credit card,0.15,Completed
6269,476,1,83,01/17/2024,Debit Card,5%,Completed
6270,341,10,12,2023/06/09,Debit Card,10%,Completed
6271,1105,2,37,08-01-2026,credit card,0.1,Completed
6272,879,7,81,19 Sep 2023,Debit  Card,10%,Completed
6273,946,1,43,10/17/2024,Debit Card,0.0,Completed
6274,342,77,30,2025/08/27,credit card,0.0,Completed
6275,140,13,49,05/03/2024,credit card,5%,Completed
6276,201,4,26,2024/12/23,Gift Card,0.0,Completed
6277,1182,77,36,2026-03-05,Debit Card,0.0,Completed
6278,1017,2,80,24/07/2026,Credit Card,0.0,Completed
6279,1102,3,15,01/10/2023,credit card,0.05,Completed
6280,745,3,79,15/09/2023,Debit  Card,0.0,PENDING
6281,82,3,23,"July 09, 2024",credit card,0.05,Completed
6282,183,2,52,2025/06/26,Debit Card,0.0,Completed
6283,595,10,36,07/01/2025,Store Credit,10%,Completed
6284,384,6,23,26-05-2025,Gift Card,0.0,Completed
6285,368,7,71,2024/09/25,credit card,0.0,completed
6286,180,10,18,10 May 2026,PayPal,15%,Completed
6287,131,11,46,02/11/2025,CASH,0.0,Completed
6288,1002,12,70,"September 26, 2023",Gift Card,0.0,Completed
6289,1003,12,18,10 Dec 2024,Cash,0.0,Completed
6290,30,6,67,18 Mar 2023,Store Credit,0.0,Completed
6291,1073,3,81,02/27/2024,Gift Card,0.0,Completed
6292,9,77,77,2024-09-19,Store Credit,0.0,Completed
6293,281,6,59,2026-01-21,credit card,0.0,Completed
6294,476,4,66,02/27/2026,credit card,25%,Completed
6295,703,12,48,28-10-2025,CASH,20%,Completed
6296,869,8,11,01-06-2023,Debit  Card,0.0,Returned
6297,556,1,38,2026-02-18,NaN,0.15,Completed
6298,987,10,8,18 Oct 2025,,0.05,Completed
6299,1064,7,47,08 May 2023,CASH,0.0,Completed
6300,1065,9,8,08-06-2025,Gift Card,0.1,Cancelled
6301,701,4,24,2026/04/23,CASH,0.15,Completed
6302,600,1,89,2025/12/02,Cash,0.1,Completed
6303,174,10,39,"July 24, 2026",Gift Card,0.05,Completed
6304,469,4,65,2024-02-01,credit card,5%,Completed
6305,901,11,42,28-08-2024,Store Credit,0.0,Completed
6306,955,77,40,02/05/2026,CASH,0.1,Completed
6307,369,13,42,30-07-2023,CASH,10%,Completed
6308,255,8,81,05/02/2026,CASH,0.05,Completed
6309,163,5,11,26 Dec 2024,Debit  Card,5%,Completed
6310,629,3,49,05 May 2025,PayPal,0.0,Completed
6311,71,2,62,2024-01-13,PayPal,15%,Completed
6312,1145,2,72,06/05/2023,CASH,0.0,Completed
6313,479,12,39,01 Jan 2026,Cash,0.0,Completed
6314,372,4,52,22/08/2024,Gift Card,10%,Completed
6315,251,12,57,,Debit  Card,0.05,Completed
6316,1102,12,68,18/02/2024,NaN,0.0,completed
6317,500,2,52,2026/03/31,Credit Card,20%,Completed
6318,151,1,21,05/03/2026,credit card,0.2,Completed
6319,339,11,89,"April 08, 2023",Debit  Card,0.0,Completed
6320,673,10,32,27-04-2026,credit card,0.05,Completed
6321,139,77,68,06-10-2023,credit card,0.05,Completed
6322,889,4,39,"July 23, 2024",credit card,5%,Completed
6323,53,9,90,"January 13, 2026",Store Credit,0.0,Returned
6324,668,3,90,"April 25, 2024",N/A,0.0,Completed
6325,318,8,35,11-05-2024,Debit Card,0.0,Completed
6326,665,12,3,27 Jan 2026,PayPal,0.1,Completed
6327,813,9,26,02-09-2023,Gift Card,0.0,Completed
6328,998,3,41,04/04/2023,Gift Card,0.1,Completed
6329,782,2,86,12/24/2024,PayPal,5%,Completed
6330,971,77,78,2026/06/11,Debit  Card,0.0,Completed
6331,1024,9,21,"February 18, 2023",Debit Card,0.2,Completed
6332,743,4,999,11 Apr 2025,,0.1,Completed
6333,8888,10,53,"January 29, 2024",Credit Card,0.05,Completed
6334,939,2,67,2026/06/20,Debit Card,5%,Completed
6335,422,6,51,08/05/2025,credit card,0.0,Completed
6336,833,8,8,"May 09, 2024",Gift Card,0.05,Completed
6337,188,13,20,,Store Credit,10%,Completed
6338,479,77,87,07/27/2026,Credit Card,0.05,Completed
6339,283,11,35,2023/08/09,Store Credit,0.0,Completed
6340,183,8,57,17/04/2025,Debit Card,0.0,Completed
6341,287,8,56,05/06/2023,Debit Card,5%,Completed
6342,914,6,16,01/06/2024,Store Credit,0.05,Completed
6343,522,9,42,04/03/2023,Store Credit,0.05,Completed
6344,769,2,78,15/07/2025,Cash,0.1,Completed
6345,914,12,64,2023/04/18,Cash,15%,Completed
6346,1022,7,22,13-03-2024,Debit  Card,0.05,Completed
6347,240,8,11,08/03/2024,CASH,10%,Returned
6348,504,13,2,20 Jun 2024,credit card,5%,Completed
6349,604,6,19,15-05-2025,Gift Card,0.0,Completed
6350,992,5,53,14 Jun 2026,PayPal,0.1,Completed
6351,1096,7,49,2023-08-31,NULL,0.0,Completed
6352,1052,2,40,03/28/2023,Credit Card,0.0,Completed
6353,185,7,61,2024/12/15,Cash,0.0,Completed
6354,1070,6,66,28-11-2025,Store Credit,10%,Completed
6355,427,12,67,15 Mar 2024,Debit Card,0.1,Completed
6356,377,12,35,2026/07/26,Debit  Card,0.0,Completed
6357,264,6,26,18/08/2023,Debit  Card,0.05,Completed
6358,35,10,78,05/06/2025,Credit Card,0.2,Completed
6359,747,9,21,23-08-2025,Cash,15%,Completed
6360,1169,13,22,11-03-2026,Store Credit,0.0,Returned
6361,203,2,76,01/03/2023,Debit  Card,0.0,Completed
6362,611,3,33,06-04-2025,Gift Card,0.0,Completed
6363,1121,7,88,2024-01-05,PayPal,0.0,Completed
6364,448,10,89,2025/07/29,Debit  Card,0.0,Completed
6365,404,10,47,26-03-2023,Cash,10%,Completed
6366,637,12,12,12-07-2025,Store Credit,5%,Completed
6367,1106,7,8,01/31/2025,Store Credit,10%,Completed
6368,1081,5,8,"February 18, 2025",Credit Card,0.0,Returned
6369,917,9,23,2025-03-11,none,0.0,Completed
6370,409,1,23,10 Nov 2024,CASH,0.0,Returned
6371,307,11,37,2026/04/08,Store Credit,0.0,Completed
6372,890,7,9,13-04-2024,Gift Card,0.0,Completed
6373,945,10,67,24/05/2024,PayPal,0.2,Completed
6374,341,6,36,,NaN,0.0,Completed
6375,963,7,22,2025-01-14,Store Credit,0.0,Completed
6376,302,6,3,24/05/2026,Gift Card,0.0,Completed
6377,489,6,1,16/10/2023,Debit  Card,0.2,Completed
6378,413,11,71,18-03-2023,CASH,0.1,Completed
6379,773,8,11,26-04-2024,Store Credit,0.0,Completed
6380,1067,12,83,10 Feb 2025,Gift Card,0.2,Completed
6381,1161,5,49,2025/03/31,Credit Card,0.0,Completed
6382,1210,2,17,08/11/2025,credit card,0.15,Completed
6383,1096,2,56,18-07-2024,Store Credit,0.0,Returned
6384,85,2,11,29/03/2024,Store Credit,0.0,Returned
6385,330,11,8,2025/05/15,Debit  Card,0.1,Completed
6386,874,77,89,08 Jun 2024,Cash,0.0,Completed
6387,1223,13,11,22/04/2024,credit card,0.05,PENDING
6388,372,12,66,10/12/2025,Debit Card,0.0,Completed
6389,343,2,62,2024-01-22,Debit  Card,0.25,Completed
6390,1133,1,35,10-07-2023,Cash,0.0,Completed
6391,262,9,67,07/16/2026,Debit Card,0.0,Completed
6392,789,7,60,2024/08/07,CASH,5%,Completed
6393,548,8,49,03 Aug 2025,Debit  Card,10%,Completed
6394,1179,6,17,2024-08-17,CASH,0.0,Completed
6395,449,10,42,23-05-2024,CASH,15%,Completed
6396,672,77,34,2023-06-23,Store Credit,0.0,Completed
6397,160,7,69,2025-05-02,Store Credit,0.05,Completed
6398,882,5,81,12/06/2024,Debit  Card,0.25,Completed
6399,709,7,37,03-02-2023,Debit Card,15%,Completed
6400,388,9,51,2024-05-14,Debit  Card,15%,Completed
6401,466,1,80,2023-01-11,CASH,0.1,Completed
6402,877,10,16,30 Jan 2023,Cash,0.0,Completed
6403,440,9,70,2023-02-25,Credit Card,0.1,Completed
6404,496,3,33,19-01-2024,Cash,0.0,Completed
6405,98,12,70,27/07/2026,Debit  Card,0.2,Completed
6406,307,5,81,04/16/2026,Debit Card,10%,Completed
6407,650,5,72,2023-05-26,Debit Card,5%,Completed
6408,234,13,29,"October 18, 2023",Cash,5%,Completed
6409,814,4,23,11-07-2026,Store Credit,15%,Completed
6410,491,6,85,08 May 2024,Debit  Card,0.0,Completed
6411,1198,7,32,26/04/2025,PayPal,0.0,Cancelled
6412,535,11,20,2026/06/08,Debit  Card,20%,Completed
6413,1224,12,55,01/28/2026,Cash,0.15,Completed
6414,994,4,43,2023/12/07,Credit Card,5%,Completed
6415,757,7,62,,Debit  Card,0.1,Completed
6416,379,13,9,30-10-2024,credit card,0.0,Returned
6417,559,12,71,2025/10/12,Debit  Card,5%,Completed
6418,252,9,35,14-05-2023,Gift Card,0.2,Completed
6419,880,8,72,07/01/2023,Credit Card,0.0,Completed
6420,1065,12,59,17 Jun 2026,Store Credit,0.05,Completed
6421,1095,3,42,"July 03, 2026",N/A,0.1,Completed
6422,774,77,84,21-06-2024,Debit Card,0.0,Completed
6423,98,77,85,07/12/2024,none,0.1,Completed
6424,771,5,50,2023/03/18,CASH,0.0,Completed
6425,10,4,26,21-12-2023,Store Credit,0.0,Completed
6426,945,8,50,2026-06-22,Gift Card,0.0,Completed
6427,296,10,63,18/09/2025,PayPal,0.05,Completed
6428,446,10,71,26/09/2024,Cash,0.05,Completed
6429,420,10,46,30-11-2024,Cash,0.0,PENDING
6430,379,6,47,11 Jan 2023,Cash,10%,Completed
6431,1035,7,77,"June 15, 2024",Store Credit,0.0,Completed
6432,461,7,4,,Gift Card,0.0,Completed
6433,1152,4,79,2025-07-28,NaN,25%,Completed
6434,175,9,6,2023/06/08,CASH,10%,Completed
6435,830,7,45,09-02-2026,Credit Card,0.05,Completed
6436,1064,1,2,10 May 2025,Debit  Card,0.0,Completed
6437,370,77,39,"July 02, 2023",Debit Card,0.05,Completed
6438,312,3,38,2023/07/06,Cash,0.0,Completed
6439,326,9,47,"July 13, 2023",Store Credit,0.0,Completed
6440,839,11,78,08/17/2023,Store Credit,10%,Completed
6441,144,11,83,"July 22, 2023",Gift Card,0.0,Completed
6442,1024,13,42,01/18/2023,Credit Card,0.0,Completed
6443,1071,77,23,2023-12-29,CASH,0.0,Completed
6444,423,11,61,2024-03-02,CASH,0.0,Completed
6445,171,77,29,,PayPal,5%,Returned
6446,800,4,28,09/09/2023,NaN,0.0,Completed
6447,596,7,10,28-07-2026,Store Credit,0.15,Completed
6448,80,9,80,10/02/2025,Gift Card,0.0,Returned
6449,1179,5,44,2024/01/23,CASH,0.1,Completed
6450,19,4,53,01/02/2023,Store Credit,0.0,Completed
6451,265,7,29,05/01/2023,Debit  Card,0.0,Completed
6452,854,4,35,05 Aug 2025,CASH,0.0,Completed
6453,425,6,17,2024/12/24,Debit  Card,0.1,Completed
6454,77,8,55,2024-08-13,CASH,0.0,Completed
6455,727,12,81,13-11-2025,PayPal,0.05,Completed
6456,142,8,56,10/25/2023,Debit Card,0.0,Completed
6457,1089,9,61,07-03-2026,PayPal,0.0,Completed
6458,970,1,54,2023/05/13,Cash,5%,Completed
6459,946,3,66,31 May 2023,Credit Card,0.0,Completed
6460,825,5,50,"November 18, 2023",Store Credit,0.15,Completed
6461,1060,6,63,20 May 2025,NULL,5%,Completed
6462,1092,9,88,"December 13, 2025",CASH,0.15,Completed
6463,611,5,54,2026-05-19,Debit  Card,0.25,Returned
6464,957,11,66,02/15/2024,Debit  Card,0.0,Completed
6465,94,10,79,"February 20, 2024",credit card,0.15,Completed
6466,915,12,50,14 Oct 2025,credit card,5%,Completed
6467,743,9,999,01 Aug 2024,Store Credit,0.0,Completed
6468,768,77,39,2023/07/10,Store Credit,0.0,Completed
6469,717,6,3,"September 26, 2025",credit card,0.0,Completed
6470,208,9,11,"November 23, 2024",Gift Card,0.0,Completed
6471,347,7,46,2023-06-21,credit card,0.0,Completed
6472,10,12,86,"December 13, 2025",-,0.15,Completed
6473,502,1,48,2025-10-29,Credit Card,0.0,Completed
6474,1199,10,50,2024/07/23,Gift Card,25%,Completed
6475,246,7,47,06/03/2023,Debit Card,0.0,Cancelled
6476,327,11,80,2025-07-02,CASH,0.0,Completed
6477,1118,5,47,"May 17, 2025",PayPal,0.0,Completed
6478,683,8,14,"June 02, 2026",credit card,0.05,Completed
6479,414,13,14,2024/12/27,credit card,20%,Completed
6480,1088,8,70,23-02-2023,CASH,0.05,Completed
6481,20,11,49,17 Sep 2025,CASH,0.0,Completed
6482,132,1,69,2024-11-15,Cash,0.0,Completed
6483,383,13,38,2023-02-08,Cash,0.05,Completed
6484,736,6,45,24-04-2026,credit card,0.0,Completed
6485,936,5,62,"January 23, 2023",credit card,0.0,Completed
6486,160,7,29,"April 05, 2023",Store Credit,0.0,Completed
6487,170,10,57,13-03-2026,Gift Card,0.15,Completed
6488,601,77,42,14-05-2023,Debit  Card,0.0,Completed
6489,520,77,28,11/01/2024,Cash,0.2,Completed
6490,347,11,85,02/05/2026,Credit Card,0.15,Completed
6491,536,8,43,15/05/2026,PayPal,0.0,Completed
6492,538,77,16,2023/11/13,Cash,0.0,Completed
6493,732,13,79,11/04/2023,Cash,15%,Completed
6494,178,7,35,10 Mar 2024,Store Credit,0.0,Completed
6495,403,10,60,2025/09/17,Credit Card,10%,Completed
6496,1000,5,71,2025/10/23,PayPal,20%,Completed
6497,1025,12,39,2024/10/28,Cash,0.25,Completed
6498,684,2,78,28/03/2026,Debit  Card,0.0,Completed
6499,792,3,49,2026-04-28,credit card,0.0,Completed
6500,85,2,60,12/09/2023,CASH,0.0,Completed
6501,551,2,67,2024-09-04,CASH,5%,Completed
6502,970,4,77,2024-06-19,Debit  Card,0.0,Returned
6503,726,77,90,15 Aug 2024,PayPal,25%,Completed
6504,575,13,49,14 Aug 2025,Debit  Card,0.0,Completed
6505,138,6,59,2025/03/31,,0.1,Completed
6506,1104,13,74,2024-12-19,Gift Card,0.1,Completed
6507,426,77,48,17 Aug 2023,credit card,0.0,Returned
6508,1070,8,2,2025/04/17,PayPal,15%,Completed
6509,638,2,55,2025/05/29,PayPal,0.1,Completed
6510,427,13,4,23 Apr 2026,Cash,0.0,Completed
6511,532,12,17,10/19/2023,PayPal,0.0,Returned
6512,1212,7,13,2024-05-18,Gift Card,0.0,Completed
6513,1135,4,67,09/13/2025,Debit Card,5%,Completed
6514,570,2,49,"October 11, 2024",CASH,0.0,Completed
6515,894,2,2,06-04-2026,CASH,20%,Completed
6516,302,4,29,2025-04-18,Debit Card,10%,Completed
6517,990,7,64,17/06/2026,Store Credit,0.2,Completed
6518,6,11,65,29-05-2025,Store Credit,0.0,Completed
6519,774,10,71,2023/10/24,Cash,15%,Completed
6520,561,4,87,29-12-2024,Gift Card,0.0,Completed
6521,456,77,67,"October 05, 2025",credit card,5%,Completed
6522,919,8,67,2025-05-21,PayPal,0.1,Completed
6523,858,6,8,2023/05/08,Gift Card,0.0,Completed
6524,365,4,22,11/12/2025,Gift Card,0.0,Completed
6525,996,2,57,20/03/2025,Debit Card,0.0,Completed
6526,79,4,44,26-03-2026,CASH,0.0,Completed
6527,758,13,45,03/08/2024,CASH,0.0,Completed
6528,748,8,68,2026/04/30,CASH,0.2,Completed
6529,831,9,79,2026-03-25,Debit Card,0.15,Completed
6530,921,77,14,2025-12-08,credit card,0.0,Completed
6531,1048,9,49,06/09/2024,PayPal,5%,Completed
6532,562,11,15,2025-01-21,Debit  Card,0.1,Completed
6533,794,1,13,21 Feb 2024,Store Credit,15%,Completed
6534,940,1,69,09 Mar 2024,CASH,0.0,Completed
6535,11,5,51,26-02-2024,credit card,10%,Completed
6536,896,7,51,25-03-2024,NaN,0.0,Completed
6537,106,77,59,2024/10/05,Cash,0.1,Returned
6538,429,9,71,30-04-2024,Credit Card,0.1,Completed
6539,819,13,27,16 Jan 2025,PayPal,0.05,Completed
6540,323,13,12,29 Jun 2025,Cash,0.2,Completed
6541,825,7,13,"January 28, 2023",CASH,0.1,Returned
6542,175,11,27,"September 18, 2025",CASH,0.0,Cancelled
6543,1009,7,34,01 Sep 2023,Gift Card,0.0,Completed
6544,904,12,82,03/13/2026,Cash,0.0,Completed
6545,902,9,9,2023/01/01,credit card,0.0,Completed
6546,807,3,5,06/30/2024,Cash,0.0,Completed
6547,107,2,70,12/06/2026,credit card,0.1,Completed
6548,333,2,65,09 Jan 2025,CASH,0.15,Completed
6549,351,1,74,"March 05, 2023",CASH,10%,Completed
6550,561,1,78,24 Jan 2024,Debit  Card,0.05,Completed
6551,128,7,15,"March 12, 2026",Store Credit,0.25,Completed
6552,97,5,28,2024-11-09,credit card,0.25,Completed
6553,40,9,89,11/11/2025,credit card,0.05,Completed
6554,867,10,5,2024/07/14,PayPal,0.0,Completed
6555,1086,11,7,05/07/2024,none,0.05,Cancelled
6556,953,10,11,08/07/2025,PayPal,5%,Completed
6557,131,6,23,22 May 2024,NULL,0.0,Cancelled
6558,1209,9,18,02 Jul 2024,Debit Card,0.0,Completed
6559,933,12,84,10/11/2023,CASH,0.1,Completed
6560,12,77,7,13-08-2024,Debit Card,0.0,Completed
6561,479,77,9,23 Dec 2023,Credit Card,0.2,Completed
6562,14,6,27,"August 02, 2024",credit card,0.0,Completed
6563,810,6,20,2023-02-26,CASH,5%,Completed
6564,1001,8,56,"June 04, 2024",Credit Card,0.05,Completed
6565,1077,5,72,,Credit Card,0.0,Completed
6566,1165,12,89,24-06-2024,Cash,0.0,Completed
6567,359,1,77,24 Apr 2026,credit card,0.05,Completed
6568,480,7,54,29/06/2024,Debit  Card,0.0,Completed
6569,649,8,89,2024/12/31,Credit Card,0.1,Completed
6570,288,77,51,01/25/2024,Gift Card,0.0,Completed
6571,552,5,72,2026/03/19,PayPal,0.15,Completed
6572,492,77,19,18-03-2023,PayPal,0.0,Completed
6573,278,6,87,04/11/2024,Credit Card,0.0,Completed
6574,3,3,44,08-04-2025,Store Credit,0.05,Completed
6575,202,3,34,30/10/2024,Debit Card,0.0,Completed
6576,648,77,47,2023/09/11,Debit Card,0.1,Completed
6577,20,5,38,01/08/2025,PayPal,0.0,Completed
6578,81,4,79,03/14/2025,Gift Card,0.0,Completed
6579,1097,6,38,07/29/2023,CASH,0.25,Completed
6580,1157,5,44,10 Mar 2025,credit card,0.05,Completed
6581,717,8,90,03/06/2024,Debit  Card,0.05,Returned
6582,581,5,7,18-12-2023,Gift Card,15%,Completed
6583,556,9,66,2024-08-23,Debit  Card,0.0,Completed
6584,898,9,40,2025-12-28,credit card,0.0,Completed
6585,283,9,51,26/01/2026,PayPal,0.2,Completed
6586,1161,9,49,08/24/2023,Store Credit,0.0,Completed
6587,634,8,24,2025/11/13,Store Credit,0.2,Completed
6588,752,11,45,"November 25, 2025",PayPal,10%,Completed
6589,375,13,30,2024-11-24,Cash,20%,Completed
6590,223,4,73,31/05/2025,Gift Card,0.0,Returned
6591,1016,7,23,2023-11-10,credit card,0.1,Returned
6592,265,4,69,2023/07/03,Debit  Card,5%,Completed
6593,422,8,36,"November 23, 2023",Credit Card,0.0,Completed
6594,44,10,19,"October 05, 2023",credit card,0.0,Completed
6595,736,3,28,30 Oct 2024,Cash,0.0,Completed
6596,830,10,56,"September 27, 2025",CASH,0.0,Completed
6597,526,10,47,2023-12-24,Cash,0.0,Completed
6598,1189,2,76,15/08/2024,PayPal,0.0,Completed
6599,182,8,88,14/06/2023,Credit Card,0.0,Completed
6600,59,2,31,25/05/2023,Cash,0.1,Completed
6601,428,13,10,2024-03-07,Credit Card,0.0,Completed
6602,1059,11,64,2023-11-18,Store Credit,10%,Completed
6603,965,2,36,2026/02/13,Store Credit,0.05,Returned
6604,477,3,5,02/22/2025,credit card,10%,Completed
6605,158,77,4,03 Mar 2024,Store Credit,0.0,Completed
6606,1211,5,5,17/03/2024,credit card,0.0,Completed
6607,1026,77,21,"August 21, 2024",NaN,5%,Completed
6608,231,7,50,2026/01/08,Credit Card,0.15,Completed
6609,292,5,42,02 Feb 2025,Cash,20%,Completed
6610,548,3,73,07-02-2023,Cash,25%,Completed
6611,993,13,21,"August 16, 2023",Cash,0.0,Completed
6612,299,4,37,13 Oct 2024,Debit Card,0.0,Completed
6613,823,11,55,21/11/2025,Store Credit,0.0,Completed
6614,915,77,54,"January 20, 2023",Cash,0.0,Completed
6615,18,3,78,2023-12-29,Store Credit,0.0,Completed
6616,1095,13,84,26 Apr 2024,credit card,0.0,Completed
6617,1198,7,30,2023/03/22,Cash,0.0,Returned
6618,1221,9,66,24-07-2026,Cash,0.25,Cancelled
6619,41,13,73,05 Oct 2023,Credit Card,0.0,Completed
6620,195,5,85,05/07/2025,credit card,0.0,Completed
6621,446,9,6,"March 20, 2025",Store Credit,15%,Completed
6622,272,9,76,2024/03/17,Cash,0.15,Completed
6623,953,10,86,2025/02/21,CASH,0.1,Completed
6624,614,13,5,04/13/2024,Gift Card,10%,Completed
6625,358,7,5,"April 29, 2026",Debit  Card,0.05,Completed
6626,1098,9,48,12/01/2026,CASH,0.0,Completed
6627,869,12,18,02/25/2024,CASH,0.0,Completed
6628,81,1,2,02 Dec 2024,Cash,5%,Completed
6629,1130,11,90,2025/11/23,Cash,0.0,Returned
6630,402,10,80,2024/11/16,-,0.0,Completed
6631,1038,7,66,2023/10/23,Credit Card,0.05,Completed
6632,250,10,76,31/12/2023,credit card,0.0,Completed
6633,756,10,64,04-04-2026,Cash,0.0,Completed
6634,746,2,48,07/02/2023,PayPal,0.15,Completed
6635,316,12,14,07/21/2024,PayPal,0.0,Completed
6636,488,3,66,08/28/2023,credit card,0.0,Completed
6637,252,2,57,"February 24, 2026",PayPal,0.0,Completed
6638,704,9,50,16/03/2025,PayPal,0.05,Completed
6639,227,7,36,2023-04-29,credit card,0.0,Completed
6640,44,77,63,"July 26, 2023",Store Credit,0.0,Completed
6641,957,6,7,25-09-2024,Store Credit,0.0,Completed
6642,974,1,35,"May 26, 2026",Gift Card,0.0,Completed
6643,774,9,65,2025/02/22,Cash,0.1,Completed
6644,841,12,1,18/12/2025,Store Credit,20%,Completed
6645,505,6,63,2023-02-04,Debit  Card,0.05,Completed
6646,246,9,32,"April 24, 2023",Store Credit,25%,Completed
6647,495,6,11,28/08/2024,Gift Card,0.05,Returned
6648,586,13,59,25/04/2026,Debit  Card,0.0,Completed
6649,445,6,45,2023/08/19,credit card,0.15,Completed
6650,684,8,45,"June 05, 2023",Store Credit,0.05,Completed
6651,909,1,40,12-06-2025,credit card,0.0,Completed
6652,351,12,29,02/09/2025,N/A,0.1,Cancelled
6653,231,77,66,"March 20, 2026",Debit Card,0.0,Completed
6654,800,9,56,"May 14, 2024",Cash,0.0,Completed
6655,1141,12,2,"October 01, 2023",credit card,0.0,Cancelled
6656,209,9,35,25/01/2026,,25%,Completed
6657,682,9,73,24-12-2025,credit card,0.0,Completed
6658,803,3,7,01 Jun 2024,Cash,0.05,Cancelled
6659,976,7,54,07/10/2026,Credit Card,0.0,Completed
6660,313,6,69,12/05/2025,Store Credit,15%,Completed
6661,996,2,19,2025-09-07,PayPal,0.0,Completed
6662,596,13,79,2026-06-21,PayPal,0.05,Completed
6663,1186,3,10,"June 08, 2023",Debit  Card,0.0,Returned
6664,674,10,31,2023/10/28,Debit  Card,0.0,Completed
6665,576,5,33,24 Jul 2023,Debit  Card,0.0,Completed
6666,126,4,50,28 Feb 2023,Gift Card,0.1,Completed
6667,681,9,33,2024-11-24,Gift Card,0.0,Completed
6668,585,3,17,"May 08, 2026",Gift Card,20%,Completed
6669,240,5,30,,Credit Card,0.05,Completed
6670,1067,1,58,"August 30, 2023",Debit Card,0.0,Completed
6671,921,12,81,2023/02/28,Debit Card,5%,Completed
6672,611,3,35,05/05/2023,Cash,0.1,Cancelled
6673,16,13,8,"February 02, 2025",Store Credit,0.0,Completed
6674,1210,12,999,19-05-2023,credit card,0.25,Completed
6675,775,2,33,09-11-2023,none,0.0,Completed
6676,43,6,28,"November 14, 2023",Debit  Card,0.0,completed
6677,819,10,64,2024/05/02,Store Credit,0.0,Completed
6678,928,4,76,10/22/2023,PayPal,0.15,Completed
6679,911,1,67,02/27/2025,Credit Card,5%,Completed
6680,322,6,90,21/04/2023,Gift Card,0.15,Completed
6681,401,5,10,2023/03/22,Credit Card,0.1,Completed
6682,779,6,57,17/03/2023,Debit Card,5%,Completed
6683,131,3,90,01/29/2023,CASH,0.0,Completed
6684,464,10,58,13-07-2025,Debit Card,5%,Completed
6685,537,10,79,2025/04/25,NaN,5%,Completed
6686,622,5,28,2024-07-15,credit card,5%,Completed
6687,417,11,79,2024-05-06,PayPal,0.0,Returned
6688,989,13,7,08/29/2023,Cash,0.0,Cancelled
6689,1084,5,29,20/03/2024,Cash,0.2,Completed
6690,737,12,66,"July 22, 2025",PayPal,0.15,Returned
6691,656,1,22,02 Jun 2025,Store Credit,0.05,Completed
6692,127,2,15,2025-07-02,credit card,0.0,Completed
6693,1145,10,30,2023-03-25,Debit  Card,10%,Completed
6694,1037,8,64,23/08/2025,PayPal,0.05,Completed
6695,961,11,82,"April 06, 2024",Gift Card,0.1,Completed
6696,78,7,28,21/02/2025,Credit Card,0.0,Completed
6697,558,11,20,2023/01/04,Debit Card,5%,Completed
6698,150,77,8,2024-08-09,Store Credit,0.1,Completed
6699,648,2,20,2026-07-25,Store Credit,0.0,Completed
6700,398,4,37,11/25/2025,,0.0,Completed
6701,216,77,62,06-07-2023,PayPal,0.0,Completed
6702,411,13,29,2023-01-01,Debit  Card,15%,Completed
6703,1060,1,88,02-11-2025,NULL,0.15,Completed
6704,634,11,40,25 Mar 2024,Debit  Card,0.0,Completed
6705,37,1,19,"November 14, 2025",CASH,0.0,Completed
6706,1018,9,16,2023-10-11,Debit Card,25%,Completed
6707,1110,4,66,08/27/2025,CASH,0.15,Completed
6708,820,4,7,19/04/2023,credit card,0.0,Completed
6709,219,13,72,17 May 2024,Gift Card,0.15,Completed
6710,1144,7,8,29-03-2025,CASH,0.0,Completed
6711,283,3,22,30 Aug 2024,Gift Card,0.0,Completed
6712,401,13,86,"October 17, 2025",Cash,0.15,Completed
6713,1165,7,26,2025-09-29,credit card,20%,Completed
6714,530,77,35,"January 07, 2024",PayPal,0.05,Completed
6715,824,8,48,"May 06, 2024",credit card,0.1,Completed
6716,1149,4,3,2024-07-29,Store Credit,0.05,Completed
6717,778,12,38,11 Jan 2024,credit card,0.0,Completed
6718,876,13,37,"November 16, 2023",credit card,5%,Completed
6719,613,13,77,01/17/2023,Store Credit,0.0,completed
6720,665,10,54,23/08/2025,Debit  Card,0.0,Completed
6721,145,10,64,03/13/2025,Cash,0.0,Completed
6722,543,13,63,18 May 2026,-,0.15,Completed
6723,317,77,6,04/05/2024,Credit Card,0.0,Completed
6724,232,77,80,03/06/2025,Gift Card,10%,Completed
6725,1143,6,56,07/01/2025,credit card,5%,Completed
6726,577,9,14,17 May 2023,Cash,0.05,Completed
6727,970,9,17,15/04/2023,PayPal,0.05,Completed
6728,1206,10,56,12/08/2024,-,0.0,Completed
6729,914,11,22,10/13/2024,Debit Card,0.0,Completed
6730,1053,8,46,"June 18, 2026",none,0.0,Completed
6731,141,77,67,07/17/2025,Credit Card,0.2,Completed
6732,1107,4,73,19 Mar 2024,none,0.0,Completed
6733,990,9,60,25 Mar 2024,credit card,0.05,Returned
6734,1180,5,27,"May 09, 2025",CASH,0.0,Completed
6735,300,10,24,25/04/2025,Gift Card,10%,Completed
6736,491,8,5,18 Sep 2025,CASH,25%,Completed
6737,1161,10,1,29-03-2023,Gift Card,0.05,Completed
6738,1158,3,63,02/04/2023,Cash,0.15,Completed
6739,713,1,38,"January 21, 2025",PayPal,0.15,Completed
6740,227,11,14,12/23/2024,Gift Card,0.25,Completed
6741,1046,3,74,2025-12-07,Gift Card,0.1,Completed
6742,263,12,64,25/04/2025,credit card,0.0,Completed
6743,363,6,41,14 Sep 2024,Debit Card,0.0,Completed
6744,77,77,15,13-03-2023,Cash,0.0,Completed
6745,124,12,71,14 May 2025,PayPal,0.0,Completed
6746,1148,1,89,2025-11-06,PayPal,0.0,Completed
6747,211,5,28,2025/03/26,PayPal,0.05,Completed
6748,653,9,43,2023-07-23,Cash,0.0,Completed
6749,1201,77,22,17/11/2023,Debit  Card,0.0,Cancelled
6750,962,6,25,31-05-2025,Debit  Card,0.0,Completed
6751,626,7,4,24 May 2024,Store Credit,0.0,Completed
6752,379,13,76,03/28/2025,Gift Card,0.0,Completed
6753,369,7,76,06 Jun 2025,Debit Card,0.1,Completed
6754,22,9,63,"July 30, 2024",Cash,0.0,Completed
6755,732,1,58,19 May 2024,credit card,0.05,Completed
6756,235,11,27,2025/12/13,credit card,10%,Completed
6757,1163,8,44,2025/04/05,CASH,0.15,Completed
6758,137,1,21,24 Sep 2023,Store Credit,15%,Completed
6759,899,12,55,18 Nov 2023,Cash,0.1,Completed
6760,1176,9,79,07/17/2023,Debit  Card,0.0,Cancelled
6761,34,77,43,"June 11, 2025",Gift Card,0.0,Returned
6762,565,1,27,10-06-2023,credit card,0.0,Completed
6763,989,10,17,,Debit Card,0.05,Completed
6764,1070,10,68,2023/07/22,Store Credit,20%,Completed
6765,683,4,27,08 Feb 2026,Debit Card,0.05,Completed
6766,1109,12,50,,credit card,10%,Completed
6767,806,4,8,2025-04-09,Gift Card,15%,completed
6768,52,13,58,2025/07/29,NaN,0.0,Completed
6769,458,2,18,"April 24, 2025",PayPal,0.05,Completed
6770,925,5,49,24 Apr 2024,CASH,20%,Completed
6771,497,9,50,10/15/2023,PayPal,0.0,Completed
6772,621,13,61,"October 11, 2024",Credit Card,0.0,Completed
6773,231,3,76,19/04/2023,Credit Card,0.15,Completed
6774,874,3,11,01/08/2026,Cash,0.15,Completed
6775,475,12,32,03/02/2025,credit card,0.0,Completed
6776,71,9,81,09 Sep 2023,PayPal,5%,Completed
6777,161,13,77,22 Feb 2023,Cash,0.0,Completed
6778,551,13,7,10 May 2026,Gift Card,0.1,Completed
6779,806,12,64,"November 16, 2023",credit card,0.0,Completed
6780,1205,77,6,19/12/2025,Store Credit,0.05,Completed
6781,539,3,31,"October 05, 2025",Store Credit,0.05,Completed
6782,1184,77,89,2023-11-17,Debit  Card,0.2,Completed
6783,36,2,48,08/09/2025,Credit Card,0.05,Completed
6784,556,4,81,2025/01/06,Store Credit,5%,Completed
6785,956,11,28,28-06-2025,Credit Card,0.05,Completed
6786,635,11,88,14-02-2026,CASH,5%,Completed
6787,1072,12,44,07/06/2025,Debit Card,5%,Completed
6788,280,12,7,,Debit Card,0.1,Completed
6789,598,4,23,06/07/2023,none,0.05,Completed
6790,564,5,14,07/24/2024,Gift Card,15%,Completed
6791,1135,77,11,"February 21, 2025",,0.2,Completed
6792,1205,9,63,28-03-2025,Debit  Card,0.0,Completed
6793,1219,3,48,2026-01-16,Credit Card,0.05,Completed
6794,872,5,56,10-05-2024,PayPal,5%,Completed
6795,928,1,11,30 Sep 2023,credit card,0.1,Completed
6796,713,13,15,21 Jun 2026,Store Credit,0.25,Completed
6797,313,4,48,12 Sep 2025,Debit  Card,0.1,Completed
6798,103,10,11,29 Nov 2024,Debit Card,0.0,Completed
6799,325,6,25,03/12/2023,Credit Card,0.0,Completed
6800,254,11,51,"October 02, 2024",Credit Card,0.1,Completed
6801,275,4,13,23/12/2024,PayPal,0.0,Completed
6802,1011,1,42,2025-11-11,Debit  Card,5%,Completed
6803,857,1,15,10/10/2024,PayPal,0.0,Completed
6804,163,13,32,22 Mar 2024,Gift Card,0.2,Completed
6805,128,6,13,04 Apr 2023,PayPal,10%,Completed
6806,1196,12,15,09-07-2026,Gift Card,0.0,Completed
6807,303,7,27,"March 14, 2026",Debit Card,0.0,Completed
6808,566,77,24,14-04-2026,Gift Card,5%,Completed
6809,362,5,4,01/07/2023,Credit Card,5%,Completed
6810,756,12,35,05/03/2023,Credit Card,10%,Returned
6811,904,8,38,2025-10-13,PayPal,0.0,Completed
6812,734,3,23,2025-05-20,Credit Card,0.0,Completed
6813,123,6,4,09/02/2023,Debit  Card,0.15,Completed
6814,949,12,26,05/21/2024,CASH,10%,Completed
6815,640,10,77,2024/04/05,Cash,5%,Completed
6816,906,4,60,02-07-2025,Gift Card,0.1,Completed
6817,587,6,58,27 May 2024,credit card,10%,Completed
6818,812,1,68,"August 29, 2023",,10%,Completed
6819,181,77,38,08/03/2024,CASH,0.1,Cancelled
6820,608,6,49,2025-10-31,Gift Card,0.0,Completed
6821,190,12,49,2023/10/15,Gift Card,15%,Completed
6822,220,1,79,"March 04, 2026",credit card,0.0,Completed
6823,969,4,52,"March 25, 2023",Store Credit,0.1,Returned
6824,1200,7,21,2023-07-08,Cash,0.0,Completed
6825,364,6,31,27-08-2023,PayPal,0.25,Completed
6826,938,3,12,12/31/2023,credit card,0.1,Completed
6827,814,13,58,2026-05-15,Cash,0.15,Completed
6828,720,4,6,10/15/2023,Gift Card,0.0,Completed
6829,746,8,61,20/11/2025,CASH,0.05,Completed
6830,859,6,15,21-11-2023,NaN,20%,Completed
6831,73,1,35,05/24/2026,CASH,0.0,Completed
6832,839,7,55,2024-04-21,Cash,0.0,Completed
6833,233,11,65,05/26/2024,PayPal,0.05,Completed
6834,119,2,11,,Credit Card,0.1,Completed
6835,1197,8,29,18-05-2024,credit card,0.0,Completed
6836,752,2,29,2024/09/04,Debit Card,0.25,completed
6837,683,1,78,20 Jun 2024,Credit Card,15%,Completed
6838,856,10,38,21/11/2024,Store Credit,0.05,Completed
6839,243,5,81,,PayPal,0.0,Completed
6840,254,6,66,07/02/2025,credit card,0.0,Completed
6841,758,12,71,2023/07/28,PayPal,10%,Completed
6842,308,8,66,30-12-2023,credit card,5%,Completed
6843,1062,6,9,"November 12, 2025",Gift Card,0.0,Completed
6844,949,7,69,01/11/2024,Debit Card,0.0,Completed
6845,73,8,61,24 Apr 2024,PayPal,0.05,Completed
6846,464,10,48,07 Jun 2023,PayPal,0.1,Completed
6847,5,6,39,2024/02/05,credit card,0.0,Completed
6848,1025,13,54,2025/03/27,Debit  Card,0.0,Completed
6849,557,12,19,2024-02-15,credit card,0.05,Completed
6850,147,13,57,06/04/2026,Debit Card,0.0,Completed
6851,405,9,15,01/25/2025,Store Credit,0.0,Cancelled
6852,583,12,1,20-06-2026,CASH,0.2,Completed
6853,263,12,38,30-06-2024,credit card,0.0,Completed
6854,105,9,18,"May 14, 2024",Store Credit,0.0,Completed
6855,447,2,13,04/27/2026,PayPal,0.0,Completed
6856,389,7,7,"January 25, 2026",Cash,0.0,Completed
6857,734,12,68,06-07-2023,Debit Card,0.0,Completed
6858,92,11,999,05/27/2025,Store Credit,5%,Completed
6859,762,3,30,"February 04, 2026",CASH,0.0,Completed
6860,710,1,30,26-09-2025,PayPal,10%,Completed
6861,781,11,7,09/06/2025,N/A,0.0,Completed
6862,338,2,79,"February 16, 2026",Gift Card,0.05,Completed
6863,82,8,25,2025/07/16,CASH,0.0,Completed
6864,312,1,50,23-08-2023,Store Credit,0.0,Completed
6865,599,11,17,2026/05/17,Cash,0.0,Completed
6866,253,3,69,23-08-2025,Debit Card,0.05,PENDING
6867,731,12,87,05-07-2025,Gift Card,0.0,Completed
6868,546,3,41,12-03-2025,credit card,15%,Completed
6869,1186,3,77,2025-02-01,Store Credit,0.1,Completed
6870,1063,9,87,2023-10-09,Debit Card,15%,Completed
6871,645,9,46,06/12/2025,Cash,0.0,Completed
6872,107,9,30,2023/12/18,CASH,0.1,Completed
6873,836,3,24,2023-06-30,-,0.0,Completed
6874,895,10,33,20-06-2023,CASH,0.0,Completed
6875,691,6,76,"May 24, 2023",CASH,0.0,Returned
6876,1047,6,88,2024/07/24,Gift Card,0.1,Completed
6877,885,10,84,18-10-2025,Debit  Card,0.0,Completed
6878,699,10,22,2024-04-29,Gift Card,0.0,Completed
6879,249,77,43,06/01/2023,credit card,0.1,Completed
6880,558,12,65,"July 12, 2023",Debit  Card,15%,Returned
6881,585,1,16,13/09/2023,PayPal,0.0,Completed
6882,563,1,46,2026-03-11,Cash,0.0,Completed
6883,1103,77,43,2024-08-25,Credit Card,10%,Completed
6884,485,9,2,2026-07-08,Gift Card,0.0,Completed
6885,424,1,61,"June 18, 2025",credit card,0.25,Completed
6886,380,4,82,20 Jan 2026,Debit  Card,0.0,Completed
6887,485,9,76,21 May 2025,Debit  Card,0.0,Completed
6888,814,6,38,2025-07-01,Cash,0.2,Completed
6889,1146,5,25,10 Jan 2024,Cash,0.05,Completed
6890,509,6,67,2024-03-26,Debit Card,0.0,Completed
6891,740,77,11,2024/10/05,PayPal,0.05,Completed
6892,140,12,73,2025-01-10,Cash,0.0,Completed
6893,735,1,25,2026/01/24,Debit Card,20%,Completed
6894,109,6,67,06/28/2023,credit card,0.1,Returned
6895,849,13,85,06/01/2023,Store Credit,0.0,Completed
6896,660,10,71,2024-11-09,CASH,5%,Completed
6897,565,4,4,2025-06-30,Debit Card,0.0,Completed
6898,900,11,25,"March 09, 2023",PayPal,15%,Completed
6899,527,6,41,01 Feb 2023,Cash,10%,Completed
6900,991,4,84,10/28/2023,Cash,0.0,Completed
6901,403,2,46,2025-03-08,Debit  Card,15%,Completed
6902,315,11,6,"June 24, 2023",Debit Card,0.1,Completed
6903,825,2,71,"January 17, 2024",CASH,0.2,Completed
6904,244,77,72,12/25/2024,Store Credit,0.05,Completed
6905,113,77,60,2026/01/02,Gift Card,5%,Completed
6906,350,13,34,2026-05-16,Credit Card,0.1,Completed
6907,707,10,89,21-05-2026,credit card,0.0,Cancelled
6908,376,11,15,"October 07, 2025",Cash,0.0,Completed
6909,251,1,30,09/09/2023,Credit Card,0.0,Completed
6910,144,9,82,04/21/2025,Store Credit,0.0,Completed
6911,727,6,35,2026/02/23,credit card,0.2,Completed
6912,769,77,39,23-06-2025,Credit Card,0.0,Completed
6913,424,2,86,2026/04/24,CASH,0.0,Completed
6914,611,5,69,30-06-2025,Gift Card,0.0,PENDING
6915,1134,13,1,18/12/2023,Debit Card,5%,Completed
6916,426,3,80,03/25/2023,,0.1,Completed
6917,18,7,38,2026/04/18,-,0.0,Completed
6918,203,12,61,2024-09-29,Debit  Card,0.0,Completed
6919,49,12,70,26/09/2025,Debit Card,0.1,Completed
6920,1217,8,66,04-08-2024,Gift Card,5%,Completed
6921,962,7,44,2024-05-31,-,0.0,Completed
6922,954,2,78,"June 15, 2024",PayPal,5%,Completed
6923,834,6,18,14/10/2023,credit card,0.0,Completed
6924,119,5,6,2023/07/03,Debit Card,0.0,Completed
6925,176,1,26,31 Jan 2026,Cash,0.0,Completed
6926,1177,6,67,2026-07-02,Cash,0.0,Completed
6927,422,9,74,11/09/2024,PayPal,20%,Completed
6928,817,13,47,2023/09/19,Store Credit,0.0,Completed
6929,434,11,54,28/05/2023,Cash,0.1,Completed
6930,229,5,83,"July 13, 2026",PayPal,0.0,Completed
6931,1173,10,1,2026/02/26,Store Credit,0.05,Completed
6932,842,5,88,"December 13, 2025",PayPal,0.05,Completed
6933,381,11,13,05-02-2023,Credit Card,0.1,Completed
6934,443,2,30,23/05/2026,Cash,5%,Completed
6935,600,5,82,03/05/2023,credit card,0.05,Completed
6936,551,9,44,2026-03-04,Debit  Card,0.0,Completed
6937,220,13,88,"June 01, 2025",Debit  Card,0.0,Completed
6938,623,12,3,17-01-2024,Cash,20%,Completed
6939,1164,11,35,13/04/2026,Debit Card,0.0,Completed
6940,484,2,44,15/06/2023,PayPal,0.0,Completed
6941,717,6,83,"December 02, 2025",Gift Card,0.0,Cancelled
6942,787,13,80,"October 06, 2025",CASH,0.05,Completed
6943,486,5,84,"February 08, 2026",Debit Card,0.0,Completed
6944,104,13,21,23 Sep 2023,PayPal,0.1,Completed
6945,1039,10,3,19/07/2026,Gift Card,0.0,Completed
6946,426,1,33,05 Oct 2023,CASH,0.0,Completed
6947,936,11,13,13/01/2026,Debit  Card,15%,Completed
6948,186,3,87,2025-05-31,Store Credit,5%,Returned
6949,32,10,65,05/12/2024,Gift Card,0.2,Completed
6950,587,8,2,2026/05/20,Gift Card,0.0,Completed
6951,684,7,60,26-10-2024,CASH,0.05,Cancelled
6952,761,8,35,"May 09, 2026",Store Credit,0.1,Completed
6953,655,13,7,21 Jun 2025,Gift Card,0.15,Completed
6954,814,8,67,28 Feb 2025,Debit  Card,0.0,Completed
6955,1104,8,75,12 Oct 2024,Store Credit,0.0,Completed
6956,1194,77,25,"August 23, 2025",CASH,0.1,Completed
6957,1030,5,82,"April 22, 2023",credit card,0.0,Completed
6958,152,4,40,27/09/2023,Credit Card,10%,Completed
6959,997,8,11,2023/01/12,Store Credit,0.0,Completed
6960,554,10,6,"March 13, 2024",Credit Card,0.0,Completed
6961,468,77,11,02-06-2025,Cash,0.0,Cancelled
6962,316,4,53,"March 02, 2025",Gift Card,0.0,Completed
6963,668,8,41,09-01-2024,Store Credit,0.1,Completed
6964,929,5,22,21-07-2024,Gift Card,0.0,Completed
6965,676,4,3,10-04-2026,CASH,0.0,Completed
6966,949,12,15,06/23/2023,Store Credit,0.25,Completed
6967,402,7,51,2025/01/03,Cash,0.0,Completed
6968,3,10,50,2024-04-28,CASH,0.0,Completed
6969,1131,6,58,01-07-2024,Store Credit,5%,Completed
6970,101,9,84,01/11/2025,CASH,0.0,Completed
6971,299,9,88,24-12-2025,CASH,15%,Completed
6972,246,12,3,29 May 2023,Store Credit,0.0,Returned
6973,900,4,67,09/03/2023,CASH,0.15,Returned
6974,1157,10,85,12/08/2023,Cash,0.1,Completed
6975,505,2,46,2024/04/27,Credit Card,0.0,Completed
6976,841,11,46,02/05/2026,Cash,0.0,Completed
6977,933,5,80,31 Mar 2026,PayPal,0.05,Completed
6978,810,3,35,29-04-2026,Gift Card,10%,Completed
6979,517,2,9,"May 03, 2024",credit card,0.15,Completed
6980,1027,1,87,2025-12-12,credit card,20%,Completed
6981,566,1,84,"June 18, 2026",Credit Card,0.0,Completed
6982,621,6,59,15-02-2026,Cash,0.25,Completed
6983,877,1,54,12 Apr 2023,Store Credit,0.1,Completed
6984,890,77,84,19 Mar 2026,Debit Card,0.0,Completed
6985,1169,6,43,01/16/2024,Gift Card,25%,Completed
6986,1190,8,81,24/05/2023,Store Credit,0.0,Completed
6987,1135,10,999,26/03/2024,credit card,0.0,Completed
6988,31,9,41,03/20/2026,Credit Card,0.1,Completed
6989,398,6,18,22/07/2025,credit card,0.1,Completed
6990,444,11,13,2026-03-13,Debit  Card,0.0,Completed
6991,952,10,49,2025/04/18,Credit Card,20%,Completed
6992,246,6,19,"December 06, 2024",Gift Card,0.0,Completed
6993,59,7,61,05 Mar 2023,CASH,0.2,Completed
6994,488,6,85,"May 26, 2026",Debit Card,0.15,Completed
6995,13,1,83,"August 15, 2025",Debit Card,0.0,Completed
6996,584,6,4,23-01-2025,PayPal,0.0,Completed
6997,1107,2,45,15 Sep 2025,Debit  Card,0.05,Completed
6998,106,3,11,2025-08-17,CASH,0.05,Completed
6999,1059,4,22,01/09/2024,PayPal,0.0,Completed
7000,334,2,27,2025-04-12,Debit  Card,0.05,Completed
7001,1056,6,80,"March 21, 2023",PayPal,0.0,Completed
7002,576,6,71,22-03-2023,Store Credit,0.0,PENDING
7003,1129,9,80,2023/11/12,PayPal,0.1,Completed
7004,139,77,67,2024-03-30,Debit Card,0.05,Completed
7005,803,8,29,2024-05-17,Store Credit,0.2,Completed
7006,997,9,5,10/26/2024,Debit Card,0.0,Completed
7007,782,4,14,2023/04/09,Cash,0.0,Completed
7008,897,7,77,2023/10/06,Cash,0.05,Completed
7009,39,9,72,06-03-2024,Debit Card,0.0,Completed
7010,303,13,65,11/12/2024,Cash,0.0,Completed
7011,1089,8,7,05/04/2025,PayPal,0.0,Completed
7012,116,10,68,25-12-2023,PayPal,0.0,Completed
7013,24,1,999,22/04/2025,Store Credit,0.05,Completed
7014,1172,4,43,14 Sep 2024,Gift Card,25%,Completed
7015,1083,77,66,20-08-2024,PayPal,0.0,Completed
7016,883,4,84,"April 04, 2024",Credit Card,0.1,Completed
7017,1001,1,24,2023/03/07,Debit Card,0.0,Completed
7018,222,9,69,2023-02-24,PayPal,0.1,Completed
7019,1012,1,59,"April 14, 2025",Cash,5%,Completed
7020,193,2,16,15/05/2023,PayPal,0.0,Completed
7021,575,11,70,2024-06-10,CASH,0.05,Completed
7022,661,5,48,2026/04/30,NULL,5%,Completed
7023,189,6,84,"May 12, 2024",Store Credit,15%,Completed
7024,1193,8,68,"August 06, 2024",Credit Card,0.0,Completed
7025,259,10,4,2024/09/27,Cash,0.0,Completed
7026,274,8,67,30 Nov 2025,Cash,0.0,Completed
7027,387,8,63,17 Dec 2024,CASH,10%,Returned
7028,1019,2,80,17-02-2023,CASH,0.15,Completed
7029,2,7,78,2026-06-09,Gift Card,0.0,completed
7030,427,11,47,2025/03/04,credit card,10%,Completed
7031,730,13,29,07/21/2023,credit card,10%,Completed
7032,671,8,75,26 Aug 2024,Credit Card,0.0,Completed
7033,766,6,90,"April 05, 2026",N/A,0.0,Completed
7034,133,5,10,2023-05-15,PayPal,0.0,Completed
7035,539,77,73,,credit card,0.0,Completed
7036,274,12,67,18-11-2024,CASH,0.0,Completed
7037,1088,9,52,12/30/2024,Gift Card,10%,Completed
7038,1005,13,24,06-07-2025,PayPal,0.1,Completed
7039,906,8,37,23 Sep 2024,Credit Card,0.0,Completed
7040,531,77,11,2023/05/15,CASH,0.1,Completed
7041,708,77,7,"May 02, 2023",credit card,0.05,Completed
7042,792,3,45,22/04/2024,Cash,0.1,Completed
7043,530,5,22,"April 25, 2026",CASH,5%,Completed
7044,1059,5,50,07-07-2024,credit card,0.0,Completed
7045,388,13,1,"November 08, 2025",Credit Card,0.2,Completed
7046,978,3,4,29-06-2026,Credit Card,20%,Completed
7047,750,11,19,28 May 2023,Debit Card,0.0,Completed
7048,866,11,55,12 Jan 2025,none,0.0,Completed
7049,34,7,90,09/05/2024,Debit Card,5%,Completed
7050,1103,9,48,21-12-2025,Cash,0.2,Completed
7051,919,10,71,2024-07-26,Store Credit,0.05,Completed
7052,235,4,3,25 Jan 2025,Credit Card,5%,Completed
7053,175,5,77,19-07-2025,Debit Card,0.15,Completed
7054,249,13,84,21 Sep 2023,Debit  Card,0.0,Completed
7055,440,5,999,2023-09-17,Debit Card,15%,Completed
7056,512,6,45,"June 24, 2024",CASH,5%,Completed
7057,968,11,64,13-09-2024,Store Credit,0.0,Completed
7058,290,1,52,"February 24, 2023",Store Credit,0.05,Completed
7059,1076,4,59,02/23/2024,Debit Card,0.1,Completed
7060,714,7,46,06-02-2023,Cash,0.15,Completed
7061,676,13,89,19-06-2026,Store Credit,0.0,Returned
7062,1088,13,30,"November 30, 2024",Credit Card,0.0,Completed
7063,147,2,15,05/04/2024,Store Credit,0.1,Completed
7064,725,5,22,30-11-2023,Debit Card,0.0,Completed
7065,559,8,12,"April 19, 2025",Credit Card,0.1,Completed
7066,1195,5,59,03/29/2023,Credit Card,5%,Completed
7067,83,5,44,29/03/2024,Debit Card,10%,Completed
7068,337,1,48,2024-03-02,Debit Card,0.0,Completed
7069,537,7,71,09-07-2025,Gift Card,0.2,completed
7070,635,77,3,"December 12, 2024",Cash,0.05,Cancelled
7071,568,12,67,2023/11/19,CASH,0.1,Completed
7072,409,6,21,2026-05-27,Debit Card,0.15,Completed
7073,329,11,63,07/12/2026,Gift Card,15%,Completed
7074,994,11,999,01/24/2025,credit card,10%,Completed
7075,355,3,61,2025/02/13,Debit  Card,5%,Completed
7076,28,4,16,2025-09-20,NaN,0.0,Completed
7077,43,77,41,01/08/2023,Debit  Card,0.2,Completed
7078,1082,5,58,27-07-2023,Debit Card,10%,Completed
7079,520,12,37,2024/06/06,PayPal,0.1,Completed
7080,1059,8,67,05/07/2023,credit card,10%,Completed
7081,754,11,66,02 Sep 2024,Debit Card,0.0,Completed
7082,814,77,52,10 Oct 2025,CASH,0.15,Completed
7083,985,13,88,20 Sep 2024,CASH,20%,Completed
7084,688,77,30,2024-12-31,Store Credit,5%,Completed
7085,587,3,80,2023-03-28,PayPal,0.15,Completed
7086,671,5,74,06-03-2024,Store Credit,0.0,Completed
7087,999,11,89,"November 28, 2025",CASH,0.0,Completed
7088,122,10,76,04/27/2026,Debit  Card,5%,Completed
7089,433,2,60,12/07/2024,Debit Card,0.15,Completed
7090,72,11,80,24-09-2024,Cash,0.1,Completed
7091,511,2,46,02/08/2026,Cash,15%,Completed
7092,64,6,78,2023-01-06,credit card,0.0,Completed
7093,190,13,67,15/02/2026,Credit Card,10%,Completed
7094,39,9,14,09/22/2023,Store Credit,0.05,Completed
7095,1137,11,81,17/07/2023,PayPal,5%,Completed
7096,1085,2,77,2024-11-03,Debit Card,0.0,Completed
7097,264,11,23,24/09/2023,NULL,0.0,Completed
7098,1199,5,33,2026/03/21,Credit Card,0.0,Completed
7099,139,4,21,25 Aug 2024,Debit  Card,0.0,Completed
7100,612,12,44,"September 17, 2024",Cash,5%,Completed
7101,212,13,41,16/05/2024,credit card,0.25,Completed
7102,402,7,49,12 Feb 2025,PayPal,0.0,Completed
7103,22,6,81,24 Nov 2025,Gift Card,0.0,Completed
7104,757,11,43,2023-10-17,Cash,0.0,Completed
7105,699,5,62,18 Feb 2024,Gift Card,5%,Completed
7106,289,11,52,2025/04/12,Store Credit,25%,Completed
7107,200,9,65,24/11/2025,Gift Card,5%,Completed
7108,151,3,34,2025/07/15,Debit Card,0.0,Cancelled
7109,268,11,10,03-08-2023,Debit Card,0.0,Completed
7110,897,2,3,14 Jun 2023,credit card,0.1,Completed
7111,313,13,35,11/06/2024,Credit Card,0.1,Completed
7112,1140,9,55,2026-05-16,Debit Card,0.0,Completed
7113,947,77,8,10-07-2024,Gift Card,0.0,Completed
7114,240,4,55,17 Jun 2026,credit card,0.0,Completed
7115,825,5,57,2023-01-06,Gift Card,10%,Completed
7116,163,1,62,11 Dec 2024,PayPal,0.2,Completed
7117,492,7,13,03/12/2025,Cash,0.1,Completed
7118,1092,11,41,2026-05-13,Credit Card,20%,Cancelled
7119,141,9,38,01/10/2023,Credit Card,0.0,Returned
7120,999,12,23,10 Apr 2026,Store Credit,0.0,Completed
7121,499,2,83,20-04-2026,CASH,0.0,Completed
7122,1113,4,38,13 Jun 2023,Gift Card,0.05,Completed
7123,1132,5,40,2025-07-31,Debit Card,0.0,Completed
7124,550,4,15,01/11/2023,Cash,0.0,Completed
7125,78,4,48,18/08/2024,Debit Card,0.0,Completed
7126,39,1,49,12/17/2025,credit card,25%,Completed
7127,527,3,27,2024-12-26,Gift Card,0.0,Completed
7128,431,5,18,"July 22, 2025",Debit  Card,0.0,Completed
7129,105,77,78,08/06/2023,NaN,0.05,Completed
7130,1081,11,69,23-09-2024,PayPal,0.2,Completed
7131,450,1,45,2024/09/12,Credit Card,0.05,Completed
7132,1067,13,30,17-08-2024,Debit  Card,0.0,Completed
7133,879,11,67,01/09/2025,CASH,0.0,Completed
7134,187,12,18,09/13/2025,Store Credit,0.05,Completed
7135,879,4,45,"June 07, 2023",Gift Card,0.05,Completed
7136,1140,6,45,2025-09-18,Cash,0.0,Completed
7137,9999,11,22,2024/01/17,Store Credit,0.0,Completed
7138,207,10,51,2024-02-21,CASH,0.0,Completed
7139,957,3,25,23-06-2025,Gift Card,0.0,Completed
7140,205,4,61,19 Sep 2024,Store Credit,0.0,Completed
7141,367,1,3,"October 19, 2024",Gift Card,25%,Completed
7142,584,2,68,2024/05/23,credit card,0.0,Completed
7143,975,12,9,"January 02, 2023",Credit Card,10%,Completed
7144,720,8,17,02/25/2025,Store Credit,0.0,Completed
7145,420,77,43,2023/01/12,Credit Card,0.05,Completed
7146,225,2,54,30/03/2026,Debit  Card,0.1,Completed
7147,613,13,4,11-07-2023,credit card,0.0,Completed
7148,742,12,2,2023/03/04,Debit Card,5%,Completed
7149,884,10,54,"July 04, 2023",PayPal,0.0,Returned
7150,552,7,80,01/24/2026,PayPal,0.0,Completed
7151,562,1,27,07/03/2023,Credit Card,10%,Completed
7152,628,5,31,2024-01-21,credit card,0.0,Completed
7153,118,77,34,14 Jan 2024,Debit  Card,0.0,Completed
7154,1033,7,77,2023-10-10,Gift Card,0.15,Completed
7155,179,4,59,2025/06/03,none,0.0,Completed
7156,978,1,14,09/03/2023,Credit Card,0.0,Completed
7157,567,13,17,08/22/2025,Cash,15%,Completed
7158,1091,3,88,2024-09-22,PayPal,0.15,Completed
7159,1118,1,85,2025-12-08,Credit Card,0.0,Completed
7160,767,4,33,14/05/2025,CASH,0.1,Completed
7161,441,10,56,2026-07-10,Credit Card,0.0,Completed
7162,462,3,37,03 May 2023,Debit Card,0.0,Returned
7163,616,7,30,18-03-2025,Cash,0.1,Completed
7164,894,10,29,2026/04/25,N/A,0.0,Completed
7165,935,8,28,17 Jul 2025,Store Credit,0.0,Completed
7166,851,2,57,11 Jul 2024,Debit  Card,5%,Completed
7167,1170,2,12,07-06-2023,Store Credit,0.0,Completed
7168,852,8,1,26-01-2025,CASH,0.0,Completed
7169,656,10,36,"April 03, 2025",credit card,0.0,Completed
7170,1187,8,55,"May 22, 2023",Credit Card,0.0,Completed
7171,126,7,36,04/21/2024,PayPal,0.0,Returned
7172,751,11,999,2025-03-06,Cash,0.0,Completed
7173,622,8,20,"April 01, 2024",Debit  Card,0.0,Completed
7174,244,3,56,04-06-2024,Credit Card,0.05,Completed
7175,65,3,30,10/01/2025,,0.1,Completed
7176,480,77,50,2024/06/14,Debit Card,0.0,Completed
7177,1160,10,63,23-02-2023,CASH,0.1,Returned
7178,702,6,78,06 Mar 2025,Gift Card,0.0,Completed
7179,231,12,35,06/08/2025,credit card,0.1,Completed
7180,967,13,27,2024/11/14,Store Credit,0.0,Completed
7181,140,11,43,"November 03, 2023",Debit  Card,5%,Completed
7182,81,1,21,"January 11, 2024",Cash,10%,Completed
7183,855,5,52,2023-12-14,Store Credit,0.0,PENDING
7184,662,13,38,23/01/2023,Cash,5%,Completed
7185,625,8,82,"July 19, 2025",CASH,0.0,Completed
7186,446,77,56,18/07/2023,Cash,15%,Completed
7187,344,77,58,06 May 2026,Credit Card,0.05,PENDING
7188,795,2,13,2025/12/31,Store Credit,0.0,Completed
7189,524,11,54,2026-05-18,Debit Card,0.0,Completed
7190,6,2,18,11-07-2026,credit card,0.0,Completed
7191,249,13,59,2024/05/10,Gift Card,0.0,Completed
7192,1172,4,37,19/07/2025,PayPal,0.0,completed
7193,870,13,8,2023-09-14,NULL,0.0,Completed
7194,789,11,26,"August 21, 2024",CASH,0.0,Completed
7195,923,2,33,2023/09/19,Credit Card,0.0,Completed
7196,1182,77,66,2025-06-25,Cash,0.0,Completed
7197,81,4,38,15-06-2023,Cash,10%,Completed
7198,165,10,84,2023-04-26,Cash,0.0,Completed
7199,48,6,51,10-04-2023,Cash,0.0,Completed
7200,1109,10,45,2023/12/04,Credit Card,0.25,Completed
7201,1064,7,29,07/08/2026,credit card,0.0,Completed
7202,122,7,24,07/06/2025,Debit Card,5%,Completed
7203,381,13,67,2024-08-21,Cash,0.0,Completed
7204,87,13,3,2024-04-17,Credit Card,0.1,Completed
7205,774,8,63,07 Jan 2024,Cash,0.0,Completed
7206,593,11,32,26/05/2025,Debit Card,0.0,Completed
7207,1022,11,78,2024/07/03,CASH,0.0,Completed
7208,202,5,57,21-09-2025,PayPal,0.1,Completed
7209,889,5,17,12/03/2024,PayPal,0.0,Completed
7210,713,2,86,26-10-2025,Store Credit,0.0,Completed
7211,151,12,74,02/04/2025,Gift Card,0.0,Completed
7212,237,13,81,2023-04-18,Store Credit,0.2,Returned
7213,393,3,60,17/05/2026,Store Credit,0.0,Completed
7214,606,12,40,18/02/2023,CASH,0.0,Completed
7215,880,10,2,05 Jul 2025,PayPal,0.0,Completed
7216,1177,10,59,2023-02-27,PayPal,0.0,Completed
7217,258,4,43,2024/06/02,Credit Card,0.0,Completed
7218,825,4,12,2025-12-17,CASH,0.0,Completed
7219,307,5,30,"July 17, 2023",Debit  Card,0.05,Completed
7220,1145,11,89,"January 12, 2023",Cash,0.25,Completed
7221,531,3,74,19/10/2024,Debit Card,0.15,Completed
7222,907,3,52,2023/06/25,Credit Card,0.0,Completed
7223,704,3,71,03/30/2024,Credit Card,15%,Completed
7224,951,2,31,16-01-2025,credit card,0.0,Completed
7225,527,4,42,2023/09/30,Debit Card,0.2,Returned
7226,954,10,12,08-12-2023,Store Credit,0.0,Completed
7227,809,8,49,03 Sep 2024,PayPal,0.0,Completed
7228,767,8,50,2024/03/14,Gift Card,0.0,Completed
7229,1089,3,89,17 Aug 2024,N/A,5%,Completed
7230,1066,4,24,"December 26, 2024",PayPal,0.0,Completed
7231,734,12,44,2026-01-19,NaN,0.15,Completed
7232,808,12,54,"October 15, 2023",Credit Card,0.05,Completed
7233,393,8,3,13 Jan 2024,Gift Card,0.05,Completed
7234,81,1,23,15 Oct 2024,CASH,0.15,Completed
7235,69,5,23,"September 28, 2023",credit card,0.1,Completed
7236,404,6,63,04 Oct 2024,Cash,0.0,Completed
7237,498,7,11,2023/04/27,Gift Card,0.0,Completed
7238,271,2,51,"September 01, 2023",credit card,0.0,Completed
7239,331,5,18,06 Jan 2024,Store Credit,0.05,Completed
7240,70,9,32,09-06-2024,Gift Card,0.0,Completed
7241,180,77,37,2025-01-14,Gift Card,0.0,Completed
7242,562,5,29,03/12/2025,Store Credit,0.0,Completed
7243,732,8,33,16 May 2024,Debit Card,0.05,Completed
7244,918,4,3,06/20/2026,Cash,5%,Completed
7245,922,6,45,"July 16, 2025",Debit Card,0.25,Completed
7246,643,77,10,"April 20, 2026",Store Credit,0.05,Completed
7247,516,10,33,"July 09, 2026",Cash,0.0,Completed
7248,992,4,13,"May 20, 2024",Debit  Card,10%,Cancelled
7249,851,12,68,2024-01-06,PayPal,0.0,Completed
7250,891,10,72,21-12-2025,Store Credit,0.25,Completed
7251,515,8,999,2025-11-26,NaN,0.15,Completed
7252,459,9,71,30/01/2023,Store Credit,0.0,Completed
7253,415,5,57,09/29/2023,Gift Card,0.15,Completed
7254,1124,1,66,14 May 2026,Debit  Card,15%,Completed
7255,630,5,40,24/05/2026,Debit  Card,0.05,Completed
7256,464,77,38,22-06-2025,CASH,0.0,Completed
7257,816,11,65,02-12-2025,Credit Card,0.05,Completed
7258,1042,7,53,2024-06-16,NaN,10%,Completed
7259,504,8,40,2024-04-21,CASH,0.15,Completed
7260,284,5,77,2025-10-13,Gift Card,0.0,Completed
7261,505,9,25,07/05/2023,Store Credit,0.0,Completed
7262,1082,77,42,27/05/2024,credit card,0.0,Completed
7263,1060,12,33,10/03/2024,credit card,0.0,Completed
7264,889,4,49,25-01-2026,Debit  Card,5%,Completed
7265,187,8,6,11 Feb 2025,Debit  Card,0.0,Completed
7266,718,4,18,06/08/2023,CASH,0.1,Completed
7267,679,2,75,29 Jul 2025,Debit Card,0.05,Completed
7268,491,6,1,24-05-2025,Cash,0.0,Completed
7269,1032,11,63,"January 14, 2024",Gift Card,0.0,Completed
7270,1046,4,46,21/02/2023,Cash,0.0,Completed
7271,1042,11,20,14/02/2023,Credit Card,0.15,Completed
7272,61,10,56,02/23/2026,Credit Card,0.1,Completed
7273,581,9,22,"May 31, 2025",Debit  Card,0.0,Returned
7274,569,9,10,04-07-2023,CASH,0.05,Completed
7275,27,4,43,2024/12/13,Debit Card,0.1,Completed
7276,110,10,52,16/05/2025,Gift Card,0.0,Completed
7277,347,10,11,2023-04-23,Cash,0.0,Completed
7278,1074,13,69,"May 19, 2025",PayPal,0.0,Completed
7279,922,9,31,06-05-2024,credit card,5%,Completed
7280,225,5,14,01/23/2023,Debit  Card,0.05,Completed
7281,1097,8,11,2023/04/23,Debit Card,0.0,Completed
7282,614,2,7,01/02/2023,Store Credit,0.05,Completed
7283,300,1,53,"September 26, 2025",PayPal,0.0,Completed
7284,661,77,34,"January 01, 2024",CASH,0.0,Completed
7285,1002,9,33,12/11/2025,Debit Card,0.05,Completed
7286,1056,2,12,"October 08, 2024",Gift Card,0.0,Completed
7287,312,9,68,30 May 2023,Debit  Card,0.0,Cancelled
7288,646,1,30,"May 30, 2026",credit card,0.0,Completed
7289,390,77,76,09/22/2023,Credit Card,0.0,Completed
7290,948,5,14,16/03/2023,CASH,0.05,Completed
7291,1082,4,51,2025/04/21,Credit Card,0.0,Completed
7292,555,7,60,04 Aug 2025,Debit  Card,10%,Completed
7293,851,8,5,13-07-2026,Gift Card,0.0,Completed
7294,63,13,32,2024/02/22,Cash,0.0,Returned
7295,106,10,2,2024-07-03,Store Credit,0.0,Completed
7296,296,7,28,05/05/2025,Store Credit,0.0,Completed
7297,837,3,78,10/11/2023,Debit Card,0.05,Completed
7298,337,3,52,"February 19, 2025",Gift Card,0.0,Completed
7299,659,8,77,2025/09/22,Gift Card,0.1,Completed
7300,1093,12,80,"March 16, 2026",Cash,0.15,Completed
7301,283,2,89,"November 25, 2025",Gift Card,0.0,Completed
7302,1136,4,87,"April 27, 2023",credit card,0.0,Completed
7303,317,9,74,17 Mar 2023,Debit Card,0.1,Completed
7304,704,13,66,"July 31, 2025",Credit Card,0.0,Completed
7305,1145,12,13,08 Feb 2025,Credit Card,0.1,Completed
7306,1078,13,11,2024-11-17,Debit  Card,0.05,Cancelled
7307,1163,5,71,"February 15, 2025",none,0.15,Completed
7308,738,11,63,"November 03, 2023",Store Credit,0.0,Completed
7309,83,10,83,22 Dec 2024,Debit Card,0.0,Completed
7310,329,6,39,10/11/2024,Debit Card,0.0,Completed
7311,896,12,32,06 Aug 2025,Gift Card,0.0,Completed
7312,214,13,89,22 Nov 2025,Cash,10%,Completed
7313,527,4,11,"February 09, 2024",PayPal,0.0,Completed
7314,339,5,5,2025/12/11,Gift Card,0.0,Returned
7315,675,11,38,16/06/2026,Debit  Card,0.0,Completed
7316,115,9,17,"August 15, 2023",PayPal,5%,Completed
7317,1121,11,35,2025/04/20,Store Credit,0.0,Completed
7318,391,7,72,22/05/2026,Gift Card,0.0,Completed
7319,652,3,88,14/03/2024,Store Credit,10%,Completed
7320,258,4,36,05/27/2026,CASH,0.0,Completed
7321,849,6,7,26-03-2023,Credit Card,20%,Completed
7322,63,10,48,2024/12/10,Cash,0.0,Completed
7323,887,10,13,2026-05-16,Debit Card,15%,Cancelled
7324,628,5,38,2025/09/13,Debit  Card,0.0,Completed
7325,832,10,73,26-03-2025,Credit Card,10%,Completed
7326,644,3,1,2023/03/07,CASH,0.0,Completed
7327,140,4,35,08/23/2025,,0.0,Completed
7328,976,7,19,06 Mar 2023,Credit Card,0.0,Completed
7329,610,1,52,2023/12/09,Debit  Card,0.1,Completed
7330,259,2,5,15 Oct 2023,PayPal,0.0,Cancelled
7331,382,6,9,01/08/2024,PayPal,0.0,Returned
7332,827,6,27,"July 08, 2024",PayPal,0.0,Completed
7333,996,2,66,2023-11-13,Debit  Card,0.0,Completed
7334,990,7,25,28/06/2024,Gift Card,0.0,Cancelled
7335,716,2,37,2023/08/11,credit card,0.1,Returned
7336,604,12,32,04/10/2026,Debit Card,0.0,Completed
7337,1121,13,20,2023/02/02,Debit Card,20%,Completed
7338,1052,7,86,10/26/2025,Cash,10%,Completed
7339,100,9,6,18 Apr 2023,Cash,20%,Completed
7340,281,13,63,"July 09, 2026",Store Credit,0.0,Completed
7341,1146,12,71,30-05-2025,Debit Card,0.0,Completed
7342,763,12,3,13 Jul 2024,credit card,0.0,Completed
7343,208,1,71,29-03-2023,CASH,0.15,Completed
7344,771,10,45,2026/01/18,Gift Card,0.0,Completed
7345,668,3,54,03/02/2026,Store Credit,0.0,Completed
7346,650,11,55,2025-01-16,Gift Card,0.0,Returned
7347,345,7,41,14-10-2025,Gift Card,0.0,Completed
7348,271,4,38,2026-03-12,PayPal,0.0,Completed
7349,523,6,78,"July 04, 2026",Debit  Card,0.1,Completed
7350,85,12,74,30 Sep 2025,Gift Card,0.0,Completed
7351,522,6,35,01/10/2026,Debit Card,0.05,Completed
7352,661,2,75,11/02/2026,Cash,0.05,Completed
7353,1025,1,36,04 Apr 2026,,0.0,Returned
7354,257,2,90,"October 15, 2023",CASH,15%,Completed
7355,1116,8,71,"July 20, 2026",Credit Card,5%,Completed
7356,696,3,53,31/01/2026,Credit Card,0.0,Completed
7357,311,12,53,26-04-2023,Store Credit,0.15,Completed
7358,762,5,14,02-07-2026,Credit Card,0.0,Completed
7359,784,12,25,07-06-2025,Debit  Card,0.0,Completed
7360,437,7,19,"May 20, 2026",CASH,0.0,Completed
7361,473,6,61,2025/05/30,PayPal,0.05,Completed
7362,733,12,85,25-08-2025,PayPal,0.0,Completed
7363,925,8,72,11-01-2023,Debit Card,0.0,Completed
7364,456,1,84,10 Mar 2025,Debit  Card,0.1,Completed
7365,944,2,9,10 Oct 2024,PayPal,5%,Completed
7366,138,3,56,2023/09/22,Gift Card,0.0,Completed
7367,518,1,61,2024-08-07,CASH,0.0,Completed
7368,894,3,6,10/19/2024,,0.15,Completed
7369,874,2,21,2026-07-01,CASH,0.0,Completed
7370,486,4,90,04 May 2023,credit card,10%,Completed
7371,279,11,34,01-02-2025,Debit  Card,0.0,Completed
7372,601,77,1,12-06-2023,Credit Card,0.0,Returned
7373,197,10,90,2024/02/07,PayPal,0.0,Completed
7374,31,5,63,2025-05-20,credit card,0.0,Completed
7375,1189,6,23,03/02/2025,PayPal,0.0,Completed
7376,715,8,61,09/11/2024,Credit Card,15%,Completed
7377,218,10,41,"June 16, 2024",Store Credit,0.0,Completed
7378,546,8,69,2026/01/31,Debit Card,5%,Completed
7379,703,12,48,"April 25, 2025",credit card,0.0,Completed
7380,553,4,70,2025-09-15,Debit Card,0.0,Completed
7381,68,4,43,2023/05/16,Store Credit,15%,Completed
7382,643,9,5,26-11-2025,PayPal,10%,Cancelled
7383,1199,9,33,11-07-2024,Store Credit,0.0,Returned
7384,737,4,13,19-06-2025,Debit Card,0.0,Returned
7385,408,7,51,2023/05/09,Credit Card,0.0,Completed
7386,466,12,11,"October 08, 2024",,0.25,Completed
7387,952,12,57,2024-06-03,Debit  Card,5%,Completed
7388,784,6,76,2026-03-17,PayPal,0.0,Completed
7389,1220,8,26,2025/05/08,Cash,0.25,Cancelled
7390,304,5,12,2024/12/09,credit card,0.0,Completed
7391,443,77,4,04 Jun 2026,Debit Card,0.15,Returned
7392,777,6,83,06/17/2024,Store Credit,0.05,Completed
7393,584,13,77,05-11-2023,Debit  Card,0.0,Completed
7394,116,6,25,"December 11, 2024",credit card,0.1,Cancelled
7395,344,3,23,28 Mar 2026,credit card,10%,Completed
7396,126,1,47,20 May 2025,Credit Card,0.0,Completed
7397,1033,7,65,02-02-2023,CASH,5%,Completed
7398,1007,3,65,08/08/2025,Cash,5%,Completed
7399,498,11,78,2024/06/01,CASH,0.0,Completed
7400,899,3,62,2025-10-09,Store Credit,0.0,Completed
7401,83,9,44,15-04-2025,Cash,0.1,Returned
7402,160,1,17,"August 23, 2024",Store Credit,0.0,Completed
7403,1210,7,12,07 Jun 2024,Credit Card,0.05,Completed
7404,1050,4,53,11 Feb 2025,Debit Card,0.0,Completed
7405,1007,10,47,08/29/2023,Cash,5%,Completed
7406,173,11,70,2024/07/18,Credit Card,0.0,Completed
7407,46,4,80,2024/08/02,Debit Card,0.15,Completed
7408,188,13,41,,Debit  Card,0.0,Completed
7409,1166,3,27,"November 02, 2024",Store Credit,0.0,Completed
7410,1147,6,56,13/01/2025,Credit Card,0.1,Completed
7411,313,6,36,"June 16, 2025",CASH,10%,Completed
7412,193,4,999,08/07/2024,CASH,10%,Returned
7413,169,11,30,"June 02, 2024",Credit Card,20%,Completed
7414,1202,6,74,05/24/2026,Debit Card,0.0,Completed
7415,1145,11,7,15 Jul 2026,credit card,0.15,Completed
7416,927,12,34,"February 28, 2024",Cash,0.0,Completed
7417,741,77,46,"September 02, 2023",Debit  Card,0.0,Completed
7418,468,13,42,2026/04/11,Cash,10%,Completed
7419,1191,6,1,24/02/2025,CASH,0.05,Completed
7420,219,12,89,10 Mar 2026,Gift Card,0.0,Completed
7421,106,13,45,"December 02, 2024",credit card,0.0,Cancelled
7422,112,4,83,06 Mar 2025,Gift Card,0.0,Completed
7423,597,4,56,,Debit  Card,0.05,Completed
7424,660,6,22,01/27/2025,Debit Card,0.0,Completed
7425,665,11,51,12 Nov 2023,Debit  Card,0.05,Completed
7426,16,1,63,2024-02-19,Cash,0.0,Completed
7427,680,2,2,2024/11/29,Cash,10%,Completed
7428,418,2,11,2023/06/26,credit card,0.0,Completed
7429,1080,3,41,2024-03-21,Debit Card,0.05,Completed
7430,925,12,15,13-09-2024,Debit Card,0.05,Completed
7431,771,3,44,08/29/2024,CASH,0.0,Completed
7432,173,13,69,20 Jul 2024,Debit  Card,20%,Returned
7433,763,6,19,2026-06-25,credit card,0.0,Completed
7434,219,11,36,2025/12/26,CASH,0.05,Completed
7435,994,8,42,11-05-2024,Debit Card,10%,Completed
7436,1192,3,59,02/02/2023,CASH,0.0,Completed
7437,689,11,67,30 Dec 2025,Cash,0.0,Completed
7438,1099,10,32,05-04-2026,Cash,10%,Completed
7439,886,6,79,27 Apr 2024,CASH,5%,Completed
7440,98,8,77,2025/08/26,Cash,0.0,Completed
7441,486,13,45,02/02/2023,none,0.0,Completed
7442,273,11,4,08/02/2023,,0.05,Completed
7443,329,12,12,05/04/2023,Cash,0.0,Completed
7444,738,2,77,07/16/2025,credit card,0.15,Completed
7445,1094,7,28,"May 05, 2026",Debit Card,0.05,Completed
7446,971,4,16,12-06-2023,Credit Card,0.0,Completed
7447,511,10,75,29/07/2024,credit card,15%,Completed
7448,823,6,3,03/09/2026,Credit Card,0.1,Completed
7449,1132,9,10,2025-10-15,-,0.0,Returned
7450,387,77,23,2024-03-06,Gift Card,5%,Completed
7451,972,3,999,2024/12/20,PayPal,0.1,Completed
7452,607,8,90,03/09/2023,Debit Card,15%,Completed
7453,14,3,65,2023-04-02,CASH,10%,Completed
7454,796,12,36,12/09/2025,Credit Card,0.2,Completed
7455,654,12,65,2025/02/09,Cash,0.15,Completed
7456,704,3,63,2026-05-23,Debit Card,0.0,Completed
7457,858,12,13,04/04/2024,PayPal,0.0,Completed
7458,1048,3,29,01-06-2024,Debit Card,0.0,Completed
7459,407,4,26,11 Nov 2025,credit card,0.0,Completed
7460,954,5,49,28-11-2024,credit card,0.0,Completed
7461,263,2,21,30-07-2024,PayPal,0.0,Completed
7462,845,1,81,26/04/2025,Debit  Card,0.0,Completed
7463,280,4,45,2026-01-03,Credit Card,0.05,Completed
7464,814,8,999,"February 07, 2024",Credit Card,0.1,Completed
7465,17,10,68,2024-07-13,PayPal,0.0,Cancelled
7466,824,6,90,15 Mar 2023,Debit  Card,5%,Completed
7467,624,13,36,30/04/2025,Credit Card,20%,Completed
7468,1006,3,11,06/10/2025,Debit Card,0.0,Returned
7469,556,11,80,06/01/2023,PayPal,25%,Completed
7470,157,1,19,2025/02/26,CASH,0.0,Completed
7471,559,2,13,08-12-2023,Credit Card,0.0,Completed
7472,175,7,6,14 Feb 2025,Credit Card,0.0,Completed
7473,48,2,19,"April 13, 2025",Gift Card,0.1,Completed
7474,716,12,53,"November 13, 2024",Gift Card,20%,Completed
7475,112,5,29,2024-08-06,credit card,0.1,Completed
7476,139,7,41,12/26/2025,Credit Card,0.05,Completed
7477,301,11,27,10/03/2024,Credit Card,0.15,Completed
7478,635,77,50,"April 14, 2025",CASH,0.0,Completed
7479,147,6,51,19/07/2026,Cash,0.05,Completed
7480,1023,9,17,28-03-2025,CASH,0.15,Completed
7481,925,77,42,2025/04/18,credit card,0.0,Completed
7482,774,2,31,2025/10/06,Cash,0.0,Completed
7483,1179,9,70,08 Feb 2025,PayPal,0.1,completed
7484,1199,13,46,24/01/2023,Debit Card,0.15,Completed
7485,248,77,16,2023-05-13,Cash,0.0,Completed
7486,447,12,70,,Debit Card,5%,Completed
7487,791,3,53,"March 19, 2024",Debit Card,0.0,Completed
7488,234,1,87,18 Jan 2023,PayPal,0.1,Completed
7489,634,13,32,20-04-2025,NaN,0.1,Completed
7490,117,7,17,25/05/2024,CASH,0.0,Completed
7491,919,13,25,27-03-2025,CASH,0.0,Completed
7492,932,13,22,05 Oct 2024,Gift Card,0.0,Completed
7493,4,1,82,12-08-2023,Store Credit,0.0,Completed
7494,675,13,3,11-09-2025,Credit Card,0.0,Completed
7495,900,1,28,2023/01/30,Cash,5%,Completed
7496,819,4,74,2025/05/13,Debit Card,0.05,Completed
7497,124,1,72,22-02-2025,Debit Card,5%,Completed
7498,1043,10,11,14 Jul 2023,NaN,5%,Completed
7499,1000,7,43,25-08-2023,Credit Card,0.0,Completed
7500,170,13,11,,Debit  Card,0.0,Completed
7501,314,77,30,04/09/2023,CASH,5%,Completed
7502,778,8,41,28/02/2025,Gift Card,15%,Completed
7503,1197,5,37,07/12/2025,CASH,0.0,Completed
7504,101,7,16,2025/04/07,PayPal,5%,Completed
7505,291,3,5,2023/01/21,CASH,15%,Completed
7506,620,3,75,08 Aug 2023,Cash,0.1,Completed
7507,223,9,18,2023-02-24,PayPal,0.0,Completed
7508,843,77,48,10/18/2025,CASH,0.0,Completed
7509,446,2,55,12-10-2024,Gift Card,0.0,Cancelled
7510,542,5,31,13-09-2023,Debit Card,0.0,Completed
7511,320,9,2,12/05/2026,Credit Card,0.2,Completed
7512,1048,5,46,"November 26, 2025",NaN,0.0,Completed
7513,538,9,90,"October 22, 2025",Store Credit,0.0,Completed
7514,153,11,1,26-03-2026,Cash,0.1,Cancelled
7515,459,9,43,2025-04-29,PayPal,0.0,Completed
7516,851,5,83,2024/07/06,credit card,0.0,Completed
7517,538,13,30,2023-12-05,Cash,0.0,Completed
7518,744,77,83,"November 16, 2025",CASH,0.0,Completed
7519,293,3,76,11 Aug 2024,Debit Card,0.0,Completed
7520,620,9,57,2023/11/09,PayPal,0.0,Completed
7521,800,77,18,2026/05/18,PayPal,0.0,Completed
7522,82,12,62,"August 16, 2025",Store Credit,0.0,Completed
7523,1182,9,46,01/12/2024,Debit Card,20%,Completed
7524,324,6,16,02/02/2023,Cash,15%,Completed
7525,857,6,9,21-11-2025,Debit Card,0.0,Completed
7526,867,13,14,10/07/2024,PayPal,0.05,Completed
7527,56,13,46,2025/10/17,Credit Card,5%,Completed
7528,150,11,17,01-05-2023,Gift Card,0.0,PENDING
7529,691,12,3,17-04-2025,Gift Card,0.0,Completed
7530,516,10,20,28/12/2023,Debit  Card,0.05,Completed
7531,233,3,72,05/25/2024,Debit Card,10%,Completed
7532,791,3,36,15/05/2025,credit card,0.15,Completed
7533,835,4,1,2025-02-18,Cash,0.0,Completed
7534,571,3,9,2026/03/22,Debit  Card,0.0,Completed
7535,16,11,39,04 Jun 2025,Gift Card,0.0,Completed
7536,834,7,51,"March 31, 2026",credit card,10%,Completed
7537,1036,77,90,30 Nov 2023,Credit Card,0.0,Completed
7538,1148,5,46,29/07/2025,Gift Card,0.0,Completed
7539,21,5,64,"December 09, 2024",Cash,0.0,Completed
7540,710,13,65,05 Oct 2024,PayPal,0.05,Completed
7541,74,9,3,29/09/2023,Store Credit,0.1,Completed
7542,128,1,75,2025/04/22,CASH,0.15,Completed
7543,403,4,35,2023/11/27,-,0.2,Completed
7544,948,6,90,"May 01, 2024",Gift Card,0.0,Completed
7545,34,3,1,"November 28, 2023",credit card,0.0,Cancelled
7546,322,7,84,"August 03, 2025",CASH,25%,Completed
7547,780,2,41,"January 02, 2024",N/A,0.0,Completed
7548,250,9,87,"May 05, 2025",Credit Card,0.0,Completed
7549,313,3,39,15-03-2026,PayPal,0.0,Completed
7550,193,1,12,06/26/2026,Store Credit,0.0,Completed
7551,36,12,57,05/14/2025,Debit Card,5%,Completed
7552,947,10,11,2024/06/30,Debit Card,0.0,Completed
7553,1029,1,66,25/04/2026,Store Credit,0.0,Completed
7554,132,6,18,"November 01, 2024",Credit Card,0.0,Completed
7555,406,2,17,19/05/2025,Credit Card,0.1,Completed
7556,421,2,37,12 Feb 2026,Cash,0.0,Completed
7557,437,8,22,2024/10/23,Gift Card,0.1,Completed
7558,881,3,76,2025/10/23,Debit  Card,0.0,Completed
7559,183,13,10,02-01-2025,PayPal,0.0,Completed
7560,1184,9,36,22-01-2026,Debit  Card,0.0,Completed
7561,924,13,28,13-05-2025,Cash,0.05,PENDING
7562,1068,6,3,24 Apr 2026,NULL,0.0,Completed
7563,762,1,86,04 May 2025,Credit Card,0.05,Completed
7564,921,3,74,2026/05/17,Store Credit,0.0,Completed
7565,396,5,24,2025-04-02,Debit  Card,20%,Completed
7566,187,12,24,2026-01-20,Gift Card,0.0,Completed
7567,396,8,33,2025/12/21,Debit Card,20%,Completed
7568,1201,9,24,"October 09, 2023",PayPal,0.0,Completed
7569,346,5,18,2026/07/01,CASH,0.0,Completed
7570,973,6,20,"December 18, 2025",Store Credit,0.0,Completed
7571,815,6,32,06/11/2024,Credit Card,5%,Completed
7572,604,12,7,10/11/2023,credit card,0.0,Completed
7573,496,77,50,08 Feb 2023,Credit Card,0.1,Completed
7574,736,7,14,15/05/2025,credit card,0.05,Completed
7575,1139,9,20,2024-08-24,Gift Card,0.0,Completed
7576,712,4,4,21-04-2024,Debit Card,0.0,Completed
7577,913,9,23,06-09-2024,PayPal,0.05,completed
7578,152,13,83,04/21/2026,Gift Card,0.2,Completed
7579,782,7,26,03/21/2026,PayPal,0.1,Completed
7580,986,77,7,15-01-2024,Gift Card,5%,Completed
7581,581,8,80,2023/07/27,PayPal,0.25,Completed
7582,743,13,29,27/02/2026,Cash,0.0,Completed
7583,127,12,48,2024/06/17,Gift Card,0.0,Returned
7584,1142,12,65,15-11-2025,PayPal,0.0,Completed
7585,37,5,14,"January 01, 2025",Credit Card,0.1,Completed
7586,107,7,6,"May 07, 2025",Debit Card,0.1,Completed
7587,465,10,17,,Credit Card,0.0,Completed
7588,607,77,6,"January 28, 2024",PayPal,0.1,Completed
7589,405,77,34,11 Feb 2026,Debit  Card,0.0,Completed
7590,1160,8,67,09-08-2025,credit card,0.0,Completed
7591,148,11,38,2026-07-24,PayPal,0.0,Completed
7592,484,13,80,"June 20, 2025",Store Credit,0.0,Completed
7593,414,4,53,04-02-2026,Credit Card,0.0,Completed
7594,982,11,89,2023/02/11,credit card,0.05,Completed
7595,95,5,15,"February 01, 2023",CASH,0.1,Completed
7596,403,10,50,02 Aug 2025,Cash,0.0,Completed
7597,771,8,10,03-02-2024,credit card,0.0,Completed
7598,989,4,45,09 Nov 2025,Credit Card,0.0,Completed
7599,465,12,50,"April 16, 2024",PayPal,0.05,Completed
7600,617,1,14,29 Jul 2025,Debit  Card,0.0,Completed
7601,66,1,30,2025/02/16,Cash,0.0,Completed
7602,1172,3,52,2024-11-25,Credit Card,0.0,Completed
7603,968,3,37,2024/06/07,PayPal,0.0,Completed
7604,1017,9,57,04/08/2023,CASH,0.1,Returned
7605,1157,4,19,12/09/2025,Debit  Card,0.05,Completed
7606,229,11,21,"March 08, 2023",Store Credit,5%,Completed
7607,564,2,53,2023/09/15,none,5%,Completed
7608,1182,6,51,08/13/2023,Cash,10%,Completed
7609,579,4,50,2026-07-10,PayPal,0.0,Completed
7610,1006,3,19,26-02-2025,Store Credit,0.15,Completed
7611,1085,3,68,09/13/2023,Store Credit,5%,Completed
7612,611,10,89,2023/03/01,Credit Card,0.0,Completed
7613,155,7,33,02/09/2024,Cash,0.1,Completed
7614,307,10,69,"October 24, 2023",Debit Card,0.0,Completed
7615,526,4,17,2025-08-21,credit card,0.0,Completed
7616,711,12,63,2026-03-29,Store Credit,5%,Completed
7617,754,12,37,2026/01/07,Cash,10%,Completed
7618,233,12,71,09/02/2025,Gift Card,0.05,Completed
7619,37,5,47,18/12/2023,credit card,0.0,Returned
7620,827,8,78,10/25/2025,Gift Card,0.0,Completed
7621,19,10,56,,credit card,0.1,Completed
7622,742,6,7,31/03/2025,PayPal,0.05,Completed
7623,1189,2,30,,PayPal,0.25,completed
7624,825,10,14,12/11/2023,Store Credit,0.0,Completed
7625,977,8,50,2026-04-22,Store Credit,0.0,Completed
7626,105,6,32,24-03-2023,Cash,0.0,Completed
7627,183,3,84,2023-06-29,credit card,5%,Completed
7628,555,77,11,2024/12/30,PayPal,0.0,Completed
7629,653,2,35,03-04-2024,none,0.0,Completed
7630,983,4,60,2024-04-07,Store Credit,0.0,Completed
7631,517,3,4,01-06-2025,Gift Card,0.1,Completed
7632,232,10,33,06/18/2025,Debit  Card,5%,Completed
7633,587,11,33,2025-04-10,NULL,0.05,Completed
7634,120,12,17,27-01-2024,Store Credit,0.05,Completed
7635,763,6,57,24/03/2024,credit card,0.1,PENDING
7636,930,77,23,2025-05-08,Debit Card,0.15,Completed
7637,360,2,11,2026/06/06,CASH,20%,Completed
7638,389,77,51,2023/05/03,N/A,0.0,Completed
7639,809,13,43,"October 01, 2023",CASH,0.0,PENDING
7640,649,4,79,24 Oct 2023,credit card,0.0,Completed
7641,1074,13,12,26 Mar 2023,credit card,0.0,Completed
7642,848,6,53,"April 01, 2026",Credit Card,0.0,Completed
7643,440,8,27,"February 17, 2025",Debit  Card,0.0,Completed
7644,635,12,51,04/10/2025,Debit Card,0.0,Completed
7645,146,1,35,2025-06-15,Cash,0.05,Completed
7646,713,5,56,"June 12, 2025",Debit  Card,0.05,Completed
7647,215,3,27,11 Dec 2025,credit card,0.1,Completed
7648,331,7,74,2025/09/06,CASH,0.0,Completed
7649,1173,7,83,20/03/2025,credit card,0.0,Completed
7650,818,11,4,12/22/2025,credit card,10%,Completed
7651,170,4,30,07 Mar 2024,Debit  Card,0.05,Completed
7652,1176,77,34,13-04-2023,Credit Card,0.0,Completed
7653,747,8,88,2025-07-30,Credit Card,0.0,Cancelled
7654,1108,4,50,2026-03-27,CASH,0.0,Completed
7655,453,2,34,05/26/2023,Debit  Card,0.2,Completed
7656,302,7,16,2023-11-08,NaN,0.25,Completed
7657,52,11,55,2024-04-05,CASH,0.0,Completed
7658,349,7,35,02/08/2023,Cash,15%,Completed
7659,1061,8,16,2026-07-20,Store Credit,0.1,Completed
7660,227,12,82,06 Aug 2023,PayPal,0.0,Cancelled
7661,196,4,40,12 Apr 2024,Gift Card,0.2,Returned
7662,936,11,11,28-02-2026,Debit Card,0.0,Completed
7663,762,13,64,2025-12-02,Credit Card,0.0,Completed
7664,570,10,13,14-07-2023,Debit  Card,0.0,Completed
7665,1193,12,8,20/07/2024,Gift Card,0.0,Returned
7666,709,5,39,2025-05-31,Store Credit,0.0,Completed
7667,1043,10,1,"March 28, 2026",Store Credit,15%,Completed
7668,1057,8,10,2025/11/17,CASH,0.25,Completed
7669,158,5,51,2024/03/24,CASH,0.0,Completed
7670,805,4,10,2025-06-21,none,0.0,Completed
7671,185,3,53,2024/11/14,Cash,0.05,Completed
7672,872,77,87,09/10/2024,PayPal,0.0,Completed
7673,630,77,46,11/20/2024,Credit Card,15%,Completed
7674,565,1,62,2024/12/23,Store Credit,0.0,Returned
7675,903,77,58,02/06/2025,Store Credit,25%,Completed
7676,155,2,28,2024/03/30,credit card,0.0,Completed
7677,153,1,55,22/03/2024,Debit Card,0.0,Completed
7678,347,11,49,15 Apr 2023,CASH,25%,Completed
7679,1115,13,64,04 Apr 2025,Store Credit,10%,Completed
7680,741,4,2,2024/07/16,credit card,0.0,Completed
7681,412,9,46,23 Feb 2023,Credit Card,0.0,Completed
7682,1198,2,47,26-02-2025,Credit Card,0.15,Completed
7683,684,11,27,2026-04-01,CASH,0.0,Returned
7684,491,4,1,16 Apr 2023,Debit Card,0.0,Completed
7685,386,8,11,30 Oct 2023,PayPal,0.0,Completed
7686,406,6,60,03/05/2023,Cash,0.0,Completed
7687,1184,77,11,14/09/2024,Store Credit,0.0,Cancelled
7688,574,9,57,22 Mar 2026,CASH,10%,Completed
7689,521,8,47,02-02-2024,Gift Card,0.0,Completed
7690,162,77,61,"December 17, 2025",Gift Card,10%,Completed
7691,919,8,86,13/02/2024,credit card,0.0,Completed
7692,680,2,18,"June 11, 2025",PayPal,10%,Completed
7693,1005,1,90,17-06-2025,PayPal,5%,Completed
7694,893,10,1,06/30/2025,CASH,0.05,Completed
7695,746,8,89,20/04/2026,Debit  Card,0.0,Completed
7696,384,8,66,29/06/2024,Store Credit,0.0,Completed
7697,440,10,73,10-09-2024,credit card,0.0,Completed
7698,321,1,3,10 Dec 2024,Debit Card,0.0,Completed
7699,144,4,32,21-05-2023,PayPal,5%,Completed
7700,196,12,27,17 Aug 2024,Gift Card,0.0,Completed
7701,118,10,69,19-11-2023,CASH,0.0,Completed
7702,533,13,64,2023-11-23,Gift Card,10%,Completed
7703,79,10,14,05 May 2023,Debit  Card,0.0,Completed
7704,859,3,72,2026/01/05,Gift Card,0.0,Completed
7705,1031,4,74,2026/01/08,Debit  Card,0.15,Completed
7706,735,5,3,"May 21, 2025",Cash,0.0,Completed
7707,890,3,12,12/19/2025,Store Credit,0.0,Completed
7708,206,5,9,"May 03, 2024",Debit  Card,10%,Completed
7709,851,2,19,2024/07/06,Debit  Card,0.0,Completed
7710,762,7,44,31/07/2025,CASH,0.0,Completed
7711,707,77,56,08/02/2026,PayPal,0.0,Completed
7712,497,1,79,06/08/2023,Cash,0.0,Completed
7713,896,3,26,2024/07/09,Store Credit,0.0,Completed
7714,350,5,70,"February 26, 2026",credit card,0.05,Completed
7715,909,8,15,2023-08-15,Debit  Card,0.1,Completed
7716,1121,3,31,07/07/2024,Debit Card,10%,Completed
7717,456,6,11,"November 01, 2024",Credit Card,0.05,Completed
7718,972,13,72,2024/11/17,PayPal,0.25,Completed
7719,1027,13,72,29 Oct 2024,CASH,0.0,Completed
7720,1199,9,53,"October 19, 2025",PayPal,0.0,Completed
7721,1161,6,49,30-07-2024,Credit Card,0.0,Completed
7722,367,3,47,2023/07/28,Debit  Card,0.05,Completed
7723,833,3,28,07/02/2025,Cash,0.05,Completed
7724,1034,5,90,02/05/2026,Debit Card,0.0,Completed
7725,434,4,52,07/07/2024,Debit  Card,0.1,Returned
7726,707,5,19,02 Nov 2023,Debit  Card,0.0,Completed
7727,655,13,32,2025/02/26,Cash,0.0,Completed
7728,1122,8,20,17-07-2024,Store Credit,0.0,Completed
7729,719,2,88,"January 27, 2023",Debit  Card,0.0,Completed
7730,180,6,77,06 Jan 2026,Debit  Card,0.0,Completed
7731,767,11,58,19-04-2026,Cash,0.0,completed
7732,518,9,2,2025/02/19,PayPal,5%,PENDING
7733,748,10,30,24 May 2026,Credit Card,0.0,Completed
7734,1128,8,13,2024/07/22,Credit Card,0.0,Completed
7735,116,1,43,2024-10-06,Credit Card,0.0,Completed
7736,1170,12,50,19/03/2023,CASH,0.0,Completed
7737,2,12,13,03/13/2024,Store Credit,0.0,Completed
7738,1031,6,61,18/07/2025,Credit Card,0.05,Completed
7739,922,12,8,2025/07/30,Debit Card,0.0,Completed
7740,766,10,90,08-12-2025,Cash,15%,Completed
7741,626,4,7,"December 05, 2024",Cash,0.0,Completed
7742,174,9,36,12-04-2026,Debit Card,0.0,Returned
7743,1203,7,4,2023/06/13,CASH,0.0,Completed
7744,328,5,66,"June 02, 2025",Debit Card,0.05,Completed
7745,1061,77,57,02 Aug 2025,PayPal,0.0,Completed
7746,939,3,35,"July 29, 2024",Debit Card,0.0,Completed
7747,820,4,88,06/02/2025,Credit Card,0.0,Completed
7748,607,77,4,05/11/2023,credit card,0.0,Completed
7749,438,1,87,15-08-2023,CASH,0.2,Completed
7750,1020,77,32,2025-09-19,PayPal,0.1,Completed
7751,795,8,82,2024-01-01,Cash,0.0,Returned
7752,593,2,33,"October 27, 2023",Credit Card,0.0,Completed
7753,891,4,46,2025-10-08,PayPal,0.2,Completed
7754,105,9,39,04/15/2026,Cash,0.15,Completed
7755,647,6,57,23-11-2024,Gift Card,0.0,Completed
7756,281,4,20,2023-02-20,NULL,0.0,Completed
7757,92,11,17,17-10-2024,Debit Card,0.1,Completed
7758,349,13,52,2026-01-14,Debit Card,0.0,Completed
7759,31,13,81,29-04-2023,CASH,0.0,Completed
7760,577,11,11,2024/01/16,Credit Card,0.0,Completed
7761,146,1,70,"July 18, 2023",Debit Card,10%,Completed
7762,1030,77,67,2023-07-09,CASH,0.1,Completed
7763,1196,12,20,04/03/2025,PayPal,10%,Completed
7764,858,5,9,2023-11-13,Credit Card,0.0,Completed
7765,993,9,29,"January 24, 2024",PayPal,0.2,Completed
7766,592,11,87,02 Mar 2023,CASH,0.0,Completed
7767,113,9,27,05 Jun 2025,N/A,0.05,Completed
7768,1113,6,25,22-12-2024,Cash,0.0,PENDING
7769,828,10,48,2025/10/21,Store Credit,0.0,Completed
7770,597,13,47,11/06/2023,Debit Card,0.0,Completed
7771,829,5,70,2023/11/18,Debit Card,0.0,Completed
7772,129,8,85,"June 22, 2023",credit card,0.05,Completed
7773,369,8,9,2024-04-17,Cash,0.05,Completed
7774,603,4,51,04/29/2024,Debit Card,0.0,Completed
7775,142,10,68,09-05-2024,Debit Card,0.0,Cancelled
7776,501,13,999,30-08-2023,CASH,15%,Completed
7777,760,8,13,06 Mar 2025,PayPal,10%,Cancelled
7778,83,8,77,24 May 2023,NULL,5%,Completed
7779,77,8,3,08 Mar 2024,Debit Card,0.0,Completed
7780,578,11,79,09 Feb 2025,Store Credit,0.15,Completed
7781,1206,5,82,03 Sep 2025,Gift Card,0.0,Completed
7782,1133,4,15,"March 31, 2025",Credit Card,0.0,Completed
7783,333,13,21,"September 11, 2023",CASH,0.0,Completed
7784,415,10,88,,Debit Card,5%,Completed
7785,230,8,7,,Cash,0.0,Completed
7786,481,2,80,2023-09-23,Cash,0.0,Completed
7787,627,13,84,"January 26, 2024",CASH,0.2,Completed
7788,427,3,89,22 Jul 2024,Cash,0.05,Completed
7789,385,1,25,2025-03-13,Gift Card,0.0,Completed
7790,1141,2,24,21-10-2023,CASH,0.1,Completed
7791,311,10,28,11/04/2025,CASH,0.05,Completed
7792,375,10,62,03 Mar 2026,Store Credit,5%,Completed
7793,149,11,37,13 Jun 2025,CASH,5%,Completed
7794,511,77,59,2026-01-21,Cash,10%,Completed
7795,500,5,29,2025-05-17,PayPal,0.1,Completed
7796,295,10,27,02 Feb 2025,CASH,0.0,Completed
7797,289,77,1,2024/09/23,Debit Card,0.05,Completed
7798,619,4,9,2025/06/04,Credit Card,0.0,Completed
7799,403,10,86,2023/05/20,Credit Card,0.1,Completed
7800,1116,11,20,,Debit  Card,0.05,Completed
7801,835,3,14,11 Jul 2023,PayPal,0.0,Completed
7802,592,11,66,01/02/2025,Store Credit,0.0,Completed
7803,416,4,11,23 May 2026,Store Credit,0.05,Returned
7804,613,7,50,06/05/2026,Gift Card,0.0,Completed
7805,1132,3,8,28-02-2025,Credit Card,0.05,Completed
7806,343,1,16,2024/05/23,Debit Card,0.1,Completed
7807,823,6,33,17 Oct 2025,CASH,0.0,Completed
7808,700,3,22,"March 19, 2024",Cash,0.0,Completed
7809,136,5,47,2023/03/25,credit card,0.0,Completed
7810,100,1,72,,N/A,0.25,Completed
7811,736,5,20,"January 23, 2026",Store Credit,5%,Completed
7812,616,77,21,26/10/2024,CASH,0.05,Completed
7813,63,2,5,2026-01-03,Store Credit,0.0,Completed
7814,1202,2,47,04 Jul 2023,Cash,0.15,PENDING
7815,663,8,24,12/03/2025,Store Credit,0.0,Completed
7816,11,13,20,28/08/2025,CASH,0.1,Completed
7817,1036,6,25,08/12/2025,PayPal,15%,Completed
7818,1034,9,24,30 Sep 2024,-,0.0,Completed
7819,728,1,7,2025-12-06,Debit  Card,0.0,Completed
7820,1108,3,69,07/23/2023,credit card,0.0,Completed
7821,290,9,5,08/05/2023,Cash,10%,Completed
7822,395,1,73,2024/12/18,Debit Card,0.1,Completed
7823,79,1,3,02/06/2024,Gift Card,0.0,Completed
7824,456,6,89,20-03-2026,Cash,0.05,Completed
7825,689,10,65,"October 23, 2025",Debit Card,0.0,Completed
7826,292,13,70,2024-07-31,Debit Card,0.05,Returned
7827,1220,13,34,05/06/2025,Store Credit,0.0,Completed
7828,91,4,80,21/07/2024,CASH,0.0,Cancelled
7829,939,2,23,09/23/2024,Credit Card,0.0,Completed
7830,764,1,83,05/10/2025,NaN,0.0,Completed
7831,353,10,67,2024/04/13,Cash,0.0,Cancelled
7832,630,13,999,07 Jan 2025,Debit Card,5%,Completed
7833,689,1,5,09-06-2025,CASH,0.0,Completed
7834,633,4,36,09/27/2024,credit card,20%,Completed
7835,724,77,11,2024/07/30,PayPal,0.25,Completed
7836,312,1,20,2024/01/17,Gift Card,0.0,Completed
7837,987,13,12,01/14/2026,PayPal,10%,Completed
7838,294,4,44,24/08/2025,Debit Card,0.0,Cancelled
7839,590,13,78,2026/01/01,Gift Card,0.2,Completed
7840,160,1,70,"April 16, 2023",Cash,0.0,Completed
7841,619,2,58,2026-01-31,CASH,0.0,Completed
7842,859,5,59,2023-03-15,CASH,0.2,Cancelled
7843,974,13,35,24 Dec 2023,CASH,0.0,Completed
7844,589,13,83,08-03-2023,Cash,5%,Completed
7845,391,11,68,21-11-2025,Gift Card,0.0,Completed
7846,332,12,73,20/08/2023,Store Credit,0.0,Completed
7847,825,13,63,2023/06/20,CASH,0.0,Completed
7848,526,11,30,2025-04-23,Debit Card,0.05,Completed
7849,1091,77,35,08/26/2025,credit card,0.1,Completed
7850,583,6,57,10 Nov 2024,Gift Card,0.0,Completed
7851,813,1,64,01/01/2025,Gift Card,0.0,Completed
7852,840,12,11,"December 25, 2024",Debit  Card,0.05,Completed
7853,380,1,78,02/14/2023,CASH,5%,Completed
7854,356,3,62,10/06/2023,Gift Card,0.05,Completed
7855,14,8,44,11 May 2026,Store Credit,0.05,Completed
7856,661,77,61,2025/04/12,CASH,0.0,Completed
7857,212,7,78,"February 23, 2026",Gift Card,0.0,completed
7858,1223,3,38,10-08-2023,CASH,15%,Completed
7859,106,9,74,17 Feb 2024,Debit Card,0.0,Completed
7860,110,1,23,06/05/2024,PayPal,0.0,Completed
7861,126,12,50,2025-09-20,credit card,5%,Completed
7862,893,1,61,03 Mar 2023,CASH,0.0,Completed
7863,97,10,66,26-04-2025,Cash,0.15,Completed
7864,969,12,50,04 Mar 2023,credit card,0.0,Completed
7865,915,2,37,12-01-2023,Cash,0.0,Completed
7866,1170,13,3,2025-10-16,N/A,0.05,Completed
7867,534,2,71,"October 26, 2025",Gift Card,0.0,Completed
7868,448,12,61,23-12-2023,Store Credit,15%,Completed
7869,1201,3,27,06/12/2025,Debit  Card,0.15,Completed
7870,411,9,4,22/08/2024,Debit Card,0.0,Completed
7871,769,5,31,30-03-2024,Debit Card,0.05,Completed
7872,873,4,76,27 Mar 2025,Store Credit,0.0,Completed
7873,1034,11,66,"December 01, 2024",Gift Card,0.0,Completed
7874,678,5,67,02 Aug 2025,Cash,0.25,Completed
7875,674,5,19,"November 10, 2023",Debit Card,0.0,Completed
7876,1067,13,44,"July 07, 2024",Debit  Card,25%,Completed
7877,982,6,72,2024-10-21,credit card,0.0,Completed
7878,430,10,25,2023/02/28,Gift Card,0.0,Completed
7879,1175,2,42,2026-03-05,CASH,5%,Completed
7880,763,5,63,19 Dec 2025,Store Credit,0.0,Completed
7881,542,3,80,17/05/2025,Debit  Card,0.1,Completed
7882,183,10,81,"August 05, 2024",Credit Card,0.0,Completed
7883,511,4,41,2023/04/04,credit card,0.0,Completed
7884,1133,12,51,"February 11, 2026",Credit Card,0.05,Completed
7885,725,13,73,14-02-2024,CASH,0.0,Completed
7886,798,9,45,2023/11/15,Gift Card,0.0,Returned
7887,873,11,39,02 Jan 2024,Debit  Card,10%,Completed
7888,822,9,9,03/20/2023,PayPal,15%,Completed
7889,639,10,29,12/12/2024,Store Credit,0.25,Completed
7890,1057,5,79,28/07/2023,Credit Card,0.0,Completed
7891,379,10,49,04 Jan 2023,Cash,0.05,Cancelled
7892,632,6,49,"November 03, 2023",Debit Card,5%,Returned
7893,210,11,49,08 May 2025,credit card,0.0,Completed
7894,387,9,39,09/08/2023,Debit  Card,5%,completed
7895,183,6,22,"November 04, 2025",Store Credit,0.1,Completed
7896,450,13,6,"August 15, 2023",Credit Card,0.0,Completed
7897,928,77,61,2025-10-03,Store Credit,0.1,Completed
7898,577,12,36,2025-08-24,Credit Card,0.0,Completed
7899,107,3,23,2025/06/13,CASH,10%,Completed
7900,969,77,18,04/11/2023,Credit Card,0.0,Completed
7901,1188,9,32,08/09/2025,CASH,0.0,Completed
7902,1072,13,14,19-05-2024,Gift Card,0.0,Completed
7903,433,3,43,08-06-2023,PayPal,0.0,Completed
7904,487,6,69,10/14/2025,Debit Card,0.0,Completed
7905,1125,77,59,2024/06/20,CASH,0.15,Completed
7906,202,13,33,26-06-2024,Store Credit,0.0,Completed
7907,43,7,29,12-01-2023,PayPal,0.0,Completed
7908,1087,10,7,"December 02, 2024",Gift Card,0.0,Completed
7909,208,1,43,"June 02, 2025",PayPal,0.1,Completed
7910,1078,13,42,06 Jun 2025,Debit  Card,0.15,Completed
7911,579,8,43,2025-04-26,Store Credit,0.05,Completed
7912,44,11,56,04 Jul 2025,Debit Card,0.1,Completed
7913,315,8,64,,credit card,0.1,Completed
7914,875,2,70,21-08-2025,Cash,5%,Completed
7915,201,3,26,2025/02/22,Gift Card,0.25,Completed
7916,994,8,86,30 Aug 2024,Debit  Card,0.05,Completed
7917,892,8,31,2024-10-27,Credit Card,0.1,Completed
7918,769,7,30,2025/07/10,Debit  Card,0.0,Completed
7919,233,11,17,2025-04-25,PayPal,0.1,Completed
7920,243,7,54,13 Jul 2024,Debit  Card,0.15,Completed
7921,1055,13,76,29/08/2023,credit card,0.0,Completed
7922,463,5,68,"February 25, 2023",Gift Card,0.0,Completed
7923,469,4,28,06 Apr 2024,Store Credit,0.0,completed
7924,10,1,13,"April 16, 2023",Debit  Card,20%,Completed
7925,172,11,85,06/30/2025,Debit Card,0.1,Completed
7926,410,11,29,11-05-2023,-,0.15,Completed
7927,730,6,89,07-03-2023,Gift Card,10%,Completed
7928,448,13,7,2024-09-10,Credit Card,0.0,Completed
7929,983,11,85,12 Jan 2023,PayPal,10%,Completed
7930,806,13,24,05/29/2023,CASH,0.0,Returned
7931,686,8,999,2023/11/12,Debit Card,0.0,Completed
7932,1215,2,11,2025-01-01,Debit Card,0.0,Completed
7933,828,5,11,11/02/2026,Debit Card,0.0,Completed
7934,906,10,83,"February 05, 2023",Cash,0.05,Completed
7935,672,6,5,03 May 2025,Gift Card,0.0,Completed
7936,1052,12,47,26/11/2024,CASH,0.0,Completed
7937,68,12,75,02 Mar 2025,Debit  Card,0.05,Completed
7938,4,10,2,05/16/2023,credit card,0.1,Completed
7939,841,4,5,10-10-2023,CASH,0.1,Completed
7940,592,77,25,"January 09, 2023",Debit Card,10%,Completed
7941,1201,6,74,29 Apr 2024,Debit Card,0.0,Completed
7942,277,3,90,24 Sep 2025,Store Credit,10%,Completed
7943,739,8,25,25/02/2026,credit card,0.0,Completed
7944,274,5,49,01/02/2025,Cash,0.0,Completed
7945,937,4,53,16-04-2023,Credit Card,0.1,Completed
7946,882,13,66,2023-12-12,Debit Card,0.0,Completed
7947,35,5,26,2025-04-18,Debit Card,0.0,Completed
7948,729,6,6,17 Apr 2024,Debit Card,0.0,Completed
7949,880,7,84,04 May 2026,PayPal,25%,Completed
7950,1128,13,71,02 Jul 2024,Credit Card,10%,Completed
7951,1120,1,85,08 Sep 2024,Store Credit,5%,Completed
7952,614,11,76,15/03/2025,credit card,0.15,Completed
7953,493,3,39,25/03/2024,Debit Card,0.0,Completed
7954,972,3,1,23 May 2024,PayPal,5%,Completed
7955,757,4,70,2023-05-30,Debit Card,0.0,Completed
7956,778,5,16,"August 31, 2023",CASH,0.0,Completed
7957,656,9,89,12 Jul 2024,Cash,0.1,Completed
7958,180,7,2,"April 13, 2023",Store Credit,0.1,Completed
7959,340,2,44,27 Jul 2024,PayPal,25%,Completed
7960,1187,2,41,"August 16, 2025",Cash,0.0,Completed
7961,920,9,59,24 Nov 2025,Debit  Card,15%,Completed
7962,367,4,23,16 Jun 2025,Credit Card,0.0,Completed
7963,625,13,39,2025-05-31,Cash,10%,Completed
7964,20,13,1,2024-10-15,Store Credit,15%,Completed
7965,246,13,62,05 Sep 2025,Store Credit,0.0,Completed
7966,1187,9,32,01/09/2026,Credit Card,10%,Completed
7967,150,10,63,11/10/2023,Store Credit,0.0,Completed
7968,775,8,47,07/04/2024,CASH,15%,Completed
7969,924,4,25,20/05/2023,Debit Card,0.15,Completed
7970,136,9,77,2025-08-26,Store Credit,0.0,Completed
7971,1095,13,67,25-09-2025,credit card,0.0,Completed
7972,155,12,31,2024-05-13,Debit  Card,0.0,Completed
7973,1066,12,67,10-10-2025,Debit Card,0.05,Completed
7974,1144,13,38,12/10/2024,Gift Card,5%,Completed
7975,374,3,59,"May 11, 2026",none,5%,Completed
7976,246,1,75,30-04-2024,Debit Card,0.0,Completed
7977,434,2,20,"October 07, 2024",Debit Card,0.0,Completed
7978,542,13,19,2024-08-21,Store Credit,0.0,Completed
7979,780,13,77,,credit card,0.0,Completed
7980,233,13,3,01/09/2026,Credit Card,0.0,Completed
7981,839,10,64,15/11/2024,Cash,0.1,Completed
7982,994,10,79,2025/09/02,Debit Card,0.0,Completed
7983,340,10,16,2025-12-10,Debit Card,0.0,Completed
7984,329,12,73,03/02/2023,,0.0,Completed
7985,1193,13,51,2025/08/09,PayPal,0.0,Completed
7986,1061,7,999,"October 11, 2023",credit card,0.05,Completed
7987,411,13,82,05/05/2025,Credit Card,0.1,Completed
7988,827,10,15,2025/07/25,Store Credit,0.0,Completed
7989,203,4,46,05/31/2026,CASH,20%,Completed
7990,32,6,75,2025/05/20,Debit Card,15%,Completed
7991,1128,4,44,"June 08, 2026",Gift Card,0.0,Completed
7992,883,2,42,30/01/2024,CASH,0.05,Completed
7993,981,2,53,24/10/2025,CASH,0.0,Completed
7994,1095,77,14,01-03-2026,NaN,0.0,Completed
7995,568,1,82,"August 18, 2023",Debit Card,0.0,Completed
7996,309,7,51,07 Jul 2024,Cash,5%,Completed
7997,697,3,85,2025/08/07,Gift Card,0.05,Completed
7998,328,12,34,02 Jan 2023,credit card,0.0,Completed
7999,519,12,3,26 May 2026,credit card,0.25,Completed
8000,690,77,65,2023/05/25,Cash,0.0,Returned
8001,129,11,65,17/11/2025,Debit  Card,0.1,Returned
8002,1137,1,6,27/06/2024,Cash,0.15,Completed
8003,340,1,83,2023-05-07,Credit Card,0.0,Completed
8004,65,77,16,25-01-2024,PayPal,10%,Completed
8005,367,13,44,28 Mar 2025,Store Credit,0.0,Completed
8006,1005,6,4,"May 14, 2023",Gift Card,0.05,Completed
8007,1177,6,19,2023/08/31,Gift Card,0.0,Completed
8008,113,10,8,2024/10/29,Credit Card,25%,Completed
8009,221,3,14,2023/05/28,credit card,0.05,Completed
8010,3,3,3,01-06-2024,Debit  Card,0.05,Completed
8011,1162,77,3,11/25/2024,Cash,10%,Completed
8012,58,8,57,07/04/2024,Debit Card,5%,Completed
8013,204,77,25,03/03/2026,Debit  Card,0.0,Completed
8014,930,11,34,26-06-2024,credit card,10%,Completed
8015,1163,8,39,2024/09/17,CASH,0.05,Completed
8016,216,4,24,2026-01-03,Debit Card,10%,Completed
8017,7,9,30,2024-05-21,credit card,0.0,Completed
8018,96,10,44,05/07/2024,Debit  Card,0.0,Completed
8019,1152,6,28,06/28/2026,Store Credit,5%,Completed
8020,694,6,62,20/05/2024,PayPal,0.1,Returned
8021,284,9,52,10/28/2024,Debit Card,0.05,Completed
8022,865,2,9,09/22/2024,NaN,0.0,Completed
8023,576,5,87,29/01/2023,Cash,0.0,Completed
8024,666,77,41,07/05/2024,Cash,0.0,Returned
8025,865,12,47,"December 30, 2024",Cash,0.0,Completed
8026,1119,7,86,08/06/2026,PayPal,0.0,Completed
8027,1070,11,66,2023-01-04,PayPal,0.05,Completed
8028,910,1,33,2023/12/30,Debit Card,0.0,Completed
8029,816,10,84,"October 14, 2023",credit card,0.0,Completed
8030,371,6,9,10 Jun 2025,credit card,25%,Completed
8031,925,10,11,2026/04/16,Store Credit,0.0,PENDING
8032,983,1,22,"October 25, 2023",Gift Card,0.0,Completed
8033,497,4,8,09/08/2025,PayPal,0.0,Completed
8034,981,2,33,"June 19, 2025",-,0.15,Completed
8035,102,2,46,13 Apr 2023,Debit  Card,0.05,Completed
8036,1183,12,87,,Debit Card,0.0,Completed
8037,421,7,32,"June 27, 2026",PayPal,15%,Completed
8038,22,7,77,2025/09/01,Debit Card,10%,Completed
8039,650,13,27,2023-07-09,Credit Card,5%,Completed
8040,193,13,43,31 May 2026,PayPal,0.0,Returned
8041,883,4,61,2026-07-13,Credit Card,0.0,Completed
8042,11,1,85,"February 13, 2025",Store Credit,25%,Returned
8043,797,12,21,"May 13, 2025",Credit Card,0.0,Completed
8044,1116,6,2,07 Aug 2023,Gift Card,0.0,Completed
8045,146,8,50,"May 05, 2026",Gift Card,0.0,Completed
8046,606,11,9,2024/05/15,PayPal,0.1,Completed
8047,1054,9,30,2025-02-19,Credit Card,0.0,Completed
8048,344,8,34,2024/01/01,Store Credit,0.0,Completed
8049,938,1,49,27/02/2023,PayPal,10%,Returned
8050,978,10,60,11/12/2023,PayPal,15%,Completed
8051,839,3,46,07 May 2024,credit card,0.0,Completed
8052,170,9,44,07-05-2026,Gift Card,0.1,Returned
8053,180,77,14,09-07-2023,Debit  Card,0.0,Completed
8054,548,12,87,03 May 2023,Debit  Card,0.0,Completed
8055,108,11,34,2024-12-09,credit card,5%,Completed
8056,1209,11,56,11/08/2023,Store Credit,0.1,Completed
8057,930,5,5,11/01/2024,NULL,0.15,Completed
8058,758,7,17,"January 02, 2024",PayPal,0.0,Completed
8059,197,4,81,"June 11, 2023",PayPal,0.0,Completed
8060,634,13,62,2023/09/09,Credit Card,0.15,Completed
8061,1015,4,3,2023-04-25,Cash,5%,Completed
8062,523,77,61,30/05/2023,CASH,0.0,Completed
8063,90,11,41,27 Jun 2025,Credit Card,0.0,Completed
8064,1208,77,54,10/05/2025,PayPal,0.0,Completed
8065,159,12,12,05/19/2026,Gift Card,0.1,Completed
8066,103,5,61,04/30/2025,Gift Card,0.1,completed
8067,199,11,28,"January 11, 2026",Store Credit,0.05,Completed
8068,512,3,20,"September 18, 2024",Cash,0.15,Completed
8069,538,1,77,02 Jun 2025,PayPal,0.1,Completed
8070,266,11,11,17-11-2024,CASH,0.0,Completed
8071,185,5,21,2025/08/09,Gift Card,0.0,Completed
8072,966,11,28,27/12/2025,CASH,15%,Completed
8073,801,10,46,2024/11/10,CASH,0.0,Completed
8074,127,6,30,11/25/2023,Gift Card,0.0,Completed
8075,8888,9,77,22/01/2025,Cash,0.1,Completed
8076,593,4,34,2026/03/13,Cash,0.0,Completed
8077,369,10,65,,Credit Card,0.1,Completed
8078,1099,8,15,"August 08, 2024",Store Credit,10%,Completed
8079,1089,77,30,02/22/2025,Credit Card,0.0,Completed
8080,680,4,79,17-02-2024,Credit Card,0.2,Completed
8081,1092,7,43,28-04-2026,Cash,0.05,Completed
8082,174,11,10,"June 25, 2023",PayPal,0.0,completed
8083,1136,13,44,01 Oct 2024,Cash,0.0,Completed
8084,1001,6,82,"May 25, 2023",credit card,0.0,Completed
8085,529,9,69,"December 13, 2024",PayPal,0.0,Completed
8086,1088,12,62,06/18/2024,Cash,15%,Completed
8087,435,11,53,14/03/2024,PayPal,0.0,Completed
8088,879,12,21,2024/06/28,Gift Card,0.15,Completed
8089,1136,11,62,,Credit Card,0.1,Completed
8090,1074,4,7,04 May 2023,CASH,0.0,Completed
8091,461,2,24,19 Mar 2025,Gift Card,0.0,PENDING
8092,3,12,79,"May 15, 2025",Debit Card,25%,Cancelled
8093,288,11,35,2026/07/22,Cash,0.05,Completed
8094,87,1,86,09-03-2026,Gift Card,0.0,Completed
8095,1206,12,7,13 Jan 2023,Debit  Card,0.05,Completed
8096,212,13,65,2023/04/11,Credit Card,0.0,Completed
8097,64,4,34,2023/10/03,Credit Card,0.0,Completed
8098,579,4,56,11/11/2025,Debit  Card,0.0,Completed
8099,1152,7,7,19 Jan 2026,credit card,0.1,Returned
8100,865,5,77,03-02-2026,Gift Card,0.25,Completed
8101,238,1,75,13-02-2024,credit card,10%,Completed
8102,1203,11,82,2026/01/29,Gift Card,10%,Returned
8103,193,6,63,"May 04, 2023",Cash,10%,Completed
8104,1003,12,15,2024-06-16,Debit  Card,0.0,Completed
8105,1180,3,83,"December 17, 2025",CASH,0.0,Completed
8106,244,8,56,08/08/2023,credit card,5%,Cancelled
8107,412,12,48,08/24/2024,PayPal,0.05,Completed
8108,833,4,85,31 May 2026,CASH,0.0,Completed
8109,177,7,68,2025-12-22,Debit  Card,20%,Completed
8110,281,9,36,2024/08/08,PayPal,0.0,Completed
8111,61,4,30,21-08-2023,Cash,0.0,Completed
8112,787,3,27,05/02/2026,Store Credit,0.0,Completed
8113,795,9,77,,Debit  Card,0.0,Completed
8114,527,13,18,30 Jun 2024,CASH,0.05,Completed
8115,1171,77,54,03 Feb 2024,Gift Card,0.0,Completed
8116,375,11,43,2024/06/19,Gift Card,0.0,Completed
8117,910,13,90,28 Sep 2024,Cash,0.0,Completed
8118,132,12,90,01 Jan 2025,NaN,0.0,Completed
8119,173,7,37,03-04-2023,credit card,10%,completed
8120,588,3,53,2025/01/19,Debit Card,0.0,Completed
8121,953,77,66,,Cash,0.0,Completed
8122,901,4,78,11/16/2024,Store Credit,0.0,Completed
8123,962,13,88,2025-06-19,Cash,0.1,Completed
8124,1146,9,90,08 Feb 2025,Debit  Card,0.05,Completed
8125,165,4,50,01/27/2025,PayPal,0.0,Completed
8126,804,13,17,02/02/2025,Cash,0.0,Cancelled
8127,205,8,65,,Cash,0.2,Completed
8128,23,3,41,30-06-2026,Credit Card,0.0,Completed
8129,245,5,64,2023/08/06,CASH,0.15,Completed
8130,567,13,70,03/03/2023,CASH,10%,Completed
8131,453,6,63,2025/09/23,Store Credit,0.05,Completed
8132,168,2,12,19/04/2025,CASH,0.1,Returned
8133,1076,12,78,17 Jan 2023,credit card,0.25,Completed
8134,885,9,7,2023/04/11,Debit Card,10%,completed
8135,925,3,69,17 Jul 2026,PayPal,0.0,Completed
8136,65,1,36,"March 30, 2024",PayPal,0.0,Completed
8137,619,12,35,03-11-2025,Store Credit,0.0,Completed
8138,617,7,57,26-06-2025,NULL,0.1,Completed
8139,406,8,9,"May 30, 2023",Store Credit,5%,Completed
8140,516,8,82,10/17/2023,Cash,0.0,Completed
8141,851,13,90,"July 07, 2026",Cash,10%,Cancelled
8142,733,11,34,2023-09-11,Debit Card,0.0,Completed
8143,89,8,79,16 Apr 2026,credit card,0.0,Completed
8144,1165,13,9,13 Nov 2025,credit card,10%,Completed
8145,294,10,66,12/11/2023,Cash,0.0,Completed
8146,349,6,33,2024-09-05,Gift Card,0.0,Cancelled
8147,902,7,60,2026/01/28,credit card,0.05,Completed
8148,433,4,15,03/05/2024,Gift Card,0.0,Completed
8149,836,11,27,24/01/2025,Gift Card,0.0,Completed
8150,193,3,4,11-09-2025,Debit Card,0.0,completed
8151,827,13,81,01 Mar 2023,NaN,5%,Completed
8152,2,8,28,2025-06-18,Cash,0.1,Completed
8153,328,8,35,2025-12-25,PayPal,0.0,Completed
8154,187,12,65,13/11/2023,Credit Card,0.05,Completed
8155,499,77,64,27-05-2025,-,0.0,Completed
8156,273,3,55,2025-02-23,Credit Card,0.0,Completed
8157,337,10,999,05 Sep 2025,Debit Card,0.05,Completed
8158,266,1,6,29/04/2024,Cash,20%,Completed
8159,754,13,79,2025-10-10,Gift Card,5%,Completed
8160,1081,3,69,10/19/2024,Cash,0.0,Completed
8161,8,3,59,21 Mar 2024,CASH,0.0,Completed
8162,1104,5,37,2024/07/03,Credit Card,0.0,Completed
8163,362,7,67,16/06/2026,CASH,0.0,Completed
8164,37,9,60,2026/02/06,credit card,0.0,Completed
8165,1147,1,9,06/06/2025,Debit Card,0.0,Completed
8166,1028,2,78,2026/04/11,Debit Card,0.05,Completed
8167,307,5,36,2024/12/16,Store Credit,0.05,Completed
8168,199,6,49,2025-12-20,-,0.0,Returned
8169,641,7,61,07/19/2023,NULL,0.05,Completed
8170,482,77,46,2026-01-15,Debit  Card,0.0,Completed
8171,942,11,79,27/07/2026,Credit Card,0.05,Completed
8172,375,6,52,12 Oct 2023,Debit  Card,0.0,Completed
8173,1218,10,26,04-04-2025,CASH,0.0,Completed
8174,20,1,65,"July 09, 2023",Cash,0.0,Completed
8175,384,13,55,25 Feb 2024,Gift Card,0.1,Completed
8176,994,8,58,06/08/2026,PayPal,0.0,Completed
8177,307,9,77,22/03/2024,credit card,0.0,Completed
8178,729,77,59,25/07/2024,Gift Card,0.0,Completed
8179,1038,10,75,2023/12/22,N/A,0.05,Completed
8180,332,11,6,2025-12-23,CASH,0.0,Completed
8181,237,1,36,03 Jul 2025,Debit  Card,0.0,Completed
8182,411,12,20,29 Aug 2023,Store Credit,0.1,Completed
8183,1097,9,86,28-12-2024,Store Credit,0.0,Completed
8184,352,2,79,20 Feb 2026,CASH,0.0,Completed
8185,119,5,89,01 Apr 2025,Debit Card,0.0,Completed
8186,463,6,58,2026/01/05,Store Credit,0.1,Completed
8187,231,6,89,2026-03-24,credit card,10%,Completed
8188,175,77,29,21-12-2025,Gift Card,0.0,Completed
8189,645,7,54,12/21/2025,CASH,0.1,Completed
8190,726,13,53,"February 06, 2026",CASH,0.0,Completed
8191,676,7,85,17/03/2026,Store Credit,0.0,Completed
8192,626,6,76,2026-03-26,CASH,0.05,Completed
8193,842,5,35,19-05-2023,Store Credit,0.0,Completed
8194,587,12,69,06 Jul 2025,PayPal,0.05,Completed
8195,699,5,69,"August 26, 2023",Cash,0.0,Cancelled
8196,547,77,87,03 Sep 2023,Debit Card,0.05,Completed
8197,1220,13,999,2025-11-24,CASH,0.15,Completed
8198,467,13,36,08 Jun 2023,Cash,0.0,Completed
8199,1086,13,11,08 Dec 2024,NaN,20%,Cancelled
8200,1048,3,39,01 Nov 2023,credit card,0.0,Completed
8201,371,6,50,2025/02/19,Gift Card,0.0,Completed
8202,451,1,45,2024-04-12,Store Credit,0.0,Completed
8203,619,7,51,08/05/2023,Cash,0.0,Completed
8204,1167,3,43,"September 29, 2023",credit card,0.0,Completed
8205,263,77,28,05/10/2025,credit card,10%,Completed
8206,178,12,59,2023/11/25,NULL,0.0,Completed
8207,8,3,39,2023/11/02,Credit Card,0.0,Cancelled
8208,799,3,28,02/14/2024,Store Credit,0.0,Completed
8209,21,6,62,12/10/2023,CASH,0.0,Completed
8210,176,1,6,2023/03/10,Debit Card,10%,Completed
8211,219,4,66,11/13/2023,Store Credit,0.0,Cancelled
8212,411,11,86,"March 13, 2026",Cash,0.0,Completed
8213,1040,5,69,11-11-2025,CASH,15%,Completed
8214,461,77,1,"February 19, 2025",PayPal,0.05,Completed
8215,900,4,85,11/11/2024,PayPal,0.0,Completed
8216,1002,77,15,08/19/2025,Credit Card,0.1,Completed
8217,741,9,18,"October 08, 2025",Debit Card,10%,Completed
8218,289,9,9,2025/03/22,Gift Card,0.0,Completed
8219,528,11,15,2025-04-29,Credit Card,5%,Completed
8220,678,2,67,13/07/2024,Debit  Card,0.1,Returned
8221,177,2,80,2025-05-13,Debit Card,0.0,Completed
8222,406,10,55,"April 17, 2024",Gift Card,0.0,Completed
8223,984,9,56,2025/10/25,Store Credit,20%,Completed
8224,437,77,79,12/03/2024,Debit Card,0.15,Completed
8225,603,2,21,26/06/2023,PayPal,0.05,Completed
8226,289,7,54,2023/12/29,Debit  Card,0.0,Completed
8227,1104,12,64,09/08/2025,Cash,5%,Completed
8228,747,12,83,,Store Credit,0.0,Completed
8229,17,77,28,04 Sep 2025,Debit  Card,0.0,Completed
8230,381,9,31,28-02-2025,NULL,0.0,Completed
8231,553,13,56,"August 18, 2023",Store Credit,15%,Completed
8232,799,1,62,21 May 2023,NaN,20%,Completed
8233,693,3,6,"September 22, 2024",Cash,0.05,Returned
8234,632,10,7,2025/10/10,Store Credit,15%,Completed
8235,235,3,82,"September 03, 2023",Cash,0.0,Completed
8236,392,11,12,"April 29, 2025",Store Credit,0.0,Completed
8237,496,6,62,2025/09/19,Debit  Card,0.0,Completed
8238,480,1,10,02/05/2023,Debit Card,0.15,Completed
8239,226,12,6,2024-06-06,Store Credit,0.0,Completed
8240,867,4,6,03/26/2023,CASH,0.1,Completed
8241,1152,13,71,18 Feb 2026,Credit Card,0.0,Completed
8242,1098,7,86,09 Oct 2023,Cash,0.0,Completed
8243,412,2,75,03/22/2025,Credit Card,0.15,Completed
8244,1165,5,88,09/08/2023,CASH,0.0,Completed
8245,77,4,29,2024/07/13,Credit Card,0.0,Cancelled
8246,1081,9,53,2023/02/07,credit card,0.0,Completed
8247,420,5,10,2025/06/22,Credit Card,0.0,Completed
8248,550,2,53,07 Jun 2023,Debit  Card,0.05,Completed
8249,338,4,23,2025-05-07,Debit Card,0.0,Completed
8250,601,9,64,11/07/2025,Debit Card,0.05,Completed
8251,88,11,12,2026-06-25,Credit Card,0.2,Completed
8252,1007,7,83,2025-07-10,CASH,0.0,Completed
8253,262,12,90,,CASH,0.2,Completed
8254,988,2,49,2023-06-23,Gift Card,0.0,Completed
8255,656,11,27,2023-08-13,CASH,5%,Completed
8256,928,4,26,"August 11, 2023",Store Credit,0.0,Completed
8257,628,7,54,"January 15, 2026",Debit Card,0.0,Completed
8258,9999,2,999,"December 19, 2023",credit card,5%,Completed
8259,274,11,999,17-06-2025,Debit Card,0.1,Completed
8260,150,7,10,11/16/2024,Store Credit,0.0,Completed
8261,1167,6,11,30 Oct 2025,Store Credit,0.0,Completed
8262,482,3,87,07/31/2025,PayPal,0.2,Completed
8263,1109,4,57,11/24/2025,CASH,0.05,Completed
8264,745,3,63,2023/03/22,Gift Card,0.1,Completed
8265,140,4,30,2025/05/29,Gift Card,0.0,Completed
8266,159,13,28,"November 17, 2023",Cash,0.1,Completed
8267,391,10,69,2025-08-15,Cash,5%,Completed
8268,756,3,70,07/20/2024,Store Credit,0.0,Completed
8269,71,8,60,,Gift Card,0.05,Completed
8270,1099,5,30,2023-01-19,CASH,0.0,Completed
8271,956,13,80,09/03/2026,Credit Card,0.0,Completed
8272,854,12,82,,Cash,0.0,Completed
8273,191,12,26,2025/10/29,Debit Card,0.0,Completed
8274,682,11,11,2024/01/14,CASH,0.0,Completed
8275,488,4,80,08/08/2023,Cash,10%,Completed
8276,413,4,79,19 Sep 2025,Credit Card,0.0,Returned
8277,285,13,84,"December 22, 2024",PayPal,0.0,Completed
8278,867,1,27,01/18/2026,Store Credit,0.0,Completed
8279,1185,13,22,"July 22, 2023",Store Credit,0.0,Completed
8280,799,77,7,"July 09, 2026",PayPal,0.05,Completed
8281,1166,3,82,2023-02-10,-,10%,Completed
8282,681,2,34,23/06/2025,Debit  Card,0.1,Completed
8283,569,5,22,16/11/2023,Store Credit,0.0,Completed
8284,194,10,90,2025/12/28,Cash,15%,completed
8285,87,4,88,2024-04-25,CASH,0.0,Completed
8286,525,7,42,2025/06/29,Cash,20%,Completed
8287,951,11,89,,credit card,0.0,Completed
8288,917,13,27,20/06/2024,Cash,15%,Completed
8289,268,1,999,04-07-2025,credit card,15%,Completed
8290,173,9,12,09-05-2026,PayPal,0.0,Completed
8291,954,12,2,04/06/2023,Store Credit,0.05,Completed
8292,1108,1,3,18 Aug 2025,Credit Card,0.05,Completed
8293,478,8,16,07/09/2024,Gift Card,15%,Completed
8294,435,11,6,2023-03-26,Store Credit,0.0,Completed
8295,592,11,47,2024-03-14,Store Credit,0.05,Returned
8296,41,7,39,15/07/2026,Debit Card,0.15,Completed
8297,374,2,38,01/11/2023,Debit Card,15%,Completed
8298,951,77,83,13-11-2025,Credit Card,0.1,Completed
8299,814,13,58,2024/01/07,CASH,10%,Completed
8300,1148,5,89,02/08/2024,Store Credit,0.1,Completed
8301,754,6,11,04/03/2024,Cash,0.05,Completed
8302,1124,3,80,2025/03/21,Debit  Card,0.0,Completed
8303,116,13,41,20 Mar 2025,Cash,0.25,Completed
8304,504,10,72,26-03-2023,Debit Card,0.0,Completed
8305,935,13,39,"September 09, 2023",Store Credit,0.0,Completed
8306,115,12,86,02/20/2023,Debit Card,0.0,Completed
8307,320,3,17,"February 10, 2024",Debit  Card,0.0,Cancelled
8308,331,6,37,10 Apr 2025,Debit  Card,0.25,Completed
8309,1095,1,28,"January 27, 2024",CASH,0.0,Completed
8310,666,12,59,2024-02-28,CASH,0.0,Completed
8311,897,11,59,02-05-2023,CASH,0.0,Completed
8312,323,6,12,2025/04/06,CASH,0.0,Completed
8313,1141,7,3,03/14/2023,Debit  Card,0.1,Completed
8314,838,2,31,"April 01, 2026",Credit Card,0.05,Completed
8315,66,5,47,22/08/2023,Gift Card,0.15,Returned
8316,627,12,24,27-01-2026,Store Credit,0.0,Completed
8317,876,11,43,20-05-2025,Debit  Card,0.0,Completed
8318,407,9,11,2025-12-08,CASH,0.1,Completed
8319,840,13,45,04/03/2023,Debit Card,0.15,Completed
8320,513,5,26,19 Apr 2025,CASH,0.05,Completed
8321,966,5,70,20 Feb 2024,Cash,0.0,Completed
8322,606,10,70,02/21/2024,Debit Card,10%,Completed
8323,1082,12,89,15 Dec 2023,Store Credit,0.05,completed
8324,159,7,49,09/04/2025,credit card,10%,Completed
8325,580,2,63,02/13/2025,Store Credit,0.1,Completed
8326,167,13,35,17-08-2023,Gift Card,0.1,Completed
8327,1205,4,9,2025/04/07,-,0.1,Completed
8328,292,13,64,08/16/2023,Gift Card,0.05,Returned
8329,510,11,13,18/09/2024,credit card,5%,Completed
8330,781,8,55,07/17/2025,credit card,0.0,Completed
8331,1144,11,33,2024-07-18,Credit Card,0.0,Completed
8332,168,8,39,16 May 2025,credit card,0.0,Completed
8333,809,4,11,2026-07-27,Credit Card,5%,Completed
8334,449,12,89,21 Feb 2025,CASH,20%,Completed
8335,1212,1,54,2025-10-08,Cash,0.0,Completed
8336,823,4,45,13 Jan 2025,CASH,0.0,Completed
8337,562,13,77,2023-11-02,Gift Card,0.25,Completed
8338,987,6,999,02/12/2024,Gift Card,0.0,Completed
8339,97,6,1,2023-05-02,CASH,5%,Completed
8340,718,2,5,"November 23, 2023",credit card,0.05,Completed
8341,323,11,78,2025-12-25,credit card,0.05,Completed
8342,1140,10,22,26 Mar 2025,Credit Card,0.05,Returned
8343,770,3,46,2024/12/08,credit card,0.05,PENDING
8344,848,4,62,2025/09/11,credit card,0.0,Completed
8345,71,11,25,2025-03-05,Debit  Card,0.0,Completed
8346,500,5,72,22-01-2023,Store Credit,0.0,Completed
8347,217,3,43,2025/03/21,credit card,0.1,Completed
8348,492,2,90,10/28/2023,Credit Card,0.2,Completed
8349,1112,3,66,"November 02, 2025",Store Credit,0.0,Completed
8350,625,4,69,15 Jun 2023,Gift Card,0.0,Returned
8351,191,10,9,03-05-2025,Debit Card,0.1,Completed
8352,813,3,68,2026-01-25,credit card,0.05,Completed
8353,818,9,45,2024/01/19,Debit Card,5%,Completed
8354,1049,3,13,09 May 2024,Debit Card,0.0,Completed
8355,18,8,65,28-05-2025,CASH,0.0,Returned
8356,182,9,21,"October 30, 2024",Debit Card,0.0,completed
8357,1153,8,36,09/03/2023,Cash,0.0,Cancelled
8358,1013,1,49,2024/06/19,Credit Card,0.0,Completed
8359,1118,5,47,21 Sep 2023,PayPal,5%,Cancelled
8360,547,1,8,2024/01/27,Debit  Card,0.0,Completed
8361,186,10,3,06/11/2024,Credit Card,10%,Completed
8362,727,7,46,2025/02/27,credit card,0.0,Completed
8363,842,13,69,,Cash,0.1,completed
8364,77,9,18,"December 02, 2023",Gift Card,25%,Completed
8365,774,13,27,08/09/2024,credit card,0.05,Completed
8366,1183,4,87,2023-05-14,Credit Card,0.0,Completed
8367,152,4,39,2026-06-02,Gift Card,0.1,Cancelled
8368,746,6,36,18/11/2024,Debit  Card,0.1,Completed
8369,693,2,72,2024/07/23,Credit Card,0.05,Completed
8370,513,8,36,03/10/2025,Cash,0.0,Completed
8371,190,3,71,12 Aug 2025,PayPal,0.05,Completed
8372,1197,3,39,24 Oct 2024,PayPal,0.05,Completed
8373,1173,10,72,"October 09, 2025",Store Credit,0.05,Completed
8374,731,5,34,2024-04-17,Debit  Card,0.0,Completed
8375,716,6,86,11/01/2024,PayPal,15%,Completed
8376,1166,1,75,06-01-2024,PayPal,0.0,Completed
8377,128,6,56,"August 07, 2025",Debit  Card,0.0,Completed
8378,1007,2,69,2023-08-19,Gift Card,15%,Completed
8379,1092,77,16,16/05/2026,Store Credit,10%,Completed
8380,97,3,17,"May 17, 2026",credit card,0.0,Completed
8381,994,8,17,2024/12/24,Credit Card,0.0,Completed
8382,319,2,72,03/24/2024,PayPal,0.0,Completed
8383,1009,9,55,09/08/2024,Gift Card,0.2,Completed
8384,1096,11,80,24 Sep 2023,CASH,0.0,Cancelled
8385,39,9,80,07 Dec 2025,Debit Card,0.0,Completed
8386,293,3,89,2023/01/29,credit card,0.1,Completed
8387,1160,1,21,29 Jan 2026,credit card,0.0,Completed
8388,529,12,78,01/08/2023,Credit Card,0.0,Completed
8389,949,6,31,"September 17, 2025",CASH,0.0,Completed
8390,337,13,39,31/12/2024,Gift Card,10%,Completed
8391,614,8,6,"March 24, 2026",Debit Card,0.0,Completed
8392,1089,3,52,2024-11-13,Debit Card,0.0,Completed
8393,1153,5,34,"March 22, 2025",PayPal,20%,Completed
8394,1218,13,1,"May 02, 2024",Cash,0.0,Completed
8395,262,2,39,"December 21, 2023",Gift Card,0.0,Completed
8396,792,11,67,"July 10, 2026",Cash,0.0,Completed
8397,1100,5,28,17 Sep 2024,PayPal,0.0,Returned
8398,213,4,55,"April 04, 2025",Credit Card,0.1,Completed
8399,627,7,38,2023/01/11,Cash,0.1,PENDING
8400,1012,11,40,12-01-2025,Cash,0.0,Completed
8401,199,3,86,18 Nov 2025,CASH,0.1,Completed
8402,883,9,20,28 Feb 2025,credit card,0.0,Completed
8403,789,77,40,2026/06/07,PayPal,0.0,Completed
8404,533,77,69,2024/01/05,Debit  Card,10%,Completed
8405,74,7,79,10/01/2023,PayPal,0.0,Completed
8406,180,8,74,23/02/2025,Debit  Card,5%,Completed
8407,1124,77,68,31/12/2025,CASH,20%,Completed
8408,298,77,66,2024/09/05,Gift Card,0.0,Completed
8409,632,10,19,04 Mar 2024,Gift Card,0.15,Completed
8410,184,2,72,12/04/2023,PayPal,0.05,Completed
8411,797,6,49,"June 12, 2023",Debit  Card,0.1,Completed
8412,612,10,38,"December 18, 2024",Gift Card,0.0,Completed
8413,1074,77,44,20 Sep 2023,Cash,0.05,Completed
8414,236,2,13,2023/02/19,Debit Card,5%,Completed
8415,653,12,5,11-02-2025,Cash,0.05,Completed
8416,807,8,22,02/07/2025,Gift Card,0.0,Completed
8417,386,7,42,2023/12/24,CASH,0.15,Completed
8418,1083,8,7,,Gift Card,0.05,Completed
8419,334,11,35,2026/05/24,Debit Card,0.05,Completed
8420,784,6,1,05-10-2023,Gift Card,0.0,Completed
8421,349,6,47,25 Dec 2023,Debit Card,0.0,Completed
8422,931,6,11,"January 07, 2024",Debit  Card,0.0,Completed
8423,1193,1,60,"August 10, 2025",Debit Card,20%,Completed
8424,784,3,25,2025/04/21,Credit Card,0.0,Completed
8425,110,11,90,2025-05-20,CASH,0.0,Completed
8426,1179,9,21,2024/11/04,Cash,0.05,Completed
8427,243,77,24,2024/07/19,Debit Card,5%,Completed
8428,1177,11,84,10 Aug 2024,CASH,0.0,Completed
8429,280,9,22,04 Dec 2024,Gift Card,0.0,Completed
8430,1075,3,62,26/01/2025,Credit Card,0.25,Completed
8431,297,8,20,2024/08/19,PayPal,0.1,Completed
8432,141,7,9,17-06-2024,credit card,0.0,Completed
8433,1048,12,999,"May 19, 2023",PayPal,0.0,Completed
8434,1094,2,29,"July 02, 2025",NaN,0.0,Completed
8435,448,11,53,01/20/2026,Debit  Card,0.0,Completed
8436,140,1,51,"January 30, 2023",Debit  Card,0.05,Completed
8437,5,9,68,01/31/2026,PayPal,0.1,Completed
8438,602,12,62,2026/01/20,Debit Card,0.1,Completed
8439,680,4,50,2025-02-01,Credit Card,15%,Completed
8440,370,6,53,21/04/2023,Store Credit,0.1,Completed
8441,150,12,55,"December 07, 2023",PayPal,0.0,Completed
8442,724,6,13,28 Jul 2024,credit card,0.0,Completed
8443,721,2,43,04/18/2023,Debit Card,0.0,Completed
8444,208,1,63,02/04/2023,Gift Card,0.0,Completed
8445,354,5,49,2025-09-17,-,0.1,Completed
8446,202,12,64,"November 07, 2025",credit card,0.05,Completed
8447,471,12,55,2023/12/07,Store Credit,0.05,Completed
8448,951,8,78,26 May 2026,Credit Card,0.0,Completed
8449,1014,6,90,23/07/2025,PayPal,0.0,Completed
8450,438,12,44,18-05-2026,credit card,0.0,Completed
8451,788,77,25,14 May 2023,Gift Card,0.0,Completed
8452,1027,4,23,05/26/2024,CASH,15%,Returned
8453,1089,3,13,"December 18, 2025",PayPal,0.0,Completed
8454,304,8,53,,PayPal,0.0,Completed
8455,808,12,52,07/08/2025,Debit  Card,20%,Completed
8456,43,13,27,01-01-2023,Cash,0.05,Completed
8457,180,7,70,18/03/2024,Cash,0.0,Completed
8458,727,7,22,09 Dec 2024,Debit Card,10%,Completed
8459,81,7,1,21-10-2024,Debit Card,0.0,Completed
8460,443,13,74,05/16/2026,Credit Card,0.0,Completed
8461,61,11,85,"June 14, 2025",PayPal,0.0,Completed
8462,45,7,12,16-05-2024,CASH,10%,Completed
8463,522,8,40,14-05-2025,PayPal,0.0,Completed
8464,848,4,73,07/12/2023,credit card,0.0,Completed
8465,729,3,10,"March 03, 2026",credit card,0.0,Completed
8466,8,1,62,06/10/2025,Store Credit,15%,Completed
8467,472,7,19,2023/09/24,Debit Card,0.15,Completed
8468,106,5,52,2025-06-25,CASH,0.05,Completed
8469,916,7,11,2026/06/19,Cash,0.0,Completed
8470,275,13,38,25 Apr 2024,CASH,0.1,Completed
8471,954,10,74,04-03-2026,PayPal,0.0,Completed
8472,311,12,43,2026/07/07,Cash,0.0,Completed
8473,918,9,72,21/01/2025,Debit  Card,0.0,Completed
8474,1081,2,13,03-03-2024,Cash,0.0,Completed
8475,778,4,42,"February 26, 2026",CASH,10%,Completed
8476,890,9,80,18 Jul 2026,-,0.0,Completed
8477,480,4,78,30/12/2023,Credit Card,0.0,Completed
8478,485,7,71,09/18/2025,CASH,0.1,Completed
8479,1130,11,86,22 Jan 2023,Cash,20%,Completed
8480,69,9,26,13 Mar 2024,CASH,0.05,Completed
8481,540,6,17,17 Jun 2024,Cash,0.0,Completed
8482,161,12,19,2026/01/23,Gift Card,0.0,Completed
8483,311,8,7,22-01-2025,Gift Card,0.15,Completed
8484,706,4,28,22 May 2026,Debit Card,0.2,Completed
8485,753,11,12,"September 24, 2024",Gift Card,0.0,Completed
8486,850,13,73,02/10/2024,Credit Card,0.0,Completed
8487,423,12,37,27 Jun 2023,Debit Card,0.05,Completed
8488,53,6,62,2025/07/18,Debit  Card,0.1,Completed
8489,57,8,80,22/03/2026,Credit Card,0.0,Completed
8490,347,11,31,03/22/2026,credit card,25%,Completed
8491,968,8,89,2025-11-04,Cash,15%,Cancelled
8492,1009,9,23,21-07-2024,Credit Card,0.05,Completed
8493,1041,10,32,09/07/2024,Debit  Card,0.0,Completed
8494,215,2,36,06/07/2025,Store Credit,0.0,Completed
8495,531,13,86,02/06/2025,Debit Card,0.05,Completed
8496,419,9,61,2026-03-19,CASH,0.15,Completed
8497,626,8,82,"November 12, 2025",Gift Card,0.0,Completed
8498,1216,9,83,"June 12, 2023",Debit Card,0.0,Completed
8499,809,1,37,2026-06-05,credit card,0.0,Completed
8500,62,1,54,"January 07, 2026",credit card,5%,Completed
8501,631,5,9,07/03/2024,Debit  Card,10%,Completed
8502,269,2,55,03/07/2026,PayPal,0.0,Completed
8503,1110,2,83,09/06/2025,CASH,0.1,Completed
8504,322,8,3,11/11/2023,Debit Card,0.15,Completed
8505,76,8,90,"February 27, 2024",Gift Card,0.05,Completed
8506,656,8,69,07/09/2025,credit card,0.05,Returned
8507,677,9,19,02-10-2024,-,10%,Completed
8508,1162,4,39,08/29/2025,Debit  Card,0.0,Completed
8509,345,6,14,13/09/2025,Debit Card,0.05,Completed
8510,858,77,23,15 Feb 2026,Store Credit,0.05,Completed
8511,1014,5,41,01/28/2024,Debit  Card,10%,Completed
8512,67,2,2,,Cash,10%,Completed
8513,467,2,15,04/04/2023,Debit  Card,0.0,Completed
8514,470,4,85,20/06/2024,Credit Card,0.0,Completed
8515,770,4,30,,Debit Card,0.0,Completed
8516,1184,77,51,2024/11/06,Debit  Card,0.0,Completed
8517,188,6,74,11/01/2024,Cash,10%,Completed
8518,1095,6,86,"November 16, 2023",NULL,0.0,Completed
8519,1032,10,88,03-09-2025,Credit Card,0.1,Completed
8520,761,12,14,26 Jan 2026,PayPal,0.0,Completed
8521,673,4,59,02/06/2026,credit card,0.0,Completed
8522,699,7,2,2025-05-25,Debit  Card,5%,Completed
8523,807,4,27,2023/09/13,Cash,0.0,Completed
8524,604,8,19,30-10-2024,Store Credit,0.05,Completed
8525,429,1,3,16/10/2023,CASH,0.0,Completed
8526,693,9,77,28/07/2025,Credit Card,0.0,Completed
8527,569,10,27,"April 21, 2023",Debit  Card,25%,Completed
8528,712,6,33,2025/10/01,NaN,0.0,Completed
8529,1079,13,71,"January 14, 2026",Credit Card,0.0,Completed
8530,510,8,8,04 Jul 2023,Debit  Card,0.15,Completed
8531,355,11,13,17 Dec 2024,Gift Card,0.0,Completed
8532,907,13,56,07/05/2024,Cash,0.0,Completed
8533,882,7,61,11 Mar 2024,Debit  Card,0.05,Completed
8534,1063,8,16,"June 15, 2026",Store Credit,5%,Completed
8535,1123,8,42,2025/03/07,Credit Card,0.0,Completed
8536,504,5,11,2023/09/29,Store Credit,0.0,Completed
8537,719,2,25,09/17/2025,Cash,20%,Completed
8538,416,2,13,18-04-2025,credit card,0.0,Completed
8539,1168,4,33,19-10-2024,NULL,0.0,Completed
8540,856,8,6,26 Apr 2024,Debit  Card,0.0,Completed
8541,459,6,24,2026-03-29,Debit  Card,0.0,Completed
8542,959,1,15,25 Mar 2026,Store Credit,20%,Completed
8543,488,8,26,2024-10-01,CASH,0.0,Completed
8544,26,11,71,"April 02, 2024",Store Credit,0.0,Completed
8545,896,13,58,05-05-2024,credit card,0.1,Completed
8546,1148,6,80,2024/09/11,Gift Card,5%,Completed
8547,863,11,90,09/03/2026,Store Credit,5%,Completed
8548,249,12,74,2024/05/20,-,0.1,Completed
8549,20,11,11,06/25/2024,CASH,5%,Completed
8550,968,5,43,09 Mar 2023,CASH,0.0,Completed
8551,421,6,56,11/09/2023,credit card,0.0,Completed
8552,1213,12,78,05-07-2024,NULL,0.0,completed
8553,692,8,89,28/11/2023,CASH,0.0,Completed
8554,578,77,49,2025/06/06,CASH,0.0,Completed
8555,726,10,76,03 Oct 2023,Gift Card,0.05,Completed
8556,454,12,8,15 Feb 2025,Cash,0.1,Completed
8557,516,4,14,"June 09, 2024",Debit Card,0.0,Completed
8558,295,3,21,16 Oct 2025,Cash,0.1,Completed
8559,1095,11,35,07 May 2024,credit card,0.1,Completed
8560,394,12,37,2025-08-22,Store Credit,0.0,Completed
8561,526,3,46,"November 16, 2023",Debit  Card,0.0,PENDING
8562,483,9,71,17-05-2023,Credit Card,0.0,Completed
8563,836,6,51,2023-04-04,Debit Card,5%,Completed
8564,905,3,29,10 Jun 2026,Debit  Card,0.15,Completed
8565,1177,4,76,09/14/2023,Cash,0.15,completed
8566,673,2,59,"April 28, 2024",Gift Card,0.0,Completed
8567,596,10,82,05-06-2025,Credit Card,0.0,Returned
8568,63,9,81,26/04/2023,Debit Card,5%,Returned
8569,863,10,25,07/20/2025,N/A,0.2,Completed
8570,652,9,21,"August 27, 2025",Cash,0.1,Completed
8571,536,7,59,03/04/2023,Cash,5%,Completed
8572,1039,77,20,26-02-2026,Gift Card,0.15,Completed
8573,1093,2,41,12/29/2025,-,0.1,Completed
8574,478,77,46,02 Mar 2026,CASH,0.0,Completed
8575,327,12,7,2024-01-29,-,0.1,Completed
8576,26,5,59,"February 04, 2026",NaN,0.0,Cancelled
8577,907,6,41,2024-08-24,Debit Card,0.05,Completed
8578,1193,9,20,02-03-2026,NULL,10%,Completed
8579,46,8,65,2023-08-14,CASH,20%,Returned
8580,244,4,11,2024-06-23,Gift Card,5%,Completed
8581,583,13,17,"June 27, 2023",PayPal,0.0,Completed
8582,517,11,19,2023/11/16,NaN,0.0,Completed
8583,813,6,49,05/27/2024,PayPal,0.05,Completed
8584,515,6,33,12/03/2024,credit card,0.0,Completed
8585,628,3,24,06/28/2025,Debit Card,0.0,Completed
8586,1160,77,26,"October 26, 2024",credit card,15%,Completed
8587,934,8,9,22/03/2026,credit card,0.0,Completed
8588,389,8,23,24/12/2024,Debit  Card,0.2,Completed
8589,738,11,2,03/02/2026,CASH,0.05,Completed
8590,832,1,15,,CASH,25%,Completed
8591,315,4,35,09/10/2024,Cash,20%,Completed
8592,538,4,4,2025/10/19,Debit  Card,5%,Completed
8593,1128,77,999,2026-06-14,Gift Card,0.15,Completed
8594,252,8,70,25/01/2026,PayPal,0.1,Completed
8595,170,7,73,2025-03-11,Debit Card,0.0,Completed
8596,112,5,18,"June 11, 2025",Credit Card,10%,Completed
8597,1053,77,27,2025-04-28,Debit Card,0.05,completed
8598,450,3,59,2026-05-12,Debit  Card,0.05,Completed
8599,581,77,54,31/12/2025,credit card,0.1,Completed
8600,659,8,53,2025-07-19,N/A,0.0,Completed
8601,1223,5,89,"June 30, 2023",PayPal,0.1,Completed
8602,1191,6,53,07/04/2024,PayPal,0.0,Completed
8603,1150,7,86,2023-09-06,Debit  Card,0.0,Completed
8604,743,13,13,09/05/2025,Store Credit,0.0,Completed
8605,698,2,56,2025/10/24,Gift Card,0.0,Completed
8606,801,1,25,2026-02-20,Debit Card,0.0,Completed
8607,1088,11,76,2026/02/08,Debit  Card,5%,Completed
8608,725,77,57,2026-06-09,Gift Card,0.05,Completed
8609,184,6,21,20-10-2025,CASH,0.0,Completed
8610,1200,77,19,09/13/2024,Store Credit,0.0,Completed
8611,369,9,49,30-08-2024,Cash,0.0,Completed
8612,541,7,56,28-12-2024,Cash,0.05,Completed
8613,461,77,50,"January 03, 2024",Credit Card,10%,Completed
8614,899,5,27,2023-12-13,Gift Card,0.0,Completed
8615,21,1,38,2023/07/16,credit card,0.1,Completed
8616,1077,10,33,04-06-2026,Gift Card,0.0,Completed
8617,713,10,88,"September 18, 2024",credit card,0.1,Completed
8618,521,77,38,2024-09-01,Credit Card,5%,Completed
8619,564,10,45,2023-04-16,Store Credit,25%,Completed
8620,609,5,84,17-02-2025,Debit Card,0.1,Completed
8621,266,6,76,02 Apr 2024,NULL,0.0,Completed
8622,955,6,23,24-01-2024,credit card,0.1,Completed
8623,471,3,55,2023/04/10,Cash,10%,Completed
8624,243,10,75,"September 11, 2025",credit card,0.25,Completed
8625,205,7,27,27-09-2025,CASH,0.0,Completed
8626,27,2,5,30 Apr 2025,Store Credit,0.0,Cancelled
8627,492,1,62,29 Sep 2023,Debit  Card,0.0,Completed
8628,233,1,31,22/03/2025,Cash,0.0,Completed
8629,823,6,69,17 Mar 2023,Store Credit,0.0,Completed
8630,234,7,64,2023/02/12,Debit  Card,0.25,Cancelled
8631,625,8,41,25/07/2025,Cash,0.15,Completed
8632,333,4,83,01/15/2025,credit card,0.0,Completed
8633,1093,8,54,"December 29, 2023",Debit  Card,0.05,Completed
8634,18,7,48,13/02/2023,CASH,0.0,Completed
8635,346,3,999,2024-06-17,Credit Card,0.0,Completed
8636,633,9,11,"June 03, 2024",PayPal,25%,Completed
8637,1014,7,85,2025-08-05,Credit Card,0.0,Completed
8638,219,2,56,15/07/2023,Debit  Card,0.0,Completed
8639,266,3,76,,Cash,0.0,Completed
8640,417,11,11,31 Jul 2025,Gift Card,0.0,Completed
8641,490,9,75,24/03/2024,none,0.0,Returned
8642,674,5,6,11/16/2024,credit card,0.0,Completed
8643,198,2,74,2026/06/04,Debit Card,0.0,Returned
8644,30,7,47,2024/03/11,PayPal,5%,Completed
8645,1036,7,25,2025-05-07,Gift Card,0.0,Completed
8646,976,11,90,"April 21, 2024",Gift Card,0.0,Completed
8647,65,77,999,22 Mar 2024,Debit  Card,0.0,Completed
8648,599,13,7,08/24/2023,PayPal,0.0,Completed
8649,1223,11,39,2023-09-19,CASH,0.2,Completed
8650,470,9,23,02 Jun 2025,-,5%,Completed
8651,815,8,52,2026/05/13,PayPal,5%,Completed
8652,1060,13,68,2024-07-14,Cash,0.0,Completed
8653,1099,77,84,11-02-2023,none,5%,Completed
8654,474,12,4,11-06-2025,Debit  Card,0.0,Completed
8655,438,1,60,2026/04/09,PayPal,0.0,Completed
8656,1153,3,28,,Debit Card,0.0,Completed
8657,669,9,63,29/01/2026,Debit Card,0.0,completed
8658,667,9,73,2023/02/18,CASH,0.0,Completed
8659,154,12,79,2024-08-31,credit card,0.0,Returned
8660,61,4,30,,PayPal,0.15,Completed
8661,886,77,62,14-01-2025,CASH,0.05,Completed
8662,47,77,32,13/04/2023,CASH,0.2,Completed
8663,922,6,79,2023/03/20,Credit Card,5%,Completed
8664,589,8,77,17-11-2023,Store Credit,0.0,completed
8665,948,4,59,2024-02-06,NULL,0.0,Completed
8666,1195,2,36,2026/07/15,Store Credit,0.05,Completed
8667,908,5,999,2025/05/18,Store Credit,5%,Completed
8668,783,9,89,11-12-2025,CASH,15%,Completed
8669,1165,2,42,"April 12, 2023",Debit Card,0.0,Completed
8670,989,4,58,22 Feb 2025,Store Credit,0.0,Completed
8671,680,1,65,09/25/2025,Cash,0.05,Completed
8672,67,1,81,2024/10/16,Gift Card,5%,Completed
8673,496,2,11,2025-02-10,Gift Card,0.0,Completed
8674,823,13,11,"June 04, 2024",PayPal,0.0,completed
8675,978,1,62,"February 15, 2024",Debit  Card,0.1,Completed
8676,1026,3,87,15/04/2023,Debit  Card,0.05,Completed
8677,637,1,80,15/12/2024,PayPal,10%,Completed
8678,1108,8,24,2025/06/10,CASH,0.1,Completed
8679,147,6,77,20 Feb 2024,PayPal,0.15,Completed
8680,242,9,7,08/10/2023,CASH,0.05,Cancelled
8681,889,11,40,,Gift Card,0.1,Completed
8682,310,3,25,24/10/2025,Credit Card,0.0,Completed
8683,518,11,63,28-12-2023,Debit Card,0.0,Completed
8684,95,3,5,07/10/2024,PayPal,0.1,Completed
8685,433,1,42,2024/02/12,Cash,0.1,Completed
8686,423,2,5,2024-02-04,Store Credit,10%,Returned
8687,138,10,26,08 Aug 2024,Gift Card,0.0,Completed
8688,97,12,17,"April 19, 2026",-,0.0,Completed
8689,358,12,31,28/10/2024,Debit  Card,0.1,Completed
8690,487,7,18,24-09-2025,Store Credit,0.0,Completed
8691,326,9,57,16 Jun 2024,CASH,0.15,Completed
8692,390,6,46,27/09/2024,Gift Card,0.0,Completed
8693,187,5,54,01 Jan 2023,Store Credit,15%,Completed
8694,445,5,22,29-07-2025,,0.15,Completed
8695,549,11,26,14 Aug 2025,Cash,0.1,Cancelled
8696,321,1,11,21-06-2024,PayPal,0.0,Completed
8697,768,10,58,,credit card,25%,Completed
8698,607,12,28,25 Jan 2026,Cash,0.0,Completed
8699,1148,4,44,2025/12/24,credit card,0.0,Completed
8700,1103,11,63,15/12/2024,Credit Card,0.0,Completed
8701,269,6,999,2023/07/12,Credit Card,10%,Completed
8702,580,77,87,2025-03-12,Cash,0.2,Completed
8703,71,3,70,"August 24, 2025",credit card,20%,Completed
8704,770,5,42,18-07-2025,Credit Card,20%,Completed
8705,420,2,40,26-04-2024,credit card,0.1,Completed
8706,809,3,48,23/03/2024,Debit  Card,0.0,Completed
8707,579,1,22,"February 22, 2025",Cash,0.0,Completed
8708,236,6,20,2024/05/04,CASH,0.0,Completed
8709,1047,6,34,18-11-2024,Debit  Card,0.1,Cancelled
8710,967,2,24,18/03/2025,Debit  Card,0.25,Completed
8711,65,11,55,27/12/2023,CASH,0.0,Completed
8712,153,7,68,08/03/2023,Credit Card,0.05,Completed
8713,424,12,61,10/31/2023,Credit Card,0.0,Completed
8714,973,3,29,30/10/2023,Store Credit,0.05,Completed
8715,830,12,76,10 Aug 2025,Debit Card,0.0,Completed
8716,1178,1,18,2025/01/19,Credit Card,0.0,Completed
8717,927,9,67,"August 31, 2023",none,0.0,Completed
8718,12,10,88,05-07-2024,Debit  Card,0.0,Completed
8719,740,13,74,01/08/2024,credit card,0.0,Completed
8720,878,5,52,23/01/2023,Store Credit,0.1,Completed
8721,1013,13,76,30/12/2023,PayPal,0.0,Completed
8722,1158,4,89,19-09-2024,Gift Card,0.0,Completed
8723,139,77,48,11/12/2023,CASH,5%,Completed
8724,631,77,68,29 Nov 2024,PayPal,15%,Completed
8725,567,8,39,"August 17, 2023",Debit Card,0.1,Completed
8726,396,2,1,23-07-2023,PayPal,0.0,Completed
8727,718,6,80,27-11-2023,CASH,0.0,Completed
8728,509,4,75,2024-04-07,CASH,0.0,Completed
8729,1143,9,11,2023-10-10,Store Credit,0.15,Returned
8730,1008,2,7,26-04-2023,Credit Card,10%,Completed
8731,950,5,25,22/05/2024,Cash,0.15,Completed
8732,811,4,84,12/02/2023,Debit Card,10%,Completed
8733,378,3,50,2024-09-24,Cash,0.0,Completed
8734,853,2,65,2024/08/11,Cash,0.05,Completed
8735,220,1,85,14 Nov 2023,Debit Card,15%,Completed
8736,367,3,54,2024-12-21,Credit Card,0.05,Completed
8737,1132,2,50,2025-12-29,Credit Card,10%,Completed
8738,1174,4,72,11/27/2023,Store Credit,0.0,Completed
8739,1086,12,55,2025-08-14,Gift Card,0.0,Completed
8740,727,6,61,14/10/2024,Credit Card,0.1,Completed
8741,928,2,36,"August 07, 2023",Debit Card,0.1,Completed
8742,85,4,76,"August 17, 2024",Credit Card,0.0,Completed
8743,213,77,88,02-02-2026,credit card,0.0,Completed
8744,669,10,61,2025-12-16,NULL,0.0,Completed
8745,733,11,77,,PayPal,0.2,Completed
8746,493,4,58,03-03-2024,Credit Card,10%,Cancelled
8747,902,8,15,09/12/2023,Cash,0.0,Completed
8748,557,10,41,05/15/2023,Credit Card,0.0,Completed
8749,1110,9,26,2026/04/28,CASH,0.25,Completed
8750,523,5,89,31/08/2025,Gift Card,0.0,Completed
8751,942,8,6,27 May 2025,credit card,0.0,Completed
8752,937,7,14,10-04-2026,CASH,20%,Completed
8753,897,6,1,22/10/2023,Credit Card,0.0,Completed
8754,794,77,15,20/10/2024,CASH,0.0,Completed
8755,362,9,82,21/04/2025,Debit Card,0.0,Completed
8756,262,8,56,12/29/2025,CASH,0.0,Completed
8757,41,11,33,07/18/2026,Debit Card,10%,Completed
8758,961,5,52,02/12/2024,Cash,0.1,Completed
8759,421,12,43,2025/09/02,credit card,0.0,Completed
8760,1058,9,44,02 Jul 2025,Cash,5%,Completed
8761,320,8,47,"January 26, 2026",credit card,0.0,Completed
8762,1215,1,11,2024-06-23,CASH,25%,Completed
8763,565,11,86,23 Apr 2026,credit card,10%,Completed
8764,741,7,57,02-02-2026,Debit Card,0.05,Completed
8765,453,1,62,"September 17, 2024",CASH,0.0,Completed
8766,715,11,26,05-05-2023,Cash,0.0,Completed
8767,210,6,45,2023-04-28,credit card,15%,Completed
8768,410,13,37,23 Sep 2023,CASH,0.0,Completed
8769,344,2,54,23 Apr 2024,N/A,0.0,Completed
8770,741,1,60,2024/10/21,credit card,20%,Completed
8771,905,6,65,2023/09/03,Credit Card,0.0,Completed
8772,591,12,20,2023/07/04,,10%,Returned
8773,315,2,5,11/01/2024,Cash,0.0,Completed
8774,831,77,7,13-09-2023,Debit  Card,0.05,Completed
8775,642,6,68,2026/03/21,credit card,0.25,Completed
8776,39,1,37,2026-06-20,CASH,20%,Completed
8777,1138,8,28,05 Oct 2025,PayPal,0.05,Completed
8778,507,9,67,28 Nov 2024,,0.15,Completed
8779,22,5,53,13-04-2023,credit card,0.0,Completed
8780,1042,11,75,02/10/2023,Debit  Card,0.0,Completed
8781,158,7,999,03/22/2025,credit card,0.0,Completed
8782,1055,4,9,19/11/2024,Debit  Card,5%,Completed
8783,785,4,13,03 Dec 2024,Store Credit,0.0,Completed
8784,485,8,41,12/04/2025,CASH,25%,Completed
8785,381,2,67,24-06-2025,Cash,5%,Completed
8786,584,4,19,09/30/2024,Debit Card,0.0,Completed
8787,554,7,53,2025/02/25,Store Credit,0.05,Completed
8788,48,3,30,2024-03-24,Debit  Card,0.0,Cancelled
8789,794,6,61,23/03/2025,Debit Card,10%,Completed
8790,1094,11,30,19-03-2025,Store Credit,0.0,Completed
8791,100,77,70,21/11/2025,N/A,5%,Completed
8792,40,9,48,11/12/2024,credit card,0.05,Completed
8793,285,12,36,2025/07/10,Debit Card,0.05,Completed
8794,140,4,80,03/06/2025,Debit Card,0.0,Completed
8795,589,3,26,24 Jun 2026,Store Credit,0.0,Completed
8796,656,3,5,2026/04/11,Cash,0.05,Completed
8797,1189,13,64,2026-06-21,Cash,0.0,Completed
8798,1030,6,20,23-12-2024,CASH,15%,Completed
8799,12,3,9,2024/05/04,Gift Card,10%,Completed
8800,48,10,13,16-04-2024,Debit Card,20%,Completed
8801,437,11,11,08-11-2024,Cash,0.0,Completed
8802,477,2,43,03-03-2026,Debit Card,0.0,Completed
8803,640,5,78,2026-02-03,Credit Card,0.0,Completed
8804,586,5,49,"May 06, 2024",CASH,0.0,Cancelled
8805,624,77,63,2024-03-26,PayPal,0.15,Completed
8806,1182,11,1,21-03-2025,Debit Card,0.0,Completed
8807,747,11,70,08/10/2023,Debit  Card,0.0,Completed
8808,1053,11,17,2023-09-26,Debit Card,0.0,Completed
8809,45,11,88,01/19/2026,Store Credit,0.0,Completed
8810,386,10,70,05 Feb 2025,Debit Card,5%,Completed
8811,1106,2,78,"February 10, 2024",Debit Card,0.0,Completed
8812,355,3,25,"September 21, 2025",Debit  Card,0.25,Cancelled
8813,1224,77,63,2025/01/16,Credit Card,5%,Completed
8814,914,4,27,"December 15, 2024",Store Credit,0.15,Completed
8815,363,5,83,07/24/2025,CASH,0.15,Completed
8816,423,2,19,"February 23, 2023",Store Credit,5%,Completed
8817,551,5,5,14-03-2023,PayPal,0.05,Completed
8818,894,9,79,13 Sep 2023,Debit Card,0.05,Completed
8819,1008,2,11,"November 26, 2024",Store Credit,0.0,Completed
8820,1069,12,38,2025/12/04,Debit Card,0.0,Returned
8821,441,9,76,2026-02-04,Gift Card,0.0,Completed
8822,347,7,8,2023-09-04,CASH,0.0,Completed
8823,930,11,32,15 Jun 2023,Store Credit,0.0,Completed
8824,1023,13,88,2025-03-02,Credit Card,0.0,Completed
8825,726,3,8,01-12-2025,Debit  Card,0.05,Completed
8826,164,6,66,"February 11, 2024",Debit Card,0.1,completed
8827,347,3,59,07/24/2023,Gift Card,0.0,Completed
8828,756,77,81,18/06/2025,Credit Card,0.05,Returned
8829,391,1,3,2026/02/17,Credit Card,0.0,Completed
8830,654,11,5,2025-01-19,N/A,5%,Completed
8831,892,11,85,"August 29, 2025",NULL,0.1,Completed
8832,359,10,12,11/13/2023,Debit Card,0.05,Completed
8833,1012,13,5,22 Sep 2025,Credit Card,0.0,Completed
8834,905,12,59,09-03-2023,Store Credit,0.0,Returned
8835,194,6,81,05/02/2025,Gift Card,0.0,Completed
8836,832,7,20,04/20/2026,CASH,0.0,Completed
8837,237,1,82,2023/08/15,PayPal,0.0,Completed
8838,574,12,35,2024/11/03,Gift Card,0.05,Completed
8839,627,7,72,07/21/2023,credit card,0.0,Completed
8840,768,13,55,26-03-2026,Credit Card,0.0,Completed
8841,23,2,30,2024-01-21,Store Credit,0.15,Completed
8842,442,1,6,16 Jul 2026,Debit  Card,0.0,Completed
8843,954,1,33,2024/01/21,Debit Card,0.0,Completed
8844,792,1,19,06/08/2024,Credit Card,0.0,Returned
8845,179,4,27,14/09/2023,PayPal,0.0,Completed
8846,622,10,15,20/04/2023,PayPal,0.2,Completed
8847,1180,3,56,02/25/2026,Credit Card,5%,Completed
8848,1120,12,34,2024-04-10,Store Credit,0.0,Completed
8849,625,2,9,"September 13, 2023",Store Credit,0.0,Completed
8850,1129,13,61,2023/03/12,credit card,0.0,Completed
8851,999,77,53,03/23/2023,-,5%,Completed
8852,887,7,2,19-10-2023,PayPal,0.1,Returned
8853,413,3,46,09/05/2023,Credit Card,0.0,Completed
8854,578,3,33,2025-11-21,PayPal,0.0,Completed
8855,920,9,4,"January 23, 2024",,0.1,Completed
8856,369,1,32,09/08/2024,Gift Card,15%,Completed
8857,874,13,20,"November 26, 2024",PayPal,5%,Completed
8858,175,3,74,,Debit  Card,0.0,Completed
8859,693,2,43,2023/05/11,credit card,5%,Completed
8860,519,5,53,2023-03-03,Gift Card,0.15,Completed
8861,93,77,68,"July 28, 2026",Credit Card,0.0,Completed
8862,942,1,28,2025-08-24,CASH,0.1,Completed
8863,693,10,32,04/15/2024,Store Credit,0.0,Completed
8864,1089,1,17,2024-12-17,Store Credit,0.1,Cancelled
8865,361,6,38,16/05/2025,Cash,0.0,Completed
8866,1058,12,4,02/13/2024,PayPal,0.0,Completed
8867,934,6,49,18/08/2024,Debit  Card,0.0,Completed
8868,165,5,20,"August 25, 2025",Debit  Card,0.15,Returned
8869,150,11,4,,Store Credit,0.0,Cancelled
8870,751,9,22,2023/11/06,Store Credit,0.0,Completed
8871,802,4,65,10-11-2025,Debit  Card,0.0,Completed
8872,755,7,18,"February 29, 2024",PayPal,0.0,Completed
8873,294,3,83,2026/03/02,Debit  Card,0.0,Completed
8874,101,3,30,06-06-2023,Gift Card,0.0,Completed
8875,294,12,4,29-12-2024,PayPal,0.0,Completed
8876,1145,3,50,"June 24, 2026",CASH,0.15,Completed
8877,265,6,73,18/02/2025,Credit Card,0.05,Completed
8878,746,7,20,09-05-2023,CASH,0.0,Completed
8879,247,9,70,"June 14, 2024",Cash,0.0,Completed
8880,1044,10,37,12/03/2025,credit card,15%,Completed
8881,1127,7,29,26/03/2026,CASH,0.0,Completed
8882,407,11,56,12/15/2023,Debit Card,0.25,Completed
8883,620,6,70,"July 19, 2023",Debit  Card,10%,Completed
8884,147,5,42,,Credit Card,0.15,Completed
8885,544,11,79,12 Jun 2025,Cash,0.0,Completed
8886,1015,1,59,2026/05/05,PayPal,0.0,Completed
8887,252,4,42,12/04/2026,credit card,15%,Completed
8888,392,6,26,2025-11-14,Debit Card,0.05,Completed
8889,704,6,44,2023/01/30,PayPal,0.05,Completed
8890,272,77,69,2026-06-22,Cash,0.0,Completed
8891,1110,11,30,12-04-2026,Credit Card,0.05,Returned
8892,321,11,26,2025-09-03,CASH,10%,Completed
8893,211,1,60,05-07-2026,Gift Card,20%,Completed
8894,285,1,55,11 May 2024,Store Credit,0.0,Completed
8895,367,10,88,14/03/2025,credit card,0.0,Completed
8896,1055,2,87,2023-01-23,Store Credit,0.0,PENDING
8897,336,4,38,14/03/2026,credit card,0.0,Completed
8898,881,8,87,2026-03-05,CASH,0.1,Completed
8899,1092,13,36,"January 14, 2026",PayPal,0.2,Completed
8900,995,6,72,"August 06, 2025",Gift Card,0.0,Returned
8901,414,4,77,2025/04/10,credit card,0.15,Completed
8902,176,2,72,2023/07/28,Debit Card,10%,Completed
8903,21,7,29,2023/11/23,Credit Card,0.0,Returned
8904,84,12,18,,PayPal,0.0,Completed
8905,164,4,51,11/06/2023,Store Credit,0.1,Completed
8906,373,77,1,"November 29, 2024",Gift Card,0.1,Completed
8907,1107,4,46,2024/06/28,Cash,0.0,Completed
8908,1051,8,89,10/19/2024,Store Credit,0.0,Completed
8909,385,3,56,06/14/2023,Debit  Card,0.05,Completed
8910,66,12,25,"June 15, 2025",Debit Card,0.0,Completed
8911,632,8,60,2025/04/05,credit card,15%,Completed
8912,1059,3,2,13-10-2024,Credit Card,5%,Completed
8913,1143,11,61,"April 25, 2026",Cash,0.0,Completed
8914,185,13,81,08-06-2024,credit card,0.0,Completed
8915,568,7,60,2025-04-28,Store Credit,5%,Completed
8916,212,5,28,,Credit Card,0.1,Completed
8917,847,8,15,17 Mar 2025,Cash,10%,Returned
8918,238,13,18,13-10-2025,Gift Card,0.0,Completed
8919,665,4,17,2026-05-30,Store Credit,0.1,Completed
8920,350,8,11,09/02/2023,Debit  Card,0.1,Completed
8921,256,10,39,"September 10, 2023",CASH,5%,Completed
8922,251,13,79,20/12/2023,Debit  Card,0.0,Completed
8923,518,7,48,01/17/2025,Debit  Card,0.1,Completed
8924,41,77,1,"May 01, 2026",Debit  Card,0.0,Completed
8925,390,12,2,"April 23, 2023",Store Credit,0.0,Completed
8926,186,3,40,"January 06, 2023",Debit  Card,0.05,Returned
8927,824,77,68,26-03-2024,Debit  Card,0.05,Returned
8928,593,13,25,28/10/2023,PayPal,10%,Completed
8929,894,9,66,2025/05/13,Cash,0.0,Completed
8930,943,10,5,"April 07, 2025",credit card,0.15,Completed
8931,157,8,87,18/04/2026,CASH,15%,Completed
8932,602,13,17,21 May 2026,Credit Card,15%,Completed
8933,156,1,12,04/03/2024,Credit Card,0.2,Completed
8934,306,10,21,19/06/2023,Debit Card,0.0,Completed
8935,586,1,37,23-06-2023,CASH,0.05,Completed
8936,16,11,42,29/03/2025,CASH,5%,Completed
8937,67,6,59,06 Mar 2023,N/A,0.1,Returned
8938,445,8,40,20/09/2023,PayPal,0.0,Completed
8939,124,6,79,2023-07-10,Store Credit,0.0,Completed
8940,799,10,19,2023-03-02,CASH,0.0,Completed
8941,206,7,18,2025/04/22,PayPal,0.0,Completed
8942,1212,6,33,27/08/2024,Credit Card,0.0,Completed
8943,960,77,31,08-01-2026,Store Credit,0.0,Completed
8944,193,11,42,12/30/2024,Credit Card,0.0,Completed
8945,62,4,16,14-03-2025,Store Credit,0.1,Completed
8946,459,13,73,"August 17, 2025",Credit Card,0.0,Completed
8947,736,5,22,2023/11/28,PayPal,0.05,Completed
8948,605,8,52,2023-09-07,PayPal,0.05,Completed
8949,994,10,31,2024-08-27,Debit Card,0.0,Completed
8950,905,13,78,"June 09, 2023",,0.0,Returned
8951,718,3,18,,Debit Card,5%,Completed
8952,744,3,64,26/04/2023,Store Credit,15%,Completed
8953,1132,10,2,"March 12, 2024",PayPal,0.0,Completed
8954,111,8,54,21 Mar 2026,CASH,0.05,Completed
8955,382,3,68,24 Nov 2025,Debit Card,0.05,completed
8956,984,1,29,"March 08, 2024",Cash,0.1,Completed
8957,1126,11,45,"July 23, 2026",credit card,0.05,Completed
8958,117,10,46,"February 28, 2026",none,0.0,Returned
8959,454,12,37,13 Nov 2025,PayPal,0.0,Completed
8960,579,6,69,2023/01/31,Store Credit,10%,Completed
8961,67,77,53,28 Apr 2026,CASH,0.1,Completed
8962,875,3,999,04/07/2026,Credit Card,5%,Completed
8963,1219,6,21,21-05-2026,CASH,0.0,Completed
8964,680,11,18,2024-06-05,Cash,0.0,Completed
8965,1000,77,47,"November 17, 2025",PayPal,0.0,Completed
8966,895,4,11,"February 27, 2023",Gift Card,0.15,Completed
8967,711,7,79,21/12/2024,NULL,5%,Completed
8968,518,6,49,2023-08-15,Debit Card,0.2,Completed
8969,607,4,60,05/05/2026,Debit Card,0.05,Completed
8970,553,9,63,"August 26, 2023",Debit  Card,5%,Completed
8971,1111,11,54,01/17/2023,Gift Card,25%,Returned
8972,69,77,54,19 Oct 2025,Store Credit,0.0,Completed
8973,1152,9,13,01/10/2026,Gift Card,0.0,Completed
8974,764,7,77,02/03/2026,CASH,0.0,Completed
8975,1166,13,9,10-12-2023,CASH,0.0,Completed
8976,194,2,23,"May 30, 2026",CASH,0.0,Completed
8977,389,6,59,2024/06/04,CASH,0.0,Completed
8978,464,6,78,02-07-2026,Cash,0.25,Completed
8979,186,12,24,"June 14, 2026",Debit Card,10%,Completed
8980,527,6,60,2023/02/24,Debit Card,0.0,Completed
8981,789,8,80,26-01-2025,Debit  Card,0.1,Completed
8982,611,1,41,2023/12/02,CASH,0.0,Completed
8983,243,77,2,"April 19, 2023",PayPal,20%,Completed
8984,632,2,32,"October 17, 2024",Gift Card,0.05,Completed
8985,870,2,24,08/08/2025,Debit  Card,0.05,Completed
8986,848,12,21,2024-10-21,credit card,0.0,Completed
8987,911,7,39,22/07/2024,Debit Card,0.0,Returned
8988,626,6,39,"June 10, 2026",PayPal,5%,Completed
8989,187,4,19,05-12-2023,credit card,0.0,Completed
8990,993,13,47,"February 16, 2023",Credit Card,0.0,Completed
8991,513,2,31,21 Mar 2026,credit card,0.0,completed
8992,436,4,63,03/05/2024,Store Credit,0.05,Completed
8993,1111,9,45,"January 02, 2026",CASH,0.2,Returned
8994,363,2,11,,Cash,0.0,Completed
8995,822,10,46,2023/06/25,CASH,0.0,Completed
8996,1107,8,30,02/11/2024,Store Credit,0.0,Completed
8997,400,12,82,04-10-2024,Credit Card,0.0,Completed
8998,100,6,83,10/25/2024,CASH,0.05,Completed
8999,108,13,79,28 Oct 2024,Gift Card,0.0,Completed
9000,97,13,59,2025-08-08,Gift Card,0.0,Completed
4141,609,8,42,09/16/2023,CASH,0.0,Completed
3482,235,12,6,30/06/2025,Debit  Card,0.0,Returned
8905,164,4,51,11/06/2023,Store Credit,0.1,Completed
3979,396,12,23,2025-10-22,credit card,0.0,Completed
2460,481,10,78,15/01/2024,Gift Card,0.05,Completed
7467,624,13,36,30/04/2025,Credit Card,20%,Completed
5667,769,77,72,02/08/2024,Cash,0.0,completed
136,532,6,58,12/12/2024,Cash,25%,Completed
7251,515,8,999,2025-11-26,NaN,0.15,Completed
679,890,7,31,2026-04-01,Store Credit,0.0,Completed
2460,481,10,78,15/01/2024,Gift Card,0.05,Completed
6750,962,6,25,31-05-2025,Debit  Card,0.0,Completed
271,473,1,11,15 Feb 2024,PayPal,0.15,Completed
4750,276,9,22,07-01-2024,Debit Card,0.25,Completed
4682,1087,8,46,23 Dec 2025,none,0.0,Completed
2692,441,9,15,2026-04-15,Cash,0.0,Completed
7559,183,13,10,02-01-2025,PayPal,0.0,Completed
6598,1189,2,76,15/08/2024,PayPal,0.0,Completed
87,1177,4,6,01 May 2025,PayPal,0.0,Completed
3502,997,4,22,2026-01-21,credit card,10%,Completed
4162,778,6,71,2024-09-14,Credit Card,0.0,Completed
6917,18,7,38,2026/04/18,-,0.0,Completed
1651,995,9,85,01-12-2024,credit card,0.0,Completed
1191,130,4,77,2025/10/30,Debit Card,0.0,Completed
8190,726,13,53,"February 06, 2026",CASH,0.0,Completed
3976,34,8,85,2025/04/12,Gift Card,0.15,Completed
8901,414,4,77,2025/04/10,credit card,0.15,Completed
6573,278,6,87,04/11/2024,Credit Card,0.0,Completed
3359,419,13,64,04/11/2023,credit card,0.0,Completed
5743,374,8,15,2025-07-14,NaN,0.05,Completed
5510,858,77,50,,Gift Card,0.25,Completed
6855,447,2,13,04/27/2026,PayPal,0.0,Completed
3326,69,12,40,12-02-2023,Debit Card,0.0,PENDING
1566,163,1,15,09/01/2025,Gift Card,0.1,Completed
5801,803,5,18,2023-09-04,Gift Card,0.0,Completed
5187,44,10,40,02/26/2026,credit card,0.0,Completed
3125,1132,3,49,2023-07-02,Credit Card,0.1,completed
436,1122,12,63,01/01/2024,Debit Card,0.0,Completed
4912,854,12,24,07 Feb 2023,Cash,0.0,Completed
1272,289,11,82,"November 28, 2024",Cash,0.0,Completed
8536,504,5,11,2023/09/29,Store Credit,0.0,Completed
6293,281,6,59,2026-01-21,credit card,0.0,Completed
1482,147,3,75,2024/04/25,Cash,0.0,Completed
449,800,13,68,2024-12-08,credit card,0.0,Completed
7896,450,13,6,"August 15, 2023",Credit Card,0.0,Completed
6217,953,2,69,19/11/2023,Debit Card,0.0,Completed
7573,496,77,50,08 Feb 2023,Credit Card,0.1,Completed
2944,585,1,17,03/18/2023,Cash,0.0,Cancelled
8334,449,12,89,21 Feb 2025,CASH,20%,Completed
1008,60,2,62,17/07/2025,PayPal,0.0,Returned
5500,1141,1,32,2025/12/08,credit card,0.1,Completed
803,482,77,69,04/03/2025,PayPal,0.0,Completed
4608,61,11,999,23 Jan 2024,Debit Card,0.15,Completed
3753,866,9,38,22-04-2025,Credit Card,0.0,Completed
7407,46,4,80,2024/08/02,Debit Card,0.15,Completed
1141,399,1,68,2025/06/06,Gift Card,0.0,Completed
1150,616,13,39,06/21/2025,credit card,0.05,Completed
2395,428,3,1,2024/10/22,Debit  Card,5%,Completed
541,289,13,7,,Cash,0.1,Completed
6153,245,1,12,15 May 2026,Gift Card,0.0,Completed
