order_item_id,order_id,product_id,quantity,unit_price
1,1,32,2,77.14
2,1,69,-1,175.49
3,2,74,0,34.31
4,2,78,3,121.77
5,3,96,1,84.49
6,3,121,1,317.45 JOD
7,3,82,1,244.2
8,3,73,0,239.12
9,4,84,1,455.31
10,4,40,1,199.53
11,4,50,2,397.99
12,4,17,3,185.99
13,5,43,2,330.6
14,5,5,1,407.25
15,5,50,3,397.99
16,5,108,3,242.9
17,5,93,2,345.11
18,6,120,1,201.77
19,6,26,1,264.67
20,7,122,1,125.50
21,7,79,0,210.8
22,7,77,4,148.66
23,7,112,2,183.26
24,8,48,1,23.1
25,8,18,3,128.87
26,8,6,1,46.39
27,8,116,5,359.58
28,8,27,1,112.66
29,9,98,1,243.42
30,10,118,2,306.5
31,10,71,3,374.89
32,10,58,1,109.02
33,10,27,-1,112.66
34,10,81,1,144.54
35,11,123,5,151.87
36,11,27,3,112.66
37,11,110,-1,121.75
38,11,125,1,661.15
39,12,131,1,396.05
40,12,81,4,121.47
41,13,71,2,475.86
42,13,32,0,150.88
43,14,102,1,169.19
44,14,65,2,308.91
45,15,61,5,101.6
46,16,37,2,241.65
47,16,48,5,23.1
48,17,28,3,222.75
49,17,12,2,214.91
50,17,86,4,164.39
51,17,26,1,264.67
52,18,59,-1,169.88 JOD
53,18,101,1,95.6
54,18,117,2,143.1
55,19,123,2,151.87
56,20,12,2,214.91
57,21,40,2,199.53
58,21,102,2,169.19 JOD
59,21,9999,3,98.77
60,22,127,2,587.72
61,23,53,2,37.16
62,23,3,1,390.52
63,24,15,4,81.29
64,24,83,1,319.19
65,24,81,1,121.47
66,24,107,3,376.14
67,24,57,2,213.11
68,25,20,5,110.76
69,25,36,1,19.0
70,26,60,-1,16.37
71,26,69,1,175.49
72,26,93,1,345.11
73,26,121,5,317.45
74,26,71,1,374.89
75,27,115,1,302.06
76,27,70,3,379.91
77,27,48,1,23.1
78,27,9999,3,231.0
79,28,98,1,243.42
80,28,104,2,98.77
81,28,125,0,552.19
82,28,4,4,377.59
83,29,37,4,241.65
84,29,130,3,
85,30,125,1,552.19
86,30,33,1,407.76
87,31,41,1,191.67
88,31,34,4,220.1
89,31,135,2,18.43
90,31,137,3,307.70
91,31,53,1,37.16
92,32,53,1,37.16
93,33,127,3,$587.72
94,33,20,0,110.76
95,33,102,2,194.46
96,34,57,1,213.11
97,35,105,3,528.06
98,35,85,0,8.08
99,35,89,0,403.36
100,35,116,2,359.58
101,35,106,3,252.84
102,36,95,1,545.43
103,36,129,1,535.98
104,36,134,5,40.0
105,36,107,1,376.14
106,36,15,3,81.29
107,37,81,2,121.47
108,37,50,1,397.99
109,37,118,3,306.5
110,37,64,4,364.68
111,38,59,3,169.88
112,38,67,2,291.96
113,38,80,2,144.45
114,38,19,4,67.77
115,38,30,4,32.4
116,39,98,1,189.19
117,39,116,1,453.71
118,39,94,1,445.86
119,40,75,1,347.56
120,40,97,1,369.73
121,41,13,1,186.29
122,41,29,2,181.96
123,41,67,1,291.96
124,41,49,3,206.38
125,41,93,5,345.11
126,42,114,1,403.81
127,42,81,1,121.47
128,42,10,1,28.04
129,42,51,5,286.54
130,42,48,1,24.09
131,43,116,2,359.58
132,43,71,-1,374.89
133,43,32,1,105.62
134,44,126,3,200.63
135,45,45,2,415.91
136,45,129,3,364.27
137,46,88,1,238.01
138,46,68,1,304.43
139,46,40,5,199.53
140,47,92,1,339.88
141,47,52,2,171.01
142,47,113,3,191.78
143,48,73,5,331.02
144,49,41,1,250.90
145,50,97,2,$369.73
146,50,72,0,404.50
147,50,132,5,82.53
148,50,131,2,396.05
149,51,70,0,379.91
150,52,94,4,389.5
151,52,65,1,308.91
152,52,69,4,175.49
153,52,27,1,132.4
154,53,24,1,452.75
155,53,99,4,140.32
156,53,59,1,169.88
157,53,20,3,110.76
158,54,17,0,185.99
159,54,29,-1,181.96
160,54,81,2,121.47
161,54,100,0,249.16
162,55,63,1,$575.86
163,55,129,2,535.98
164,55,1,1,460.23
165,56,116,1,359.58
166,56,41,2,191.67
167,57,14,2,429.63
168,57,15,0,81.29
169,57,137,2,307.7
170,57,103,4,244.50
171,57,65,4,308.91
172,58,91,1,243.25
173,58,111,3,291.81
174,58,25,2,253.88
175,59,117,2,143.1
176,59,127,2,587.72
177,59,125,1,552.19
178,60,29,1,181.96
179,60,43,4,330.6
180,60,44,2,106.26
181,61,10,1,28.04
182,61,33,1,407.76
183,61,38,2,454.80
184,62,63,1,611.8
185,62,53,3,37.16
186,63,97,1,369.73
187,63,60,0,16.37
188,63,23,1,68.95
189,63,64,1,265.5
190,64,133,3,97.51
191,65,54,1,89.36
192,66,128,1,369.54
193,67,51,1,286.54
194,68,68,2,304.43
195,68,113,3,191.78
196,68,58,2,109.02
197,68,21,1,14.38
198,68,121,3,317.45
199,69,101,2,95.60
200,69,78,2,79.72
201,69,84,1,455.31
202,69,82,2,244.2
203,70,4,2,546.12
204,70,86,0,164.39
205,70,57,5,$213.11
206,70,102,2,169.19
207,71,35,0,152.88
208,71,34,1,220.10
209,71,31,1,71.76
210,71,109,1,579.16
211,71,1,2,585.67
212,72,43,1,
213,72,10,1,28.04
214,73,113,1,205.67
215,73,57,3,213.11
216,74,128,3,286.41
217,74,71,2,374.89
218,74,69,2,175.49
219,74,36,2,19.30
220,75,136,4,314.21
221,75,21,2,14.38
222,75,18,1,128.87
223,76,111,1,291.81
224,76,43,2,446.56
225,76,59,0,169.88
226,76,125,4,$552.19
227,77,63,4,575.86
228,77,18,3,128.87
229,77,131,2,489.3
230,77,48,2,23.1
231,78,92,3,339.88
232,78,135,1,26.48
233,79,133,2,97.51
234,79,13,2,186.29
235,80,136,1,314.21
236,80,81,1,121.47
237,80,46,1,$136.73
238,80,99,1,140.32
239,81,27,2,112.66
240,82,115,1,302.06
241,82,97,3,369.73
242,82,35,1,119.84
243,83,43,1,330.6
244,83,121,1,317.45
245,83,75,1,347.56
246,83,112,3,202.88
247,83,23,2,68.95
248,84,58,2,109.02
249,85,59,1,169.88
250,85,6,1,46.78
251,86,87,1,262.59
252,86,24,1,360.88
253,87,110,3,193.85
254,87,23,3,68.95 JOD
255,87,99,0,$140.32
256,88,40,1,199.53
257,88,105,3,528.06
258,88,30,2,43.65
259,88,24,2,360.88
260,88,134,1,40.00
261,89,125,5,552.19
262,89,101,2,95.6
263,89,41,1,267.51
264,90,46,1,136.73
265,90,129,5,535.98
266,91,127,1,587.72
267,91,81,2,121.47 JOD
268,92,104,3,98.77
269,92,33,4,407.76
270,92,99,3,140.32
271,92,62,1,205.4
272,93,80,3,144.45
273,93,67,4,291.96
274,93,107,1,376.14
275,93,68,1,304.43
276,93,53,3,37.16
277,94,58,1,109.02
278,94,108,1,242.9
279,94,125,2,552.19
280,95,22,3,36.29 JOD
281,95,117,1,143.10
282,95,48,0,23.1
283,95,102,3,169.19
284,96,137,4,307.70
285,97,80,1,144.45
286,97,61,3,101.6
287,97,9999,0,106.04
288,97,25,1,253.88
289,98,11,2,489.65
290,98,79,3,210.8
291,98,16,2,148.16
292,98,105,3,528.06
293,98,38,3,454.8
294,99,137,2,399.67
295,100,13,5,186.29
296,100,99,2,140.32
297,101,70,-1,379.91
298,101,137,1,307.70
299,102,32,1,105.62
300,102,105,3,
301,102,114,-1,403.81
302,102,16,2,148.16
303,103,24,5,360.88 JOD
304,103,52,1,114.37
305,103,29,1,212.66
306,104,21,0,14.38
307,104,122,1,125.5
308,105,42,1,91.53
309,105,11,4,489.65
310,105,100,2,249.16
311,106,65,1,308.91
312,107,58,2,114.22
313,108,88,2,238.01
314,108,23,4,68.95
315,108,65,5,308.91
316,109,120,2,158.56
317,110,50,1,397.99
318,110,30,1,43.65
319,110,22,1,36.29
320,111,21,3,14.38
321,111,82,2,244.2
322,111,58,3,109.02
323,112,78,1,115.56
324,112,8,5,307.7
325,112,56,0,31.92
326,112,9999,2,216.25
327,112,109,5,824.17
328,113,2,1,190.97
329,113,23,3,68.95
330,113,28,2,291.02
331,114,9999,2,151.87
332,114,19,5,67.77
333,114,45,1,415.91
334,115,68,1,304.43
335,115,46,4,136.73
336,115,93,1,345.11
337,115,81,2,121.47
338,116,102,1,169.19
339,116,69,1,175.49
340,116,86,3,193.79
341,116,51,5,286.54
342,116,121,3,317.45
343,117,116,1,359.58
344,117,50,3,397.99
345,117,75,1,347.56
346,118,23,1,68.95
347,118,65,-1,308.91
348,118,21,1,14.38
349,118,71,2,374.89
350,119,21,1,14.38
351,119,67,2,291.96
352,119,134,1,40.0
353,119,24,2,360.88
354,120,115,1,302.06
355,120,24,3,436.55
356,120,100,1,$249.16
357,120,17,1,185.99
358,120,12,1,184.18
359,121,132,3,82.53
360,122,74,3,34.31
361,123,3,1,390.52
362,123,36,3,19.30
363,124,124,2,58.04
364,124,19,1,67.77
365,124,40,2,199.53
366,124,43,5,330.60
367,125,24,1,360.88
368,125,114,2,403.81
369,125,99,3,140.32
370,125,110,2,193.85
371,126,27,2,112.66
372,126,46,1,136.73
373,126,104,2,$98.77
374,126,50,2,397.99
375,127,23,2,68.95
376,128,43,1,330.6
377,128,136,2,314.21
378,128,80,2,159.77
379,128,40,2,288.17
380,128,86,3,164.39
381,129,62,3,205.4
382,129,18,2,128.87
383,129,107,-1,376.14
384,129,118,1,306.5
385,129,68,1,304.43
386,130,110,1,193.85
387,131,98,1,243.42
388,131,136,3,314.21 JOD
389,131,132,4,82.53
390,132,92,1,339.88
391,132,13,1,186.29
392,132,71,2,374.89
393,132,46,1,136.73
394,133,86,2,164.39
395,134,1,1,585.67
396,134,84,3,455.31
397,134,83,2,319.19
398,134,80,1,144.45
399,134,103,2,244.50
400,135,97,4,369.73
401,135,5,1,407.25
402,136,91,1,243.25
403,137,38,3,454.8
404,138,91,2,243.25
405,138,89,1,204.17
406,138,10,3,28.04
407,138,60,1,16.37
408,139,59,1,169.88
409,140,98,3,243.42
410,140,4,3,546.12
411,140,61,4,101.6
412,141,119,1,528.68
413,141,108,1,242.9
414,141,91,1,243.25
415,141,28,3,222.75
416,142,136,0,314.21
417,143,97,1,369.73
418,143,56,1,31.61
419,143,76,1,383.3
420,143,116,-1,475.97
421,143,45,2,415.91
422,144,16,1,148.16
423,144,72,3,345.57
424,144,96,1,84.49
425,145,128,1,369.54
426,145,90,3,56.52
427,146,44,3,106.04
428,146,45,3,415.91
429,147,17,2,185.99
430,147,25,3,253.88
431,147,137,2,307.7
432,147,42,3,91.53
433,147,125,1,552.19
434,148,74,1,$34.31
435,148,43,1,330.6
436,148,137,2,$307.70
437,148,55,3,285.10
438,148,50,0,397.99
439,149,133,2,97.51
440,149,69,2,175.49
441,149,9999,2,244.2
442,149,64,3,$265.50
443,150,136,4,314.21
444,150,65,1,308.91
445,150,95,1,545.43
446,150,2,1,190.97
447,151,87,1,262.59
448,151,101,1,95.6
449,152,124,2,76.01
450,152,96,3,84.49
451,152,54,1,89.36
452,152,51,1,286.54
453,153,113,2,191.78
454,153,3,2,390.52
455,153,14,0,429.63
456,153,119,5,$450.17
457,153,132,1,82.53
458,154,50,3,397.99
459,154,89,5,203.59
460,154,124,1,58.04
461,154,47,2,627.32
462,154,62,1,205.40
463,155,127,0,587.72
464,155,68,2,304.43
465,155,108,3,242.9
466,155,22,1,$36.29
467,155,136,1,314.21
468,156,25,2,253.88
469,156,48,4,$23.10
470,156,121,1,317.45
471,157,116,1,359.58
472,157,45,1,415.91
473,158,38,4,454.80
474,158,135,1,18.43
475,159,75,-1,347.56
476,159,7,-1,152.65
477,159,23,1,68.95
478,160,75,1,347.56
479,160,59,1,169.88
480,161,112,4,183.26
481,162,44,1,106.04
482,162,27,3,112.66
483,162,126,2,$200.63
484,163,26,5,264.67
485,163,99,2,140.32
486,163,14,1,429.63
487,163,65,2,308.91
488,163,71,3,374.89
489,164,20,3,110.76
490,164,62,1,205.40
491,165,37,1,241.65
492,165,116,1,359.58
493,165,6,2,46.39
494,165,103,0,336.74
495,166,117,1,143.1
496,166,40,4,199.53
497,166,33,4,$407.76
498,166,19,2,67.77
499,166,4,4,546.12
500,167,72,0,404.5
501,167,30,5,43.65
502,167,16,5,148.16
503,167,102,1,169.19 JOD
504,167,35,1,147.98
505,168,81,1,121.47
506,168,83,2,319.19
507,168,115,3,302.06
508,168,129,1,535.98
509,168,46,3,136.73
510,169,124,1,77.87
511,169,127,1,587.72
512,169,4,5,291.93
513,169,59,1,169.88
514,169,18,1,128.87
515,170,111,1,291.81
516,170,115,1,302.06
517,170,41,1,191.67
518,170,26,1,202.13
519,171,132,2,82.53
520,171,76,5,383.3
521,171,106,1,302.53
522,171,22,2,36.29
523,172,53,0,37.16
524,172,102,1,169.19
525,172,77,1,101.15
526,173,3,1,390.52
527,173,21,3,7.34
528,173,27,1,112.66
529,173,1,1,585.67
530,174,102,1,169.19
531,175,16,1,148.16
532,175,117,1,
533,175,111,3,291.81
534,175,110,3,193.85
535,175,125,3,552.19
536,176,42,1,91.53
537,176,102,1,169.19
538,177,133,2,97.51
539,177,75,2,520.40
540,178,132,1,82.53
541,178,114,4,403.81
542,179,9999,4,19.3
543,179,54,1,89.36
544,179,126,4,200.63
545,179,96,1,84.49
546,179,3,1,390.52
547,180,79,3,210.8
548,180,36,1,19.3
549,180,135,1,18.43
550,180,133,1,97.51
551,181,71,1,374.89
552,181,89,1,403.36
553,181,18,1,128.87
554,181,22,3,36.29
555,181,59,4,169.88
556,182,91,0,243.25
557,182,2,2,103.48
558,182,53,1,37.16
559,182,22,1,36.29
560,183,68,1,304.43
561,183,9999,4,101.6
562,183,103,4,244.5
563,184,90,2,$56.52
564,184,110,1,193.85
565,184,6,1,46.39
566,184,47,5,627.32
567,184,76,1,383.3
568,185,50,1,487.30
569,185,118,1,306.50
570,185,31,2,71.76
571,186,76,2,383.3
572,186,39,1,253.25
573,187,5,1,593.66
574,187,57,1,213.11
575,187,118,2,306.50
576,187,18,1,160.49
577,188,107,2,376.14
578,188,79,1,210.80
579,188,121,2,317.45
580,189,115,5,$168.96
581,189,99,1,140.32
582,189,40,1,199.53
583,189,60,2,16.37
584,190,75,1,347.56
585,191,92,1,339.88
586,191,74,1,34.31
587,192,10,5,28.04
588,192,111,0,378.35
589,193,109,2,579.16
590,193,132,0,82.53
591,193,17,5,185.99
592,194,91,1,243.25
593,194,133,2,97.51
594,195,75,1,347.56
595,195,67,0,291.96
596,195,14,1,429.63 JOD
597,195,87,1,262.59
598,195,20,2,61.62
599,196,12,3,
600,196,6,2,46.39
601,196,49,1,206.38
602,197,101,1,126.64
603,197,117,1,143.1
604,197,41,4,276.41
605,197,102,5,
606,198,62,1,205.4
607,198,135,1,18.43
608,199,23,2,91.51
609,199,104,2,98.77
610,199,126,1,200.63
611,200,21,2,14.38 JOD
612,201,103,4,244.5
613,201,92,2,$339.88
614,202,35,1,152.88
615,202,126,2,200.63
616,202,16,1,148.16
617,202,88,2,182.67
618,202,31,-1,71.76
619,203,52,4,171.01
620,203,28,-1,222.75
621,203,90,3,56.52
622,203,98,1,243.42
623,204,43,5,330.6
624,204,30,1,43.65
625,204,39,-1,253.25
626,205,124,2,58.04
627,205,133,2,97.51
628,206,2,1,190.97
629,206,70,3,379.91
630,206,133,4,97.51
631,206,135,2,18.43
632,207,38,3,$454.80
633,207,40,3,199.53
634,207,124,3,58.04
635,207,9,2,178.19 JOD
636,207,5,1,407.25
637,208,107,2,376.14
638,208,119,1,528.68
639,208,126,0,200.63
640,208,12,1,214.91
641,209,119,2,429.60
642,210,83,1,319.19
643,211,77,2,101.15
644,212,107,5,376.14
645,212,91,1,243.25
646,213,69,2,175.49
647,214,133,3,97.51
648,214,4,3,546.12
649,215,52,4,171.01
650,216,5,5,407.25
651,216,32,1,105.62
652,217,1,1,585.67
653,217,50,-1,$397.99
654,217,79,1,210.80
655,217,98,1,$243.42
656,218,64,1,265.5
657,218,78,1,121.77
658,218,48,2,23.1
659,219,27,1,112.66
660,219,12,2,$214.91
661,220,133,4,97.51
662,220,47,3,627.32
663,221,133,5,97.51
664,221,67,3,291.96
665,221,98,2,243.42
666,221,57,2,213.11
667,221,111,1,291.81
668,222,38,1,454.8
669,222,37,1,241.65
670,222,120,1,201.77
671,223,43,1,330.60
672,223,92,3,339.88 JOD
673,224,84,-1,455.31
674,224,6,3,46.39
675,225,45,5,415.91
676,226,8,1,351.36
677,226,106,1,252.84
678,226,78,4,121.77
679,226,46,1,136.73
680,227,92,2,$339.88
681,227,51,2,253.18
682,227,48,1,23.10
683,227,6,4,46.39
684,227,130,1,59.94
685,228,78,1,107.22
686,228,15,4,81.29
687,228,92,1,339.88
688,229,136,1,314.21
689,230,38,1,454.8
690,231,128,3,369.54
691,232,124,4,58.04
692,233,30,2,35.08
693,233,28,5,222.75
694,233,129,4,535.98
695,234,41,1,191.67
696,234,75,1,347.56
697,235,28,5,222.75
698,236,90,3,56.52
699,236,68,2,304.43
700,236,50,3,279.39
701,236,25,1,156.23
702,237,78,4,121.77
703,237,40,1,199.53
704,237,117,2,143.1
705,237,88,1,238.01
706,238,15,1,81.29
707,238,102,2,169.19
708,239,117,1,143.1
709,240,52,1,171.01
710,240,121,1,317.45
711,240,106,2,252.84
712,241,2,2,190.97
713,241,111,0,291.81
714,241,73,1,331.02
715,241,80,1,144.45
716,242,40,1,199.53
717,243,88,3,238.01
718,243,128,1,369.54
719,243,107,1,376.14
720,243,129,5,535.98
721,244,57,1,213.11
722,244,131,3,396.05
723,244,44,4,106.04
724,245,72,4,404.5
725,245,117,0,143.1
726,245,74,1,34.31
727,245,130,3,59.94
728,246,70,5,379.91
729,246,66,4,231.0
730,246,133,2,97.51
731,247,40,1,199.53
732,247,75,5,347.56
733,247,35,4,152.88
734,247,131,2,396.05
735,247,127,0,587.72
736,248,100,2,249.16
737,248,76,2,383.30
738,248,96,2,84.49
739,248,23,2,68.95
740,248,49,1,206.38
741,249,58,-1,109.02
742,249,6,2,46.39
743,249,24,1,360.88
744,250,119,1,528.68
745,250,8,1,307.70
746,250,45,3,415.91
747,250,103,1,244.50
748,250,51,1,286.54
749,251,137,4,327.65
750,252,89,1,403.36
751,252,59,1,169.88
752,253,69,1,175.49
753,253,26,2,
754,253,23,2,42.11
755,253,71,2,374.89
756,254,114,1,403.81
757,254,49,1,206.38
758,254,79,2,210.80
759,254,14,1,429.63
760,255,21,3,14.38
761,255,41,2,191.67
762,255,125,2,
763,256,23,3,68.95
764,256,93,1,345.11
765,256,130,1,59.94
766,256,18,1,122.24
767,257,27,1,112.66
768,257,34,1,220.10
769,257,2,-1,190.97
770,257,84,3,455.31
771,258,117,1,143.1
772,259,80,1,144.45
773,259,99,3,140.32
774,259,133,1,97.51
775,260,67,2,291.96
776,260,134,4,40.00
777,260,86,1,184.82
778,260,79,1,210.8
779,260,75,3,302.48
780,261,67,2,291.96
781,261,68,1,304.43
782,261,72,1,404.5
783,262,47,3,606.41
784,262,105,1,528.06
785,262,50,3,397.99
786,262,38,3,
787,262,33,1,407.76
788,263,136,2,314.21
789,263,47,3,627.32
790,263,107,1,376.14
791,264,62,5,266.85
792,264,24,3,360.88
793,264,100,2,
794,265,81,2,121.47
795,266,127,2,587.72
796,266,18,1,128.87
797,266,53,2,37.16
798,266,26,4,264.67
799,266,95,1,545.43
800,267,114,1,403.81
801,267,40,2,199.53
802,267,9999,-1,28.04
803,267,13,2,186.29
804,268,109,2,579.16
805,268,102,2,169.19
806,268,49,3,206.38
807,268,64,1,265.5
808,268,52,1,171.01
809,269,116,1,359.58
810,270,134,4,40.0
811,270,80,1,144.45
812,270,19,2,67.77
813,270,7,1,152.65
814,271,40,5,199.53
815,271,41,2,191.67
816,271,121,2,317.45
817,271,21,1,14.38
818,271,111,2,291.81
819,272,22,2,36.29
820,272,13,0,186.29
821,272,9,3,178.19
822,273,49,2,206.38
823,273,57,2,213.11
824,273,92,1,339.88
825,273,59,3,169.88
826,273,45,1,415.91
827,274,82,3,244.2
828,275,86,2,164.39
829,275,42,1,91.53
830,275,15,3,93.56
831,275,48,2,23.1
832,275,127,3,587.72
833,276,91,2,243.25
834,276,10,2,28.04
835,276,81,3,121.47
836,277,131,4,396.05
837,277,126,3,300.4
838,277,43,2,330.60
839,277,118,0,306.5
840,278,81,1,121.47
841,279,101,2,95.6
842,279,126,2,200.63
843,279,96,5,84.49
844,280,97,1,369.73
845,280,68,2,347.59
846,281,90,1,56.52
847,281,59,1,169.88
848,282,28,1,222.75
849,283,108,1,338.85 JOD
850,283,80,2,144.45
851,283,74,1,34.31
852,283,137,3,377.39
853,284,52,2,171.01
854,284,94,3,389.50
855,285,6,1,53.84
856,285,118,4,411.18
857,286,42,1,
858,286,11,1,489.65
859,287,67,1,291.96
860,287,85,1,8.08
861,287,70,1,379.91
862,287,5,1,407.25
863,287,131,2,396.05
864,288,15,2,81.29
865,289,48,2,23.1
866,290,135,2,18.43
867,291,55,1,216.25
868,291,134,1,40.00
869,291,65,-1,308.91
870,291,68,5,304.43
871,291,97,3,369.73
872,292,97,1,369.73
873,292,72,-1,404.5
874,292,123,0,151.87
875,292,105,1,528.06
876,292,55,0,216.25
877,293,48,1,23.1
878,293,2,0,190.97
879,293,113,3,191.78
880,294,89,3,403.36
881,294,136,3,314.21
882,295,96,2,84.49
883,295,43,3,330.6
884,295,9,4,229.70
885,296,26,2,264.67
886,296,56,1,31.92
887,296,28,2,222.75
888,296,33,1,407.76
889,296,4,1,546.12
890,297,100,1,249.16
891,297,55,1,216.25
892,297,118,2,306.5
893,297,127,1,587.72
894,298,115,2,302.06
895,298,126,1,200.63
896,299,70,1,379.91
897,299,102,4,169.19
898,299,121,1,317.45
899,299,25,1,253.88
900,299,76,1,383.3
901,300,9999,3,213.11
902,300,137,1,307.7
903,301,89,1,403.36
904,302,71,2,374.89
905,302,42,1,91.53
906,302,20,1,110.76
907,302,90,3,56.52
908,303,103,1,244.5
909,303,65,1,308.91
910,303,37,1,241.65
911,303,89,4,403.36
912,303,131,1,396.05
913,304,77,1,101.15
914,304,25,1,$253.88
915,304,47,3,627.32
916,305,87,0,262.59
917,305,2,3,111.31
918,305,137,1,307.7
919,305,83,5,319.19
920,306,107,1,376.14
921,306,25,2,253.88
922,306,45,1,415.91
923,307,38,1,454.8
924,307,39,2,253.25
925,307,113,2,191.78
926,307,112,4,183.26
927,308,117,1,143.1
928,308,28,3,222.75
929,309,86,4,164.39
930,309,94,1,389.5
931,309,107,1,376.14
932,309,54,2,89.36
933,309,24,4,360.88
934,310,29,0,181.96
935,310,28,1,222.75
936,310,131,4,396.05
937,310,115,3,$302.06
938,310,111,2,291.81
939,311,106,0,252.84
940,311,121,2,317.45
941,311,28,1,222.75
942,311,66,-1,231.0
943,311,37,2,241.65
944,312,44,2,106.04
945,312,136,1,314.21
946,312,108,1,242.90
947,312,42,1,91.53
948,313,70,1,
949,314,38,0,454.8
950,314,5,1,407.25
951,314,73,1,331.02
952,314,43,1,330.60
953,315,16,1,148.16
954,315,69,1,175.49
955,316,124,0,58.04
956,316,44,2,106.04
957,316,98,3,243.42
958,317,52,2,171.01
959,318,27,2,112.66
960,318,53,3,37.16
961,319,22,3,36.29
962,319,12,-1,214.91
963,319,76,1,383.30
964,320,133,1,97.51
965,320,7,3,152.65
966,320,134,3,40.0
967,320,68,4,304.43
968,320,71,-1,374.89
969,321,111,3,291.81
970,321,100,2,249.16
971,321,126,2,200.63
972,321,97,3,369.73
973,321,103,1,244.5
974,322,22,1,36.29
975,322,46,1,136.73
976,322,33,1,407.76
977,322,92,1,203.68
978,322,68,1,304.43
979,323,9,3,178.19
980,324,58,2,109.02
981,324,110,2,193.85
982,324,55,1,216.25
983,325,73,1,331.02
984,326,99,1,140.32
985,326,103,3,244.5
986,326,29,1,181.96
987,327,71,1,374.89
988,327,11,3,489.65
989,327,53,1,37.16
990,327,123,4,85.96
991,327,21,3,14.38
992,328,84,3,455.31
993,328,112,1,$183.26
994,328,71,1,374.89
995,328,65,2,308.91
996,329,78,3,121.77
997,329,41,5,191.67
998,329,84,1,653.64
999,330,16,5,148.16
1000,331,75,1,347.56
1001,331,124,1,58.04
1002,332,80,1,144.45
1003,332,21,2,14.38
1004,332,40,2,199.53
1005,332,46,-1,136.73
1006,333,33,-1,407.76
1007,334,61,-1,101.6
1008,335,14,1,$429.63
1009,336,121,4,449.01
1010,336,55,5,216.25
1011,336,50,5,397.99
1012,336,45,3,415.91
1013,336,17,5,245.24
1014,337,40,1,199.53
1015,337,128,4,369.54
1016,337,132,1,82.53
1017,337,30,1,43.65
1018,337,26,1,264.67
1019,338,6,1,
1020,338,41,2,191.67
1021,338,129,4,535.98
1022,339,53,-1,37.16
1023,339,107,1,507.35
1024,340,7,1,152.65
1025,340,109,2,579.16
1026,340,40,1,$199.53
1027,340,71,1,395.70
1028,340,80,1,144.45
1029,341,135,2,18.43
1030,342,92,2,339.88
1031,343,69,1,175.49
1032,343,11,0,489.65
1033,344,89,3,$403.36
1034,344,41,3,191.67
1035,344,86,2,$164.39
1036,344,35,1,152.88
1037,345,95,3,545.43
1038,345,93,1,345.11
1039,346,93,1,345.11
1040,346,51,1,286.54
1041,346,86,5,164.39
1042,347,93,2,345.11
1043,347,51,1,286.54
1044,347,33,1,407.76
1045,348,95,1,545.43
1046,348,119,1,528.68
1047,348,70,1,379.91
1048,349,37,1,241.65
1049,349,68,1,279.67
1050,349,15,1,81.29
1051,349,78,2,121.77
1052,349,49,4,206.38
1053,350,135,1,18.43
1054,350,13,3,186.29
1055,351,44,1,106.04
1056,351,64,1,265.50
1057,352,80,3,144.45
1058,353,10,5,33.22
1059,353,111,2,291.81
1060,353,133,1,97.51
1061,354,35,1,152.88
1062,355,50,0,$270.24
1063,355,39,2,253.25
1064,355,83,5,319.19
1065,355,15,3,81.29
1066,356,33,-1,407.76
1067,356,59,2,169.88
1068,356,114,0,403.81
1069,356,102,1,169.19
1070,357,47,3,$627.32
1071,357,104,1,98.77
1072,358,78,-1,120.78
1073,358,118,2,306.5
1074,358,108,3,242.9
1075,358,79,1,246.79
1076,359,46,2,136.73
1077,360,134,2,41.81
1078,360,25,0,253.88
1079,360,111,1,291.81
1080,360,131,3,396.05
1081,361,73,1,331.02
1082,361,37,1,241.65
1083,361,94,1,389.5
1084,361,130,1,75.91
1085,361,47,2,627.32
1086,362,92,1,339.88
1087,362,52,1,171.01
1088,363,39,1,253.25
1089,363,29,2,181.96
1090,363,8,1,307.70 JOD
1091,363,23,2,68.95
1092,364,53,2,37.16
1093,364,9,1,178.19
1094,364,74,1,34.31
1095,365,118,1,306.5
1096,365,135,4,18.43
1097,366,115,0,302.06
1098,366,46,2,136.73
1099,366,36,1,19.30
1100,366,124,-1,58.04
1101,366,114,1,403.81
1102,367,84,4,455.31
1103,367,120,1,201.77
1104,368,103,2,244.5
1105,368,97,3,369.73
1106,368,107,1,376.14
1107,368,113,1,191.78
1108,368,65,2,$308.91
1109,369,128,4,$369.54
1110,369,39,5,253.25
1111,369,37,1,241.65
1112,370,25,2,253.88
1113,370,63,1,575.86
1114,370,69,1,175.49
1115,370,99,1,190.06
1116,370,19,1,65.2
1117,371,127,1,587.72
1118,371,123,1,151.87
1119,371,121,1,317.45
1120,371,131,3,396.05
1121,371,74,2,34.31
1122,372,85,3,8.08
1123,372,53,2,37.16
1124,372,57,2,213.11
1125,373,109,2,579.16
1126,374,108,2,242.9
1127,374,14,1,429.63
1128,374,25,1,253.88
1129,374,127,1,587.72
1130,375,44,1,106.04
1131,375,98,2,243.42
1132,375,68,-1,304.43
1133,375,3,1,390.52
1134,375,102,2,169.19
1135,376,76,3,383.3
1136,377,48,2,23.1
1137,377,64,3,265.5
1138,377,19,5,67.77
1139,378,123,1,151.87 JOD
1140,378,116,1,359.58
1141,378,11,1,489.65
1142,378,94,1,389.50
1143,378,55,1,216.25
1144,379,123,4,151.87
1145,380,33,4,407.76 JOD
1146,380,72,1,404.50 JOD
1147,380,22,2,36.29
1148,380,11,1,489.65
1149,381,96,2,84.49
1150,382,97,4,$369.73
1151,382,26,1,264.67
1152,382,22,1,36.29
1153,383,6,2,46.39
1154,383,137,0,307.7
1155,383,26,3,264.67
1156,383,86,1,164.39
1157,383,115,1,302.06
1158,384,53,4,37.16
1159,384,80,2,144.45
1160,384,15,2,$81.29
1161,385,25,5,253.88
1162,385,71,2,374.89
1163,385,12,4,214.91
1164,385,67,1,291.96
1165,386,30,1,43.65
1166,386,11,1,489.65
1167,386,13,2,209.44
1168,386,80,3,144.45
1169,386,16,2,193.78
1170,387,134,5,$40.00
1171,387,69,1,175.49
1172,388,104,2,98.77
1173,389,78,1,121.77
1174,389,3,4,390.52
1175,390,102,1,169.19
1176,390,7,2,152.65
1177,390,25,1,253.88
1178,390,72,2,404.50
1179,391,71,1,374.89
1180,391,89,2,403.36
1181,391,35,2,152.88
1182,392,16,5,148.16
1183,392,79,1,210.8
1184,392,93,1,345.11
1185,392,76,1,383.3
1186,393,107,3,376.14
1187,393,136,1,314.21
1188,393,15,1,81.29
1189,393,99,1,140.32
1190,393,97,1,369.73
1191,394,52,1,142.85
1192,394,97,1,369.73
1193,394,24,1,360.88
1194,394,3,1,390.52
1195,395,20,1,110.76
1196,395,69,1,175.49
1197,395,33,3,407.76
1198,396,63,1,575.86
1199,397,4,1,292.68
1200,398,65,1,308.91
1201,398,53,4,37.16
1202,398,63,2,575.86
1203,398,23,1,68.95
1204,398,49,1,206.38
1205,399,45,1,415.91
1206,399,90,2,56.52
1207,399,21,1,21.23
1208,399,26,4,264.67
1209,399,125,3,552.19
1210,400,86,2,164.39
1211,400,130,2,59.94
1212,401,19,4,67.77
1213,401,62,2,205.4
1214,401,31,1,71.76
1215,401,116,2,359.58
1216,402,29,2,181.96
1217,402,45,2,415.91
1218,402,98,2,243.42
1219,403,26,1,
1220,404,29,1,181.96
1221,404,58,2,109.02
1222,404,120,-1,201.77
1223,404,99,1,136.34
1224,404,92,2,339.88
1225,405,48,2,23.1
1226,405,114,1,403.81
1227,405,59,3,169.88
1228,406,135,1,18.43
1229,406,95,4,545.43
1230,407,23,1,68.95
1231,407,135,1,18.43
1232,407,136,1,314.21
1233,407,16,2,148.16
1234,408,122,3,125.5
1235,409,104,3,98.77
1236,410,101,-1,95.6
1237,410,111,4,291.81
1238,410,113,3,191.78
1239,411,106,2,252.84
1240,411,117,2,143.1
1241,411,31,2,71.76
1242,411,122,1,125.50
1243,412,48,1,23.1
1244,412,7,1,152.65
1245,412,19,4,67.77
1246,412,76,2,383.3
1247,412,99,0,140.32
1248,413,32,1,105.62
1249,413,81,1,$121.47
1250,413,86,2,164.39
1251,414,43,1,330.6
1252,414,9999,1,98.77
1253,414,110,2,193.85
1254,414,41,3,182.83
1255,415,37,3,241.65
1256,416,17,2,158.56
1257,416,107,3,376.14
1258,416,29,1,181.96
1259,417,91,4,243.25
1260,417,51,1,286.54
1261,417,104,3,98.77
1262,418,84,2,455.31
1263,418,50,2,397.99
1264,419,83,1,319.19
1265,419,49,1,206.38
1266,419,137,-1,385.26
1267,419,113,4,191.78
1268,419,44,3,106.04
1269,420,9999,1,528.68
1270,420,15,1,81.29
1271,420,56,1,31.92
1272,421,43,4,330.60
1273,421,133,0,97.51
1274,421,123,1,151.87
1275,421,100,3,249.16
1276,422,102,2,169.19
1277,422,58,-1,109.02
1278,422,110,1,193.85
1279,422,104,3,98.77
1280,423,76,2,322.66
1281,423,135,1,18.43
1282,423,49,3,206.38
1283,424,124,1,84.49
1284,425,55,1,216.25
1285,425,12,1,214.91 JOD
1286,425,62,3,118.12
1287,425,14,4,429.63
1288,425,85,3,8.08
1289,426,62,3,205.4
1290,426,113,3,191.78
1291,426,124,1,58.04
1292,426,14,2,429.63
1293,426,103,4,244.5
1294,427,137,1,307.70
1295,427,10,3,28.04
1296,427,23,1,68.95
1297,427,3,1,390.52
1298,428,133,2,97.51
1299,428,19,3,$67.77
1300,428,82,4,244.2
1301,428,2,1,216.01
1302,428,53,1,37.16
1303,429,131,1,396.05
1304,429,93,1,345.11
1305,429,79,1,210.80
1306,429,37,1,241.65
1307,430,86,5,164.39
1308,430,13,1,186.29
1309,430,64,4,324.55
1310,430,3,2,390.52
1311,431,44,1,106.04 JOD
1312,431,10,2,28.04
1313,432,54,0,89.36
1314,432,108,1,$242.90
1315,432,25,2,253.88
1316,433,115,0,160.4
1317,433,34,2,220.10
1318,434,27,1,112.66
1319,434,43,1,$423.28
1320,435,6,3,46.39
1321,436,69,1,175.49
1322,437,29,1,181.96
1323,437,85,3,8.08
1324,437,57,1,$213.11
1325,437,82,1,244.2
1326,438,81,2,121.47
1327,438,40,1,199.53
1328,438,123,1,151.87
1329,439,23,2,68.95
1330,439,20,0,110.76
1331,439,17,3,$185.99
1332,440,45,1,415.91
1333,440,128,2,369.54
1334,440,46,1,136.73
1335,441,45,3,415.91
1336,441,59,2,169.88
1337,441,9999,2,$374.89
1338,442,135,1,18.43
1339,442,62,3,205.40
1340,442,43,2,330.6
1341,442,14,-1,$429.63
1342,443,131,1,396.05
1343,443,77,2,101.15
1344,444,75,-1,347.56
1345,444,17,1,185.99
1346,444,98,5,$243.42
1347,444,15,1,81.29
1348,445,109,4,579.16
1349,445,55,2,216.25
1350,445,121,4,314.72
1351,446,14,3,429.63
1352,446,110,2,193.85 JOD
1353,447,41,3,249.84
1354,448,135,1,18.43
1355,448,45,2,415.91
1356,448,96,2,$84.49
1357,448,9,1,178.19
1358,449,15,1,81.29
1359,450,30,2,43.65
1360,451,93,1,345.11
1361,451,120,4,201.77
1362,451,72,1,404.50
1363,451,79,3,163.80
1364,451,135,1,18.43
1365,452,30,2,43.65
1366,452,96,3,123.93
1367,452,63,1,322.67
1368,453,76,2,383.3
1369,454,35,1,152.88
1370,454,85,3,8.08
1371,454,132,2,82.53
1372,455,102,1,169.19
1373,455,61,1,101.60
1374,455,110,3,248.85
1375,455,98,1,243.42
1376,456,92,2,$339.88
1377,457,9999,2,243.42
1378,457,121,1,317.45
1379,457,129,3,535.98
1380,457,80,1,144.45
1381,457,46,1,136.73
1382,458,118,5,$306.50
1383,459,123,3,$151.87
1384,459,23,1,68.95
1385,460,80,1,144.45
1386,460,84,4,455.31
1387,460,93,4,345.11
1388,461,98,4,243.42
1389,462,25,4,253.88
1390,463,132,1,82.53
1391,463,122,2,125.5
1392,463,75,1,213.97
1393,463,39,3,253.25
1394,464,55,4,216.25
1395,464,84,2,455.31
1396,464,52,1,171.01
1397,465,115,3,302.06
1398,466,129,1,535.98
1399,466,93,3,345.11
1400,466,29,1,181.96
1401,466,86,-1,220.3
1402,467,35,1,158.19
1403,467,123,1,151.87
1404,467,19,1,84.93
1405,468,73,1,331.02
1406,469,10,1,28.04
1407,469,18,3,128.87
1408,469,92,1,339.88
1409,469,8,1,307.7
1410,470,65,1,308.91
1411,471,97,1,369.73
1412,471,61,2,101.6
1413,471,5,3,407.25
1414,471,76,1,383.3
1415,471,116,1,359.58
1416,472,91,1,243.25
1417,472,42,3,91.53
1418,472,111,3,291.81
1419,472,102,0,169.19
1420,473,12,4,214.91
1421,473,63,3,507.91
1422,473,52,1,171.01
1423,473,26,2,264.67
1424,474,85,3,8.08
1425,474,39,1,253.25
1426,474,82,3,244.2
1427,474,2,2,190.97
1428,475,58,1,109.02
1429,475,14,2,429.63
1430,475,79,1,$210.80
1431,476,41,3,191.67
1432,476,120,4,201.77
1433,476,45,1,415.91
1434,477,102,2,169.19
1435,477,137,2,307.7
1436,478,81,1,$121.47
1437,478,33,4,407.76
1438,478,11,4,489.65
1439,478,96,4,84.49
1440,478,119,1,528.68
1441,479,66,2,231.0
1442,480,131,1,396.05
1443,480,54,1,89.36
1444,480,117,-1,190.75
1445,480,110,2,193.85
1446,481,92,1,339.88
1447,481,68,5,152.96
1448,481,28,3,222.75
1449,482,36,2,19.30
1450,482,117,2,143.1
1451,482,55,1,216.25
1452,482,8,1,307.70 JOD
1453,482,38,2,454.8
1454,483,120,3,201.77
1455,483,69,1,175.49
1456,483,111,5,291.81
1457,483,42,1,91.53
1458,483,34,2,220.1
1459,484,71,1,374.89
1460,484,62,-1,205.4
1461,485,73,1,331.02
1462,485,51,2,286.54
1463,485,127,1,587.72
1464,486,10,5,28.04
1465,487,5,2,407.25
1466,487,50,1,397.99
1467,487,38,1,454.8
1468,487,118,3,306.5
1469,488,136,2,314.21
1470,488,14,1,429.63
1471,489,60,1,16.37
1472,489,91,2,243.25
1473,489,55,1,216.25
1474,489,70,1,379.91
1475,489,67,0,291.96
1476,490,133,2,97.51
1477,491,27,3,112.66
1478,491,61,3,101.6
1479,491,86,1,164.39
1480,491,120,3,201.77
1481,492,38,1,454.8
1482,493,36,1,19.3
1483,493,116,1,359.58
1484,494,67,1,291.96
1485,495,34,1,220.1
1486,496,118,0,306.50
1487,497,27,-1,112.66
1488,497,39,2,253.25
1489,497,15,1,81.29
1490,497,83,1,319.19
1491,498,24,0,360.88
1492,498,17,2,185.99
1493,499,11,2,489.65
1494,499,102,1,169.19
1495,499,114,1,403.81
1496,499,60,4,16.37
1497,499,130,5,59.94
1498,500,63,1,575.86
1499,500,109,2,579.16
1500,500,14,3,429.63
1501,501,50,3,397.99
1502,502,27,3,112.66
1503,503,57,2,213.11
1504,503,9,1,178.19
1505,503,1,5,585.67
1506,503,108,1,242.9
1507,504,50,3,397.99
1508,504,5,2,407.25
1509,504,106,3,252.84
1510,504,55,2,216.25
1511,505,61,1,101.6
1512,505,103,1,244.50
1513,505,53,2,37.16
1514,505,45,1,415.91
1515,505,4,2,546.12
1516,506,51,1,286.54
1517,506,45,3,$415.91
1518,507,125,1,552.19
1519,508,114,3,403.81
1520,509,43,2,330.6
1521,509,16,3,148.16
1522,509,21,1,14.38
1523,509,104,1,98.77
1524,509,94,1,389.50
1525,510,131,0,396.05
1526,510,40,5,263.1
1527,511,91,0,243.25
1528,511,57,4,213.11
1529,512,111,1,291.81
1530,512,116,2,359.58
1531,512,43,1,330.6
1532,513,79,1,210.80
1533,513,75,1,347.56
1534,513,30,1,43.65
1535,513,37,-1,241.65
1536,513,6,1,46.39
1537,514,55,2,216.25
1538,515,50,-1,397.99
1539,516,93,1,345.11
1540,516,44,1,106.04
1541,516,91,1,243.25 JOD
1542,516,83,3,319.19
1543,517,29,5,181.96
1544,517,95,1,545.43
1545,518,74,2,34.31
1546,518,17,3,185.99
1547,518,21,3,14.38
1548,518,53,1,37.16
1549,519,43,1,330.60
1550,519,40,2,199.53
1551,519,21,2,14.38
1552,520,62,4,205.4
1553,520,48,1,23.1
1554,520,33,1,407.76
1555,520,39,2,253.25
1556,521,130,2,51.16
1557,521,61,3,101.60
1558,521,66,1,195.16
1559,522,108,2,242.9
1560,522,27,4,112.66
1561,523,90,0,76.96
1562,523,116,1,359.58
1563,524,7,1,133.12
1564,524,76,3,383.3
1565,524,129,5,535.98
1566,525,36,3,12.17
1567,525,29,2,181.96
1568,526,67,1,291.96
1569,526,58,1,118.74
1570,526,27,3,112.66
1571,526,127,1,587.72
1572,526,15,1,81.29
1573,527,64,1,265.5
1574,527,113,1,191.78
1575,527,92,3,339.88
1576,527,31,3,90.9
1577,528,37,2,241.65
1578,529,58,4,109.02
1579,529,101,4,95.6
1580,530,99,1,140.32
1581,530,38,-1,454.8
1582,531,50,2,397.99
1583,531,83,2,319.19
1584,532,33,1,327.88
1585,532,38,2,454.8
1586,532,124,1,58.04
1587,532,36,1,19.30
1588,533,19,1,67.77
1589,533,101,3,98.42
1590,533,80,1,144.45
1591,533,133,1,97.51
1592,533,20,4,110.76
1593,534,125,3,552.19
1594,534,95,1,545.43
1595,534,56,3,31.92
1596,534,134,5,40.0
1597,534,83,4,449.62
1598,535,40,1,199.53
1599,535,30,1,43.65
1600,535,121,1,429.58
1601,536,136,3,314.21
1602,536,96,0,84.49
1603,536,51,1,286.54
1604,536,11,2,489.65
1605,537,55,3,216.25
1606,537,90,-1,56.52
1607,537,79,1,$210.80
1608,538,100,2,249.16
1609,539,88,-1,238.01
1610,539,130,3,59.94
1611,540,8,3,307.7
1612,540,1,1,$585.67
1613,540,125,2,552.19
1614,541,128,4,369.54
1615,541,124,3,58.04
1616,542,17,3,185.99
1617,543,107,2,376.14
1618,544,50,1,397.99
1619,544,9,2,178.19
1620,544,98,4,312.07
1621,544,1,1,585.67
1622,545,109,2,579.16
1623,545,1,3,585.67
1624,545,66,3,143.78
1625,545,92,1,339.88
1626,545,107,1,376.14
1627,546,27,3,112.66
1628,547,96,1,84.49
1629,547,55,3,216.25
1630,547,56,3,31.92
1631,547,127,4,587.72
1632,548,104,4,98.77
1633,548,98,1,243.42
1634,548,96,2,84.49
1635,549,36,2,19.30
1636,550,10,0,28.04
1637,551,130,3,59.94
1638,551,36,4,19.3
1639,551,84,2,455.31
1640,552,52,3,171.01
1641,553,76,3,383.3
1642,553,21,1,14.38
1643,554,113,2,191.78
1644,554,100,2,249.16
1645,554,103,1,244.5
1646,554,108,4,237.75
1647,555,20,1,110.76
1648,555,48,3,23.1
1649,555,63,1,575.86
1650,556,24,1,360.88
1651,556,2,3,190.97
1652,557,24,-1,360.88
1653,557,115,5,257.94
1654,558,112,3,183.26
1655,558,92,2,339.88
1656,559,50,2,397.99
1657,560,36,3,19.3
1658,560,29,5,143.56
1659,560,49,1,206.38
1660,561,37,1,241.65
1661,561,130,1,59.94
1662,561,52,1,171.01 JOD
1663,561,13,1,186.29
1664,562,51,1,286.54
1665,563,77,3,101.15
1666,563,118,1,317.61
1667,563,103,1,244.5
1668,563,82,1,244.2
1669,564,68,3,304.43
1670,564,9999,1,314.21
1671,564,9999,1,121.47
1672,564,121,4,
1673,564,25,1,253.88
1674,565,124,1,58.04
1675,565,72,2,404.5
1676,565,117,5,143.1
1677,565,16,2,148.16
1678,565,63,1,575.86
1679,566,65,1,308.91
1680,566,19,1,67.77
1681,566,59,2,169.88
1682,567,48,5,23.1
1683,568,87,3,262.59
1684,568,7,2,152.65
1685,568,59,2,169.88
1686,568,45,2,415.91
1687,569,38,1,454.8
1688,569,129,3,535.98
1689,569,6,2,46.39
1690,570,57,2,213.11
1691,570,126,1,200.63
1692,571,17,1,185.99 JOD
1693,572,123,3,151.87
1694,572,14,3,429.63
1695,572,6,1,46.39
1696,572,111,1,291.81
1697,572,116,2,359.58
1698,573,44,2,106.04
1699,573,6,1,46.39
1700,573,5,4,407.25
1701,574,66,4,231.00
1702,574,55,2,216.25
1703,574,5,2,407.25
1704,575,63,5,575.86
1705,575,2,3,190.97
1706,575,56,0,31.92
1707,575,119,4,$528.68
1708,575,6,4,46.39
1709,576,16,1,148.16
1710,576,120,1,201.77
1711,576,60,3,16.37
1712,576,10,1,28.04
1713,577,40,3,191.35
1714,577,61,3,101.6
1715,577,29,1,181.96
1716,577,134,1,40.0
1717,577,43,3,330.6
1718,578,15,3,81.29
1719,578,19,4,67.77
1720,579,76,1,247.64
1721,580,126,3,200.63
1722,580,116,1,359.58
1723,580,11,1,489.65
1724,580,41,1,191.67
1725,580,136,4,314.21
1726,581,22,3,36.29
1727,581,35,3,152.88
1728,581,27,1,112.66
1729,581,124,3,58.04
1730,582,110,4,193.85
1731,583,58,1,109.02
1732,583,69,2,175.49
1733,583,116,4,359.58
1734,584,133,1,97.51
1735,584,78,1,121.77
1736,584,32,4,105.62
1737,585,15,0,81.29
1738,585,58,1,109.02
1739,586,39,1,253.25
1740,586,115,5,302.06
1741,586,46,2,136.73
1742,587,9999,-1,125.5
1743,588,109,4,579.16
1744,589,19,2,59.46
1745,590,56,1,31.92
1746,590,75,2,347.56
1747,590,37,3,$241.65
1748,590,34,1,220.10
1749,591,101,1,95.60
1750,591,107,1,376.14
1751,591,37,1,241.65
1752,591,21,3,14.38
1753,592,61,4,$101.60
1754,593,27,3,112.66
1755,593,3,3,390.52
1756,593,96,1,115.53
1757,593,29,4,181.96
1758,593,14,1,423.56
1759,594,134,3,40.0
1760,594,48,1,23.1
1761,594,64,2,265.50
1762,594,13,4,186.29
1763,594,11,5,489.65
1764,595,18,1,128.87
1765,595,96,3,84.49
1766,595,12,2,214.91
1767,595,43,1,330.6
1768,595,31,1,71.76
1769,596,136,3,314.21
1770,596,37,1,241.65
1771,597,109,4,579.16
1772,598,83,1,319.19
1773,598,117,2,211.12
1774,598,95,0,545.43
1775,598,126,3,294.36
1776,598,93,4,345.11
1777,599,10,2,28.04
1778,599,126,3,200.63
1779,599,76,1,383.30
1780,599,29,1,181.96
1781,599,18,1,128.87
1782,600,52,4,171.01
1783,600,20,1,110.76
1784,600,8,4,307.7
1785,600,33,3,329.96
1786,600,17,3,185.99
1787,601,37,2,241.65
1788,601,132,3,82.53
1789,601,135,2,$18.43
1790,601,134,1,40.0
1791,602,31,3,87.54
1792,602,57,1,213.11
1793,603,9,1,178.19
1794,603,69,1,101.45
1795,603,108,1,242.9
1796,604,4,1,546.12
1797,604,135,1,18.43
1798,604,131,1,220.95
1799,604,122,1,125.50
1800,604,74,3,34.31
1801,605,62,4,205.40
1802,605,35,1,152.88
1803,605,71,2,374.89
1804,605,79,1,210.8
1805,606,103,2,244.5
1806,607,112,4,183.26
1807,607,74,2,34.31
1808,607,113,2,191.78
1809,608,8,1,307.7
1810,608,19,2,67.77
1811,608,34,1,220.1
1812,608,4,2,546.12
1813,608,128,1,369.54
1814,609,60,1,16.37
1815,609,124,1,58.04
1816,609,9,3,178.19
1817,609,91,1,243.25
1818,610,49,1,206.38
1819,610,102,2,122.09
1820,610,71,1,438.07
1821,610,99,-1,158.4
1822,610,60,1,16.37
1823,611,101,4,95.60
1824,611,97,2,369.73
1825,611,69,2,175.49
1826,611,89,1,237.89
1827,611,48,1,15.84
1828,612,78,2,
1829,612,39,5,253.25
1830,612,84,1,455.31
1831,612,87,1,262.59
1832,613,119,2,528.68
1833,613,70,-1,379.91
1834,614,21,2,14.38
1835,614,16,2,148.16
1836,614,55,2,216.25
1837,615,28,-1,222.75
1838,615,114,2,403.81
1839,615,102,4,169.19
1840,616,5,0,407.25
1841,616,121,0,317.45
1842,616,97,3,369.73
1843,617,54,1,89.36
1844,617,57,3,213.11
1845,617,95,1,545.43
1846,617,79,1,210.8
1847,617,93,2,345.11 JOD
1848,618,118,1,306.5
1849,618,57,1,213.11
1850,618,74,2,34.31
1851,618,24,2,360.88
1852,619,126,1,200.63
1853,619,135,1,20.91
1854,619,124,3,58.04
1855,619,95,3,545.43
1856,619,86,5,164.39
1857,620,116,3,359.58
1858,620,79,3,210.80 JOD
1859,620,117,2,143.1
1860,620,30,1,43.65
1861,621,41,2,191.67
1862,621,115,1,302.06
1863,621,58,1,109.02
1864,621,36,2,22.08
1865,621,67,1,291.96
1866,622,55,3,216.25
1867,623,137,5,307.7
1868,624,81,1,121.47
1869,624,68,5,304.43
1870,625,103,1,244.5
1871,625,93,0,345.11
1872,625,10,3,28.04 JOD
1873,625,59,1,169.88
1874,625,46,4,136.73
1875,626,136,3,335.06
1876,626,113,1,191.78
1877,627,94,-1,389.5
1878,628,72,0,404.5
1879,628,137,1,307.70
1880,628,117,2,158.96
1881,628,1,5,585.67
1882,628,9,4,$178.19
1883,629,135,3,18.43 JOD
1884,629,75,3,234.19
1885,629,78,1,121.77
1886,629,4,1,546.12
1887,629,69,1,175.49
1888,630,101,1,$95.60
1889,630,130,5,59.94
1890,630,1,1,585.67
1891,630,57,1,213.11
1892,630,41,3,191.67
1893,631,23,1,68.95
1894,631,15,2,81.29
1895,631,73,2,331.02
1896,631,83,1,319.19
1897,632,99,0,140.32
1898,632,21,1,14.38
1899,633,9,1,178.19
1900,633,83,1,319.19
1901,633,72,2,404.5
1902,634,126,4,200.63
1903,635,115,2,302.06
1904,636,44,3,106.04
1905,636,97,1,369.73
1906,636,85,1,8.08
1907,636,89,4,403.36
1908,637,110,1,193.85
1909,637,84,1,585.94
1910,638,56,1,31.92
1911,638,64,2,265.5
1912,638,55,1,216.25
1913,638,53,2,37.16
1914,638,84,1,653.22
1915,639,64,2,265.5
1916,640,92,2,339.88
1917,640,111,4,291.81
1918,640,31,1,71.76
1919,640,94,2,389.5
1920,640,131,3,396.05
1921,641,114,2,403.81
1922,641,91,1,243.25
1923,641,98,0,243.42
1924,642,15,1,81.29
1925,642,51,1,286.54
1926,642,16,3,148.16
1927,643,78,0,162.39
1928,643,110,1,193.85
1929,643,30,1,43.65
1930,643,74,3,34.31
1931,644,35,5,152.88
1932,644,101,1,95.6
1933,644,91,2,243.25
1934,644,89,4,547.29
1935,645,79,2,173.78
1936,645,82,2,244.20
1937,645,52,2,171.01
1938,645,87,5,262.59
1939,646,136,0,314.21
1940,646,13,4,186.29
1941,647,77,3,101.15
1942,647,39,1,253.25
1943,648,110,1,193.85
1944,648,23,1,$68.95
1945,648,66,3,231.0
1946,648,1,1,585.67
1947,648,99,1,140.32
1948,649,87,2,262.59
1949,649,111,1,$291.81
1950,649,52,1,171.01
1951,649,13,5,186.29
1952,649,97,2,369.73
1953,650,3,1,374.71
1954,650,121,4,317.45
1955,651,35,0,152.88
1956,651,111,1,291.81
1957,651,112,3,183.26
1958,652,28,1,222.75
1959,652,47,1,627.32
1960,653,59,2,169.88
1961,653,127,2,587.72
1962,654,125,-1,552.19
1963,654,77,1,$101.15
1964,654,53,2,37.16
1965,654,11,4,489.65
1966,655,15,1,73.34
1967,655,97,4,209.92
1968,655,45,1,415.91
1969,656,16,1,148.16
1970,656,12,1,214.91
1971,656,72,2,404.5
1972,656,34,2,220.10
1973,657,108,1,242.90
1974,657,85,1,8.08
1975,657,125,1,552.19
1976,657,56,0,31.92
1977,657,50,2,397.99
1978,658,64,2,265.50
1979,658,125,1,552.19
1980,658,90,3,56.52
1981,658,22,1,36.29
1982,658,81,1,121.47
1983,659,62,1,205.4
1984,660,76,1,383.3
1985,660,74,1,34.31
1986,660,67,2,291.96
1987,660,34,1,313.42
1988,660,17,1,185.99
1989,661,12,1,214.91
1990,661,94,1,389.50
1991,661,40,3,199.53
1992,661,66,1,231.0
1993,661,76,2,383.3
1994,662,2,2,190.97
1995,662,8,3,307.7
1996,662,95,4,545.43
1997,662,133,1,97.51
1998,662,46,1,136.73
1999,663,109,1,579.16
2000,663,7,-1,152.65
2001,663,57,1,213.11
2002,663,137,1,307.7
2003,664,27,4,112.66
2004,664,137,1,307.7
2005,664,1,1,850.85
2006,665,9999,1,552.19
2007,665,56,2,31.92
2008,665,126,1,200.63
2009,665,18,2,128.87
2010,665,41,2,191.67
2011,666,26,1,264.67
2012,666,82,1,244.20
2013,666,111,2,291.81
2014,666,110,1,223.45
2015,667,47,0,627.32
2016,667,81,2,121.47
2017,667,58,2,79.28
2018,667,63,1,575.86
2019,668,35,2,152.88
2020,668,2,1,190.97
2021,668,40,2,199.53
2022,668,126,1,200.63
2023,669,106,0,252.84
2024,669,6,-1,46.39
2025,669,24,-1,360.88
2026,669,123,5,151.87
2027,669,99,2,140.32
2028,670,63,3,734.89
2029,670,82,3,170.0
2030,671,77,2,57.61
2031,671,73,3,331.02
2032,672,21,1,14.38
2033,672,31,4,71.76
2034,672,56,3,31.92
2035,672,32,0,105.62
2036,672,135,1,18.46 JOD
2037,673,104,1,61.38
2038,673,124,1,58.04
2039,673,16,2,148.16
2040,674,67,2,291.96
2041,674,110,1,193.85
2042,674,128,1,369.54
2043,674,41,2,191.67
2044,674,126,1,200.63
2045,675,115,1,302.06
2046,676,25,2,253.88
2047,676,23,1,68.95
2048,676,93,1,345.11
2049,677,123,1,151.87
2050,677,103,2,$244.50
2051,677,127,5,587.72
2052,677,35,1,152.88
2053,677,108,1,242.9
2054,678,78,3,121.77
2055,678,87,2,262.59
2056,678,95,1,817.3
2057,679,66,4,231.0
2058,680,10,1,28.04
2059,680,23,2,68.95
2060,680,119,2,528.68
2061,681,109,2,579.16
2062,681,54,3,82.72
2063,681,67,2,291.96
2064,681,113,1,191.78
2065,681,49,2,206.38
2066,682,56,1,$31.92
2067,682,67,0,291.96
2068,682,30,1,52.78
2069,682,38,1,454.8
2070,683,96,1,84.49 JOD
2071,683,137,1,307.7
2072,683,136,2,314.21
2073,683,109,2,579.16
2074,683,103,1,285.28
2075,684,96,1,84.49
2076,684,130,1,59.94
2077,684,92,1,339.88
2078,685,74,2,34.31
2079,685,82,-1,244.2
2080,685,112,2,
2081,686,109,1,579.16
2082,686,9999,1,152.65
2083,686,65,3,308.91
2084,686,50,3,397.99
2085,686,40,2,
2086,687,62,2,205.40
2087,687,91,1,358.47
2088,688,20,1,110.76
2089,688,77,4,101.15
2090,688,57,1,213.11
2091,688,121,2,317.45
2092,689,123,3,151.87
2093,689,92,2,339.88
2094,689,84,3,455.31
2095,689,39,1,253.25
2096,689,37,5,166.45
2097,690,123,1,
2098,690,116,2,359.58
2099,690,83,1,319.19
2100,690,112,1,183.26
2101,690,30,2,43.65
2102,691,8,2,307.7
2103,691,92,5,339.88
2104,691,107,2,376.14
2105,691,24,2,360.88 JOD
2106,692,80,2,144.45
2107,692,55,2,216.25
2108,692,77,2,94.69
2109,692,128,1,369.54
2110,693,68,1,304.43
2111,693,35,2,152.88
2112,693,58,1,148.90
2113,694,42,2,91.53
2114,694,19,1,67.77
2115,695,103,-1,244.5
2116,695,68,1,304.43 JOD
2117,695,3,1,390.52
2118,695,66,1,231.00
2119,696,91,2,284.04
2120,696,66,2,231.0
2121,696,33,2,407.76
2122,696,22,2,36.29
2123,697,134,1,40.0
2124,697,64,2,265.5
2125,697,58,5,109.02
2126,697,101,1,95.60
2127,697,27,1,112.66
2128,698,119,2,528.68
2129,698,62,2,205.4
2130,698,116,1,344.11
2131,698,26,1,264.67
2132,699,66,1,231.00
2133,699,125,3,552.19
2134,699,123,1,151.87
2135,699,52,4,220.96
2136,699,110,2,193.85
2137,700,10,2,
2138,700,23,1,68.95
2139,700,70,0,379.91
2140,700,16,3,148.16
2141,700,73,5,331.02
2142,701,10,1,28.04
2143,702,57,1,213.11
2144,702,114,2,403.81
2145,702,4,1,546.12
2146,702,65,2,308.91
2147,702,108,0,318.06
2148,703,117,2,143.1
2149,703,13,1,186.29
2150,703,23,3,68.95
2151,703,43,1,330.6
2152,704,123,2,151.87
2153,704,128,-1,369.54
2154,704,94,1,389.5
2155,704,116,2,359.58
2156,704,107,5,$376.14
2157,705,132,1,82.53
2158,705,103,2,244.5
2159,706,43,1,330.6
2160,706,104,2,$98.77
2161,707,13,1,186.29
2162,707,67,1,291.96
2163,707,92,4,339.88
2164,708,32,2,105.62
2165,708,20,1,83.95
2166,709,11,5,489.65
2167,710,10,3,28.04
2168,710,90,5,56.52
2169,710,68,2,304.43
2170,710,33,0,407.76
2171,710,2,4,190.97
2172,711,91,1,243.25
2173,712,1,1,585.67
2174,712,132,3,82.53
2175,713,94,2,389.5
2176,713,103,2,$197.50
2177,714,64,3,265.5
2178,714,3,1,390.52
2179,714,73,5,331.02
2180,714,56,2,31.92
2181,714,88,3,238.01
2182,715,109,4,579.16
2183,715,84,3,455.31
2184,716,23,4,68.95
2185,716,22,2,36.29
2186,716,21,1,14.38
2187,716,52,3,171.01
2188,716,41,2,191.67
2189,717,97,5,369.73
2190,717,9999,2,253.88
2191,717,131,4,396.05
2192,718,47,1,627.32
2193,719,9999,3,$40.00
2194,719,101,2,95.6
2195,719,29,5,181.96
2196,719,32,0,105.62
2197,720,34,1,220.1
2198,720,72,5,404.50
2199,720,17,1,185.99
2200,721,54,2,89.36
2201,722,112,1,183.26
2202,722,31,-1,71.76
2203,722,78,3,121.77
2204,722,49,0,206.38
2205,723,18,4,128.87
2206,723,24,2,360.88 JOD
2207,723,106,0,252.84
2208,723,94,1,389.50
2209,724,111,2,
2210,724,3,3,462.2
2211,724,91,3,190.01
2212,724,68,1,304.43
2213,725,130,1,59.94
2214,725,46,0,136.73
2215,725,107,4,299.97
2216,725,125,3,385.0
2217,726,81,2,89.4
2218,726,18,5,128.87
2219,726,125,1,552.19
2220,727,109,2,579.16
2221,727,121,3,317.45
2222,727,31,0,71.76
2223,727,52,2,171.01
2224,728,42,2,91.53
2225,728,124,2,58.04
2226,729,88,3,238.01
2227,729,21,-1,14.38
2228,729,50,1,397.99
2229,730,56,0,31.92
2230,730,93,2,345.11
2231,730,89,5,403.36
2232,731,27,4,$112.66
2233,731,40,1,$199.53
2234,731,92,1,339.88
2235,731,18,1,132.74
2236,731,78,3,121.77
2237,732,8,-1,307.7
2238,733,95,1,545.43 JOD
2239,733,92,3,339.88
2240,733,130,2,59.94
2241,734,91,5,243.25
2242,735,78,-1,121.77
2243,735,89,2,403.36
2244,735,54,3,115.27
2245,735,17,2,185.99
2246,736,79,1,210.8
2247,736,42,2,91.53
2248,737,56,1,31.92
2249,738,30,2,43.65
2250,738,132,1,49.63
2251,738,58,2,109.02
2252,738,121,2,317.45
2253,738,5,1,407.25
2254,739,47,2,$627.32
2255,740,61,5,145.04
2256,740,77,5,101.15
2257,740,80,-1,144.45
2258,741,26,0,264.67
2259,741,111,5,291.81
2260,741,4,2,546.12
2261,741,7,1,152.65
2262,741,53,3,37.16
2263,742,65,1,355.7
2264,742,47,2,627.32
2265,743,129,-1,535.98
2266,743,93,1,345.11
2267,743,105,1,528.06 JOD
2268,744,89,1,403.36
2269,744,39,4,253.25
2270,744,65,1,308.91
2271,745,101,1,95.6
2272,746,132,1,45.26
2273,747,58,1,109.02
2274,747,3,4,390.52
2275,748,28,1,222.75
2276,748,119,0,528.68
2277,748,17,1,185.99
2278,748,90,1,56.52
2279,749,58,1,109.02
2280,749,24,2,360.88
2281,750,26,1,$264.67
2282,750,37,2,241.65
2283,751,64,4,265.50
2284,751,86,2,164.39
2285,752,120,2,201.77
2286,753,99,3,140.32
2287,753,28,1,222.75
2288,754,88,-1,238.01
2289,754,10,2,28.04
2290,754,50,3,397.99
2291,754,127,2,587.72 JOD
2292,754,93,1,277.00
2293,755,20,1,110.76
2294,755,126,2,200.63
2295,755,27,2,112.66
2296,755,30,2,43.65
2297,756,79,1,210.80
2298,757,70,3,379.91
2299,758,34,1,220.10
2300,758,66,1,231.00
2301,758,76,1,383.3
2302,758,4,1,546.12
2303,758,25,-1,253.88
2304,759,90,3,56.52
2305,760,34,3,220.1
2306,760,80,5,
2307,760,1,1,585.67
2308,760,102,2,169.19
2309,761,122,-1,125.5
2310,761,17,2,229.16
2311,762,13,1,231.03
2312,762,55,2,216.25
2313,763,66,2,231.00
2314,763,9,1,178.19
2315,763,131,1,396.05
2316,763,72,4,404.5
2317,763,30,4,54.97
2318,764,4,1,546.12
2319,764,110,1,193.85
2320,764,51,3,286.54
2321,764,107,1,376.14
2322,765,43,5,330.60
2323,765,104,1,98.77
2324,765,49,2,206.38
2325,765,83,4,319.19
2326,766,67,3,291.96
2327,766,92,0,435.13
2328,767,34,3,220.1
2329,767,87,1,262.59
2330,768,75,1,347.56
2331,768,34,1,220.1
2332,769,42,4,91.53
2333,769,88,1,238.01
2334,769,30,1,43.65
2335,769,81,5,121.47
2336,769,5,2,407.25
2337,770,115,1,302.06
2338,770,8,2,307.70
2339,770,31,1,71.76
2340,771,46,3,$136.73
2341,772,123,2,151.87
2342,772,39,3,253.25
2343,772,41,2,191.67
2344,772,117,-1,143.1
2345,772,48,1,23.1
2346,773,101,3,95.60
2347,773,63,2,575.86
2348,773,1,3,585.67
2349,774,92,1,339.88
2350,774,56,2,31.92
2351,774,84,1,$455.31
2352,775,128,1,369.54
2353,775,121,1,317.45
2354,775,51,2,422.21
2355,775,30,1,43.65
2356,775,75,2,$347.56
2357,776,19,2,46.98
2358,776,24,0,360.88
2359,776,83,-1,319.19 JOD
2360,776,18,2,128.87
2361,777,79,1,252.95
2362,777,102,1,169.19
2363,778,82,5,244.2
2364,778,33,4,407.76
2365,779,120,1,201.77
2366,779,105,2,528.06
2367,779,44,1,106.04
2368,779,124,1,58.04
2369,780,78,1,121.77
2370,780,93,1,345.11
2371,781,111,2,291.81
2372,781,124,1,58.04
2373,781,69,1,175.49
2374,781,117,2,143.1
2375,782,130,5,59.94
2376,782,102,1,169.19
2377,782,19,2,67.77 JOD
2378,783,112,1,183.26
2379,783,31,4,71.76
2380,783,99,1,140.32
2381,783,60,1,16.37
2382,784,108,1,133.91
2383,784,79,2,210.8
2384,785,42,3,91.53
2385,786,82,1,$244.20
2386,787,4,5,546.12
2387,787,39,1,198.86
2388,787,17,2,185.99
2389,787,52,2,171.01
2390,788,107,2,376.14
2391,788,7,2,
2392,788,4,1,546.12
2393,788,78,1,121.77
2394,788,2,3,190.97
2395,789,14,1,$429.63
2396,789,46,3,136.73
2397,789,48,1,
2398,789,104,2,98.77
2399,790,73,3,331.02
2400,790,133,0,97.51
2401,790,69,2,175.49 JOD
2402,790,131,0,396.05
2403,791,11,2,489.65
2404,792,87,1,262.59
2405,793,55,1,216.25
2406,793,129,1,535.98
2407,793,42,4,91.53
2408,794,52,1,171.01
2409,794,74,2,27.72
2410,794,69,2,175.49
2411,794,86,2,164.39
2412,795,113,3,253.21
2413,796,2,3,190.97
2414,796,79,2,210.8
2415,796,12,1,231.11
2416,796,116,1,359.58
2417,796,76,3,383.3
2418,797,34,1,220.1
2419,797,127,3,587.72
2420,798,37,2,241.65
2421,799,6,2,46.39
2422,799,27,1,112.66
2423,799,14,2,429.63
2424,800,127,5,587.72
2425,800,117,3,143.1
2426,800,45,2,415.91
2427,800,36,1,19.3
2428,800,123,2,151.87
2429,801,47,4,627.32
2430,801,90,2,56.52
2431,802,37,1,241.65
2432,802,68,1,304.43
2433,802,82,3,244.20
2434,802,137,1,307.7
2435,803,96,1,77.69
2436,803,110,2,193.85
2437,803,109,3,579.16
2438,803,37,1,295.85
2439,803,136,1,290.28
2440,804,105,2,528.06
2441,804,118,4,306.5
2442,804,26,2,195.52
2443,804,48,1,23.1
2444,804,102,1,169.19
2445,805,10,2,28.04
2446,805,57,2,213.11
2447,805,97,1,369.73
2448,805,134,2,40.00
2449,805,126,1,200.63
2450,806,84,1,455.31
2451,806,14,2,429.63
2452,806,45,1,415.91
2453,807,122,1,147.14
2454,808,62,3,205.4
2455,808,30,1,43.65
2456,809,28,2,222.75
2457,810,137,3,307.70
2458,810,45,1,415.91
2459,810,43,1,330.6
2460,810,46,1,136.73
2461,810,52,-1,171.01
2462,811,46,1,136.73
2463,811,115,1,302.06
2464,811,82,3,244.2
2465,811,127,2,587.72
2466,811,55,1,191.68
2467,812,3,1,390.52
2468,813,66,4,231.00 JOD
2469,814,92,-1,339.88
2470,814,98,1,$243.42
2471,814,41,2,191.67 JOD
2472,815,107,1,364.80
2473,816,108,1,242.9
2474,816,80,1,144.45
2475,817,127,1,587.72
2476,817,100,0,249.16
2477,818,130,3,59.94
2478,819,57,3,213.11
2479,819,136,1,314.21
2480,819,127,1,587.72
2481,819,129,2,535.98
2482,820,39,2,253.25
2483,821,65,2,308.91
2484,821,26,4,287.53
2485,822,80,3,144.45
2486,822,136,1,
2487,822,58,1,109.02
2488,822,56,2,31.92
2489,823,37,2,241.65
2490,823,94,1,389.5
2491,823,73,0,331.02
2492,823,91,1,243.25
2493,824,90,3,56.52
2494,824,14,1,469.91
2495,824,136,2,314.21
2496,824,137,5,307.70
2497,825,62,0,205.4
2498,825,54,1,89.36
2499,826,46,2,136.73
2500,826,50,1,397.99
2501,826,127,4,587.72
2502,826,81,2,121.47
2503,826,75,1,$347.56
2504,827,125,4,552.19
2505,828,54,4,89.36
2506,828,120,0,201.77
2507,829,12,3,172.6
2508,829,63,1,575.86
2509,830,8,3,307.7
2510,830,23,1,68.95
2511,831,51,1,286.54
2512,831,116,1,359.58
2513,831,55,1,216.25
2514,831,124,1,58.04
2515,831,96,1,84.49
2516,832,54,3,89.36
2517,833,3,2,390.52
2518,833,115,2,302.06
2519,833,19,2,67.77
2520,834,97,4,295.86
2521,834,14,1,429.63
2522,835,104,2,98.77
2523,835,38,1,454.8
2524,835,117,3,143.1
2525,836,60,3,22.89
2526,836,109,1,579.16
2527,837,83,4,319.19
2528,838,21,2,14.38
2529,838,134,1,43.82
2530,838,84,3,455.31
2531,838,131,3,396.05
2532,838,10,2,28.04
2533,839,32,2,105.62
2534,840,126,2,200.63
2535,840,16,4,148.16
2536,840,109,2,579.16
2537,840,42,3,91.53
2538,840,3,1,390.52
2539,841,51,1,359.29
2540,841,48,3,23.1
2541,841,106,1,252.84
2542,841,40,1,199.53
2543,842,76,5,383.3
2544,843,108,2,242.90
2545,843,38,2,454.8
2546,843,9999,3,169.19
2547,843,137,0,307.7
2548,844,72,-1,404.5
2549,844,31,1,92.14
2550,845,44,1,106.04
2551,845,26,1,264.67
2552,845,34,2,220.1
2553,846,19,3,67.77
2554,846,77,3,101.15
2555,846,39,3,253.25
2556,846,49,2,206.38
2557,846,121,2,$317.45
2558,847,105,4,528.06
2559,847,28,3,222.75
2560,847,63,2,575.86
2561,847,101,2,$95.60
2562,848,110,3,193.85
2563,848,15,3,81.29
2564,848,19,1,67.77
2565,849,52,3,171.01
2566,849,129,1,535.98
2567,850,110,1,242.7
2568,850,10,2,28.04
2569,850,56,4,31.92
2570,850,15,1,81.29
2571,851,5,1,407.25
2572,852,111,4,291.81
2573,853,127,1,587.72
2574,853,50,0,566.87
2575,853,34,1,220.1
2576,854,17,3,185.99
2577,854,135,3,18.43
2578,854,90,1,56.52
2579,855,102,0,169.19
2580,855,123,1,151.87
2581,855,114,1,403.81
2582,855,78,4,121.77
2583,855,96,2,84.49
2584,856,31,1,71.76
2585,857,133,1,49.14
2586,857,68,1,304.43
2587,857,60,3,16.37
2588,857,29,2,181.96
2589,858,4,0,546.12
2590,858,105,2,528.06
2591,859,1,2,585.67
2592,859,71,2,374.89
2593,859,137,1,307.70
2594,859,51,3,286.54
2595,860,9999,1,46.39
2596,860,121,2,317.45
2597,860,43,2,330.6
2598,860,94,4,389.5
2599,860,47,1,627.32
2600,861,5,2,407.25
2601,862,9,1,178.19
2602,862,80,0,144.45
2603,862,84,5,455.31
2604,863,24,1,
2605,863,128,1,369.54
2606,863,14,2,429.63
2607,863,78,1,121.77 JOD
2608,863,16,1,148.16
2609,864,77,1,101.15
2610,864,5,2,407.25
2611,864,97,2,369.73
2612,864,19,1,67.77
2613,865,126,1,200.63
2614,865,86,5,164.39
2615,866,1,1,556.47
2616,866,8,1,307.7
2617,866,61,1,101.6
2618,867,117,1,143.1
2619,867,58,3,109.02
2620,867,105,-1,528.06
2621,868,24,5,360.88
2622,868,62,2,275.99
2623,868,70,3,379.91
2624,869,28,1,222.75
2625,869,92,2,234.96
2626,870,57,1,213.11
2627,870,98,1,243.42
2628,871,128,1,369.54
2629,872,39,1,253.25
2630,872,86,-1,164.39
2631,872,32,1,105.62
2632,872,72,1,404.5
2633,872,61,2,101.6
2634,873,78,1,121.77
2635,873,129,1,535.98
2636,873,128,1,369.54
2637,873,107,2,376.14
2638,873,23,3,68.95
2639,874,119,3,439.32
2640,875,76,3,383.3
2641,876,36,1,19.3
2642,876,24,1,360.88
2643,876,62,1,170.82
2644,876,3,1,390.52
2645,877,10,3,28.04
2646,877,64,1,265.5
2647,877,126,3,200.63
2648,877,83,3,319.19
2649,878,66,1,231.0
2650,878,74,1,34.31
2651,878,133,4,121.71
2652,878,65,4,308.91
2653,878,63,2,575.86
2654,879,70,3,379.91
2655,879,107,2,376.14
2656,879,64,4,265.5
2657,880,16,3,148.16
2658,880,124,2,58.04
2659,880,122,2,125.5
2660,881,73,1,275.22
2661,882,121,0,317.45
2662,882,116,1,359.58
2663,882,71,1,374.89
2664,883,16,2,148.16
2665,883,55,1,216.25
2666,884,108,4,242.9
2667,885,83,3,319.19
2668,885,100,1,249.16
2669,885,123,-1,151.87
2670,885,80,1,216.64
2671,885,13,1,186.29
2672,886,96,2,84.49
2673,886,29,5,181.96 JOD
2674,886,126,2,200.63
2675,886,75,1,347.56
2676,887,36,2,19.3
2677,888,54,3,89.36
2678,889,95,1,545.43
2679,889,81,1,121.47
2680,889,116,5,359.58
2681,889,20,1,110.76
2682,890,43,3,307.76
2683,890,89,1,403.36
2684,890,16,2,148.16
2685,891,77,0,101.15
2686,891,3,1,390.52
2687,892,33,1,407.76
2688,892,94,0,389.5
2689,892,31,2,67.75
2690,893,28,2,222.75
2691,893,30,1,43.65
2692,893,123,-1,151.87
2693,894,6,2,46.39
2694,894,93,3,
2695,894,25,1,253.88
2696,895,114,1,403.81
2697,896,18,1,128.87
2698,896,58,1,109.02
2699,896,72,2,404.50
2700,896,25,3,253.88
2701,897,60,3,16.37
2702,897,114,1,403.81
2703,898,29,3,181.96
2704,898,28,1,228.65
2705,898,51,5,286.54
2706,898,70,1,379.91
2707,899,131,2,396.05
2708,900,114,1,403.81
2709,900,83,1,319.19
2710,901,32,1,105.62
2711,901,90,3,56.52
2712,901,86,1,220.86
2713,901,137,2,307.7
2714,901,25,1,253.88
2715,902,15,3,81.29
2716,902,18,1,128.87
2717,902,101,1,$95.60
2718,902,9999,2,407.76
2719,902,136,1,314.21
2720,903,87,2,$262.59
2721,903,100,4,249.16
2722,903,85,1,8.08
2723,903,13,2,186.29
2724,904,34,4,220.10
2725,904,129,2,535.98
2726,904,72,1,404.5
2727,904,106,1,252.84
2728,905,87,3,262.59
2729,905,14,1,429.63
2730,905,9,1,192.61
2731,905,57,1,213.11
2732,906,59,1,169.88
2733,906,86,2,149.35
2734,907,133,1,97.51
2735,907,44,2,106.04
2736,907,129,1,535.98
2737,907,8,3,307.7
2738,907,4,1,546.12
2739,908,70,4,521.07
2740,909,93,1,$345.11
2741,909,21,2,14.38
2742,909,53,2,37.16
2743,909,30,2,43.65
2744,910,67,1,418.07
2745,910,28,2,222.75
2746,910,90,2,56.52
2747,910,120,3,201.77
2748,911,72,2,404.5
2749,911,67,3,291.96
2750,912,70,3,379.91
2751,912,49,5,206.38
2752,912,38,4,454.8
2753,913,124,3,47.64
2754,913,100,2,273.28
2755,913,70,1,379.91
2756,914,83,3,319.19
2757,914,11,-1,489.65
2758,915,34,1,220.1
2759,915,125,4,552.19
2760,916,59,1,169.88
2761,916,4,2,546.12
2762,916,119,3,528.68
2763,916,8,1,327.73
2764,917,37,2,241.65
2765,917,94,2,389.50 JOD
2766,917,117,4,143.1
2767,918,9999,2,59.94
2768,918,127,2,587.72 JOD
2769,918,83,1,319.19
2770,918,72,3,404.50
2771,919,100,5,249.16
2772,919,9,2,178.19
2773,919,27,1,112.66
2774,920,107,1,376.14
2775,920,18,1,128.87
2776,920,3,1,390.52
2777,920,15,1,81.29
2778,921,129,1,535.98
2779,921,95,4,574.28
2780,921,115,2,$302.06
2781,922,8,1,307.7
2782,923,104,0,125.1
2783,924,17,1,185.99
2784,925,134,1,40.0
2785,925,65,2,308.91
2786,925,99,5,140.32
2787,926,79,1,210.80
2788,926,15,0,81.29
2789,926,13,3,186.29
2790,927,8,1,307.70 JOD
2791,927,88,0,238.01
2792,927,105,1,528.06
2793,927,30,4,43.65
2794,928,117,-1,133.35
2795,929,118,2,306.5
2796,930,54,4,89.36
2797,930,108,1,242.9
2798,930,132,3,82.53
2799,930,55,1,216.25
2800,930,83,2,319.19
2801,931,56,0,31.92
2802,931,15,1,81.29
2803,931,79,2,210.8
2804,931,11,1,489.65
2805,931,130,2,59.94
2806,932,92,1,339.88
2807,932,27,4,112.66
2808,933,23,1,68.95
2809,933,29,4,181.96
2810,933,98,-1,136.29
2811,933,127,4,587.72
2812,933,10,1,28.04
2813,934,11,3,$489.65
2814,935,89,2,403.36
2815,935,120,2,201.77
2816,936,127,1,587.72
2817,936,38,-1,454.8
2818,936,108,2,242.90
2819,936,86,1,164.39
2820,936,35,4,152.88
2821,937,94,3,389.5
2822,938,27,5,112.66
2823,938,82,3,244.2
2824,938,93,1,345.11
2825,938,90,1,56.52
2826,938,123,0,151.87
2827,939,114,3,403.81
2828,939,21,4,14.38
2829,939,75,2,347.56
2830,939,78,2,121.77
2831,940,65,2,308.91
2832,940,16,0,148.16
2833,940,28,1,222.75
2834,940,67,3,291.96
2835,940,102,2,169.19
2836,941,114,1,403.81
2837,941,26,1,264.67
2838,941,31,0,71.76
2839,941,92,2,339.88
2840,942,40,5,199.53
2841,942,68,2,304.43
2842,942,53,1,37.16
2843,942,137,1,307.70
2844,943,49,1,206.38
2845,943,81,1,$121.35
2846,943,56,3,31.92
2847,943,78,1,104.71
2848,943,87,3,262.59
2849,944,86,1,164.39
2850,945,97,3,369.73
2851,945,131,1,396.05
2852,945,83,5,319.19
2853,945,137,3,307.70
2854,946,32,1,105.62
2855,946,22,1,36.29
2856,946,88,1,238.01
2857,946,79,1,210.78
2858,947,115,1,302.06
2859,947,24,2,360.88
2860,947,84,2,455.31
2861,947,67,1,291.96
2862,948,31,0,71.76
2863,948,40,2,199.53
2864,948,55,1,216.25
2865,949,113,2,191.78
2866,949,119,2,528.68
2867,949,11,1,489.65
2868,949,85,2,8.08
2869,950,33,4,407.76
2870,950,63,5,
2871,950,79,2,281.63
2872,951,19,1,67.77
2873,951,119,2,528.68
2874,951,14,4,429.63
2875,951,58,4,109.02
2876,952,131,2,293.94
2877,952,137,1,307.7
2878,953,131,2,262.65
2879,953,124,1,70.71
2880,953,45,2,415.91
2881,953,50,2,397.99
2882,954,120,1,201.77
2883,955,41,3,191.67
2884,955,32,4,$105.62
2885,955,112,3,183.26
2886,955,63,1,575.86
2887,956,58,1,109.02
2888,956,36,-1,19.3
2889,956,114,2,403.81
2890,956,19,2,67.77
2891,957,3,3,390.52
2892,958,80,2,144.45
2893,958,99,-1,140.32
2894,958,50,2,397.99
2895,959,136,1,314.21
2896,959,106,1,368.9
2897,959,90,2,56.52
2898,959,105,1,528.06
2899,959,71,2,374.89
2900,960,114,-1,403.81
2901,960,1,1,585.67
2902,960,27,1,112.66
2903,961,111,1,291.81
2904,962,129,2,535.98
2905,963,127,2,587.72 JOD
2906,964,134,2,40.0
2907,964,29,0,181.96
2908,964,97,1,369.73
2909,965,30,3,43.65
2910,966,3,1,390.52
2911,966,114,0,403.81
2912,966,22,2,36.29
2913,966,78,2,121.77
2914,967,119,2,528.68
2915,968,100,4,249.16
2916,969,66,3,231.00
2917,969,15,1,81.29
2918,969,13,1,112.95
2919,970,99,5,140.32
2920,971,53,1,37.16
2921,971,54,1,47.34
2922,971,48,2,23.1
2923,972,25,1,253.88
2924,973,132,3,$82.53
2925,974,128,1,369.54
2926,974,59,-1,169.88
2927,975,93,3,345.11
2928,975,73,1,331.02
2929,975,60,2,16.37
2930,976,21,2,14.38
2931,977,23,1,68.95
2932,977,96,1,84.49
2933,978,20,5,110.76
2934,978,95,1,545.43
2935,978,136,3,314.21
2936,979,101,1,95.6
2937,979,94,2,389.50
2938,980,58,2,109.02
2939,980,89,3,403.36
2940,980,108,3,242.9
2941,981,20,1,
2942,981,79,2,210.80
2943,981,77,2,101.15
2944,981,128,4,369.54
2945,982,37,1,241.65
2946,982,129,1,535.98
2947,983,38,0,454.80
2948,983,16,2,148.16
2949,983,30,1,43.65
2950,984,130,5,59.94
2951,984,87,2,262.59
2952,984,20,3,110.76
2953,984,53,0,37.16
2954,985,30,1,43.65
2955,985,36,1,19.3
2956,986,121,5,317.45
2957,986,14,5,429.63
2958,987,57,1,213.11
2959,987,51,5,286.54
2960,987,46,3,136.73
2961,987,69,1,175.49
2962,987,91,2,243.25
2963,988,112,3,183.26
2964,988,54,2,89.36
2965,988,101,4,95.6
2966,989,18,1,128.87
2967,990,113,1,191.78
2968,990,79,3,150.9
2969,990,87,0,262.59
2970,990,9999,1,347.74
2971,990,74,4,34.31
2972,991,123,1,151.87
2973,991,69,1,175.49
2974,991,86,1,164.39
2975,991,126,0,200.63
2976,992,99,1,140.32
2977,992,124,3,58.04
2978,992,106,5,252.84
2979,992,132,5,82.53
2980,992,32,1,105.62
2981,993,21,4,20.8
2982,993,38,4,454.8
2983,993,100,3,249.16
2984,993,66,0,231.0
2985,993,5,4,407.25
2986,994,37,2,241.65
2987,994,119,1,528.68
2988,994,46,2,136.73
2989,994,25,1,253.88
2990,994,16,3,148.16
2991,995,10,0,28.04
2992,996,61,1,101.60
2993,996,80,2,144.45
2994,996,76,1,383.3
2995,996,63,4,575.86
2996,996,112,2,183.26
2997,997,122,2,125.5
2998,997,62,2,205.4
2999,997,47,5,627.32 JOD
3000,997,120,1,201.77
3001,998,123,3,151.87
3002,999,13,5,$186.29
3003,1000,122,0,125.5
3004,1000,94,3,389.5
3005,1001,123,3,151.87
3006,1001,10,1,28.04
3007,1001,42,1,91.53
3008,1001,52,1,121.55
3009,1002,71,1,374.89
3010,1002,24,2,360.88
3011,1002,51,2,286.54
3012,1002,14,3,429.63
3013,1003,14,1,429.63
3014,1003,78,1,121.77
3015,1004,135,1,18.43
3016,1004,104,1,98.77
3017,1004,91,1,243.25
3018,1004,82,2,244.2
3019,1005,86,2,164.39
3020,1006,17,2,185.99
3021,1006,69,1,175.49
3022,1006,43,4,330.6
3023,1006,12,2,214.91
3024,1006,76,2,383.30
3025,1007,100,2,249.16
3026,1007,47,3,627.32
3027,1008,17,5,185.99
3028,1008,22,1,
3029,1009,126,1,200.63
3030,1009,28,2,326.69
3031,1009,128,1,369.54
3032,1009,40,3,199.53
3033,1010,119,2,528.68
3034,1011,131,1,396.05
3035,1011,120,1,201.77
3036,1012,104,2,$98.77
3037,1012,115,5,302.06
3038,1012,108,1,242.9
3039,1012,110,1,158.98
3040,1013,69,1,175.49
3041,1013,91,3,243.25
3042,1013,7,0,152.65
3043,1014,108,1,242.90
3044,1014,34,1,220.10
3045,1014,126,4,200.63
3046,1014,104,1,98.77
3047,1015,86,1,164.39
3048,1015,33,1,407.76
3049,1015,118,3,242.85
3050,1016,84,1,455.31
3051,1016,42,3,91.53
3052,1017,63,1,575.86
3053,1017,120,2,290.66
3054,1018,87,1,262.59
3055,1018,85,1,8.08
3056,1018,68,2,$304.43
3057,1018,116,1,359.58
3058,1019,89,1,403.36
3059,1019,22,2,36.29
3060,1019,112,1,183.26
3061,1020,27,1,112.66
3062,1021,64,2,265.50
3063,1021,100,1,249.16
3064,1021,43,2,330.60
3065,1021,88,2,238.01
3066,1021,5,1,407.25
3067,1022,40,2,199.53
3068,1022,3,5,390.52
3069,1022,59,1,169.88
3070,1022,127,3,587.72
3071,1022,79,2,210.80
3072,1023,71,3,374.89
3073,1023,69,2,112.77
3074,1023,38,1,454.80
3075,1023,78,3,121.77
3076,1024,63,3,575.86
3077,1024,30,1,30.66
3078,1024,29,3,181.96
3079,1024,60,2,16.37
3080,1025,109,5,579.16
3081,1026,4,1,766.14
3082,1026,24,1,294.04
3083,1026,36,3,19.3
3084,1026,49,4,206.38
3085,1026,87,1,262.59
3086,1027,32,1,105.62
3087,1027,129,4,535.98
3088,1027,22,1,36.29
3089,1027,111,2,291.81
3090,1028,45,1,415.91
3091,1028,76,1,383.3
3092,1029,66,-1,231.00
3093,1030,82,5,244.20
3094,1030,19,2,67.77
3095,1030,108,2,356.05
3096,1030,111,1,291.81
3097,1031,39,2,253.25
3098,1031,9999,2,14.38
3099,1031,105,3,528.06
3100,1031,71,3,374.89
3101,1031,93,4,484.29
3102,1032,61,2,101.60
3103,1032,89,2,403.36
3104,1032,133,-1,97.51
3105,1033,86,4,201.67
3106,1034,61,1,101.6
3107,1034,119,2,528.68
3108,1035,45,0,415.91
3109,1035,126,2,200.63
3110,1036,121,3,317.45
3111,1036,119,1,528.68
3112,1037,41,1,191.67
3113,1037,84,2,455.31
3114,1037,35,2,152.88
3115,1038,112,1,183.26
3116,1039,38,2,454.8
3117,1039,94,3,389.5
3118,1040,61,1,101.6
3119,1040,29,1,186.97
3120,1040,34,1,220.1
3121,1040,50,2,397.99
3122,1041,59,2,169.88
3123,1041,95,2,476.18
3124,1041,127,1,587.72
3125,1042,83,4,319.19
3126,1042,38,3,454.8
3127,1042,119,1,528.68
3128,1042,88,2,238.01
3129,1042,7,1,152.65
3130,1043,10,3,28.04
3131,1043,30,1,43.65
3132,1043,99,1,140.32
3133,1043,33,2,407.76
3134,1044,33,3,407.76
3135,1044,88,1,238.01
3136,1044,78,2,121.77
3137,1044,25,1,253.88
3138,1045,20,2,110.76
3139,1045,96,1,84.49
3140,1045,100,1,249.16
3141,1046,10,3,28.04
3142,1046,76,5,383.3
3143,1047,118,2,306.5
3144,1047,3,1,390.52
3145,1047,29,1,181.96
3146,1047,129,2,535.98
3147,1047,95,1,545.43
3148,1048,78,4,121.77
3149,1048,97,4,369.73
3150,1048,57,2,213.11
3151,1048,49,2,206.38
3152,1048,91,3,243.25
3153,1049,52,1,171.01
3154,1049,93,3,345.11
3155,1050,93,3,345.11
3156,1050,82,1,244.2
3157,1050,107,2,340.95
3158,1051,16,1,148.16
3159,1051,25,1,253.88
3160,1052,103,2,244.5
3161,1053,19,2,$67.77
3162,1053,52,2,171.01
3163,1053,24,-1,360.88
3164,1053,23,2,68.95
3165,1054,67,-1,291.96
3166,1054,120,2,201.77
3167,1054,53,3,37.16
3168,1055,33,1,407.76
3169,1055,132,4,82.53
3170,1055,2,2,190.97
3171,1056,91,1,243.25
3172,1056,95,1,545.43
3173,1057,105,3,528.06
3174,1057,95,0,545.43
3175,1057,42,0,91.53
3176,1058,12,2,214.91
3177,1058,130,-1,59.94
3178,1059,123,0,151.87
3179,1059,102,5,169.19
3180,1059,21,1,14.38
3181,1059,46,1,136.73
3182,1059,77,1,101.15
3183,1060,29,2,181.96
3184,1060,26,1,297.68
3185,1060,21,2,14.38
3186,1060,89,4,403.36
3187,1060,121,2,161.39
3188,1061,98,1,243.42
3189,1061,124,1,58.04
3190,1062,74,4,36.97
3191,1063,124,5,58.04
3192,1063,9999,4,23.1
3193,1063,71,0,
3194,1064,118,0,306.5
3195,1064,69,1,175.49
3196,1064,59,1,169.88
3197,1065,71,2,223.46
3198,1066,120,3,103.49
3199,1066,66,1,296.06
3200,1066,53,2,50.05
3201,1067,111,1,291.81
3202,1067,134,1,40.0
3203,1067,18,4,128.87
3204,1067,123,2,151.87
3205,1068,124,0,58.04
3206,1069,101,1,95.60 JOD
3207,1070,12,2,214.91
3208,1070,16,1,148.16
3209,1070,68,0,304.43
3210,1070,55,1,216.25
3211,1071,22,0,36.29
3212,1072,131,1,396.05
3213,1072,99,1,140.32
3214,1072,40,3,151.24
3215,1072,19,1,67.77
3216,1073,94,2,305.80
3217,1073,76,2,383.3
3218,1073,19,0,67.77
3219,1073,98,4,243.42
3220,1073,3,2,390.52
3221,1074,83,3,319.19
3222,1074,46,2,136.73
3223,1074,4,1,546.12
3224,1074,71,5,540.42
3225,1074,58,2,$109.02
3226,1075,1,1,585.67
3227,1075,25,2,253.88
3228,1075,125,1,552.19
3229,1075,30,1,43.65
3230,1075,88,5,159.95
3231,1076,48,3,23.10
3232,1076,64,0,265.50
3233,1076,78,3,172.61
3234,1076,34,3,220.1
3235,1076,81,3,141.46
3236,1077,77,1,101.15
3237,1078,51,1,286.54
3238,1079,116,5,359.58
3239,1080,18,1,128.87
3240,1080,27,1,112.66
3241,1081,110,1,193.85
3242,1081,128,2,369.54
3243,1081,106,2,322.17
3244,1081,107,1,546.52
3245,1082,116,-1,359.58
3246,1082,102,1,169.19
3247,1083,31,1,71.76
3248,1083,48,3,23.1
3249,1083,124,1,58.04
3250,1083,98,3,348.26
3251,1084,120,3,201.77
3252,1085,93,3,345.11
3253,1085,21,2,$14.38
3254,1086,45,2,415.91
3255,1086,44,4,106.04
3256,1086,63,3,696.86
3257,1086,91,1,$243.25
3258,1086,77,3,101.15
3259,1087,109,2,579.16
3260,1087,9,5,178.19
3261,1087,70,0,379.91
3262,1087,111,1,291.81
3263,1088,46,1,136.73
3264,1089,36,2,19.30
3265,1090,5,1,407.25
3266,1090,111,1,322.2
3267,1090,63,4,575.86
3268,1091,111,1,291.81
3269,1091,46,3,136.73 JOD
3270,1091,37,1,241.65
3271,1091,3,2,390.52
3272,1092,83,3,319.19
3273,1093,4,0,546.12
3274,1093,59,1,169.88
3275,1093,115,3,302.06
3276,1093,64,1,265.5
3277,1093,26,3,264.67 JOD
3278,1094,70,2,379.91
3279,1095,47,3,627.32
3280,1095,9999,2,58.04
3281,1095,128,3,369.54
3282,1095,50,2,397.99
3283,1096,33,1,407.76
3284,1096,134,1,40.00
3285,1096,84,-1,455.31
3286,1096,126,1,200.63
3287,1097,22,1,36.29
3288,1098,92,2,339.88
3289,1098,11,1,489.65
3290,1099,132,3,82.53
3291,1099,120,3,201.77
3292,1100,73,4,331.02
3293,1100,24,1,360.88
3294,1101,105,3,528.06
3295,1101,45,4,415.91
3296,1102,118,2,306.5
3297,1102,124,2,58.04
3298,1102,69,1,175.49
3299,1102,26,1,264.67
3300,1102,21,1,18.21
3301,1103,33,-1,262.15
3302,1104,43,1,330.60
3303,1104,124,0,58.04
3304,1104,7,1,152.65
3305,1104,122,-1,125.5
3306,1104,41,1,191.67
3307,1105,59,1,169.88
3308,1105,85,1,8.08
3309,1105,124,4,58.04
3310,1105,97,-1,538.86
3311,1105,73,1,331.02
3312,1106,14,3,429.63
3313,1106,113,1,108.71
3314,1106,97,2,438.04
3315,1106,51,2,$286.54
3316,1107,86,2,164.39
3317,1107,103,-1,244.5
3318,1107,65,2,308.91
3319,1108,100,-1,249.16
3320,1108,75,1,347.56 JOD
3321,1108,87,3,262.59
3322,1108,14,2,429.63
3323,1108,6,1,46.39
3324,1109,46,1,202.77
3325,1109,128,3,369.54
3326,1109,85,-1,8.08
3327,1110,68,1,304.43
3328,1110,76,2,383.30 JOD
3329,1110,87,2,262.59
3330,1111,25,2,253.88
3331,1111,91,1,243.25
3332,1112,94,2,389.50
3333,1113,127,1,587.72
3334,1113,36,3,19.30
3335,1113,111,3,291.81
3336,1113,134,1,40.0
3337,1113,6,1,46.39
3338,1114,106,4,252.84
3339,1115,47,2,627.32
3340,1115,132,3,82.53
3341,1115,116,1,359.58
3342,1115,21,2,14.38
3343,1116,33,2,407.76
3344,1116,100,3,249.16
3345,1116,111,2,291.81
3346,1116,18,0,128.87
3347,1116,26,2,264.67
3348,1117,57,2,213.11
3349,1117,95,1,545.43
3350,1118,61,3,101.6
3351,1118,60,4,16.37
3352,1118,118,1,306.5
3353,1118,8,1,307.7
3354,1119,137,2,307.7
3355,1119,47,1,627.32
3356,1120,68,1,221.8
3357,1120,29,2,181.96
3358,1121,81,4,121.47
3359,1121,59,2,169.88
3360,1121,127,2,587.72
3361,1122,83,3,319.19
3362,1122,57,3,$213.11
3363,1122,79,3,210.80 JOD
3364,1123,108,2,242.9
3365,1123,20,1,152.02
3366,1123,19,1,67.77
3367,1123,55,5,216.25
3368,1124,1,5,585.67
3369,1124,103,1,244.5
3370,1124,102,3,169.19
3371,1124,9999,2,307.7
3372,1125,54,2,89.36
3373,1126,93,1,345.11
3374,1126,4,1,$546.12
3375,1126,112,1,183.26
3376,1126,90,2,56.52
3377,1127,18,2,128.87
3378,1127,91,1,243.25
3379,1127,97,4,369.73
3380,1127,21,2,14.38
3381,1127,10,2,28.04
3382,1128,119,0,648.47
3383,1128,66,1,231.0
3384,1128,21,1,8.84
3385,1129,1,1,585.67
3386,1129,22,2,36.29
3387,1129,48,1,23.1
3388,1129,134,2,40.0
3389,1129,83,1,319.19
3390,1130,41,1,164.65
3391,1130,46,3,136.73
3392,1130,52,2,171.01
3393,1131,49,2,206.38
3394,1131,21,2,14.38
3395,1132,131,1,396.05
3396,1132,72,1,404.5
3397,1132,21,2,14.38
3398,1133,71,5,374.89
3399,1133,55,3,216.25
3400,1133,109,1,579.16
3401,1134,127,3,587.72
3402,1134,90,2,56.52
3403,1134,63,1,575.86
3404,1135,2,-1,190.97
3405,1135,112,2,183.26
3406,1135,101,1,95.6
3407,1136,71,-1,374.89
3408,1136,95,1,545.43
3409,1136,73,3,331.02
3410,1137,53,1,37.16
3411,1137,128,1,369.54
3412,1137,99,4,$140.32
3413,1137,61,1,101.6
3414,1138,55,1,216.25
3415,1138,114,1,403.81
3416,1138,74,4,34.31
3417,1139,54,2,89.36
3418,1140,92,1,389.26
3419,1141,128,2,369.54
3420,1142,66,1,207.73
3421,1142,122,1,106.66
3422,1142,10,2,20.93
3423,1142,133,0,97.51
3424,1143,132,0,82.53
3425,1143,39,1,253.25
3426,1144,104,1,98.77
3427,1144,7,2,152.65
3428,1144,47,1,627.32
3429,1144,70,1,379.91
3430,1145,22,5,36.29
3431,1145,118,3,306.5
3432,1145,34,1,220.10 JOD
3433,1146,87,2,262.59
3434,1146,125,1,552.19
3435,1146,42,1,91.53
3436,1147,137,5,307.7
3437,1147,36,0,11.6
3438,1147,79,1,210.8
3439,1147,129,3,535.98
3440,1148,60,2,16.37
3441,1148,33,3,407.76
3442,1149,122,2,125.5
3443,1149,68,1,441.83
3444,1149,134,3,40.0
3445,1149,103,2,244.5
3446,1149,16,0,148.16
3447,1150,32,3,105.62
3448,1150,23,2,68.95
3449,1150,67,1,291.96
3450,1151,88,3,
3451,1152,5,1,407.25
3452,1153,51,5,286.54
3453,1153,23,1,68.95
3454,1153,86,4,164.39
3455,1153,9,3,178.19
3456,1153,78,1,121.77
3457,1154,10,1,28.04
3458,1154,17,1,185.99
3459,1155,99,2,140.32
3460,1156,91,0,243.25
3461,1157,19,2,67.77
3462,1158,11,3,489.65
3463,1158,84,1,455.31
3464,1158,34,5,$220.10
3465,1158,90,2,56.52
3466,1158,99,1,140.32
3467,1159,66,2,231.0
3468,1159,12,1,214.91
3469,1159,74,2,20.42
3470,1160,74,4,48.84
3471,1160,72,5,280.18
3472,1160,9,1,178.19
3473,1160,15,2,81.29
3474,1161,63,2,575.86
3475,1161,99,1,140.32
3476,1161,68,0,304.43
3477,1161,122,2,125.50
3478,1162,49,3,206.38
3479,1162,37,3,241.65
3480,1162,80,2,101.48
3481,1163,38,2,454.80
3482,1164,64,2,265.5
3483,1164,7,1,152.65
3484,1164,21,3,14.38
3485,1164,6,2,46.39
3486,1164,39,4,304.05
3487,1165,39,2,253.25
3488,1165,26,3,220.04
3489,1165,93,1,345.11
3490,1166,67,1,162.34
3491,1166,5,4,407.25
3492,1166,43,1,330.6
3493,1167,89,-1,403.36
3494,1167,86,1,164.39
3495,1167,108,1,242.9
3496,1168,46,1,136.73
3497,1168,98,1,243.42
3498,1168,108,1,242.90
3499,1168,128,1,369.54
3500,1168,81,3,121.47
3501,1169,9999,1,579.16
3502,1170,72,1,404.50
3503,1171,20,3,110.76
3504,1171,134,1,40.00
3505,1171,13,4,186.29
3506,1171,23,3,68.95
3507,1172,95,2,545.43
3508,1172,61,1,101.60
3509,1172,85,1,8.08
3510,1173,30,1,43.65
3511,1173,71,3,$374.89
3512,1173,64,1,347.47
3513,1173,74,3,34.31
3514,1173,135,2,18.43
3515,1174,37,3,241.65
3516,1174,40,1,199.53
3517,1174,87,1,262.59
3518,1174,108,1,242.9
3519,1175,16,1,148.16
3520,1176,126,1,200.63
3521,1176,131,3,396.05
3522,1176,107,4,376.14
3523,1176,79,3,210.8
3524,1176,39,2,253.25
3525,1177,106,3,252.84
3526,1178,132,1,82.53
3527,1179,137,2,307.7
3528,1179,58,5,109.02
3529,1179,115,3,153.43
3530,1180,16,1,148.16
3531,1181,136,3,314.21
3532,1181,66,3,231.0
3533,1181,112,1,183.26
3534,1182,91,3,243.25
3535,1182,85,2,8.08
3536,1182,96,2,84.49
3537,1183,26,1,264.67
3538,1183,74,1,34.31
3539,1183,97,2,369.73
3540,1183,84,1,455.31
3541,1183,19,3,67.77
3542,1184,43,3,330.6
3543,1184,25,2,253.88
3544,1184,52,1,171.01
3545,1185,66,3,279.1
3546,1186,35,4,152.88
3547,1186,11,1,489.65
3548,1187,116,2,359.58
3549,1187,127,1,587.72
3550,1187,34,2,220.1
3551,1187,118,0,306.50
3552,1188,72,1,404.50
3553,1189,5,4,407.25
3554,1189,65,1,308.91
3555,1189,80,3,144.45
3556,1189,81,4,121.47
3557,1190,92,-1,279.81
3558,1190,44,5,106.04
3559,1190,89,1,403.36
3560,1191,107,3,376.14
3561,1191,20,1,110.76
3562,1191,87,1,262.59
3563,1192,106,1,252.84
3564,1192,59,4,169.88
3565,1192,100,1,249.16
3566,1192,8,-1,318.04
3567,1192,79,3,210.8
3568,1193,115,1,302.06
3569,1193,110,1,193.85
3570,1194,69,3,175.49
3571,1194,59,1,169.88
3572,1195,93,1,260.97
3573,1195,131,1,396.05
3574,1195,81,3,121.47
3575,1195,11,1,489.65
3576,1196,94,1,389.50
3577,1196,83,1,$319.19
3578,1196,13,2,186.29
3579,1196,71,1,374.89
3580,1197,25,1,253.88
3581,1198,67,4,291.96
3582,1198,126,1,200.63
3583,1198,23,4,68.95
3584,1198,5,1,574.4
3585,1199,36,1,19.3
3586,1199,106,3,252.84
3587,1200,20,2,110.76
3588,1200,34,4,220.1
3589,1201,76,1,383.30
3590,1201,12,1,214.91
3591,1201,117,1,143.1
3592,1201,127,1,587.72
3593,1201,116,1,359.58
3594,1202,34,1,220.1
3595,1202,38,1,454.8
3596,1202,17,0,185.99
3597,1202,75,2,347.56
3598,1203,86,1,164.39
3599,1203,135,2,18.43
3600,1203,28,1,261.89
3601,1204,58,1,129.58
3602,1204,75,1,347.56
3603,1204,31,3,71.76
3604,1204,126,4,200.63
3605,1205,135,2,18.43
3606,1205,31,3,71.76
3607,1205,25,1,253.88
3608,1205,131,1,396.05
3609,1205,33,1,407.76
3610,1206,125,1,552.19
3611,1206,118,1,306.50
3612,1206,106,3,252.84
3613,1207,37,1,241.65
3614,1207,52,4,171.01
3615,1208,53,3,37.16
3616,1208,114,4,403.81
3617,1208,76,1,383.30
3618,1208,95,1,545.43
3619,1208,121,1,349.54
3620,1209,112,1,183.26
3621,1209,32,3,$105.62
3622,1209,126,1,200.63
3623,1210,11,1,489.65
3624,1210,9,3,178.19
3625,1210,75,3,347.56
3626,1210,16,3,148.16
3627,1211,2,1,190.97
3628,1211,135,1,18.43
3629,1211,57,1,213.11
3630,1211,107,1,376.14
3631,1211,35,1,$152.88
3632,1212,79,2,217.13
3633,1212,106,1,252.84
3634,1212,119,1,528.68
3635,1213,60,-1,9.35 JOD
3636,1213,100,1,249.16
3637,1213,9999,2,160.21
3638,1213,15,3,81.29
3639,1213,105,1,528.06
3640,1214,33,3,407.76
3641,1214,94,1,389.5
3642,1215,14,1,429.63
3643,1215,73,1,331.02
3644,1215,127,1,587.72
3645,1216,40,1,199.53
3646,1217,50,1,397.99
3647,1218,88,3,238.01
3648,1218,57,1,$213.11
3649,1218,47,5,627.32
3650,1218,59,3,169.88
3651,1218,56,3,31.92
3652,1219,66,1,231.0
3653,1219,134,3,40.0
3654,1220,6,4,46.39
3655,1220,11,1,489.65
3656,1220,37,2,360.21
3657,1220,61,0,101.6
3658,1221,49,1,206.38
3659,1221,77,2,101.15
3660,1221,88,1,238.01
3661,1221,36,1,
3662,1222,100,1,249.16
3663,1222,39,1,253.25
3664,1222,70,2,$369.38
3665,1222,134,3,40.0
3666,1223,40,1,199.53
3667,1223,136,3,314.21
3668,1223,9999,3,222.75
3669,1223,9,1,178.19
3670,1223,131,1,396.05 JOD
3671,1224,117,1,143.10
3672,1224,51,-1,286.54
3673,1224,84,2,455.31
3674,1225,17,1,185.99
3675,1225,35,1,152.88
3676,1226,120,2,201.77
3677,1226,12,2,214.91
3678,1226,104,1,98.77
3679,1226,44,2,106.04
3680,1226,53,4,37.16
3681,1227,137,1,307.7
3682,1228,70,1,379.91
3683,1228,129,-1,535.98
3684,1229,78,1,140.2
3685,1229,34,-1,220.1
3686,1229,97,-1,369.73
3687,1229,126,3,200.63
3688,1229,137,1,307.7
3689,1230,13,2,186.29
3690,1231,134,1,40.00
3691,1231,20,-1,110.76
3692,1231,103,3,244.5
3693,1232,49,1,206.38
3694,1232,113,2,191.78
3695,1233,98,1,243.42
3696,1233,134,2,40.0
3697,1233,9999,3,89.36
3698,1233,27,2,112.66
3699,1233,49,4,206.38
3700,1234,120,2,149.21
3701,1235,123,2,151.87
3702,1235,74,1,34.31
3703,1235,99,4,140.32
3704,1235,9999,3,148.16
3705,1235,89,1,403.36
3706,1236,72,2,404.5
3707,1237,89,1,230.00
3708,1237,99,0,140.32
3709,1237,78,1,121.77
3710,1238,120,1,201.77
3711,1238,124,2,58.04
3712,1239,109,2,559.87
3713,1239,68,1,304.43
3714,1239,56,3,31.92
3715,1239,5,1,407.25
3716,1240,75,-1,347.56
3717,1240,102,1,169.19 JOD
3718,1240,9999,3,295.82
3719,1240,47,1,627.32
3720,1240,23,1,68.95
3721,1241,51,1,286.54
3722,1241,28,1,222.75
3723,1241,83,3,319.19
3724,1241,20,3,110.76
3725,1241,33,1,407.76
3726,1242,103,2,244.5
3727,1242,133,3,97.51
3728,1242,21,2,14.38
3729,1242,19,2,67.77
3730,1242,118,3,306.5
3731,1243,113,1,191.78
3732,1243,14,0,429.63
3733,1243,26,3,220.66
3734,1244,128,2,369.54
3735,1244,81,1,108.38
3736,1244,126,2,200.63
3737,1244,134,1,40.0
3738,1244,105,3,528.06
3739,1245,1,4,585.67
3740,1245,18,1,128.87
3741,1246,40,2,199.53
3742,1246,55,5,216.25
3743,1246,14,2,429.63
3744,1246,26,-1,264.67
3745,1247,103,1,244.5
3746,1247,89,2,403.36
3747,1248,94,5,389.50
3748,1248,29,5,181.96
3749,1249,98,3,243.42
3750,1249,4,-1,546.12
3751,1249,50,5,397.99
3752,1250,26,2,264.67
3753,1250,108,0,242.9
3754,1250,38,1,454.80
3755,1250,62,1,205.4
3756,1250,50,2,397.99
3757,1251,49,5,206.38
3758,1251,130,2,$59.94
3759,1252,34,2,220.1
3760,1252,99,-1,$140.32
3761,1252,16,-1,148.16
3762,1253,17,5,158.16
3763,1253,104,-1,98.77
3764,1253,6,1,46.39
3765,1253,107,2,376.14
3766,1253,33,-1,407.76
3767,1254,131,3,396.05
3768,1255,98,3,243.42
3769,1255,69,1,175.49
3770,1255,5,3,407.25
3771,1255,40,1,199.53
3772,1255,34,2,220.10
3773,1256,89,1,$403.36
3774,1257,30,1,43.65
3775,1257,43,2,330.60
3776,1257,44,1,100.82
3777,1257,19,5,67.77
3778,1258,105,5,528.06
3779,1259,81,1,121.47
3780,1259,31,1,71.76
3781,1259,65,2,308.91
3782,1259,102,2,169.19
3783,1259,2,1,190.97
3784,1260,60,3,16.37
3785,1260,69,4,175.49 JOD
3786,1260,112,2,183.26
3787,1260,27,5,112.66
3788,1260,8,1,307.7
3789,1261,60,4,16.37
3790,1262,21,2,14.38
3791,1262,41,1,191.67
3792,1262,109,3,561.97 JOD
3793,1262,134,2,40.0
3794,1262,36,1,19.30
3795,1263,111,1,291.81 JOD
3796,1264,54,2,89.36
3797,1264,13,5,186.29
3798,1265,17,0,$185.99
3799,1265,9,2,192.2
3800,1265,106,1,252.84
3801,1265,76,3,383.3
3802,1266,7,2,152.65
3803,1266,123,3,151.87
3804,1266,125,2,552.19
3805,1267,7,1,152.65
3806,1267,115,1,302.06
3807,1267,136,1,314.21
3808,1268,96,4,$84.49
3809,1268,105,1,688.37
3810,1268,50,1,397.99
3811,1269,133,1,97.51
3812,1270,23,2,68.95
3813,1270,19,2,67.77
3814,1271,92,1,339.88
3815,1271,60,1,16.37
3816,1271,120,1,201.77
3817,1271,128,3,369.54
3818,1272,82,3,$360.73
3819,1272,96,1,84.49
3820,1272,100,4,197.46
3821,1273,6,2,46.39
3822,1273,115,1,302.06
3823,1274,98,2,243.42
3824,1274,71,1,374.89
3825,1274,109,2,579.16
3826,1274,88,2,238.01
3827,1274,77,0,101.15
3828,1275,22,1,36.29
3829,1275,62,1,205.4
3830,1275,116,2,221.0
3831,1275,54,3,89.36
3832,1275,66,0,231.0
3833,1276,119,1,528.68
3834,1276,70,1,379.91
3835,1276,134,1,40.0
3836,1277,79,-1,210.80
3837,1277,52,3,171.01
3838,1277,19,3,67.77
3839,1277,25,3,253.88
3840,1278,133,3,97.51
3841,1278,23,2,68.95
3842,1278,97,2,242.14
3843,1278,95,-1,545.43
3844,1279,126,1,200.63
3845,1279,81,1,$121.47
3846,1280,114,1,403.81
3847,1281,50,2,397.99
3848,1281,24,2,360.88
3849,1281,39,-1,253.25
3850,1281,31,4,71.76
3851,1282,114,-1,403.81
3852,1282,130,3,77.34
3853,1282,5,1,407.25
3854,1282,45,2,$415.91
3855,1283,11,1,489.65
3856,1283,133,1,97.51
3857,1284,108,4,242.9
3858,1285,137,1,307.7
3859,1285,54,1,89.36
3860,1285,36,2,25.36
3861,1285,4,1,546.12
3862,1286,76,1,383.3
3863,1287,57,-1,213.11
3864,1287,71,1,374.89
3865,1287,19,3,93.63
3866,1287,109,4,579.16
3867,1288,105,3,528.06
3868,1288,121,1,450.99
3869,1288,40,5,
3870,1288,2,2,190.97
3871,1288,102,1,243.16 JOD
3872,1289,46,0,136.73
3873,1290,82,1,244.2
3874,1291,48,3,23.1
3875,1291,84,1,455.31
3876,1292,88,1,238.01
3877,1292,125,4,552.19
3878,1292,13,1,186.29
3879,1293,114,2,403.81
3880,1293,44,3,106.04
3881,1293,72,1,404.5
3882,1293,10,1,$28.04
3883,1294,33,1,334.87
3884,1295,60,2,$14.43
3885,1295,78,1,121.77
3886,1295,23,-1,68.95
3887,1296,21,1,14.38
3888,1296,97,1,369.73 JOD
3889,1296,87,1,262.59
3890,1296,4,1,546.12
3891,1296,3,2,390.52
3892,1297,52,5,171.01
3893,1298,60,2,16.37
3894,1298,4,1,546.12
3895,1298,38,1,454.8
3896,1299,137,3,$307.70
3897,1300,10,4,$28.04
3898,1300,45,1,415.91 JOD
3899,1300,40,1,199.53
3900,1300,136,3,314.21
3901,1300,82,3,244.2
3902,1301,21,0,14.38
3903,1301,92,2,$339.88
3904,1301,124,-1,58.04
3905,1301,136,1,314.21
3906,1301,8,1,307.70
3907,1302,87,1,358.18
3908,1302,46,1,$136.73
3909,1303,120,2,201.77
3910,1303,99,2,140.32
3911,1303,66,1,231.0
3912,1304,99,2,140.32
3913,1305,92,2,339.88
3914,1305,4,3,546.12
3915,1305,71,1,265.54
3916,1305,99,1,140.32
3917,1306,106,4,252.84
3918,1306,81,4,121.47
3919,1306,13,1,186.29
3920,1306,58,1,109.02
3921,1307,120,4,201.77
3922,1307,63,0,575.86
3923,1307,89,3,403.36
3924,1307,32,2,105.62
3925,1308,47,5,627.32
3926,1309,61,1,101.6
3927,1310,16,2,148.16
3928,1311,67,1,291.96
3929,1311,18,1,128.87
3930,1311,94,4,389.5
3931,1311,84,3,455.31
3932,1312,22,1,36.29 JOD
3933,1312,5,4,407.25 JOD
3934,1312,6,1,46.39
3935,1312,31,1,71.76
3936,1312,132,1,82.53
3937,1313,32,1,105.62
3938,1313,46,1,136.73
3939,1313,36,1,19.30
3940,1313,108,1,242.9
3941,1313,63,1,575.86
3942,1314,52,0,171.01
3943,1314,24,2,360.88
3944,1314,92,1,339.88 JOD
3945,1315,24,4,$522.46
3946,1315,123,1,151.87
3947,1315,21,1,14.38
3948,1315,43,1,330.6
3949,1315,118,2,306.5
3950,1316,125,1,552.19
3951,1316,94,5,389.5
3952,1316,76,2,383.3
3953,1316,137,1,307.7
3954,1317,117,1,97.65
3955,1317,61,3,$101.60
3956,1318,100,4,249.16
3957,1319,34,1,220.1
3958,1319,58,1,109.02
3959,1319,46,2,136.73
3960,1320,115,0,302.06
3961,1320,88,3,238.01
3962,1320,80,1,$144.45
3963,1320,109,2,579.16
3964,1321,54,1,60.63
3965,1322,45,1,415.91 JOD
3966,1322,127,2,587.72
3967,1322,114,2,403.81
3968,1322,112,4,227.21
3969,1323,62,2,205.4
3970,1323,75,1,347.56
3971,1324,9,3,178.19
3972,1325,101,0,95.60
3973,1325,112,1,183.26
3974,1325,22,2,36.29
3975,1326,59,4,107.14
3976,1326,42,3,91.53
3977,1326,130,1,
3978,1326,88,1,238.01
3979,1327,97,2,369.73
3980,1327,121,2,317.45
3981,1327,79,1,210.80 JOD
3982,1328,98,1,243.42
3983,1328,127,3,529.01
3984,1328,135,2,18.43
3985,1328,93,1,345.11
3986,1328,136,1,314.21
3987,1329,61,1,101.6
3988,1329,9,2,178.19
3989,1330,136,1,314.21
3990,1330,92,1,339.88
3991,1331,111,2,291.81
3992,1331,14,1,429.63
3993,1331,54,4,89.36
3994,1331,89,1,403.36
3995,1332,92,2,339.88
3996,1332,109,1,579.16
3997,1332,5,2,407.25
3998,1332,40,4,231.79 JOD
3999,1332,85,1,8.08
4000,1333,105,1,528.06
4001,1334,18,-1,90.35
4002,1334,71,1,374.89
4003,1334,26,2,264.67
4004,1334,135,1,18.43
4005,1335,12,2,214.91
4006,1335,21,1,14.38
4007,1335,18,1,180.86
4008,1336,5,4,407.25
4009,1336,64,1,265.50
4010,1336,125,0,300.86
4011,1336,99,5,147.41
4012,1337,62,3,205.4
4013,1338,48,1,23.1
4014,1338,99,2,140.32
4015,1338,119,2,528.68
4016,1338,6,4,62.39
4017,1339,2,3,190.97
4018,1340,93,1,345.11
4019,1340,104,1,98.77
4020,1340,126,3,200.63
4021,1340,12,0,214.91
4022,1341,29,4,181.96
4023,1342,108,2,242.9
4024,1342,73,1,331.02 JOD
4025,1342,83,1,319.19
4026,1342,41,3,177.3
4027,1342,32,1,105.62
4028,1343,118,2,306.5
4029,1344,34,1,124.08
4030,1344,71,1,374.89
4031,1345,73,2,331.02
4032,1345,62,3,205.4
4033,1345,42,3,91.53
4034,1346,16,2,148.16
4035,1346,110,5,193.85
4036,1346,58,4,109.02
4037,1346,84,4,433.78 JOD
4038,1347,48,1,15.28
4039,1348,101,3,95.6
4040,1348,134,5,40.00
4041,1348,54,2,89.36
4042,1348,74,1,34.31
4043,1349,36,4,$19.30
4044,1349,105,1,528.06
4045,1349,53,-1,37.16
4046,1349,7,2,152.65
4047,1350,129,2,$535.98
4048,1350,40,5,199.53
4049,1350,11,1,489.65
4050,1350,7,1,170.2
4051,1351,72,-1,404.50
4052,1351,47,4,627.32
4053,1351,103,2,244.5
4054,1351,57,4,213.11
4055,1352,134,2,40.0
4056,1352,123,1,151.87
4057,1352,107,3,376.14
4058,1353,5,4,407.25
4059,1353,38,1,454.80
4060,1353,26,1,264.67
4061,1354,12,0,244.49
4062,1354,89,3,403.36
4063,1354,121,2,317.45
4064,1354,106,1,252.84
4065,1354,43,1,330.6
4066,1355,16,2,148.16
4067,1355,137,1,307.7
4068,1355,8,4,307.7
4069,1355,10,1,28.04
4070,1356,119,4,528.68
4071,1357,59,1,237.41
4072,1358,5,1,407.25
4073,1358,121,2,327.95
4074,1359,68,0,304.43
4075,1359,36,1,19.3
4076,1359,109,4,579.16
4077,1360,65,3,308.91
4078,1360,54,2,89.36
4079,1360,31,1,71.76
4080,1360,136,1,314.21
4081,1360,101,1,95.60
4082,1361,33,2,483.13
4083,1361,16,2,148.16
4084,1361,83,0,$319.19
4085,1361,124,2,58.04
4086,1361,98,5,243.42
4087,1362,73,1,331.02 JOD
4088,1363,36,2,19.3
4089,1364,15,1,81.29
4090,1364,10,-1,28.04
4091,1364,65,2,308.91
4092,1364,71,1,510.82
4093,1364,41,2,247.44
4094,1365,123,1,151.87
4095,1365,3,1,390.52
4096,1365,94,1,389.5
4097,1366,37,3,241.65
4098,1366,100,1,249.16
4099,1366,55,2,216.25
4100,1367,32,4,105.62
4101,1368,86,1,164.39
4102,1368,61,1,101.6
4103,1369,74,2,34.31
4104,1369,64,1,265.5
4105,1370,31,1,71.76
4106,1370,24,1,360.88
4107,1371,136,2,314.21
4108,1371,14,0,429.63
4109,1371,92,1,339.88
4110,1372,58,2,109.02
4111,1372,136,4,314.21
4112,1372,134,2,40.0
4113,1372,109,2,579.16
4114,1372,92,2,339.88
4115,1373,60,2,16.37
4116,1373,112,-1,183.26
4117,1373,127,1,871.43
4118,1374,81,5,121.47
4119,1374,127,4,587.72
4120,1374,79,3,189.32
4121,1374,116,1,359.58
4122,1374,44,1,106.04
4123,1375,44,2,106.04
4124,1375,52,1,171.01
4125,1376,94,1,279.37
4126,1376,50,1,397.99
4127,1376,46,4,136.73
4128,1377,38,1,454.8
4129,1377,58,1,67.77
4130,1377,60,1,16.37
4131,1377,73,3,331.02
4132,1378,131,3,396.05
4133,1378,103,1,244.5
4134,1378,6,1,46.39
4135,1378,102,1,169.19
4136,1378,130,2,59.94
4137,1379,46,2,136.73
4138,1379,18,2,171.95
4139,1379,94,1,389.5
4140,1380,96,4,84.49
4141,1380,87,3,262.59
4142,1380,102,3,169.19
4143,1380,114,2,403.81
4144,1381,136,1,314.21
4145,1382,73,1,331.02
4146,1382,53,3,
4147,1382,54,0,89.36
4148,1383,119,3,528.68
4149,1383,14,3,429.63
4150,1383,10,2,28.04
4151,1384,75,2,347.56
4152,1385,30,2,43.65
4153,1385,122,3,125.50
4154,1385,91,1,239.57
4155,1385,78,4,121.77
4156,1386,9999,1,14.38
4157,1386,94,2,389.5
4158,1386,35,1,152.88
4159,1387,18,2,128.87
4160,1387,31,1,71.76
4161,1387,66,4,231.00
4162,1387,103,5,244.5
4163,1387,115,3,302.06
4164,1388,134,1,40.00
4165,1388,26,2,264.67
4166,1389,134,2,40.0
4167,1390,133,1,97.51
4168,1390,110,2,193.85
4169,1390,45,1,415.91
4170,1390,89,3,331.46
4171,1390,130,1,59.94
4172,1391,113,2,191.78
4173,1391,22,1,36.29
4174,1392,44,3,106.04
4175,1392,73,1,331.02
4176,1392,11,1,489.65
4177,1392,109,1,579.16
4178,1393,108,3,242.9
4179,1393,106,4,252.84
4180,1394,118,3,306.5
4181,1394,62,0,205.40
4182,1395,57,3,213.11
4183,1395,111,1,291.81
4184,1395,40,1,199.53
4185,1396,65,2,308.91
4186,1397,114,2,403.81
4187,1397,73,1,331.02
4188,1397,77,-1,101.15
4189,1397,103,4,244.50
4190,1398,49,4,206.38
4191,1398,59,1,169.88
4192,1398,134,3,40.0
4193,1398,42,3,91.53
4194,1399,113,4,191.78
4195,1399,74,1,$34.31
4196,1399,56,2,31.92
4197,1400,63,3,575.86
4198,1400,128,5,466.36
4199,1400,102,3,169.19
4200,1401,48,3,23.1
4201,1401,93,-1,345.11
4202,1402,89,3,403.36
4203,1403,127,3,533.53
4204,1404,125,1,552.19
4205,1405,65,2,308.91
4206,1405,75,3,347.56
4207,1405,135,4,18.43
4208,1405,19,1,67.77
4209,1406,67,2,291.96
4210,1406,98,1,243.42 JOD
4211,1406,124,1,58.04
4212,1406,126,2,295.25
4213,1407,62,1,205.40
4214,1407,10,2,28.04
4215,1408,76,3,383.3
4216,1408,57,2,213.11
4217,1409,36,0,19.30
4218,1410,45,1,415.91
4219,1410,67,1,291.96
4220,1410,90,0,56.52
4221,1411,136,3,314.21
4222,1411,53,2,37.16
4223,1411,22,1,36.29
4224,1412,95,1,545.43
4225,1412,89,2,403.36
4226,1412,62,3,205.4
4227,1412,130,2,59.94
4228,1412,63,3,575.86
4229,1413,63,1,575.86
4230,1413,57,1,213.11
4231,1413,7,1,152.65
4232,1414,121,1,$223.96
4233,1414,33,1,407.76
4234,1414,133,1,97.51
4235,1414,2,1,190.97
4236,1414,136,3,$314.21
4237,1415,120,5,201.77
4238,1415,73,0,331.02
4239,1416,73,3,331.02
4240,1417,40,3,274.33
4241,1417,45,3,415.91
4242,1417,41,1,$191.67
4243,1417,126,2,200.63
4244,1418,53,3,37.16
4245,1419,73,1,$331.02
4246,1419,71,4,374.89
4247,1419,116,1,359.58
4248,1420,8,3,307.70
4249,1420,106,3,252.84
4250,1420,43,1,330.6
4251,1420,7,4,203.23
4252,1421,15,1,
4253,1422,117,1,143.1
4254,1422,82,3,244.2
4255,1422,40,2,199.53
4256,1422,87,1,262.59
4257,1422,53,1,$53.90
4258,1423,60,3,16.37
4259,1423,64,1,265.5
4260,1423,82,1,244.2
4261,1423,27,1,112.66
4262,1423,77,-1,79.55 JOD
4263,1424,9,2,178.19
4264,1424,54,0,89.36
4265,1424,94,1,389.50
4266,1425,50,2,$397.99
4267,1425,120,2,201.77
4268,1425,100,2,249.16
4269,1425,34,1,220.1
4270,1426,34,1,220.10
4271,1426,72,2,404.50
4272,1426,84,1,455.31
4273,1426,33,3,407.76
4274,1427,103,3,244.5
4275,1428,7,2,152.65
4276,1428,95,1,545.43
4277,1428,38,4,454.8
4278,1428,11,3,489.65
4279,1428,116,1,359.58
4280,1429,108,1,242.90
4281,1429,47,0,627.32
4282,1429,128,5,369.54
4283,1429,121,4,317.45
4284,1430,11,2,489.65 JOD
4285,1431,19,4,67.77
4286,1432,112,1,183.26
4287,1432,92,5,339.88
4288,1432,118,1,306.5
4289,1432,14,1,429.63
4290,1433,114,3,403.81
4291,1433,99,1,140.32
4292,1433,77,5,101.15
4293,1433,50,5,397.99
4294,1433,17,2,185.99
4295,1434,80,1,144.45
4296,1434,124,1,58.04
4297,1435,124,1,58.04 JOD
4298,1435,65,0,155.25
4299,1435,41,1,191.67
4300,1435,34,2,220.10
4301,1436,41,2,191.67
4302,1436,32,2,105.62
4303,1437,83,1,319.19
4304,1437,81,5,121.47
4305,1438,81,1,121.47
4306,1438,1,1,585.67
4307,1439,88,0,238.01
4308,1439,85,2,8.08
4309,1439,55,2,216.25
4310,1439,18,1,128.87
4311,1439,41,3,191.67
4312,1440,127,3,587.72
4313,1440,94,5,389.5
4314,1440,66,1,292.55
4315,1441,107,2,376.14
4316,1441,128,2,369.54
4317,1441,42,1,91.53
4318,1442,51,2,$286.54
4319,1442,133,3,97.51
4320,1442,9,1,178.19
4321,1442,123,3,151.87
4322,1442,2,1,190.97
4323,1443,136,1,314.21
4324,1443,1,1,585.67
4325,1444,89,1,403.36
4326,1444,136,2,314.21
4327,1444,9999,2,205.40
4328,1444,14,1,429.63
4329,1444,99,3,140.32
4330,1445,9999,1,306.5
4331,1445,59,1,169.88
4332,1445,126,2,200.63
4333,1445,67,2,291.96
4334,1446,53,3,37.16
4335,1447,99,3,140.32
4336,1447,9,2,90.64
4337,1447,13,5,186.29
4338,1448,91,4,243.25
4339,1448,14,2,429.63
4340,1448,40,1,199.53
4341,1449,6,1,46.39
4342,1450,2,1,190.97
4343,1450,100,2,249.16
4344,1450,54,1,89.36
4345,1450,82,2,123.45
4346,1450,81,1,121.47
4347,1451,58,3,109.02
4348,1451,81,2,121.47
4349,1451,126,3,200.63
4350,1451,3,3,$390.52
4351,1452,114,1,341.85
4352,1452,120,1,201.77
4353,1452,107,1,376.14
4354,1452,99,5,140.32
4355,1453,64,4,265.5
4356,1453,22,1,20.98
4357,1453,108,1,242.9
4358,1454,60,1,16.37
4359,1454,131,1,396.05
4360,1455,74,1,34.31
4361,1455,1,1,585.67
4362,1455,28,0,222.75 JOD
4363,1455,108,1,242.9
4364,1455,69,3,175.49
4365,1456,61,-1,101.60
4366,1457,13,1,186.29
4367,1457,122,1,125.5
4368,1457,38,3,454.8
4369,1458,109,3,579.16
4370,1458,37,1,241.65
4371,1458,106,1,252.84
4372,1458,52,3,171.01
4373,1459,127,4,587.72
4374,1459,44,3,106.04
4375,1459,73,5,331.02
4376,1459,131,3,396.05
4377,1459,40,2,199.53
4378,1460,10,1,$28.04
4379,1460,1,1,585.67
4380,1460,30,3,43.65
4381,1460,106,2,252.84
4382,1460,82,1,244.2
4383,1461,18,1,128.87
4384,1461,104,2,98.77
4385,1461,32,3,105.62
4386,1461,103,-1,244.5
4387,1461,82,4,244.2
4388,1462,50,2,397.99 JOD
4389,1463,84,2,455.31
4390,1463,107,3,376.14
4391,1463,59,2,169.88
4392,1463,135,5,18.43 JOD
4393,1464,56,1,31.92
4394,1464,128,1,369.54
4395,1465,40,1,199.53
4396,1465,65,2,308.91
4397,1465,114,1,403.81
4398,1466,75,0,347.56
4399,1466,70,2,379.91
4400,1467,129,2,740.77
4401,1467,69,4,175.49
4402,1468,65,1,308.91
4403,1468,18,2,128.87
4404,1468,114,3,403.81
4405,1469,59,1,169.88
4406,1469,11,2,489.65
4407,1469,50,3,397.99
4408,1469,64,1,
4409,1470,43,1,330.6
4410,1470,63,2,575.86
4411,1470,131,2,396.05
4412,1471,6,2,46.39
4413,1471,82,2,244.2
4414,1471,128,3,369.54
4415,1471,45,2,415.91
4416,1472,47,2,627.32
4417,1472,1,2,585.67
4418,1472,23,2,71.2
4419,1473,41,3,191.67
4420,1473,3,3,390.52
4421,1473,56,4,31.92
4422,1473,111,2,291.81
4423,1473,100,-1,249.16
4424,1474,103,2,244.5
4425,1474,43,3,339.14
4426,1474,96,4,84.49
4427,1474,24,5,360.88
4428,1475,48,1,23.1
4429,1475,121,2,317.45
4430,1475,11,1,489.65
4431,1475,25,2,253.88
4432,1475,9999,4,214.91
4433,1476,21,2,14.38
4434,1476,117,1,143.1
4435,1477,96,1,84.49
4436,1477,133,1,51.63
4437,1477,87,-1,262.59
4438,1477,34,2,220.1
4439,1477,79,-1,210.8
4440,1478,63,2,575.86
4441,1479,121,1,317.45
4442,1479,122,5,125.5
4443,1479,15,3,
4444,1479,69,5,182.09
4445,1479,5,4,407.25
4446,1480,76,2,383.3
4447,1480,41,1,191.67
4448,1480,118,1,306.5
4449,1480,120,2,
4450,1480,86,3,164.39
4451,1481,133,1,97.51
4452,1481,107,1,376.14
4453,1482,97,4,369.73
4454,1482,8,1,307.7
4455,1482,68,-1,304.43
4456,1482,60,3,16.37
4457,1482,63,3,575.86
4458,1483,12,1,214.91
4459,1484,26,1,264.67
4460,1484,97,2,369.73
4461,1484,136,2,319.80
4462,1485,133,1,97.51
4463,1485,120,1,201.77
4464,1485,83,5,319.19
4465,1485,47,2,734.13
4466,1486,88,1,238.01
4467,1487,100,2,249.16
4468,1487,52,3,171.01
4469,1487,42,1,91.53
4470,1488,98,3,243.42
4471,1488,28,4,222.75
4472,1489,126,3,200.63
4473,1489,117,4,143.10
4474,1489,109,1,579.16
4475,1489,44,-1,108.79
4476,1489,120,1,201.77
4477,1490,15,2,81.29
4478,1490,7,2,152.65
4479,1490,128,3,369.54
4480,1490,63,3,575.86
4481,1490,13,3,231.11
4482,1491,116,4,359.58
4483,1491,118,2,306.5
4484,1492,75,1,347.56
4485,1492,106,2,252.84
4486,1492,33,1,407.76
4487,1492,69,4,175.49
4488,1492,44,1,116.64
4489,1493,31,2,59.65
4490,1493,134,2,26.21
4491,1493,114,0,403.81
4492,1493,99,1,140.32
4493,1493,98,2,243.42
4494,1494,24,1,360.88
4495,1494,107,2,376.14
4496,1495,34,2,220.10
4497,1495,53,1,$37.16
4498,1495,68,2,$304.43
4499,1495,85,1,7.49
4500,1496,24,1,360.88
4501,1496,114,0,403.81
4502,1496,30,1,43.65
4503,1496,109,1,579.16
4504,1496,124,4,58.04
4505,1497,111,1,291.81
4506,1497,93,1,345.11
4507,1497,83,1,180.75
4508,1497,70,5,379.91
4509,1498,102,1,122.57
4510,1499,136,2,314.21
4511,1499,126,1,200.63
4512,1499,28,5,222.75
4513,1500,36,4,19.3
4514,1500,35,5,152.88
4515,1500,80,1,144.45
4516,1500,109,-1,$579.16
4517,1501,91,1,243.25
4518,1501,137,1,307.7
4519,1501,72,2,404.50
4520,1502,19,1,67.77
4521,1502,7,3,152.65
4522,1502,9,1,178.19
4523,1503,122,2,125.5
4524,1504,126,1,200.63
4525,1504,52,1,171.01
4526,1505,61,1,101.6
4527,1506,108,3,242.9
4528,1506,131,2,256.81
4529,1506,17,1,185.99
4530,1506,124,3,58.04
4531,1506,92,1,339.88
4532,1507,26,0,264.67
4533,1507,93,0,345.11
4534,1507,127,1,625.0
4535,1508,18,4,128.87
4536,1508,52,3,171.01
4537,1508,9999,2,97.51
4538,1508,6,1,46.39
4539,1508,129,1,535.98
4540,1509,50,2,397.99
4541,1509,56,1,31.92
4542,1509,73,1,331.02
4543,1509,17,2,185.99
4544,1510,66,3,231.0
4545,1510,82,2,330.66
4546,1510,111,1,219.67
4547,1510,136,3,314.21
4548,1511,25,3,253.88
4549,1511,116,1,359.58
4550,1511,109,3,579.16
4551,1511,104,5,98.77 JOD
4552,1512,1,1,585.67
4553,1512,10,2,28.04
4554,1513,65,3,308.91
4555,1514,79,3,210.80
4556,1514,109,1,579.16
4557,1514,75,1,347.56
4558,1514,66,2,231.00
4559,1515,130,1,59.94
4560,1515,16,1,148.16
4561,1516,63,3,575.86
4562,1516,27,2,112.66
4563,1517,60,1,16.37
4564,1517,127,1,587.72
4565,1517,64,1,265.5
4566,1517,15,4,81.29
4567,1518,13,1,186.29
4568,1518,23,-1,68.95
4569,1518,63,3,575.86
4570,1518,12,-1,214.91
4571,1519,8,5,442.56
4572,1519,76,2,383.30
4573,1520,105,1,528.06
4574,1521,32,1,105.62
4575,1521,78,1,121.77
4576,1522,134,2,40.00
4577,1522,9999,2,253.25
4578,1522,62,1,263.11
4579,1522,37,-1,241.65
4580,1523,22,2,36.29
4581,1523,14,3,429.63
4582,1523,98,1,182.97
4583,1523,1,3,585.67
4584,1523,113,2,191.78
4585,1524,53,1,37.16
4586,1524,127,1,587.72
4587,1525,124,1,58.04
4588,1525,27,2,112.66
4589,1525,60,1,10.55
4590,1525,117,2,143.10
4591,1526,121,2,317.45
4592,1526,15,3,81.29
4593,1526,24,1,360.88
4594,1526,41,1,191.67
4595,1526,119,2,$528.68
4596,1527,14,1,572.02
4597,1527,100,1,249.16
4598,1527,89,1,390.56
4599,1528,117,4,143.1
4600,1528,133,3,97.51
4601,1528,92,2,444.27
4602,1528,50,2,397.99
4603,1529,3,3,390.52
4604,1529,50,1,397.99
4605,1530,18,3,128.87
4606,1530,101,3,95.6
4607,1530,89,3,403.36
4608,1530,49,1,206.38
4609,1531,88,2,238.01
4610,1531,16,3,148.16
4611,1531,36,1,19.3
4612,1532,41,3,191.67 JOD
4613,1532,65,1,325.2
4614,1532,47,2,616.96
4615,1532,136,1,314.21
4616,1533,97,2,364.67
4617,1533,10,2,28.04
4618,1533,124,2,58.04
4619,1533,26,2,264.67
4620,1533,104,1,98.77
4621,1534,70,1,379.91
4622,1534,135,2,18.43
4623,1534,44,1,106.04
4624,1535,80,2,144.45
4625,1535,31,5,71.76
4626,1535,13,1,186.29
4627,1535,64,1,265.5
4628,1536,43,1,330.6
4629,1536,113,3,191.78
4630,1536,40,3,199.53
4631,1536,69,4,175.49
4632,1536,23,1,68.95
4633,1537,36,1,19.30
4634,1538,15,1,81.29
4635,1538,79,3,210.8
4636,1538,31,2,71.76
4637,1538,61,1,97.52
4638,1539,89,5,403.36
4639,1539,69,1,175.49
4640,1539,135,2,18.43
4641,1539,77,3,101.15
4642,1539,10,2,28.04
4643,1540,37,3,241.65
4644,1541,12,1,214.91
4645,1541,105,1,528.06
4646,1541,100,4,249.16
4647,1541,97,1,369.73
4648,1542,81,1,121.47
4649,1543,81,2,121.47
4650,1543,2,1,190.97
4651,1544,5,3,407.25
4652,1544,68,0,304.43
4653,1544,95,1,545.43
4654,1544,81,1,121.47
4655,1545,28,2,222.75
4656,1546,88,-1,238.01
4657,1546,41,2,191.67
4658,1546,71,1,374.89
4659,1546,39,3,253.25
4660,1547,21,2,14.38
4661,1547,50,1,397.99
4662,1548,9,1,178.19
4663,1548,132,0,82.53
4664,1548,48,3,14.89
4665,1548,103,1,244.5
4666,1549,24,2,$360.88
4667,1549,70,2,$379.91
4668,1549,82,2,244.2
4669,1549,87,1,358.41
4670,1550,12,1,214.91
4671,1550,133,1,97.51
4672,1551,70,4,379.91
4673,1551,133,1,97.51
4674,1551,9,1,178.19
4675,1551,115,2,302.06
4676,1551,2,1,190.97
4677,1552,118,1,306.50
4678,1552,89,3,456.41
4679,1552,91,1,243.25
4680,1553,2,1,190.97
4681,1553,102,2,169.19
4682,1553,13,2,186.29
4683,1554,25,0,253.88
4684,1554,92,1,339.88
4685,1554,33,1,407.76
4686,1554,83,1,319.19
4687,1554,116,1,359.58
4688,1555,117,3,143.1
4689,1556,105,1,528.06
4690,1556,68,2,210.47
4691,1556,75,2,347.56
4692,1556,106,1,252.84
4693,1557,99,1,140.32
4694,1557,105,1,528.06
4695,1557,126,-1,200.63
4696,1557,91,1,243.25
4697,1557,102,1,169.19
4698,1558,14,2,429.63
4699,1558,126,0,200.63
4700,1559,9999,1,213.11
4701,1559,29,1,181.96
4702,1559,59,1,169.88
4703,1559,46,2,136.73
4704,1559,34,1,220.1
4705,1560,23,2,68.95
4706,1560,27,2,112.66
4707,1560,112,1,183.26
4708,1560,137,0,307.7
4709,1560,116,3,359.58
4710,1561,87,1,262.59
4711,1561,4,1,546.12
4712,1561,135,1,20.12
4713,1562,60,3,14.24
4714,1562,27,3,112.66
4715,1563,121,4,317.45
4716,1563,68,2,304.43
4717,1563,129,2,535.98
4718,1564,102,1,169.19
4719,1564,14,1,429.63
4720,1564,6,3,56.36
4721,1565,5,3,407.25
4722,1565,72,2,404.5
4723,1565,24,2,360.88
4724,1565,9,2,178.19
4725,1566,26,3,264.67
4726,1566,77,1,101.15
4727,1566,4,1,$546.12
4728,1567,42,2,91.53
4729,1567,111,1,291.81
4730,1567,134,2,40.0
4731,1567,130,2,59.94
4732,1568,99,0,140.32
4733,1569,129,2,473.87
4734,1569,105,3,528.06
4735,1569,32,2,105.62 JOD
4736,1569,11,1,$489.65
4737,1569,114,1,403.81
4738,1570,131,1,$396.05
4739,1570,76,0,383.30
4740,1570,120,2,201.77
4741,1570,117,4,143.10
4742,1571,55,2,216.25
4743,1572,30,1,43.65
4744,1572,59,1,169.88
4745,1572,132,3,101.95
4746,1573,130,1,59.94
4747,1573,135,3,18.43
4748,1573,62,1,205.4
4749,1574,104,2,98.77
4750,1574,84,2,455.31
4751,1574,78,3,121.77
4752,1574,116,2,359.58
4753,1574,45,1,415.91
4754,1575,43,1,330.60
4755,1575,55,1,216.25
4756,1575,124,3,58.04
4757,1575,37,1,241.65
4758,1576,110,1,193.85
4759,1576,47,1,546.97
4760,1576,129,2,535.98
4761,1576,34,4,220.1
4762,1577,22,1,28.01
4763,1577,9,3,$178.19
4764,1577,84,1,455.31
4765,1577,111,2,291.81
4766,1577,38,1,454.8
4767,1578,35,5,152.88
4768,1578,100,3,249.16
4769,1578,39,5,253.25
4770,1578,126,3,267.4
4771,1578,60,1,16.37
4772,1579,107,3,468.61
4773,1579,11,-1,489.65
4774,1580,104,4,98.77
4775,1581,60,0,16.37
4776,1581,68,1,304.43
4777,1582,100,1,249.16
4778,1582,2,2,190.97
4779,1582,55,2,216.25
4780,1583,83,0,319.19
4781,1583,47,1,627.32 JOD
4782,1583,2,1,190.97
4783,1583,127,2,587.72
4784,1583,38,1,454.8
4785,1584,121,0,317.45
4786,1584,90,-1,56.52
4787,1584,40,1,199.53
4788,1585,18,3,128.87
4789,1586,69,1,202.65
4790,1586,14,3,429.63
4791,1586,12,2,214.91
4792,1586,110,1,193.85
4793,1587,44,3,106.04
4794,1587,67,2,291.96
4795,1587,96,1,84.49
4796,1588,15,2,81.29
4797,1588,54,2,89.36
4798,1588,31,4,71.76
4799,1589,121,4,317.45
4800,1590,73,3,331.02
4801,1590,82,1,244.2
4802,1591,16,3,148.16
4803,1591,101,5,95.6
4804,1591,124,2,58.04
4805,1592,111,1,291.81
4806,1592,9999,0,331.02
4807,1592,39,2,184.84
4808,1592,88,2,238.01
4809,1592,77,1,101.15
4810,1593,94,0,389.5
4811,1593,64,2,149.32
4812,1593,114,5,403.81
4813,1594,10,2,28.04
4814,1594,20,1,110.76
4815,1594,105,1,528.06
4816,1594,8,4,183.82
4817,1594,84,3,455.31
4818,1595,87,3,262.59
4819,1595,29,2,181.96
4820,1595,1,3,585.67
4821,1595,75,2,347.56
4822,1596,64,1,265.5
4823,1596,102,3,169.19
4824,1596,4,2,546.12
4825,1597,125,1,552.19
4826,1598,41,2,$191.67
4827,1598,49,5,206.38
4828,1599,128,1,369.54
4829,1599,13,1,186.29
4830,1599,74,1,34.31
4831,1599,8,2,307.70 JOD
4832,1599,63,1,575.86
4833,1600,7,3,152.65
4834,1601,41,1,191.67
4835,1601,75,1,347.56
4836,1602,1,3,585.67
4837,1602,77,1,101.15
4838,1603,38,1,454.8
4839,1604,103,2,244.5
4840,1604,46,2,136.73
4841,1604,86,4,164.39
4842,1605,136,3,314.21
4843,1605,104,2,98.77
4844,1605,10,2,16.2
4845,1605,40,1,199.53
4846,1605,53,4,37.16
4847,1606,22,1,36.29
4848,1607,106,1,252.84
4849,1607,34,1,220.1
4850,1607,79,3,210.8
4851,1607,21,1,14.38
4852,1607,130,2,$59.94
4853,1608,127,3,587.72
4854,1608,21,1,14.38 JOD
4855,1608,81,1,121.47
4856,1608,95,4,545.43
4857,1609,124,1,58.04
4858,1610,104,5,98.77
4859,1610,121,3,374.7
4860,1610,9999,1,306.50
4861,1610,8,5,307.7
4862,1611,103,5,244.5
4863,1611,55,3,216.25
4864,1611,108,1,242.9
4865,1611,85,2,8.08
4866,1612,50,4,397.99
4867,1612,12,2,214.91
4868,1612,133,2,97.51
4869,1613,14,2,429.63
4870,1613,61,1,101.6
4871,1614,99,1,140.32
4872,1614,88,4,238.01
4873,1615,12,1,214.91
4874,1616,80,1,144.45
4875,1616,20,3,110.76
4876,1616,41,1,191.67
4877,1616,3,3,390.52
4878,1616,104,3,77.34
4879,1617,129,1,535.98
4880,1617,132,3,82.53
4881,1617,64,3,265.5
4882,1617,78,3,121.77
4883,1618,103,2,244.5
4884,1618,45,1,415.91
4885,1618,101,3,95.6
4886,1618,86,1,164.39
4887,1618,18,3,128.87
4888,1619,99,1,140.32
4889,1619,55,1,216.25
4890,1619,67,1,291.96
4891,1619,74,1,34.31
4892,1619,82,1,244.2
4893,1620,109,5,723.44
4894,1620,128,5,265.62
4895,1620,42,-1,91.53
4896,1621,33,4,407.76
4897,1621,51,2,286.54
4898,1621,28,2,222.75
4899,1621,86,1,164.39
4900,1622,56,1,31.92
4901,1622,104,3,98.77
4902,1623,132,2,82.53
4903,1624,56,3,
4904,1624,70,3,379.91
4905,1624,71,3,374.89
4906,1624,97,2,369.73
4907,1624,104,0,98.77
4908,1625,67,2,291.96
4909,1626,49,2,206.38
4910,1626,52,1,171.01
4911,1626,134,1,40.0
4912,1627,12,1,214.91
4913,1627,128,1,369.54
4914,1627,105,-1,528.06
4915,1628,7,3,
4916,1628,90,2,56.52
4917,1628,27,3,112.66
4918,1628,102,1,169.19
4919,1629,69,1,175.49
4920,1629,18,1,128.87
4921,1629,37,1,241.65
4922,1630,14,1,569.52
4923,1630,36,1,
4924,1631,29,2,181.96
4925,1632,115,1,302.06
4926,1632,126,2,200.63
4927,1632,77,1,101.15
4928,1633,110,2,193.85
4929,1633,94,2,389.5
4930,1633,96,4,84.49
4931,1634,133,2,97.51
4932,1635,98,4,243.42
4933,1635,25,5,253.88
4934,1636,24,1,360.88
4935,1637,7,0,152.65
4936,1637,81,1,121.47
4937,1638,113,2,191.78
4938,1638,29,1,181.96
4939,1638,63,1,575.86
4940,1638,106,1,248.14
4941,1639,57,-1,213.11
4942,1639,114,2,403.81
4943,1639,104,1,98.77
4944,1639,136,-1,314.21
4945,1640,12,1,258.12
4946,1640,137,1,307.7
4947,1640,9999,1,190.97
4948,1641,31,-1,71.76
4949,1641,12,3,214.91
4950,1641,48,1,23.10
4951,1641,112,1,183.26 JOD
4952,1642,101,3,95.6
4953,1642,117,2,143.1
4954,1643,97,2,369.73
4955,1643,57,1,$213.11
4956,1643,49,1,206.38
4957,1643,92,5,339.88
4958,1644,93,1,345.11
4959,1644,55,1,216.25
4960,1645,59,1,169.88
4961,1645,89,2,403.36
4962,1645,129,1,$535.98
4963,1645,9,1,139.33
4964,1646,123,1,151.87
4965,1646,54,-1,89.36
4966,1646,128,1,369.54
4967,1646,51,3,286.54
4968,1646,124,3,58.04
4969,1647,91,2,243.25
4970,1647,18,1,128.87
4971,1647,86,3,164.39
4972,1648,26,4,264.67 JOD
4973,1648,16,1,148.16
4974,1648,131,4,396.05
4975,1649,1,1,585.67
4976,1649,27,1,112.66
4977,1649,101,2,95.60
4978,1649,38,1,$454.80
4979,1649,8,1,408.00
4980,1650,135,1,$20.13
4981,1650,9999,1,244.2
4982,1650,105,2,528.06
4983,1651,78,1,121.77
4984,1651,122,1,125.50
4985,1651,94,3,389.50
4986,1651,118,3,306.5
4987,1652,92,1,339.88
4988,1652,86,2,164.39
4989,1653,66,1,231.0
4990,1653,14,1,429.63
4991,1653,110,3,288.37
4992,1653,74,2,35.82
4993,1654,122,1,125.50
4994,1654,56,1,31.92
4995,1654,120,1,201.77
4996,1655,34,2,220.10
4997,1655,43,5,330.6
4998,1656,58,1,109.02
4999,1657,16,1,148.16
5000,1657,129,3,535.98
5001,1657,38,1,454.80
5002,1658,15,1,81.29
5003,1658,118,2,306.5
5004,1658,49,1,206.38
5005,1658,113,1,191.78
5006,1658,2,5,190.97
5007,1659,12,5,214.91
5008,1659,106,-1,252.84
5009,1660,108,-1,242.9
5010,1660,76,1,
5011,1660,104,1,98.77
5012,1661,51,1,286.54
5013,1661,6,3,46.39
5014,1661,50,1,397.99
5015,1661,119,1,528.68
5016,1662,117,0,143.1
5017,1662,130,1,59.94
5018,1662,5,1,407.25
5019,1662,10,1,21.67
5020,1663,6,1,46.39
5021,1663,49,4,206.38
5022,1663,2,2,190.97
5023,1663,65,2,308.91
5024,1664,53,1,37.16
5025,1664,47,-1,627.32
5026,1664,100,1,249.16
5027,1664,30,3,43.65
5028,1664,26,1,264.67
5029,1665,32,5,105.62
5030,1665,20,4,110.76
5031,1666,87,3,188.78
5032,1666,20,1,110.76
5033,1666,103,5,244.5
5034,1667,8,1,283.08
5035,1667,132,3,82.53
5036,1667,2,2,190.97
5037,1667,47,3,627.32
5038,1667,63,4,575.86
5039,1668,81,2,121.47
5040,1668,116,3,400.87
5041,1669,124,4,58.04
5042,1669,39,3,279.09
5043,1669,75,1,347.56
5044,1670,10,3,28.04
5045,1671,8,1,307.7
5046,1671,56,2,$31.92
5047,1671,80,2,144.45
5048,1671,11,5,489.65
5049,1672,128,1,472.92
5050,1673,87,3,262.59
5051,1673,21,-1,14.38
5052,1673,56,2,31.92
5053,1673,38,2,454.8
5054,1673,61,2,101.6
5055,1674,12,1,214.91
5056,1674,42,1,91.53
5057,1674,73,5,331.02
5058,1674,38,1,453.93
5059,1674,131,-1,396.05
5060,1675,110,3,193.85
5061,1675,56,5,31.92
5062,1675,48,1,$23.10
5063,1676,22,1,46.55
5064,1676,130,1,59.94
5065,1677,78,2,121.77
5066,1677,135,1,18.43
5067,1677,58,3,109.02
5068,1678,94,5,389.50
5069,1678,78,1,121.77
5070,1678,129,2,535.98
5071,1678,57,1,213.11
5072,1679,49,1,206.38
5073,1679,80,5,144.45
5074,1679,3,1,357.05
5075,1680,55,-1,216.25
5076,1680,89,1,446.69
5077,1680,126,1,200.63
5078,1680,71,3,374.89
5079,1681,8,1,307.7
5080,1681,78,4,121.77
5081,1681,2,1,190.97
5082,1681,134,5,40.0
5083,1681,130,1,59.94
5084,1682,27,2,112.66
5085,1682,131,3,396.05
5086,1683,89,1,$403.36
5087,1683,92,3,339.88
5088,1683,70,3,379.91
5089,1683,80,1,144.45
5090,1683,14,3,$429.63
5091,1684,47,3,627.32
5092,1684,113,2,191.78
5093,1685,130,1,60.42
5094,1685,118,3,370.87
5095,1685,111,1,291.81
5096,1685,57,1,213.11
5097,1685,112,2,183.26
5098,1686,102,4,107.64
5099,1687,35,3,152.88
5100,1687,51,-1,286.54
5101,1687,6,-1,46.39
5102,1688,11,4,$489.65
5103,1688,100,2,249.16
5104,1688,109,1,767.85
5105,1689,53,1,37.16
5106,1689,35,1,152.88
5107,1689,33,2,407.76
5108,1690,70,3,379.91
5109,1691,2,1,
5110,1691,1,1,$654.17
5111,1691,116,4,359.58
5112,1691,26,2,264.67
5113,1691,21,2,14.38
5114,1692,21,2,14.38
5115,1692,39,2,$253.25
5116,1692,47,1,352.47
5117,1693,81,3,121.47
5118,1693,23,2,68.95
5119,1693,48,5,23.1
5120,1693,99,3,140.32
5121,1693,39,4,$253.25
5122,1694,130,5,59.94
5123,1695,21,2,14.38
5124,1695,134,2,40.0
5125,1696,109,1,579.16
5126,1696,112,-1,183.26
5127,1697,12,5,214.91
5128,1697,76,2,383.3
5129,1697,9,2,97.45
5130,1697,89,3,403.36
5131,1697,113,2,191.78
5132,1698,99,-1,74.15
5133,1698,59,2,169.88
5134,1699,59,1,169.88
5135,1699,123,1,151.87
5136,1700,12,3,214.91
5137,1700,104,2,98.77
5138,1700,48,4,23.10
5139,1700,61,1,101.60
5140,1700,87,1,262.59
5141,1701,65,1,423.75
5142,1701,95,1,545.43
5143,1701,22,1,53.3
5144,1701,19,1,67.77
5145,1701,130,3,59.94
5146,1702,77,5,141.79 JOD
5147,1702,104,2,98.77
5148,1702,26,2,264.67
5149,1702,9999,1,140.32
5150,1703,132,5,82.53
5151,1703,27,3,112.66
5152,1703,57,1,213.11
5153,1703,7,5,104.09
5154,1704,94,3,389.5
5155,1704,106,1,158.69
5156,1704,6,1,
5157,1704,72,5,404.5
5158,1705,27,1,112.66
5159,1705,88,1,238.01
5160,1705,117,1,143.1
5161,1705,84,4,455.31
5162,1705,11,1,489.65
5163,1706,126,3,200.63
5164,1706,1,3,585.67
5165,1706,14,0,429.63
5166,1706,107,2,376.14
5167,1707,54,1,89.36
5168,1707,97,1,369.73
5169,1707,25,3,253.88
5170,1707,98,1,243.42
5171,1708,50,2,397.99
5172,1708,127,5,587.72
5173,1708,104,3,98.77
5174,1708,96,2,84.49
5175,1709,28,2,222.75
5176,1709,74,3,34.31 JOD
5177,1709,95,2,545.43
5178,1709,25,4,253.88
5179,1709,52,1,171.01
5180,1710,84,1,455.31
5181,1710,98,2,243.42
5182,1711,130,1,59.94
5183,1711,33,3,407.76
5184,1711,109,1,
5185,1712,60,1,16.37
5186,1712,59,2,169.88
5187,1712,2,2,190.97
5188,1713,7,1,152.65
5189,1714,63,3,575.86
5190,1715,95,5,545.43
5191,1715,4,4,525.25
5192,1715,66,1,231.0
5193,1715,39,0,253.25
5194,1716,70,1,379.91
5195,1716,68,2,304.43
5196,1716,127,1,587.72
5197,1716,34,1,220.10
5198,1716,39,2,253.25
5199,1717,80,1,144.45
5200,1718,7,1,218.33
5201,1718,105,1,528.06
5202,1718,42,1,91.53
5203,1719,93,3,345.11
5204,1719,68,1,304.43
5205,1720,4,1,546.12
5206,1720,127,2,587.72
5207,1720,41,1,191.67
5208,1720,49,2,206.38
5209,1721,14,2,429.63
5210,1721,19,3,67.77
5211,1721,69,1,175.49
5212,1722,112,1,263.43
5213,1722,136,1,314.21
5214,1722,102,1,169.19
5215,1722,95,1,545.43
5216,1723,63,1,575.86
5217,1724,6,1,46.39
5218,1725,98,2,243.42
5219,1725,44,4,106.04 JOD
5220,1725,18,1,128.87
5221,1725,113,4,279.03
5222,1726,109,2,308.4
5223,1726,47,3,627.32
5224,1726,88,2,238.01
5225,1727,62,0,205.4
5226,1727,104,2,$98.77
5227,1727,123,4,151.87
5228,1727,124,5,58.04
5229,1728,4,2,546.12
5230,1728,71,2,374.89
5231,1728,50,5,397.99
5232,1728,130,1,59.94
5233,1729,109,4,579.16
5234,1729,104,1,98.77
5235,1729,83,3,319.19
5236,1729,75,2,347.56
5237,1730,20,1,110.76
5238,1731,62,1,205.4
5239,1731,122,4,125.5
5240,1731,49,1,206.38
5241,1731,57,-1,213.11
5242,1732,48,-1,23.1
5243,1733,119,1,528.68
5244,1733,15,2,47.44
5245,1734,108,1,242.9
5246,1734,31,3,74.68
5247,1735,100,1,249.16
5248,1735,83,3,319.19
5249,1736,46,3,134.84
5250,1736,98,2,243.42
5251,1736,1,3,388.56
5252,1737,15,2,81.29
5253,1737,137,3,307.7
5254,1737,133,2,97.51
5255,1737,130,5,59.94
5256,1738,113,2,191.78
5257,1738,1,3,585.67
5258,1738,16,3,148.16
5259,1738,32,2,105.62
5260,1738,7,3,152.65
5261,1739,84,4,269.39
5262,1740,20,3,110.76
5263,1740,63,2,575.86
5264,1740,79,1,210.8
5265,1740,96,3,84.49
5266,1740,10,1,28.04
5267,1741,101,3,95.6
5268,1741,35,1,152.88
5269,1742,17,3,185.99
5270,1742,82,4,244.2
5271,1743,38,1,$454.80
5272,1743,13,1,186.29
5273,1743,114,5,403.81
5274,1744,135,3,18.43
5275,1744,123,1,151.87
5276,1744,105,1,528.06
5277,1744,89,2,403.36
5278,1745,15,4,81.29
5279,1745,126,2,200.63
5280,1746,59,1,169.88
5281,1746,134,3,40.0
5282,1746,117,3,102.31
5283,1747,70,2,379.91
5284,1747,8,0,307.7
5285,1747,88,1,238.01
5286,1747,112,2,183.26
5287,1748,27,0,112.66
5288,1748,38,1,454.8
5289,1749,58,1,109.02
5290,1749,37,1,175.32
5291,1750,137,4,307.7
5292,1750,27,1,77.21
5293,1750,79,5,210.80
5294,1751,97,3,369.73
5295,1751,64,1,265.5
5296,1751,40,1,199.53
5297,1751,73,1,331.02
5298,1752,87,1,262.59
5299,1753,137,2,307.70
5300,1753,36,1,19.3
5301,1753,18,2,128.87
5302,1753,41,5,191.67
5303,1754,62,3,205.4
5304,1754,116,2,359.58
5305,1754,42,3,66.2
5306,1754,18,2,128.87
5307,1755,53,2,37.16
5308,1755,8,1,307.7
5309,1755,127,5,587.72
5310,1756,51,1,286.54
5311,1756,73,2,331.02 JOD
5312,1757,21,4,14.38
5313,1757,130,5,59.94
5314,1758,22,1,36.29
5315,1758,68,1,304.43
5316,1758,23,4,68.95
5317,1758,2,3,190.97
5318,1758,25,1,253.88
5319,1759,119,0,528.68
5320,1760,21,1,14.38
5321,1760,106,3,252.84
5322,1760,61,2,101.6
5323,1760,114,1,403.81
5324,1761,38,2,454.8
5325,1761,80,3,144.45
5326,1761,9,3,178.19
5327,1762,89,5,403.36
5328,1762,52,1,171.01
5329,1763,75,2,347.56
5330,1764,124,1,58.04 JOD
5331,1764,20,2,110.76
5332,1764,135,2,18.43
5333,1764,121,1,317.45
5334,1764,17,1,185.99
5335,1765,21,2,8.91
5336,1765,13,1,186.29
5337,1765,5,4,497.54
5338,1765,89,3,403.36
5339,1765,100,-1,249.16
5340,1766,106,2,252.84
5341,1766,4,2,546.12
5342,1767,15,1,81.29
5343,1767,26,5,264.67
5344,1767,81,1,121.47
5345,1767,93,2,345.11
5346,1767,67,0,291.96
5347,1768,53,1,37.16
5348,1769,106,3,252.84
5349,1769,81,1,121.47
5350,1770,134,1,40.00
5351,1770,55,1,216.25
5352,1770,64,2,265.5
5353,1770,29,2,181.96
5354,1770,112,5,183.26
5355,1771,44,1,106.04
5356,1771,10,1,28.04
5357,1771,48,4,23.1
5358,1771,122,3,125.5
5359,1771,89,3,403.36
5360,1772,90,5,56.52
5361,1772,103,3,244.5
5362,1772,122,1,125.5
5363,1773,55,1,216.25
5364,1773,119,1,502.52
5365,1774,50,2,397.99
5366,1775,124,4,58.04
5367,1776,24,1,360.88
5368,1776,30,-1,43.65
5369,1776,75,1,347.56
5370,1777,75,3,347.56
5371,1778,74,2,34.31
5372,1778,4,3,546.12 JOD
5373,1778,130,2,59.94
5374,1778,81,1,121.47
5375,1779,35,1,152.88
5376,1779,47,4,627.32
5377,1779,63,1,575.86
5378,1780,61,2,101.6
5379,1780,1,2,585.67
5380,1780,23,2,68.95
5381,1781,43,2,330.6
5382,1781,42,2,91.53
5383,1781,48,2,23.1
5384,1781,17,1,185.99
5385,1781,93,3,345.11
5386,1782,104,3,98.77
5387,1783,117,3,143.1
5388,1783,87,3,262.59
5389,1783,116,2,359.58
5390,1783,8,1,307.7
5391,1784,9,1,178.19
5392,1784,49,2,206.38
5393,1784,92,2,
5394,1784,75,3,347.56
5395,1784,47,1,627.32
5396,1785,103,2,244.5
5397,1785,113,4,191.78
5398,1786,6,0,46.39
5399,1787,124,4,$58.04
5400,1787,84,2,455.31
5401,1787,137,3,307.70
5402,1788,111,1,291.81
5403,1788,117,3,143.1
5404,1788,25,2,253.88
5405,1789,5,1,407.25
5406,1790,72,2,404.5
5407,1790,80,1,144.45
5408,1791,87,1,262.59
5409,1792,1,5,585.67
5410,1792,99,1,140.32
5411,1792,76,2,383.30
5412,1793,13,2,186.29
5413,1793,77,1,82.88
5414,1793,32,1,105.62
5415,1793,129,1,535.98
5416,1794,69,3,175.49
5417,1794,67,0,291.96
5418,1794,79,1,210.8
5419,1795,87,1,262.59
5420,1795,107,3,376.14 JOD
5421,1795,102,1,169.19
5422,1795,113,2,191.78
5423,1795,18,1,128.87
5424,1796,40,2,151.49
5425,1796,16,1,148.16
5426,1796,129,1,535.98
5427,1796,43,-1,330.60
5428,1797,95,4,545.43
5429,1797,118,1,306.5
5430,1797,27,2,112.66
5431,1797,75,3,347.56
5432,1797,102,2,169.19
5433,1798,26,3,294.81
5434,1799,4,1,546.12
5435,1800,19,3,67.77
5436,1800,43,4,330.6
5437,1800,128,1,369.54
5438,1800,90,0,56.52
5439,1801,102,1,169.19
5440,1801,92,3,311.35
5441,1802,23,2,68.95
5442,1802,52,3,171.01
5443,1802,111,3,291.81
5444,1802,98,2,243.42
5445,1802,81,4,121.47
5446,1803,75,-1,347.56
5447,1803,105,3,528.06
5448,1803,36,1,19.3
5449,1803,32,2,97.45
5450,1804,94,1,389.5
5451,1805,25,3,253.88
5452,1805,48,-1,23.10
5453,1805,46,1,136.73
5454,1806,30,4,43.65
5455,1806,94,1,389.5
5456,1806,128,1,369.54
5457,1807,39,1,253.25
5458,1807,44,2,106.04
5459,1807,24,3,364.97
5460,1807,128,1,369.54
5461,1807,34,1,$138.36
5462,1808,42,4,91.53
5463,1808,10,1,28.04
5464,1808,63,0,575.86
5465,1809,64,1,265.50
5466,1810,27,1,112.66
5467,1810,102,3,169.19
5468,1810,66,2,231.0
5469,1810,70,4,379.91
5470,1810,91,1,243.25
5471,1811,102,1,169.19
5472,1811,86,4,164.39
5473,1811,122,3,67.26
5474,1811,134,1,40.00
5475,1811,62,2,205.40 JOD
5476,1812,112,1,183.26
5477,1812,113,-1,191.78
5478,1812,45,1,415.91
5479,1813,132,2,82.53
5480,1813,21,2,14.38
5481,1813,90,2,77.72
5482,1814,111,0,291.81
5483,1814,50,1,397.99
5484,1815,123,1,151.87
5485,1815,55,-1,216.25
5486,1815,12,2,214.91
5487,1815,135,5,18.43
5488,1815,88,1,238.01
5489,1816,108,1,187.52
5490,1816,117,2,143.1
5491,1817,120,1,123.43
5492,1817,134,4,40.0
5493,1817,72,2,404.50
5494,1817,60,5,16.37
5495,1817,39,2,253.25
5496,1818,54,2,89.36
5497,1818,107,1,376.14
5498,1819,12,1,214.91
5499,1819,87,2,262.59
5500,1819,123,3,151.87
5501,1820,25,1,253.88
5502,1820,61,3,101.60 JOD
5503,1820,109,1,579.16
5504,1820,103,1,244.5
5505,1820,82,1,244.20
5506,1821,102,3,169.19
5507,1821,129,2,535.98
5508,1821,5,0,407.25
5509,1822,41,2,191.67
5510,1822,83,1,319.19
5511,1822,110,2,193.85
5512,1822,123,1,151.87
5513,1822,100,3,249.16
5514,1823,120,3,201.77
5515,1823,126,2,200.63
5516,1823,133,1,97.51
5517,1823,82,1,$244.20
5518,1824,65,2,308.91
5519,1824,14,3,429.63
5520,1824,77,1,101.15
5521,1825,16,3,148.16
5522,1825,4,1,764.84
5523,1825,18,-1,128.87
5524,1825,114,2,403.81 JOD
5525,1826,47,1,$627.32
5526,1827,65,4,308.91
5527,1827,112,1,183.26 JOD
5528,1827,52,4,171.01
5529,1828,115,1,302.06
5530,1828,88,1,$238.01
5531,1828,112,1,183.26
5532,1828,135,2,18.43
5533,1828,19,1,67.77
5534,1829,42,4,91.53
5535,1829,7,1,152.65
5536,1829,107,2,376.14
5537,1829,49,1,206.38
5538,1830,110,2,193.85
5539,1830,65,1,308.91
5540,1830,1,4,585.67
5541,1831,45,1,415.91
5542,1831,132,2,82.53
5543,1831,106,2,252.84
5544,1832,130,1,59.94
5545,1832,124,-1,58.04
5546,1832,24,1,360.88
5547,1833,128,2,369.54
5548,1833,104,4,98.77
5549,1833,55,2,298.17
5550,1834,127,1,587.72
5551,1834,40,1,199.53
5552,1835,136,3,422.39
5553,1835,106,2,252.84
5554,1836,49,1,206.38
5555,1836,53,4,37.16
5556,1836,20,3,110.76
5557,1837,47,2,627.32
5558,1837,69,3,175.49
5559,1837,4,3,546.12
5560,1838,96,0,84.49
5561,1838,57,2,227.11
5562,1839,60,2,16.37
5563,1839,69,1,175.49
5564,1839,27,4,112.66
5565,1840,127,1,587.72
5566,1840,54,3,89.36
5567,1840,134,1,40.0
5568,1840,115,1,302.06
5569,1841,117,1,143.10
5570,1841,89,2,403.36
5571,1841,55,2,250.67
5572,1841,74,5,34.31
5573,1842,1,4,585.67
5574,1842,66,2,231.0
5575,1843,17,2,185.99
5576,1843,132,2,82.53
5577,1843,37,5,241.65
5578,1843,31,2,71.76
5579,1843,36,1,19.3
5580,1844,79,1,210.80
5581,1844,7,3,152.65
5582,1845,52,3,171.01
5583,1845,44,1,106.04 JOD
5584,1845,24,3,360.88
5585,1845,51,1,286.54
5586,1846,129,2,535.98
5587,1846,68,1,304.43
5588,1846,56,5,31.92
5589,1846,58,1,109.02
5590,1847,118,2,306.5
5591,1847,91,0,293.14
5592,1847,67,2,291.96
5593,1847,120,1,201.77
5594,1848,50,2,397.99
5595,1848,124,4,55.49
5596,1848,119,1,528.68
5597,1848,135,5,18.43
5598,1849,110,-1,193.85
5599,1850,14,3,429.63
5600,1850,44,3,106.04
5601,1850,84,1,455.31
5602,1850,2,4,190.97
5603,1850,110,0,193.85
5604,1851,9999,1,71.76
5605,1851,85,5,8.08
5606,1851,18,1,128.87
5607,1851,87,1,155.54
5608,1852,69,5,175.49
5609,1852,91,1,243.25
5610,1852,73,1,331.02
5611,1852,134,2,40.0
5612,1853,3,3,390.52
5613,1854,128,-1,
5614,1854,46,4,136.73
5615,1855,123,4,225.44
5616,1856,55,1,108.14
5617,1856,25,1,253.88
5618,1857,86,3,164.39
5619,1857,91,4,243.25
5620,1857,6,1,56.32
5621,1857,30,1,43.65
5622,1857,5,1,407.25
5623,1858,32,2,105.62
5624,1858,135,1,18.43 JOD
5625,1859,4,1,546.12
5626,1859,128,2,369.54
5627,1860,101,1,95.6
5628,1860,132,1,82.53
5629,1860,9999,2,307.70
5630,1861,9,4,178.19
5631,1862,46,2,136.73
5632,1863,112,4,183.26
5633,1863,111,3,291.81
5634,1863,71,3,374.89
5635,1863,32,2,105.62
5636,1864,33,5,407.76
5637,1864,100,1,249.16
5638,1864,119,-1,528.68
5639,1864,58,2,109.02
5640,1865,97,2,369.73
5641,1865,9999,3,68.95
5642,1866,122,5,125.5
5643,1866,47,1,627.32
5644,1866,73,5,206.43
5645,1866,123,4,193.43
5646,1866,5,3,407.25
5647,1867,58,3,109.02
5648,1867,32,2,105.62
5649,1867,105,4,528.06
5650,1868,117,1,143.1
5651,1868,9,4,178.19
5652,1869,120,1,201.77
5653,1869,51,-1,286.54
5654,1870,45,1,506.13
5655,1870,25,4,253.88
5656,1871,10,1,28.04
5657,1872,57,3,213.11
5658,1872,120,1,$201.77
5659,1872,35,1,152.88
5660,1873,79,1,148.66
5661,1873,60,2,16.37
5662,1873,128,3,369.54
5663,1873,59,3,169.88
5664,1874,106,4,252.84
5665,1874,46,5,136.73
5666,1874,96,1,84.49
5667,1875,77,2,142.46
5668,1875,118,1,$306.50
5669,1876,58,1,109.02
5670,1876,43,2,330.60 JOD
5671,1876,9999,3,213.11
5672,1876,5,4,407.25
5673,1877,42,1,91.53
5674,1877,101,1,95.6
5675,1877,92,5,339.88
5676,1877,64,2,265.50
5677,1877,110,2,193.85
5678,1878,86,0,164.39
5679,1878,37,0,241.65
5680,1878,96,4,77.71
5681,1878,120,3,201.77
5682,1879,19,3,67.77
5683,1879,136,-1,
5684,1879,96,3,84.49
5685,1880,18,1,128.87
5686,1880,5,1,407.25
5687,1880,79,2,210.8
5688,1880,109,3,579.16
5689,1881,20,3,110.76
5690,1882,34,1,220.1
5691,1882,137,2,307.70
5692,1883,8,2,307.70
5693,1883,45,1,415.91
5694,1884,83,1,319.19
5695,1885,27,1,112.66
5696,1885,103,1,199.27
5697,1886,76,5,383.30
5698,1887,93,2,345.11
5699,1887,65,4,308.91
5700,1887,23,-1,68.95
5701,1888,68,-1,304.43
5702,1889,53,1,37.16
5703,1889,89,2,327.07
5704,1889,14,1,429.63
5705,1889,2,2,190.97
5706,1889,100,1,168.21 JOD
5707,1890,97,2,369.73
5708,1890,18,2,128.87
5709,1890,14,1,429.63
5710,1890,70,1,558.08
5711,1890,73,1,331.02
5712,1891,74,3,34.31
5713,1891,40,1,199.53
5714,1892,124,1,$58.04
5715,1892,94,1,389.5
5716,1893,74,1,34.31
5717,1894,100,0,249.16
5718,1894,4,5,546.12
5719,1895,29,1,181.96
5720,1896,97,4,369.73
5721,1896,30,5,30.32
5722,1896,70,1,379.91
5723,1897,103,3,244.5
5724,1898,121,1,317.45
5725,1898,34,1,153.49
5726,1898,48,2,23.46
5727,1898,76,0,$383.30
5728,1898,38,2,454.8
5729,1899,7,1,152.65
5730,1899,78,2,121.77
5731,1900,60,2,16.37
5732,1901,26,1,264.67
5733,1901,11,1,489.65
5734,1901,85,3,8.08
5735,1901,135,2,18.43
5736,1902,16,1,148.16
5737,1902,34,1,220.10
5738,1902,9999,2,256.27
5739,1903,40,1,199.53
5740,1903,45,2,415.91
5741,1903,110,2,193.85
5742,1903,51,1,286.54
5743,1903,132,1,82.53
5744,1904,123,1,151.87
5745,1904,114,3,403.81
5746,1904,124,3,58.11
5747,1904,88,2,238.01
5748,1905,15,1,111.32
5749,1905,68,3,304.43
5750,1905,39,3,253.25
5751,1906,37,2,241.65
5752,1907,38,1,454.8
5753,1907,78,2,121.77
5754,1907,73,1,331.02
5755,1908,73,4,258.45
5756,1908,25,1,253.88
5757,1908,121,1,317.45
5758,1909,137,1,373.03
5759,1909,12,3,214.91
5760,1910,63,1,575.86
5761,1910,73,2,331.02
5762,1911,114,2,403.81
5763,1911,85,2,8.08
5764,1912,74,2,34.31
5765,1913,9999,1,339.88
5766,1914,53,1,37.16
5767,1915,116,1,359.58
5768,1915,35,1,152.88
5769,1915,118,4,306.5
5770,1916,62,1,295.19
5771,1916,121,5,317.45
5772,1916,94,1,389.5
5773,1916,58,1,109.02
5774,1917,62,1,278.56
5775,1917,28,1,297.02
5776,1917,15,0,81.29
5777,1917,131,1,419.09
5778,1917,114,1,403.81
5779,1918,125,1,552.19
5780,1918,106,4,252.84
5781,1919,21,1,14.38
5782,1919,90,0,56.52
5783,1919,128,1,369.54
5784,1919,116,1,359.58
5785,1920,29,2,181.96
5786,1920,110,1,193.85
5787,1920,25,2,253.88
5788,1920,102,2,169.19
5789,1921,17,-1,185.99
5790,1921,112,3,159.92
5791,1921,70,3,379.91
5792,1921,16,1,148.16
5793,1921,43,1,330.6
5794,1922,84,1,455.31
5795,1923,131,1,396.05
5796,1923,96,1,84.49
5797,1923,77,2,101.15
5798,1924,9999,5,23.1
5799,1924,103,1,$244.50
5800,1924,107,1,376.14
5801,1924,93,3,345.11
5802,1925,37,3,241.65
5803,1925,119,3,528.68
5804,1925,129,3,535.98
5805,1926,73,4,331.02
5806,1927,8,4,$307.70
5807,1927,57,1,213.11
5808,1927,54,5,89.36
5809,1927,76,1,405.04
5810,1928,15,1,81.29
5811,1928,121,3,275.38
5812,1928,45,1,415.91
5813,1928,10,1,28.04
5814,1929,125,2,552.19
5815,1929,79,3,106.43
5816,1929,23,1,68.95
5817,1929,60,5,16.37
5818,1929,93,4,345.11
5819,1930,126,2,200.63
5820,1931,22,1,36.29
5821,1931,78,4,121.77
5822,1931,106,4,129.82
5823,1931,3,1,390.52
5824,1931,97,3,369.73
5825,1932,17,1,185.99
5826,1932,101,1,95.6
5827,1932,121,2,317.45
5828,1933,134,3,40.0
5829,1934,110,4,193.85
5830,1934,135,4,18.43
5831,1935,110,1,193.85
5832,1935,134,2,40.0
5833,1936,98,5,243.42
5834,1936,21,4,14.38
5835,1936,76,1,383.3
5836,1937,5,2,407.25
5837,1937,70,2,438.09
5838,1938,91,2,243.25
5839,1938,38,1,454.8
5840,1938,45,5,415.91
5841,1939,74,2,34.31
5842,1939,84,1,455.31
5843,1940,22,3,36.29
5844,1940,11,1,489.65
5845,1940,111,2,291.81
5846,1940,48,2,23.10
5847,1941,3,2,390.52
5848,1942,67,4,291.96
5849,1943,64,0,265.5
5850,1943,66,2,189.82
5851,1943,98,1,243.42
5852,1944,37,0,241.65
5853,1944,133,-1,97.51
5854,1944,1,2,585.67
5855,1944,33,1,407.76
5856,1945,115,5,302.06
5857,1945,73,1,331.02
5858,1946,133,2,97.51
5859,1946,18,3,128.87
5860,1947,75,3,347.56
5861,1947,25,1,253.88
5862,1948,33,4,407.76
5863,1948,48,2,23.1
5864,1948,50,1,397.99
5865,1948,2,3,190.97
5866,1949,125,2,552.19
5867,1950,41,2,244.47
5868,1950,98,3,243.42
5869,1951,46,1,$136.73
5870,1951,63,2,575.86
5871,1952,57,0,213.11
5872,1953,88,-1,238.01
5873,1954,111,2,291.81
5874,1954,27,3,112.66
5875,1955,63,2,528.92
5876,1955,51,1,286.54
5877,1956,26,3,264.67
5878,1957,14,1,429.63
5879,1957,61,5,101.60
5880,1957,132,2,82.53
5881,1958,106,2,252.84
5882,1958,129,2,535.98
5883,1958,7,3,152.65
5884,1958,76,4,276.11
5885,1958,52,2,171.01
5886,1959,83,1,319.19
5887,1959,113,3,$191.78
5888,1959,31,4,71.76
5889,1960,40,1,199.53
5890,1960,56,5,31.92
5891,1960,85,1,8.08
5892,1961,120,3,$201.77
5893,1962,121,3,317.45
5894,1962,109,1,579.16
5895,1963,29,2,181.96
5896,1964,37,3,241.65
5897,1964,80,3,209.93
5898,1964,59,2,169.88
5899,1965,106,1,252.84
5900,1966,59,2,169.88
5901,1966,13,3,186.29
5902,1966,27,3,112.66
5903,1967,93,2,345.11
5904,1967,108,1,242.90
5905,1968,69,5,175.49
5906,1968,36,1,19.3
5907,1968,67,1,$291.96
5908,1969,106,0,231.43
5909,1969,89,1,403.36
5910,1969,14,2,429.63
5911,1969,12,4,214.91
5912,1970,118,2,306.5
5913,1970,109,4,579.16
5914,1970,78,4,121.77 JOD
5915,1970,47,3,627.32
5916,1971,36,2,19.3
5917,1971,80,1,144.45
5918,1971,9,2,178.19
5919,1972,34,0,220.10
5920,1972,5,2,407.25
5921,1973,41,4,191.67
5922,1973,75,1,347.56
5923,1973,97,4,369.73
5924,1973,131,2,396.05
5925,1973,58,4,109.02
5926,1974,29,1,
5927,1974,47,4,627.32
5928,1974,42,2,91.53
5929,1974,100,2,249.16
5930,1974,106,2,140.88
5931,1975,83,4,319.19
5932,1975,59,-1,169.88
5933,1976,81,5,121.47
5934,1976,26,3,264.67
5935,1976,22,1,36.29
5936,1976,98,3,243.42
5937,1976,120,2,201.77 JOD
5938,1977,134,2,40.00
5939,1977,65,1,308.91
5940,1978,67,0,291.96
5941,1978,106,3,252.84
5942,1978,46,2,136.73
5943,1978,32,4,105.62
5944,1979,37,1,$203.38
5945,1979,58,3,109.02
5946,1980,24,1,360.88
5947,1981,36,4,19.3
5948,1982,39,1,253.25
5949,1982,121,4,317.45
5950,1982,33,2,407.76
5951,1982,103,1,244.5
5952,1983,137,4,307.7
5953,1983,118,1,306.5
5954,1983,78,1,121.77
5955,1983,32,3,105.62
5956,1983,52,1,171.01
5957,1984,53,1,37.16
5958,1984,72,1,404.5
5959,1984,21,4,14.38
5960,1984,73,2,331.02
5961,1984,93,1,345.11
5962,1985,96,2,84.49
5963,1985,35,2,152.88
5964,1985,70,2,379.91
5965,1985,98,1,243.42
5966,1986,112,2,210.61
5967,1986,137,2,307.7
5968,1986,75,2,347.56
5969,1987,11,3,501.26 JOD
5970,1987,88,1,238.01
5971,1987,110,4,193.85
5972,1987,101,2,95.6
5973,1988,80,1,144.45
5974,1989,28,3,222.75
5975,1989,97,1,369.73
5976,1989,61,2,101.6
5977,1990,46,1,136.73
5978,1990,98,1,243.42
5979,1990,94,2,389.5
5980,1991,98,2,243.42
5981,1991,103,1,244.5
5982,1991,50,1,444.51
5983,1991,95,1,545.43
5984,1991,10,1,28.04
5985,1992,40,2,199.53
5986,1992,44,1,106.04
5987,1992,58,2,109.02
5988,1992,95,1,545.43
5989,1993,55,4,116.87
5990,1993,15,4,81.29
5991,1993,28,1,222.75
5992,1994,107,1,376.14
5993,1994,81,2,121.47
5994,1994,84,2,455.31
5995,1994,47,2,627.32
5996,1995,99,1,140.32
5997,1995,96,4,84.49
5998,1995,41,1,191.67
5999,1995,123,3,151.87
6000,1995,75,2,347.56
6001,1996,72,3,404.50
6002,1996,61,1,101.6
6003,1996,74,1,34.31
6004,1996,78,1,139.59
6005,1996,106,1,252.84
6006,1997,69,2,175.49
6007,1997,55,2,216.25
6008,1998,39,3,253.25
6009,1998,115,1,173.89
6010,1999,90,1,56.52
6011,1999,25,2,218.79
6012,1999,86,0,127.41
6013,1999,133,2,97.51
6014,1999,127,1,587.72
6015,2000,112,-1,183.26
6016,2000,106,2,252.84
6017,2000,76,3,383.3
6018,2000,94,3,389.5
6019,2001,10,0,28.04
6020,2001,28,3,222.75
6021,2001,26,1,264.67
6022,2001,84,-1,455.31
6023,2002,45,2,415.91
6024,2002,58,1,150.45
6025,2002,7,4,152.65
6026,2002,51,5,286.54
6027,2003,103,2,244.5
6028,2004,15,3,81.29
6029,2004,128,1,369.54
6030,2004,89,4,594.29
6031,2004,112,0,183.26
6032,2005,40,-1,199.53
6033,2005,77,1,101.15
6034,2006,88,1,238.01
6035,2007,89,2,399.6
6036,2007,100,2,249.16
6037,2007,133,1,97.51
6038,2007,82,1,189.31
6039,2008,131,2,396.05
6040,2009,50,-1,397.99
6041,2009,12,5,214.91
6042,2009,135,1,18.43
6043,2009,121,2,200.35
6044,2009,83,2,319.19
6045,2010,89,1,403.36
6046,2010,1,2,585.67
6047,2011,21,1,14.38
6048,2011,67,1,291.96
6049,2011,104,2,98.77
6050,2011,118,1,306.50
6051,2011,110,0,193.85
6052,2012,6,1,28.27
6053,2012,127,0,587.72
6054,2012,126,2,200.63
6055,2013,5,3,407.25
6056,2013,62,2,205.4
6057,2013,132,3,106.29
6058,2013,106,1,252.84
6059,2014,107,5,376.14
6060,2014,16,1,108.35
6061,2014,33,1,407.76
6062,2014,72,1,404.50
6063,2015,132,2,82.53
6064,2016,117,3,143.10
6065,2016,86,1,164.39
6066,2016,53,1,37.16
6067,2017,136,2,314.21
6068,2017,130,1,59.94
6069,2018,84,4,320.33
6070,2018,30,3,43.65
6071,2019,123,2,151.87
6072,2020,2,3,190.97
6073,2020,134,1,40.0
6074,2021,28,1,222.75
6075,2021,115,1,302.06
6076,2021,57,2,316.26
6077,2021,92,3,339.88
6078,2021,7,1,154.03
6079,2022,30,3,43.65
6080,2022,126,4,200.63
6081,2022,12,1,214.91
6082,2022,109,2,579.16
6083,2023,118,4,306.5
6084,2023,12,1,214.91
6085,2023,72,2,404.5
6086,2024,137,-1,307.7
6087,2024,59,1,169.88
6088,2024,116,1,$359.58
6089,2025,21,1,14.38
6090,2025,113,2,191.78
6091,2025,56,2,31.92
6092,2025,10,4,31.94
6093,2026,80,1,144.45
6094,2026,82,-1,244.2
6095,2026,87,1,
6096,2026,30,1,43.65
6097,2027,9,1,178.19
6098,2027,13,2,186.29 JOD
6099,2027,28,1,222.75
6100,2027,88,1,238.01
6101,2027,134,1,40.0
6102,2028,24,1,360.88
6103,2028,82,4,244.20
6104,2028,134,1,40.0
6105,2029,70,3,379.91
6106,2029,35,2,159.2
6107,2029,51,-1,286.54
6108,2029,77,5,101.15
6109,2029,73,1,191.31
6110,2030,44,1,106.84
6111,2030,59,3,169.88
6112,2030,61,4,93.6
6113,2031,136,2,298.39
6114,2032,44,2,106.04
6115,2032,23,3,68.95
6116,2032,114,3,403.81
6117,2032,11,1,489.65
6118,2032,22,1,50.69
6119,2033,131,1,396.05
6120,2033,52,0,171.01
6121,2033,1,1,585.67
6122,2034,61,4,101.60 JOD
6123,2034,33,0,407.76
6124,2034,133,2,97.51
6125,2034,23,1,68.95
6126,2035,23,2,68.95
6127,2036,3,-1,390.52
6128,2036,2,1,190.97
6129,2036,118,1,306.5
6130,2036,121,1,$317.45
6131,2036,75,4,347.56
6132,2037,52,5,89.43
6133,2038,123,5,104.27
6134,2038,74,2,34.31
6135,2039,101,1,95.6
6136,2039,124,1,58.04
6137,2039,108,1,138.91
6138,2040,19,0,67.77
6139,2040,30,1,43.65
6140,2040,60,2,16.37
6141,2040,96,1,
6142,2041,33,4,407.76
6143,2041,107,2,376.14
6144,2041,1,-1,585.67
6145,2042,3,3,390.52
6146,2042,124,3,58.04
6147,2042,123,3,151.87
6148,2043,25,1,253.88
6149,2044,88,3,238.01
6150,2044,104,1,98.77
6151,2044,74,2,31.18
6152,2044,80,2,162.35
6153,2044,68,1,304.43
6154,2045,107,4,$376.14
6155,2045,125,-1,552.19
6156,2046,50,1,545.42
6157,2046,90,2,56.52
6158,2046,100,2,245.18
6159,2047,62,1,205.40
6160,2047,85,0,8.08
6161,2048,89,4,403.36
6162,2048,104,3,98.77 JOD
6163,2048,1,3,585.67
6164,2048,30,0,43.65
6165,2049,57,2,213.11
6166,2049,45,1,415.91
6167,2049,2,1,190.97
6168,2049,54,4,89.36
6169,2050,91,2,243.25
6170,2050,37,3,241.65
6171,2051,50,1,397.99
6172,2051,105,-1,763.76
6173,2052,128,3,369.54
6174,2052,102,-1,169.19
6175,2052,47,2,627.32
6176,2052,84,2,455.31
6177,2053,124,2,58.04
6178,2053,7,1,80.74
6179,2053,26,5,264.67
6180,2054,51,5,286.54
6181,2054,42,1,91.53
6182,2054,35,1,152.88
6183,2054,60,4,16.37
6184,2055,65,2,308.91
6185,2055,38,1,454.8
6186,2056,22,3,36.29
6187,2056,33,1,407.76
6188,2056,4,1,546.12
6189,2056,73,5,331.02
6190,2057,53,2,42.82
6191,2057,42,4,91.53
6192,2057,46,5,136.73
6193,2058,43,1,330.6
6194,2058,32,1,105.62
6195,2058,129,1,535.98
6196,2058,21,2,14.38
6197,2059,37,4,241.65
6198,2059,53,1,37.16
6199,2059,93,2,345.11
6200,2059,33,0,247.04
6201,2059,26,1,311.04
6202,2060,122,3,125.5
6203,2061,88,3,238.01
6204,2061,64,1,133.22
6205,2062,133,1,97.51
6206,2062,80,1,144.45
6207,2062,124,3,58.04
6208,2062,136,1,314.21
6209,2062,6,1,46.39
6210,2063,53,-1,37.16
6211,2063,11,2,489.65
6212,2063,126,1,200.63
6213,2063,88,1,238.01
6214,2063,137,1,307.7
6215,2064,131,2,396.05
6216,2065,44,1,142.89
6217,2066,105,2,528.06
6218,2066,68,2,304.43
6219,2066,49,1,206.38
6220,2067,55,1,216.25
6221,2068,132,4,91.8
6222,2069,76,1,383.3
6223,2069,62,1,$205.40
6224,2069,75,1,347.56
6225,2069,137,3,307.70 JOD
6226,2070,105,2,528.06
6227,2070,108,1,242.9
6228,2070,13,4,186.29
6229,2070,73,2,331.02
6230,2071,70,3,379.91
6231,2072,80,3,144.45
6232,2073,37,2,241.65
6233,2074,24,4,360.88
6234,2074,93,2,345.11
6235,2075,121,1,317.45
6236,2076,135,1,18.43
6237,2076,103,1,244.50
6238,2076,123,1,151.87
6239,2077,111,1,291.81
6240,2077,7,2,152.65
6241,2078,99,0,140.32
6242,2078,61,1,101.60
6243,2078,14,1,429.63
6244,2078,85,5,8.08
6245,2078,98,2,243.42
6246,2079,38,0,454.80
6247,2080,55,1,216.25
6248,2080,110,5,193.85
6249,2081,95,2,312.75
6250,2081,97,4,369.73
6251,2081,30,1,43.65
6252,2081,80,5,144.45
6253,2082,39,2,253.25
6254,2083,56,1,31.92
6255,2084,18,2,128.87
6256,2084,105,3,528.06
6257,2085,125,1,552.19
6258,2086,85,3,8.08
6259,2086,40,2,199.53
6260,2087,21,2,$14.38
6261,2088,87,5,262.59
6262,2088,58,3,$109.02
6263,2088,41,2,191.67
6264,2088,49,1,206.38
6265,2089,47,2,627.32
6266,2089,73,1,331.02
6267,2089,27,0,112.66
6268,2089,78,1,121.77
6269,2089,14,2,429.63
6270,2090,135,1,18.43
6271,2091,23,1,68.95
6272,2091,68,3,304.43
6273,2091,128,1,369.54
6274,2091,117,1,143.1
6275,2091,53,1,$37.16
6276,2092,13,2,186.29
6277,2092,78,2,114.35
6278,2092,63,1,575.86
6279,2093,38,3,454.8
6280,2093,129,5,535.98
6281,2093,96,1,84.49
6282,2093,9,1,178.19
6283,2093,82,1,244.2
6284,2094,115,1,302.06
6285,2094,116,0,359.58
6286,2094,136,1,314.21
6287,2095,124,3,58.04
6288,2095,90,1,56.52
6289,2096,119,5,337.0
6290,2096,37,3,241.65
6291,2096,129,4,535.98
6292,2096,72,3,404.5
6293,2097,67,2,291.96
6294,2097,91,2,243.25
6295,2097,101,2,95.60
6296,2098,111,5,291.81
6297,2098,110,2,193.85
6298,2099,24,0,360.88
6299,2099,118,1,306.5
6300,2099,38,1,454.8
6301,2099,109,1,579.16
6302,2099,8,1,307.7
6303,2100,43,3,330.6
6304,2100,77,1,101.15
6305,2100,123,1,151.87
6306,2100,65,1,308.91
6307,2101,1,1,828.23
6308,2101,3,2,390.52
6309,2101,117,1,143.10
6310,2101,122,1,125.5
6311,2101,136,0,
6312,2102,55,1,216.25
6313,2102,38,3,454.8
6314,2102,129,1,535.98
6315,2103,5,2,407.25
6316,2103,65,-1,308.91
6317,2103,94,1,363.12
6318,2103,112,4,183.26
6319,2104,42,1,91.53
6320,2104,99,-1,140.32
6321,2104,106,5,252.84
6322,2104,135,1,18.43
6323,2105,91,2,243.25
6324,2105,90,1,$30.94
6325,2106,107,2,376.14
6326,2107,92,5,339.88
6327,2107,102,2,169.19
6328,2107,77,2,101.15 JOD
6329,2107,62,3,205.4
6330,2107,30,1,43.65
6331,2108,135,2,18.43
6332,2108,51,1,286.54
6333,2108,49,3,206.38
6334,2108,42,1,91.53
6335,2109,22,5,18.54
6336,2110,17,2,185.99
6337,2110,62,3,205.40
6338,2110,102,2,161.55
6339,2110,52,3,171.01
6340,2110,89,1,450.55
6341,2111,91,1,243.25
6342,2112,100,1,249.16
6343,2112,22,3,36.29
6344,2112,110,2,193.85
6345,2112,55,2,216.25
6346,2112,49,1,206.38
6347,2113,53,0,52.49
6348,2114,15,5,81.29
6349,2114,61,0,101.6
6350,2115,5,1,407.25
6351,2115,81,2,121.47
6352,2115,132,4,82.53
6353,2115,43,5,330.60
6354,2115,70,0,379.91
6355,2116,104,2,95.58
6356,2116,115,3,302.06
6357,2116,45,3,415.91
6358,2116,8,3,307.7
6359,2116,11,1,523.34
6360,2117,95,2,545.43
6361,2117,73,5,165.86
6362,2117,50,1,397.99
6363,2117,43,0,330.6
6364,2117,105,1,528.06
6365,2118,30,1,43.65
6366,2118,37,4,241.65
6367,2118,126,-1,200.63
6368,2118,5,1,407.25
6369,2118,120,2,201.77
6370,2119,95,3,545.43 JOD
6371,2119,89,1,403.36
6372,2119,7,2,152.65
6373,2119,39,2,253.25
6374,2119,110,5,193.85
6375,2120,93,2,345.11
6376,2120,9999,1,89.36
6377,2120,23,3,68.95
6378,2120,41,4,191.67
6379,2120,115,1,302.06
6380,2121,90,4,56.52
6381,2121,100,1,249.16
6382,2121,68,2,304.43
6383,2121,88,1,238.01
6384,2121,71,3,374.89
6385,2122,46,1,136.73
6386,2122,100,2,249.16
6387,2122,122,2,125.50
6388,2122,44,1,106.04
6389,2123,117,2,143.1
6390,2123,60,2,16.37
6391,2123,57,5,213.11
6392,2124,34,2,220.1
6393,2124,52,1,171.01
6394,2124,124,2,58.04
6395,2125,31,2,71.76
6396,2125,53,2,51.05
6397,2125,9999,3,112.66
6398,2126,98,2,$243.42
6399,2126,104,3,98.77
6400,2126,43,1,330.60 JOD
6401,2126,111,2,291.81
6402,2127,34,1,$220.10
6403,2127,119,4,607.15
6404,2127,67,1,291.96
6405,2127,68,2,304.43
6406,2127,117,4,143.10
6407,2128,64,1,265.5
6408,2129,88,1,135.41
6409,2129,32,2,105.62
6410,2129,58,2,109.02
6411,2129,42,1,
6412,2130,7,1,152.65
6413,2130,20,0,$110.76
6414,2130,15,0,81.29
6415,2130,39,2,253.25
6416,2130,18,-1,128.87
6417,2131,89,3,403.36
6418,2131,62,1,205.4
6419,2131,121,1,317.45
6420,2131,28,3,242.91
6421,2131,26,4,264.67
6422,2132,42,1,91.53
6423,2133,104,4,98.77
6424,2133,37,2,311.72
6425,2133,74,1,34.31
6426,2133,86,2,164.39
6427,2134,32,2,105.62
6428,2135,33,5,407.76
6429,2135,25,1,253.88
6430,2135,114,-1,403.81
6431,2135,101,4,95.6
6432,2136,100,2,249.16
6433,2136,27,1,112.66
6434,2136,68,1,$304.43
6435,2136,77,2,101.15
6436,2136,9999,1,19.3
6437,2137,33,2,407.76
6438,2137,74,1,34.31
6439,2137,52,2,171.01
6440,2137,92,1,339.88
6441,2138,9999,2,330.60
6442,2138,115,5,302.06
6443,2138,124,5,58.04
6444,2138,107,3,346.8
6445,2138,111,1,291.81
6446,2139,119,2,528.68
6447,2139,14,4,429.63
6448,2139,26,0,264.67
6449,2139,12,1,214.91
6450,2139,25,1,253.88
6451,2140,114,1,403.81
6452,2140,64,3,265.5
6453,2140,121,1,317.45
6454,2141,73,1,331.02
6455,2141,3,3,390.52
6456,2142,8,2,307.7
6457,2142,59,1,169.88
6458,2142,69,4,175.49
6459,2142,123,2,151.87
6460,2142,88,2,238.01
6461,2143,34,2,220.1
6462,2144,33,1,407.76
6463,2144,114,1,403.81
6464,2144,115,1,302.06
6465,2145,128,2,369.54
6466,2145,36,1,19.3
6467,2145,124,1,58.04
6468,2145,40,1,199.53
6469,2146,24,3,510.91
6470,2146,55,1,230.26
6471,2147,18,2,128.87
6472,2147,43,1,330.6
6473,2147,127,1,315.83
6474,2148,5,1,407.25 JOD
6475,2148,82,1,244.2
6476,2149,51,3,
6477,2150,83,1,216.91
6478,2150,126,-1,200.63
6479,2150,2,3,190.97
6480,2150,21,2,14.38
6481,2150,111,1,291.81
6482,2151,131,2,$384.45
6483,2151,45,2,415.91 JOD
6484,2151,120,2,201.77
6485,2151,56,2,31.92
6486,2152,125,4,552.19
6487,2152,85,3,8.08
6488,2152,45,1,415.91
6489,2153,73,2,331.02
6490,2154,61,4,101.6
6491,2154,119,1,528.68
6492,2154,35,1,152.88
6493,2155,11,1,489.65
6494,2155,134,2,40.00
6495,2155,19,1,67.77
6496,2155,16,3,148.16
6497,2155,113,3,191.78
6498,2156,23,1,68.95
6499,2157,73,5,331.02
6500,2157,126,5,299.68
6501,2157,99,2,140.32
6502,2157,35,1,152.88
6503,2158,47,1,627.32
6504,2158,105,1,528.06
6505,2158,15,3,71.25
6506,2159,113,0,167.78
6507,2159,14,3,429.63
6508,2160,107,1,376.14
6509,2160,77,3,$101.15
6510,2160,137,1,307.7
6511,2160,52,1,171.01
6512,2161,5,2,407.25
6513,2161,2,2,190.97
6514,2161,97,0,369.73
6515,2162,80,3,144.45
6516,2162,44,1,106.04
6517,2162,88,3,$238.01
6518,2162,43,2,330.6
6519,2163,40,4,199.53
6520,2163,30,-1,43.65
6521,2164,28,2,222.75
6522,2164,67,1,318.09
6523,2164,113,4,191.78
6524,2165,133,1,97.51
6525,2165,24,5,360.88
6526,2166,99,2,140.32
6527,2166,42,2,91.53
6528,2166,17,0,185.99
6529,2166,53,1,37.16
6530,2166,125,2,332.59
6531,2167,19,1,$58.77
6532,2168,53,2,37.16
6533,2169,46,1,136.73
6534,2169,3,2,390.52
6535,2169,26,2,264.67
6536,2169,120,1,201.77
6537,2170,40,3,199.53
6538,2171,57,1,213.11
6539,2171,79,-1,210.8
6540,2172,96,1,84.49
6541,2172,135,3,18.43
6542,2172,46,1,136.73
6543,2172,9999,1,68.95
6544,2172,85,1,8.08
6545,2173,18,4,128.87
6546,2174,48,2,23.1
6547,2175,28,1,222.75
6548,2175,85,2,8.08
6549,2175,6,5,28.56
6550,2175,130,1,59.94
6551,2175,16,4,148.16
6552,2176,20,2,110.76
6553,2176,43,5,330.6
6554,2176,30,3,43.65
6555,2176,64,1,265.50
6556,2176,59,0,187.21
6557,2177,82,1,244.20
6558,2177,127,1,
6559,2177,95,2,545.43
6560,2177,63,0,575.86
6561,2177,12,1,214.91
6562,2178,114,2,403.81
6563,2179,130,1,59.94
6564,2179,102,2,169.19
6565,2179,83,-1,319.19
6566,2179,84,3,455.31
6567,2179,70,1,379.91
6568,2180,132,3,82.53
6569,2180,108,2,242.9
6570,2181,30,5,43.84
6571,2182,1,2,585.67
6572,2182,118,5,306.50
6573,2182,7,1,152.65
6574,2182,36,2,19.3
6575,2182,110,2,193.85
6576,2183,73,2,331.02
6577,2183,100,1,249.16
6578,2183,51,1,286.54
6579,2183,113,3,191.78
6580,2183,84,2,455.31
6581,2184,73,2,331.02
6582,2184,84,1,455.31
6583,2184,11,2,489.65
6584,2184,112,2,183.26
6585,2185,77,0,125.03
6586,2185,28,1,222.75
6587,2185,55,1,216.25
6588,2185,114,1,406.55
6589,2186,74,2,34.31
6590,2186,2,1,$190.97
6591,2186,90,5,56.52
6592,2187,105,2,528.06
6593,2187,103,1,244.50
6594,2188,72,2,404.5
6595,2188,129,-1,535.98
6596,2188,103,1,244.5
6597,2189,117,1,143.1
6598,2189,28,1,222.75
6599,2189,2,1,190.97
6600,2189,40,1,199.53
6601,2189,127,1,587.72
6602,2190,49,3,206.38
6603,2190,17,1,185.99
6604,2191,118,1,306.5
6605,2191,136,3,314.21
6606,2191,28,1,222.75
6607,2191,77,2,101.15
6608,2191,90,1,56.52
6609,2192,107,4,376.14
6610,2192,72,2,404.50
6611,2193,111,3,291.81
6612,2193,137,1,307.7
6613,2193,12,3,214.91
6614,2193,112,2,183.26
6615,2194,7,1,152.65
6616,2194,18,1,$168.60
6617,2194,49,1,171.42
6618,2194,135,3,18.43
6619,2195,62,1,205.4
6620,2195,72,1,404.50
6621,2195,118,0,306.5
6622,2196,84,1,455.31
6623,2197,124,1,58.04
6624,2197,123,2,151.87
6625,2197,1,2,585.67
6626,2197,82,2,244.2
6627,2197,109,4,579.16
6628,2198,37,1,241.65
6629,2198,3,2,390.52
6630,2199,67,1,291.96
6631,2199,19,1,67.77
6632,2199,101,2,95.6
6633,2200,41,2,191.67
6634,2200,39,2,253.25
6635,2200,13,4,186.29
6636,2201,59,2,169.88
6637,2201,100,1,249.16
6638,2201,2,2,190.97
6639,2201,76,1,383.30
6640,2202,31,3,71.76
6641,2203,126,0,125.77
6642,2204,83,1,319.19
6643,2204,77,1,101.15
6644,2205,114,0,579.58
6645,2205,31,3,71.76
6646,2206,113,3,191.78
6647,2207,8,1,307.70
6648,2208,11,3,489.65
6649,2209,53,1,37.16
6650,2209,50,3,397.99
6651,2209,113,1,191.78
6652,2210,58,1,109.02
6653,2210,106,1,252.84
6654,2210,51,1,286.54
6655,2211,111,2,221.4
6656,2211,28,4,222.75
6657,2212,88,4,238.01
6658,2212,57,3,213.11
6659,2212,77,1,101.15
6660,2213,82,3,244.2
6661,2213,59,1,169.88
6662,2213,126,1,200.63
6663,2213,51,3,260.74
6664,2213,48,3,23.10
6665,2214,13,-1,186.29
6666,2214,84,1,363.06
6667,2214,70,3,379.91
6668,2215,134,1,21.06
6669,2215,46,1,136.73
6670,2215,88,2,238.01
6671,2215,101,2,95.6
6672,2216,4,1,546.12
6673,2217,34,5,220.1
6674,2217,18,3,128.87
6675,2217,85,0,8.08
6676,2218,124,2,58.04
6677,2218,15,2,81.29
6678,2218,127,1,587.72
6679,2219,77,-1,101.15
6680,2219,81,2,121.47
6681,2219,87,2,262.59
6682,2219,66,4,231.00
6683,2219,2,3,190.97
6684,2220,81,3,121.47
6685,2220,58,4,116.51
6686,2220,49,2,206.38 JOD
6687,2220,17,2,185.99
6688,2220,7,2,
6689,2221,38,2,454.80
6690,2221,12,3,214.91
6691,2221,30,1,43.65
6692,2222,21,1,14.38
6693,2222,135,1,18.43
6694,2222,27,3,112.66
6695,2222,76,0,383.3
6696,2223,118,1,306.50
6697,2223,109,5,579.16
6698,2224,73,3,331.02
6699,2224,16,3,149.17
6700,2224,34,1,220.10
6701,2225,119,2,528.68
6702,2225,105,2,528.06
6703,2225,17,1,185.99
6704,2226,17,1,185.99
6705,2227,12,2,214.91
6706,2227,123,1,151.87
6707,2227,11,1,347.92
6708,2227,122,1,125.5
6709,2227,2,1,190.97
6710,2228,39,5,253.25
6711,2228,44,1,106.04
6712,2228,94,1,389.5
6713,2229,118,1,306.5
6714,2229,23,1,68.95
6715,2229,53,4,37.16
6716,2230,6,5,46.39
6717,2230,126,1,200.63
6718,2231,7,3,152.65
6719,2231,136,0,314.21
6720,2231,135,4,18.43
6721,2231,30,1,43.65
6722,2232,6,3,46.39
6723,2232,76,2,383.3
6724,2232,57,5,213.11
6725,2233,34,1,220.1
6726,2233,100,2,249.16
6727,2234,71,5,374.89
6728,2234,128,4,369.54
6729,2234,32,0,105.62
6730,2235,66,2,231.00
6731,2235,130,4,59.94
6732,2235,99,4,140.32
6733,2235,7,2,152.65
6734,2235,84,2,455.31
6735,2236,44,2,106.04
6736,2236,18,1,128.87
6737,2236,100,1,249.16
6738,2236,65,1,308.91
6739,2237,23,3,93.79
6740,2237,113,1,191.78
6741,2237,79,3,210.80 JOD
6742,2237,40,2,199.53
6743,2238,97,1,369.73
6744,2238,135,1,18.43
6745,2238,111,1,291.81
6746,2239,137,3,307.7
6747,2239,119,-1,528.68
6748,2240,30,1,43.65
6749,2241,69,5,175.49
6750,2241,38,2,389.53
6751,2241,51,4,286.54
6752,2242,60,1,16.37
6753,2242,79,1,210.8
6754,2242,26,2,264.67
6755,2243,79,2,210.8
6756,2243,50,2,397.99
6757,2243,83,2,319.19
6758,2244,88,1,203.69
6759,2244,127,2,587.72
6760,2245,121,5,317.45
6761,2245,97,2,369.73
6762,2245,116,4,359.58
6763,2245,108,0,125.78
6764,2246,25,2,253.88
6765,2247,77,1,101.15
6766,2247,115,4,302.06
6767,2247,72,2,367.85
6768,2247,62,3,263.51
6769,2248,57,2,279.26
6770,2248,21,1,14.38
6771,2249,25,1,253.88
6772,2249,64,1,265.50
6773,2249,85,-1,8.08
6774,2250,97,1,369.73
6775,2250,85,1,8.08
6776,2250,83,1,$319.19
6777,2250,121,2,317.45
6778,2251,33,3,407.76
6779,2251,67,2,291.96
6780,2251,23,3,68.95
6781,2251,137,2,307.7
6782,2252,88,-1,$238.01
6783,2252,10,1,28.04
6784,2253,91,4,243.25
6785,2253,84,1,455.31
6786,2254,78,3,121.77
6787,2254,56,3,31.92
6788,2254,65,2,308.91
6789,2254,82,2,244.20
6790,2255,110,2,193.85
6791,2255,26,4,264.67
6792,2255,34,3,$220.10
6793,2255,117,1,143.1
6794,2256,9999,1,455.31
6795,2256,32,1,105.62
6796,2256,13,1,186.29
6797,2257,68,3,304.43
6798,2257,130,2,76.33
6799,2257,123,1,151.87
6800,2257,97,1,369.73
6801,2257,127,1,665.32
6802,2258,108,1,242.9
6803,2258,71,2,374.89
6804,2258,120,5,201.77
6805,2259,111,2,$247.32
6806,2259,38,4,454.80
6807,2260,70,1,379.91
6808,2260,126,1,200.63
6809,2260,98,1,243.42
6810,2261,38,1,454.8
6811,2261,132,3,82.53
6812,2261,137,1,307.7
6813,2261,120,5,201.77
6814,2262,127,1,587.72
6815,2262,10,1,28.04
6816,2262,115,-1,302.06
6817,2263,127,2,587.72
6818,2263,124,2,58.04
6819,2263,132,2,82.53
6820,2264,9,2,125.09
6821,2264,91,2,243.25
6822,2265,80,3,144.45
6823,2265,9999,1,220.1
6824,2265,44,2,106.04
6825,2265,15,1,81.29
6826,2265,6,3,46.39
6827,2266,20,5,110.76
6828,2266,111,2,291.81
6829,2266,73,1,392.86
6830,2267,69,0,175.49
6831,2268,111,2,311.74
6832,2268,29,2,181.96
6833,2269,8,1,307.7
6834,2269,101,2,95.60
6835,2269,35,1,152.88
6836,2270,33,2,407.76
6837,2271,120,1,201.77
6838,2271,111,2,291.81
6839,2271,47,1,627.32
6840,2271,131,1,396.05
6841,2271,71,0,374.89
6842,2272,7,1,$152.65
6843,2272,13,5,186.29
6844,2272,105,1,528.06
6845,2272,83,1,319.19
6846,2273,64,3,265.5
6847,2273,25,1,253.88
6848,2274,43,5,330.60
6849,2274,60,4,16.37
6850,2274,81,2,121.47
6851,2274,33,5,407.76
6852,2274,109,5,579.16
6853,2275,23,3,70.33
6854,2275,92,1,476.10 JOD
6855,2275,121,3,317.45
6856,2275,16,3,148.16
6857,2275,63,1,575.86
6858,2276,34,1,220.1
6859,2276,5,1,407.25
6860,2276,56,0,31.92
6861,2276,41,1,191.67
6862,2277,82,5,301.6
6863,2277,103,1,244.5
6864,2278,119,2,528.68
6865,2278,120,1,201.77
6866,2279,72,-1,404.5
6867,2279,37,2,241.65
6868,2279,56,3,31.92
6869,2279,108,2,319.39
6870,2279,23,4,68.95
6871,2280,125,3,552.19
6872,2280,49,1,160.38
6873,2280,134,2,40.0
6874,2281,3,1,$390.52
6875,2281,43,1,330.6
6876,2281,78,2,121.77
6877,2281,80,-1,144.45
6878,2282,21,1,8.35
6879,2282,25,2,253.88
6880,2282,52,5,171.01
6881,2283,137,3,307.7
6882,2283,108,0,242.90
6883,2283,23,2,68.95
6884,2284,40,2,170.55
6885,2285,90,3,$56.52
6886,2285,120,1,201.77
6887,2285,73,4,331.02
6888,2285,24,2,360.88
6889,2286,27,1,112.66
6890,2286,130,2,59.94
6891,2286,77,2,101.15
6892,2286,19,1,67.77
6893,2286,21,1,14.38
6894,2287,72,5,404.5
6895,2287,107,1,376.14
6896,2287,87,2,262.59
6897,2287,129,2,535.98
6898,2287,49,2,206.38
6899,2288,123,4,151.87
6900,2288,11,1,489.65
6901,2288,86,4,164.39
6902,2288,84,1,455.31
6903,2289,121,3,317.45
6904,2289,74,1,34.31
6905,2289,128,-1,369.54
6906,2289,39,1,253.25
6907,2290,7,5,152.65
6908,2290,76,2,383.3
6909,2290,79,3,119.0
6910,2290,80,1,144.45
6911,2291,41,2,191.67
6912,2291,74,0,34.31
6913,2291,102,1,169.19
6914,2291,68,1,387.95
6915,2292,73,1,412.95
6916,2293,56,1,31.92
6917,2293,28,2,222.75
6918,2293,9999,1,71.76
6919,2293,99,2,140.32
6920,2294,56,3,31.92
6921,2294,10,4,28.04
6922,2294,77,1,101.15
6923,2294,35,2,104.46
6924,2294,134,1,40.00
6925,2295,103,5,244.5
6926,2295,90,1,51.02
6927,2295,58,5,109.02
6928,2295,74,1,19.19
6929,2295,100,3,249.16
6930,2296,132,4,82.53
6931,2296,119,1,528.68
6932,2296,58,2,109.02
6933,2297,124,1,68.25
6934,2298,27,1,112.66
6935,2298,79,2,210.8
6936,2298,18,2,128.87
6937,2298,21,1,19.94
6938,2299,27,1,112.66
6939,2299,132,0,82.53
6940,2299,9999,1,205.40
6941,2300,91,4,243.25
6942,2300,16,1,148.16
6943,2300,96,1,84.49
6944,2300,70,2,256.36
6945,2301,77,1,101.15
6946,2302,43,-1,330.6
6947,2302,117,3,143.1
6948,2302,55,4,216.25
6949,2303,120,2,201.77
6950,2303,78,1,121.77
6951,2304,15,1,$81.29
6952,2304,130,3,59.94
6953,2304,34,2,322.69
6954,2305,7,2,152.65
6955,2305,122,5,$125.50
6956,2305,112,2,183.26
6957,2306,101,3,95.6
6958,2306,89,1,252.02
6959,2307,18,1,124.15
6960,2307,50,1,397.99
6961,2308,123,2,151.87
6962,2308,69,1,175.49
6963,2309,81,5,121.47
6964,2310,24,2,360.88
6965,2310,91,1,190.34 JOD
6966,2311,106,-1,252.84
6967,2311,66,1,231.00
6968,2311,30,2,43.65
6969,2311,107,1,376.14 JOD
6970,2312,63,2,575.86
6971,2312,79,0,210.8
6972,2313,15,1,81.29
6973,2313,108,4,242.90
6974,2313,26,0,384.71
6975,2313,118,3,404.66
6976,2313,100,3,$249.16
6977,2314,95,2,545.43
6978,2314,107,4,376.14
6979,2314,136,2,165.26
6980,2314,39,2,253.25
6981,2315,105,2,528.06
6982,2315,36,1,19.30
6983,2315,40,3,199.53
6984,2316,98,1,243.42
6985,2316,80,3,144.45
6986,2317,94,4,389.5
6987,2317,23,1,68.95
6988,2317,134,4,40.0
6989,2317,137,1,307.7
6990,2317,79,1,210.80 JOD
6991,2318,76,4,383.3
6992,2318,131,2,396.05
6993,2318,6,3,59.04
6994,2319,70,2,379.91
6995,2320,8,2,307.7
6996,2321,123,3,$151.87
6997,2321,126,1,200.63
6998,2321,108,3,242.9
6999,2322,17,1,185.99
7000,2322,87,5,262.59
7001,2323,54,4,$89.36
7002,2323,76,2,383.3
7003,2323,12,1,189.65
7004,2323,22,1,36.29
7005,2323,28,2,222.75
7006,2324,75,1,347.56
7007,2324,129,1,535.98
7008,2325,9,3,178.19
7009,2325,109,4,579.16
7010,2326,18,1,128.87
7011,2326,12,1,214.91
7012,2326,34,1,220.1
7013,2327,67,4,291.96
7014,2327,117,1,143.1
7015,2328,98,4,243.42
7016,2328,113,1,191.78
7017,2328,97,-1,369.73
7018,2328,84,3,455.31
7019,2329,132,2,82.53
7020,2330,118,-1,306.5
7021,2330,92,1,339.88
7022,2330,46,1,198.38
7023,2330,40,4,199.53
7024,2331,22,1,36.29
7025,2331,58,0,136.69
7026,2331,133,2,97.51
7027,2332,86,2,173.24
7028,2332,39,1,253.25
7029,2333,64,1,265.5
7030,2333,95,2,545.43
7031,2333,137,5,307.7
7032,2333,55,1,216.25
7033,2334,131,1,324.74
7034,2335,35,1,152.88
7035,2336,3,1,390.52
7036,2337,8,2,307.7
7037,2337,13,1,186.29
7038,2338,80,1,144.45
7039,2338,134,1,40.0
7040,2338,108,2,242.9
7041,2339,134,2,40.00
7042,2339,35,3,152.88
7043,2340,73,0,331.02
7044,2341,110,1,193.85
7045,2341,107,1,376.14
7046,2341,72,3,
7047,2342,135,3,18.43
7048,2342,115,4,302.06
7049,2342,100,1,249.16
7050,2343,12,2,138.58
7051,2343,25,1,253.88
7052,2343,136,4,314.21
7053,2344,103,3,244.50
7054,2344,39,1,$253.25
7055,2345,122,5,125.5
7056,2346,12,4,214.91
7057,2347,21,2,14.38
7058,2347,127,2,587.72
7059,2347,116,1,359.58
7060,2347,91,2,222.20
7061,2347,132,4,82.53
7062,2348,45,1,306.84
7063,2349,13,1,186.29
7064,2350,127,2,587.72
7065,2350,37,3,241.65
7066,2350,9999,1,410.65
7067,2350,3,4,$390.52
7068,2350,48,2,23.1
7069,2351,25,1,253.88
7070,2351,122,3,125.5
7071,2352,71,2,374.89
7072,2352,119,1,528.68
7073,2352,76,1,$383.30
7074,2352,59,2,169.88
7075,2353,90,1,56.52
7076,2353,30,1,43.65
7077,2353,87,1,262.59
7078,2353,121,1,317.45
7079,2353,53,5,37.16
7080,2354,3,1,390.52
7081,2354,10,1,28.04
7082,2354,14,2,429.63
7083,2354,2,1,260.15
7084,2354,4,1,546.12
7085,2355,54,2,89.36
7086,2355,52,5,171.01
7087,2355,79,2,210.8
7088,2356,65,1,308.91
7089,2356,58,2,109.02
7090,2356,91,2,243.25
7091,2356,100,1,$256.00
7092,2356,101,0,95.6
7093,2357,57,1,213.11
7094,2357,30,1,43.65
7095,2357,106,1,252.84
7096,2358,10,1,28.04
7097,2358,3,1,390.52
7098,2358,38,4,454.8
7099,2358,128,5,369.54
7100,2358,80,5,144.45
7101,2359,36,0,19.3
7102,2359,61,3,106.92
7103,2359,33,1,407.76
7104,2359,14,1,$429.63
7105,2359,2,2,190.97
7106,2360,102,0,169.19
7107,2360,24,4,360.88
7108,2360,80,0,144.45
7109,2361,35,4,152.88
7110,2361,3,2,390.52
7111,2361,97,1,369.73
7112,2361,119,3,528.68
7113,2362,33,-1,407.76
7114,2362,19,1,67.77
7115,2362,49,-1,206.38
7116,2363,136,1,321.55
7117,2364,113,1,191.78
7118,2364,106,2,252.84
7119,2364,88,5,238.01
7120,2365,122,3,125.50
7121,2365,85,1,8.08
7122,2366,102,5,169.19
7123,2366,91,1,$243.25
7124,2367,39,1,253.25
7125,2367,37,2,241.65
7126,2367,58,1,109.02
7127,2367,54,1,89.36
7128,2368,91,2,243.25
7129,2368,78,2,121.77
7130,2368,36,4,19.3
7131,2369,130,3,59.94
7132,2369,106,3,252.84
7133,2370,97,1,369.73
7134,2370,11,4,633.18
7135,2371,72,2,276.11
7136,2371,38,1,454.8
7137,2371,125,1,552.19
7138,2371,76,1,383.3
7139,2371,15,1,81.29
7140,2372,9,2,178.19
7141,2372,91,1,243.25
7142,2372,109,1,579.16
7143,2373,26,1,264.67
7144,2373,9,2,178.19
7145,2373,113,1,191.78
7146,2374,134,1,40.00
7147,2374,2,3,190.97
7148,2374,118,1,306.5
7149,2374,114,1,497.52
7150,2374,87,2,262.59
7151,2375,97,4,369.73
7152,2375,23,2,68.95
7153,2376,64,2,265.5
7154,2376,49,1,206.38
7155,2376,1,1,585.67
7156,2377,12,3,214.91
7157,2377,106,3,252.84
7158,2377,127,3,587.72
7159,2377,38,4,454.8
7160,2378,81,2,121.47
7161,2378,7,5,$152.65
7162,2378,89,2,314.86
7163,2379,122,1,125.5
7164,2379,83,4,319.19
7165,2379,72,5,353.14
7166,2380,4,1,546.12
7167,2380,11,2,489.65
7168,2380,76,2,383.3
7169,2380,54,1,89.36
7170,2380,17,1,185.99
7171,2381,119,4,528.68
7172,2381,38,2,454.80 JOD
7173,2381,130,2,59.94
7174,2381,117,2,143.10
7175,2381,44,2,106.04
7176,2382,72,3,404.5
7177,2382,71,1,374.89
7178,2382,43,2,344.73
7179,2382,70,2,379.91
7180,2383,12,2,214.91
7181,2383,129,1,535.98
7182,2384,67,1,291.96
7183,2384,6,1,55.06
7184,2384,129,3,535.98
7185,2385,63,2,336.88
7186,2385,128,1,369.54
7187,2385,109,3,579.16
7188,2385,90,4,56.52
7189,2385,99,2,140.32
7190,2386,37,1,241.65
7191,2386,122,4,125.50
7192,2386,107,1,376.14
7193,2386,80,2,144.45
7194,2387,65,2,162.59
7195,2387,45,1,415.91
7196,2388,53,3,37.16
7197,2388,88,3,238.01
7198,2388,134,4,40.0
7199,2388,82,1,244.20
7200,2388,41,3,191.67
7201,2389,129,4,535.98
7202,2390,132,2,73.15
7203,2391,73,5,331.02
7204,2392,81,3,143.86
7205,2392,109,1,
7206,2392,89,1,403.36
7207,2393,14,4,429.63
7208,2393,50,5,397.99
7209,2393,114,3,397.21
7210,2393,9999,3,149.03
7211,2394,109,2,579.16
7212,2394,135,1,18.43
7213,2395,117,3,143.1
7214,2395,45,1,415.91
7215,2395,51,3,$286.54
7216,2395,134,1,40.0
7217,2395,9999,1,110.76
7218,2396,63,1,575.86
7219,2397,69,4,175.49
7220,2397,104,2,100.19
7221,2397,124,1,58.04
7222,2397,121,1,317.45
7223,2397,89,1,403.36
7224,2398,25,4,253.88
7225,2398,45,1,415.91
7226,2398,92,1,339.88
7227,2398,68,2,304.43
7228,2399,118,2,306.5
7229,2400,132,3,82.53
7230,2401,95,2,545.43
7231,2401,43,2,337.16
7232,2401,30,2,43.65
7233,2402,84,2,368.89
7234,2402,92,1,339.88
7235,2402,108,2,242.90
7236,2403,37,3,241.65
7237,2403,40,1,199.53
7238,2403,76,3,383.3
7239,2404,20,2,110.76
7240,2404,59,2,169.88
7241,2405,33,1,407.76
7242,2405,98,1,243.42
7243,2405,134,1,40.0
7244,2405,108,2,242.90
7245,2405,124,4,58.04
7246,2406,47,1,627.32
7247,2406,123,3,151.87
7248,2406,119,-1,528.68
7249,2407,132,1,82.53
7250,2407,1,1,585.67
7251,2407,69,1,103.94
7252,2407,38,2,454.8
7253,2407,99,4,140.32
7254,2408,22,2,36.29
7255,2408,40,1,199.53
7256,2408,99,4,140.32
7257,2408,103,0,244.50
7258,2408,46,1,136.73
7259,2409,66,1,231.00
7260,2409,15,1,81.29
7261,2409,83,5,319.19
7262,2409,92,4,339.88
7263,2410,52,1,171.01
7264,2410,56,0,31.92
7265,2411,62,4,205.40
7266,2411,34,1,220.1
7267,2411,17,1,185.99
7268,2411,73,1,331.02
7269,2412,65,1,308.91
7270,2412,94,1,389.5
7271,2412,47,1,627.32
7272,2412,137,1,307.7
7273,2412,104,2,98.77
7274,2413,108,1,242.9
7275,2413,121,0,317.45
7276,2413,83,2,226.11
7277,2414,14,1,429.63
7278,2414,112,4,183.26
7279,2414,59,1,169.88
7280,2414,8,2,307.70
7281,2414,128,1,369.54
7282,2415,93,1,345.11
7283,2415,112,1,183.26 JOD
7284,2416,111,4,349.49
7285,2416,92,1,339.88
7286,2416,122,3,125.5
7287,2416,136,0,314.21
7288,2416,128,1,369.54
7289,2417,30,1,31.06
7290,2417,88,0,238.01
7291,2417,23,2,68.95
7292,2417,66,5,231.00
7293,2418,66,4,231.00
7294,2418,129,2,535.98
7295,2418,48,2,22.09
7296,2419,12,2,214.91
7297,2419,20,2,110.76
7298,2419,55,1,216.25
7299,2420,65,3,308.91
7300,2421,111,1,291.81
7301,2421,124,2,58.04
7302,2421,55,1,216.25
7303,2421,99,1,140.32
7304,2422,80,1,144.45
7305,2423,40,1,199.53
7306,2423,55,2,$216.25
7307,2423,131,2,396.05
7308,2423,63,1,575.86
7309,2424,93,2,345.11
7310,2424,9999,1,205.40
7311,2425,87,1,262.59
7312,2425,14,1,429.63
7313,2426,108,3,242.9
7314,2426,99,0,140.32
7315,2426,9999,1,291.81
7316,2426,116,1,359.58
7317,2427,42,2,
7318,2428,75,1,347.56
7319,2428,50,5,397.99
7320,2429,106,4,252.84
7321,2429,110,1,193.85
7322,2429,136,2,314.21
7323,2429,59,1,169.88
7324,2430,49,3,206.38
7325,2430,93,1,277.44
7326,2430,51,3,286.54
7327,2431,102,5,169.19
7328,2431,60,5,16.37
7329,2431,87,3,262.59
7330,2431,92,1,339.88
7331,2432,12,2,214.91
7332,2433,121,3,$317.45
7333,2433,14,0,429.63
7334,2434,11,4,489.65
7335,2435,80,2,144.45
7336,2435,29,3,181.96
7337,2436,95,1,545.43
7338,2437,36,5,19.3
7339,2438,29,3,181.96
7340,2438,61,1,101.60
7341,2438,137,1,307.7
7342,2438,57,1,213.11
7343,2438,14,3,429.63
7344,2439,48,2,23.1
7345,2439,14,0,429.63
7346,2439,54,1,89.36
7347,2439,103,1,244.5
7348,2439,19,5,67.77
7349,2440,37,2,241.65
7350,2441,107,3,542.42
7351,2441,113,1,191.78
7352,2441,79,3,210.8
7353,2442,93,1,427.54
7354,2443,115,1,302.06
7355,2443,37,2,241.65
7356,2443,16,5,148.16
7357,2444,87,2,262.59
7358,2444,102,5,169.19
7359,2444,119,2,528.68
7360,2445,137,2,307.7
7361,2446,113,3,191.78
7362,2446,27,0,112.66
7363,2446,35,2,152.88
7364,2446,81,1,121.47
7365,2447,70,-1,379.91
7366,2447,124,1,58.04
7367,2448,121,1,317.45 JOD
7368,2449,9999,2,397.99
7369,2450,79,4,210.8
7370,2450,85,5,8.08
7371,2451,89,4,403.36
7372,2451,44,4,106.04
7373,2451,38,1,454.8
7374,2451,29,5,181.96
7375,2451,13,5,186.29
7376,2452,9999,1,302.06
7377,2452,68,2,304.43
7378,2452,135,2,18.43
7379,2452,136,5,314.21
7380,2452,33,2,407.76
7381,2453,71,3,431.6
7382,2453,111,1,291.81
7383,2453,96,3,84.49
7384,2453,129,1,535.98
7385,2453,90,1,56.52
7386,2454,87,1,$262.59
7387,2454,105,1,528.06
7388,2454,15,4,81.29
7389,2454,106,3,252.84
7390,2454,94,1,389.50
7391,2455,77,2,101.15
7392,2455,92,0,339.88
7393,2455,2,1,190.97
7394,2455,115,3,302.06
7395,2456,49,1,206.38
7396,2456,53,4,30.55
7397,2457,135,1,18.43
7398,2458,16,4,148.16
7399,2458,32,2,105.62
7400,2458,10,1,28.04
7401,2458,60,3,16.37
7402,2458,67,2,291.96
7403,2459,110,2,193.85
7404,2459,35,1,152.88
7405,2459,75,4,347.56
7406,2460,104,-1,98.77
7407,2460,105,1,528.06
7408,2460,25,2,253.88
7409,2461,63,1,575.86
7410,2461,136,3,314.21
7411,2461,82,1,244.2
7412,2461,124,1,58.04
7413,2462,62,1,$205.40
7414,2462,137,1,307.7
7415,2462,20,4,110.76
7416,2463,84,3,455.31
7417,2464,136,2,314.21
7418,2465,108,3,242.9
7419,2465,39,0,253.25
7420,2465,19,1,67.77
7421,2465,46,1,72.84
7422,2466,61,3,101.6
7423,2467,71,-1,374.89
7424,2467,24,1,360.88
7425,2467,45,2,$415.91
7426,2467,49,1,206.38
7427,2468,96,2,84.49
7428,2469,72,2,404.5
7429,2469,108,3,$242.90
7430,2469,34,1,220.10
7431,2470,56,3,31.92
7432,2470,84,4,455.31
7433,2470,34,2,220.1
7434,2471,135,5,18.43
7435,2471,31,2,71.76
7436,2471,110,2,193.85
7437,2472,105,3,528.06
7438,2472,110,3,193.85
7439,2472,25,1,253.88
7440,2472,51,0,286.54
7441,2473,127,3,587.72
7442,2473,109,1,579.16
7443,2473,117,1,143.10
7444,2474,55,1,150.83
7445,2474,35,1,78.64
7446,2474,59,1,169.88
7447,2474,69,2,175.49
7448,2475,34,0,220.1
7449,2476,117,5,143.1
7450,2476,20,2,110.76
7451,2477,94,1,389.50
7452,2477,110,2,193.85
7453,2478,26,2,$264.67
7454,2478,97,4,369.73
7455,2478,30,1,39.24
7456,2479,9,5,178.19
7457,2479,126,2,200.63 JOD
7458,2479,97,4,369.73
7459,2479,102,3,169.19
7460,2479,75,2,347.56
7461,2480,4,0,546.12
7462,2481,99,3,102.85
7463,2481,29,1,181.96
7464,2481,15,1,81.29
7465,2482,70,5,379.91
7466,2482,96,1,84.49
7467,2482,34,2,220.1
7468,2482,109,2,579.16
7469,2483,107,0,464.55
7470,2484,92,2,$339.88
7471,2484,101,1,95.6
7472,2484,70,5,397.06
7473,2485,133,2,97.51
7474,2485,3,2,390.52
7475,2485,9999,1,74.67
7476,2486,51,-1,$286.54
7477,2486,18,5,128.87
7478,2486,117,2,143.1
7479,2486,46,2,136.73
7480,2486,107,2,376.14
7481,2487,13,2,186.29
7482,2487,133,1,97.51
7483,2487,61,2,101.6
7484,2488,16,1,148.16
7485,2488,76,4,383.3
7486,2489,59,1,169.88
7487,2489,133,2,96.4
7488,2489,88,1,238.01
7489,2489,9999,1,205.4
7490,2489,23,3,68.95
7491,2490,21,0,14.38
7492,2490,35,1,152.88
7493,2490,96,2,84.49
7494,2491,110,4,193.85
7495,2492,28,5,222.75
7496,2493,50,1,397.99 JOD
7497,2493,11,5,489.65
7498,2493,130,2,59.94
7499,2493,43,1,330.60
7500,2494,72,2,404.5
7501,2494,13,1,186.29
7502,2494,16,1,148.16
7503,2494,111,3,291.81
7504,2494,44,1,$106.04
7505,2495,132,1,100.19
7506,2495,134,3,40.0
7507,2495,12,-1,214.91
7508,2496,43,1,330.60
7509,2496,96,4,84.49
7510,2496,134,1,40.00
7511,2496,83,1,319.19
7512,2497,31,1,71.76
7513,2497,71,1,374.89
7514,2497,38,2,$454.80
7515,2497,136,1,
7516,2498,40,2,199.53
7517,2499,15,1,81.29
7518,2499,23,1,68.95
7519,2499,7,2,152.65
7520,2499,49,0,206.38
7521,2500,66,4,
7522,2500,106,1,252.84
7523,2500,100,3,249.16
7524,2500,19,2,67.77
7525,2500,67,3,291.96
7526,2501,76,3,383.3
7527,2501,102,1,169.19
7528,2502,120,2,201.77
7529,2503,100,3,249.16
7530,2504,27,1,112.66
7531,2504,81,3,121.47
7532,2504,122,3,125.50
7533,2504,18,3,128.87
7534,2505,108,1,242.90 JOD
7535,2505,120,1,290.23
7536,2505,131,1,396.05
7537,2505,38,2,454.8
7538,2506,46,1,136.73
7539,2506,131,1,396.05
7540,2506,94,1,389.5
7541,2506,109,3,579.16
7542,2506,49,3,206.38
7543,2507,93,3,345.11
7544,2507,107,1,376.14
7545,2508,95,1,545.43
7546,2508,84,1,606.0
7547,2509,10,2,$28.04
7548,2509,95,3,375.02
7549,2510,99,1,140.32
7550,2510,90,1,45.38
7551,2510,75,1,347.56
7552,2510,85,1,8.08
7553,2510,102,1,108.96
7554,2511,84,-1,455.31
7555,2511,37,1,241.65
7556,2511,121,1,317.45
7557,2512,113,1,191.78
7558,2512,13,4,222.23
7559,2512,112,1,177.07
7560,2513,13,4,186.29
7561,2513,120,1,201.77
7562,2513,130,1,59.94
7563,2513,14,2,429.63
7564,2513,71,2,374.89
7565,2514,15,2,81.29
7566,2514,82,2,244.2
7567,2515,20,1,110.76
7568,2515,43,4,330.6
7569,2515,125,2,552.19
7570,2516,14,2,429.63
7571,2516,114,2,403.81
7572,2517,30,3,43.65
7573,2517,108,2,242.9
7574,2518,105,-1,528.06
7575,2518,10,2,28.04
7576,2519,92,3,339.88
7577,2519,53,1,37.16
7578,2520,58,2,109.02
7579,2520,14,2,429.63
7580,2521,41,1,265.06
7581,2521,89,1,403.36
7582,2521,50,3,397.99
7583,2521,56,2,31.92
7584,2521,53,1,37.16
7585,2522,37,1,
7586,2522,71,3,374.89
7587,2522,3,5,390.52
7588,2523,121,2,317.45
7589,2523,84,3,455.31
7590,2523,116,1,359.58
7591,2523,66,1,231.0
7592,2523,75,1,347.56
7593,2524,73,1,331.02
7594,2524,3,1,390.52
7595,2524,27,1,112.66
7596,2524,104,1,98.77
7597,2524,119,5,528.68
7598,2525,132,1,82.53
7599,2526,91,3,243.25
7600,2526,16,3,148.16
7601,2526,115,2,302.06
7602,2526,88,2,238.01
7603,2526,62,1,205.4
7604,2527,9,1,178.19
7605,2527,83,3,319.19
7606,2528,3,5,262.32
7607,2528,107,2,376.14
7608,2528,111,1,291.81
7609,2528,125,1,552.19
7610,2529,21,4,14.38
7611,2530,29,2,181.96
7612,2530,108,2,321.98
7613,2531,52,1,$171.01
7614,2531,99,1,140.32
7615,2531,1,1,585.67
7616,2531,5,1,407.25
7617,2531,76,-1,383.3
7618,2532,86,2,164.39
7619,2532,31,1,71.76
7620,2533,2,1,190.97
7621,2533,15,2,81.29
7622,2533,59,2,169.88
7623,2534,126,1,200.63
7624,2534,85,3,8.08
7625,2534,132,1,82.53
7626,2534,9,1,178.19
7627,2534,89,1,403.36
7628,2535,43,1,330.6
7629,2536,54,4,89.36
7630,2536,28,1,222.75
7631,2536,73,2,331.02
7632,2537,115,1,280.61
7633,2537,70,1,379.91
7634,2537,108,2,242.9
7635,2537,45,1,415.91
7636,2538,45,3,457.62
7637,2538,120,3,201.77
7638,2538,35,2,91.66
7639,2539,80,3,144.45
7640,2539,97,1,369.73
7641,2539,59,2,169.88
7642,2539,9999,4,112.66
7643,2539,1,4,709.54
7644,2540,2,4,190.97
7645,2540,40,1,199.53
7646,2541,109,4,579.16
7647,2541,24,2,360.88
7648,2541,7,1,152.65
7649,2542,45,1,415.91
7650,2542,79,1,210.8
7651,2542,96,4,84.49
7652,2542,14,1,429.63
7653,2543,96,1,84.49
7654,2543,11,2,489.65
7655,2543,5,4,407.25
7656,2543,14,5,429.63
7657,2544,135,2,18.43
7658,2544,134,1,40.00
7659,2544,73,1,331.02
7660,2544,46,2,136.73
7661,2544,86,2,164.39
7662,2545,47,1,627.32
7663,2545,49,4,206.38
7664,2545,133,1,97.51
7665,2545,74,1,34.31
7666,2546,137,1,307.7
7667,2547,10,3,28.04
7668,2547,108,4,242.90
7669,2548,74,3,34.31
7670,2549,74,2,34.31
7671,2549,32,1,105.62
7672,2549,55,3,216.25
7673,2549,7,2,152.65
7674,2550,17,1,185.99
7675,2550,36,1,19.30
7676,2551,120,3,201.77
7677,2551,22,0,36.29
7678,2551,114,3,403.81
7679,2551,75,1,347.56
7680,2552,112,0,183.26
7681,2552,136,2,314.21
7682,2553,2,1,190.97
7683,2554,29,2,181.96
7684,2554,110,1,193.85
7685,2555,31,1,71.76
7686,2555,52,3,171.01
7687,2555,30,1,43.65
7688,2556,14,2,429.63
7689,2556,126,2,200.63
7690,2556,28,3,222.75
7691,2556,98,1,187.70
7692,2557,43,1,330.6
7693,2558,102,4,169.19
7694,2558,57,2,213.11
7695,2558,65,2,308.91
7696,2558,118,2,306.5
7697,2559,120,1,201.77
7698,2559,15,1,81.29
7699,2559,72,0,404.50
7700,2559,75,1,347.56
7701,2560,53,2,37.16
7702,2560,12,3,214.91
7703,2560,72,2,404.5
7704,2560,42,2,91.53
7705,2560,13,1,186.29
7706,2561,29,4,181.96
7707,2561,101,2,95.6
7708,2561,97,4,369.73
7709,2562,91,5,243.25
7710,2562,58,2,
7711,2562,45,1,260.88
7712,2562,30,4,32.96
7713,2562,118,3,306.5
7714,2563,84,-1,455.31
7715,2563,115,1,302.06
7716,2564,43,4,330.6
7717,2564,67,1,291.96
7718,2564,86,2,164.39
7719,2565,34,1,220.1
7720,2566,48,1,23.1
7721,2566,11,1,489.65
7722,2566,71,3,374.89
7723,2566,132,4,82.53
7724,2566,88,1,238.01
7725,2567,9999,1,306.5
7726,2567,127,3,587.72
7727,2568,116,-1,359.58
7728,2568,67,1,291.96
7729,2568,5,1,407.25
7730,2568,107,4,376.14
7731,2568,101,4,95.60
7732,2569,14,1,429.63
7733,2569,129,4,535.98
7734,2569,100,1,249.16
7735,2569,74,1,34.31
7736,2570,38,1,454.8
7737,2570,47,3,627.32
7738,2570,57,2,213.11
7739,2570,113,1,191.78
7740,2570,19,1,67.77
7741,2571,40,1,199.53
7742,2571,2,1,190.97
7743,2571,3,2,390.52
7744,2572,2,4,219.05
7745,2572,44,1,78.29
7746,2572,102,1,169.19
7747,2572,61,3,101.6
7748,2572,34,1,220.1
7749,2573,31,2,71.76
7750,2573,120,2,201.77
7751,2573,44,4,106.04
7752,2573,81,2,121.47
7753,2573,106,1,252.84
7754,2574,118,2,306.5
7755,2574,120,1,201.77
7756,2575,51,3,158.45
7757,2575,96,3,84.49
7758,2575,106,1,252.84
7759,2575,58,-1,114.88
7760,2576,3,5,390.52
7761,2576,82,2,244.2
7762,2576,23,1,59.19
7763,2576,66,2,231.00
7764,2577,111,3,291.81
7765,2577,60,4,16.37
7766,2577,134,1,40.00
7767,2577,45,3,415.91
7768,2578,133,3,97.51
7769,2578,14,3,429.63
7770,2578,62,1,205.4
7771,2578,40,5,199.53
7772,2579,9,2,121.67
7773,2579,20,0,110.76
7774,2579,120,2,201.77
7775,2580,27,-1,112.66
7776,2581,30,2,43.65
7777,2581,99,1,140.32
7778,2581,87,5,153.7
7779,2581,19,1,67.77
7780,2581,33,2,407.76
7781,2582,106,1,252.84
7782,2582,122,1,125.5
7783,2582,31,2,71.76
7784,2583,100,2,249.16
7785,2583,62,1,149.15
7786,2583,4,0,546.12
7787,2584,121,1,317.45
7788,2584,19,1,45.56
7789,2584,33,2,407.76
7790,2584,80,1,144.45
7791,2584,62,4,205.4
7792,2585,118,3,306.5
7793,2585,129,1,535.98
7794,2585,79,1,210.8
7795,2586,121,4,202.70
7796,2586,72,1,404.5
7797,2586,70,5,379.91
7798,2586,18,2,128.87
7799,2587,39,2,253.25
7800,2588,65,1,308.91
7801,2588,84,2,455.31
7802,2588,51,3,286.54
7803,2588,46,1,136.73
7804,2588,31,2,$71.76
7805,2589,10,3,28.04
7806,2589,115,1,302.06
7807,2589,106,1,252.84
7808,2589,86,1,164.39
7809,2590,53,1,37.16
7810,2590,113,5,191.78
7811,2590,44,2,56.40
7812,2590,3,1,390.52
7813,2591,11,0,489.65
7814,2591,79,2,$210.80
7815,2591,85,3,8.08
7816,2591,92,2,339.88
7817,2591,86,1,164.39
7818,2592,92,1,339.88
7819,2592,1,2,585.67
7820,2592,108,4,242.9
7821,2593,98,1,243.42
7822,2593,104,1,98.77
7823,2594,59,1,169.88
7824,2594,92,3,339.88
7825,2594,1,1,606.49
7826,2594,82,1,244.2
7827,2594,120,2,201.77
7828,2595,65,2,308.91
7829,2595,34,2,220.10
7830,2595,90,1,56.52
7831,2595,137,4,307.7
7832,2595,66,1,231.0
7833,2596,62,-1,205.40
7834,2597,31,2,71.76
7835,2597,76,1,383.3
7836,2597,77,1,101.15
7837,2598,85,3,7.3
7838,2598,18,4,128.87
7839,2598,67,1,291.96
7840,2599,56,3,31.92
7841,2599,109,3,579.16
7842,2599,87,1,262.59
7843,2599,17,5,185.99
7844,2599,48,4,23.10
7845,2600,3,2,390.52
7846,2600,56,1,31.92
7847,2600,74,1,34.31
7848,2600,43,4,330.6
7849,2600,39,3,253.25
7850,2601,5,1,581.51
7851,2601,108,0,242.9
7852,2601,105,5,528.06
7853,2601,126,3,200.63
7854,2602,41,2,191.67
7855,2602,88,2,238.01
7856,2602,28,5,222.75
7857,2603,113,0,191.78
7858,2603,117,4,$120.16
7859,2604,10,1,28.04
7860,2604,84,1,455.31
7861,2604,91,1,243.25
7862,2605,114,3,403.81
7863,2605,105,1,528.06
7864,2605,86,2,211.45
7865,2605,81,1,121.47
7866,2605,95,2,545.43
7867,2606,34,2,220.10 JOD
7868,2606,96,2,84.49
7869,2606,62,1,205.4
7870,2606,7,4,152.65
7871,2607,64,3,265.5
7872,2608,93,3,345.11
7873,2608,82,2,244.2
7874,2609,123,3,151.87
7875,2609,9999,2,585.67
7876,2609,69,2,175.49
7877,2609,55,3,216.25
7878,2610,70,2,379.91
7879,2611,101,1,95.6
7880,2611,1,4,585.67
7881,2611,67,2,291.96
7882,2611,78,2,121.77
7883,2612,38,2,454.8
7884,2612,135,3,18.43
7885,2612,132,1,82.53
7886,2612,92,4,339.88
7887,2613,1,2,585.67
7888,2613,119,3,528.68
7889,2613,19,2,67.77
7890,2614,121,4,317.45
7891,2614,50,4,397.99
7892,2614,18,2,128.87
7893,2614,65,2,308.91
7894,2615,72,2,404.50
7895,2615,116,4,359.58
7896,2615,132,3,82.53
7897,2616,132,5,82.53 JOD
7898,2616,48,1,23.1
7899,2616,2,2,190.97
7900,2616,83,2,319.19
7901,2616,117,1,143.1
7902,2617,9,2,178.19
7903,2617,16,1,148.16
7904,2617,29,2,181.96
7905,2618,20,1,110.76
7906,2618,95,2,545.43
7907,2618,94,3,389.5
7908,2619,101,1,95.6
7909,2619,56,-1,31.92
7910,2619,117,1,143.10
7911,2619,79,1,210.80
7912,2619,66,4,134.96
7913,2620,38,0,454.8
7914,2620,109,1,579.16
7915,2621,42,5,91.53
7916,2621,44,2,106.04 JOD
7917,2621,54,1,89.36
7918,2622,135,2,$18.43
7919,2622,106,3,324.09
7920,2623,46,1,136.73
7921,2623,30,0,43.65
7922,2623,130,1,59.94
7923,2624,33,1,407.76
7924,2625,35,0,152.88
7925,2626,52,1,171.01
7926,2626,63,-1,575.86
7927,2627,84,1,455.31
7928,2628,87,2,262.59
7929,2628,14,1,429.63
7930,2628,47,3,627.32
7931,2628,84,1,455.31
7932,2629,57,1,213.11
7933,2629,3,1,510.5
7934,2629,126,1,200.63
7935,2630,70,2,286.43
7936,2631,9999,3,369.73
7937,2631,9,3,$178.19
7938,2631,44,5,106.04
7939,2632,32,3,$105.62
7940,2632,41,1,191.67
7941,2632,97,0,369.73
7942,2633,89,4,403.36
7943,2633,119,4,528.68
7944,2633,136,4,314.21
7945,2634,123,4,151.87
7946,2634,106,1,152.71
7947,2634,47,1,627.32
7948,2634,1,1,585.67
7949,2634,100,4,249.16
7950,2635,55,1,216.25
7951,2635,27,3,112.66
7952,2635,29,1,$181.96
7953,2635,25,0,253.88
7954,2635,105,0,528.06
7955,2636,27,1,112.66
7956,2636,99,4,$101.93
7957,2636,128,4,369.54
7958,2636,18,1,128.87
7959,2637,14,2,429.63
7960,2637,109,1,579.16
7961,2637,103,3,244.50
7962,2637,46,4,187.75
7963,2638,64,5,265.5
7964,2639,134,1,40.0
7965,2640,104,3,98.77
7966,2640,11,-1,489.65
7967,2640,80,3,144.45
7968,2641,97,1,369.73
7969,2641,102,3,169.19
7970,2641,70,0,379.91
7971,2641,72,2,404.50
7972,2641,77,1,101.15
7973,2642,104,-1,98.77
7974,2642,74,2,34.31
7975,2642,48,2,23.1
7976,2643,71,3,374.89
7977,2643,49,3,206.38
7978,2644,93,4,345.11
7979,2644,41,1,191.67
7980,2645,79,3,210.8
7981,2645,42,1,91.53
7982,2645,95,1,545.43
7983,2646,130,1,59.94
7984,2646,12,4,261.03
7985,2646,47,1,627.32
7986,2646,46,1,136.73
7987,2647,63,0,575.86
7988,2647,119,1,528.68
7989,2647,78,4,121.77
7990,2648,12,1,214.91
7991,2649,57,1,213.11
7992,2650,102,2,169.19
7993,2650,87,1,262.59
7994,2650,128,1,369.54
7995,2651,5,4,407.25
7996,2652,83,2,319.19
7997,2653,80,1,144.45
7998,2654,102,1,169.19
7999,2654,56,2,31.92
8000,2654,123,1,151.87
8001,2655,49,1,206.38
8002,2655,126,-1,200.63
8003,2655,66,1,231.0
8004,2655,62,1,205.40
8005,2656,36,1,22.07
8006,2656,122,1,125.50
8007,2656,27,2,112.66
8008,2657,127,5,587.72
8009,2658,92,0,339.88
8010,2658,93,2,316.51
8011,2658,86,1,164.39
8012,2658,56,-1,31.92
8013,2658,3,3,390.52
8014,2659,11,1,489.65
8015,2659,4,2,546.12
8016,2660,121,1,317.45
8017,2661,42,2,91.53
8018,2661,136,1,314.21
8019,2661,38,1,454.8
8020,2661,43,3,330.60
8021,2662,41,2,191.67
8022,2663,48,2,23.1
8023,2664,7,5,152.65
8024,2665,29,1,181.96
8025,2665,136,3,314.21
8026,2665,112,2,183.26
8027,2665,52,0,171.01
8028,2665,14,1,429.63
8029,2666,104,-1,98.77
8030,2666,56,3,31.92
8031,2667,68,1,304.43
8032,2667,49,2,206.38
8033,2667,27,2,118.47
8034,2668,80,1,144.45
8035,2668,97,3,369.73
8036,2669,61,3,101.6
8037,2669,83,4,319.19
8038,2669,9,5,178.19
8039,2670,48,2,23.10
8040,2670,26,2,$264.67
8041,2670,124,1,46.25
8042,2670,46,3,136.73
8043,2670,68,3,304.43
8044,2671,120,1,
8045,2671,74,2,34.31
8046,2671,7,1,152.65
8047,2671,8,2,307.70
8048,2672,74,2,34.31
8049,2673,130,4,59.94
8050,2673,34,3,220.1
8051,2673,137,1,307.7
8052,2673,101,1,95.6
8053,2673,80,0,144.45
8054,2674,53,4,37.16
8055,2675,106,1,252.84
8056,2675,32,1,105.62
8057,2675,11,3,489.65
8058,2675,35,5,152.88
8059,2675,92,3,339.88
8060,2676,50,1,397.99
8061,2676,110,1,193.85
8062,2676,30,1,43.65
8063,2677,29,2,181.96
8064,2677,102,1,169.19
8065,2677,19,3,67.77
8066,2677,122,4,125.5
8067,2677,130,5,59.94
8068,2678,8,2,307.7
8069,2679,98,1,221.74
8070,2679,37,1,241.65
8071,2679,84,1,455.31
8072,2679,130,1,59.94
8073,2679,101,1,95.60
8074,2680,134,1,40.0
8075,2680,57,1,308.33
8076,2680,22,1,36.29
8077,2681,16,1,95.72
8078,2682,51,2,$286.54
8079,2682,31,4,71.76
8080,2682,76,1,383.30
8081,2682,106,1,252.84
8082,2682,77,2,71.21
8083,2683,26,1,264.67
8084,2683,52,1,171.01
8085,2684,70,2,379.91
8086,2685,82,1,244.20
8087,2685,77,5,101.15
8088,2685,100,1,249.16
8089,2686,19,4,67.77
8090,2686,119,1,528.68
8091,2686,136,2,314.21
8092,2686,85,4,8.08
8093,2686,115,2,302.06
8094,2687,17,1,134.33
8095,2687,92,0,339.88
8096,2687,10,2,28.04
8097,2687,69,0,175.49
8098,2687,119,2,528.68
8099,2688,59,2,169.88
8100,2688,80,1,144.45
8101,2688,63,3,575.86
8102,2688,24,-1,360.88
8103,2689,70,2,209.53
8104,2690,66,0,231.00
8105,2690,134,3,40.00
8106,2690,129,2,535.98
8107,2690,78,1,121.77
8108,2690,79,-1,210.8
8109,2691,38,1,$454.80
8110,2691,37,2,241.65
8111,2691,129,4,535.98
8112,2691,22,1,36.29 JOD
8113,2692,132,3,82.53
8114,2692,24,3,360.88
8115,2692,110,1,193.85
8116,2692,80,1,144.45
8117,2693,108,5,242.90
8118,2693,97,1,369.73
8119,2693,15,2,81.29
8120,2693,96,3,84.49
8121,2693,107,1,376.14
8122,2694,64,2,265.50
8123,2695,80,1,$144.45
8124,2695,72,3,404.5
8125,2695,120,0,201.77
8126,2695,86,4,164.39
8127,2696,110,4,193.85
8128,2696,131,1,396.05
8129,2697,116,1,359.58
8130,2697,41,1,236.97
8131,2697,94,0,324.3
8132,2697,28,1,222.75 JOD
8133,2697,96,3,84.49
8134,2698,48,1,$23.10
8135,2698,5,2,407.25
8136,2698,11,4,489.65
8137,2698,60,2,16.37
8138,2698,73,1,331.02
8139,2699,12,1,214.91
8140,2699,26,-1,264.67
8141,2700,76,1,383.3
8142,2700,61,2,$101.60
8143,2700,41,1,191.67 JOD
8144,2701,84,3,455.31
8145,2702,43,1,330.6
8146,2702,23,2,68.95
8147,2702,38,1,454.8
8148,2702,85,5,8.08
8149,2702,11,4,489.65
8150,2703,9,1,178.19
8151,2704,30,4,27.71
8152,2704,37,3,241.65
8153,2705,51,2,286.54
8154,2706,130,2,59.94
8155,2707,4,2,546.12
8156,2708,3,3,390.52
8157,2708,66,1,231.00
8158,2708,24,3,360.88
8159,2708,89,1,$403.36
8160,2708,52,1,171.01
8161,2709,12,1,214.91
8162,2709,96,1,84.49
8163,2709,115,1,302.06
8164,2709,78,1,121.77
8165,2709,55,2,216.25
8166,2710,68,2,304.43
8167,2710,122,1,125.5
8168,2710,77,3,101.15
8169,2710,67,1,291.96
8170,2711,58,1,135.0
8171,2711,84,1,455.31
8172,2711,50,4,397.99
8173,2711,129,3,535.98
8174,2712,40,2,199.53
8175,2712,35,3,152.88
8176,2713,98,1,243.42
8177,2713,30,4,43.65 JOD
8178,2713,79,1,210.8
8179,2713,31,0,71.76
8180,2714,34,1,220.10
8181,2714,48,1,23.1
8182,2714,117,4,143.10
8183,2715,12,1,299.78
8184,2715,56,1,31.92
8185,2716,102,3,169.19
8186,2716,9,3,178.19
8187,2716,16,1,148.16
8188,2716,93,3,345.11 JOD
8189,2717,76,2,383.30
8190,2717,91,2,243.25
8191,2717,23,2,68.95
8192,2717,55,2,216.25
8193,2718,76,1,383.3
8194,2718,36,2,19.3
8195,2718,81,1,121.47
8196,2719,118,1,306.5
8197,2719,33,1,407.76 JOD
8198,2720,59,4,169.88
8199,2721,133,2,97.51
8200,2721,2,1,190.97
8201,2721,71,4,374.89
8202,2722,80,3,144.45
8203,2722,113,3,191.78
8204,2723,113,3,191.78
8205,2723,11,5,489.65
8206,2723,36,2,19.30
8207,2724,125,-1,552.19
8208,2724,122,3,125.5
8209,2725,74,1,34.31
8210,2726,136,3,367.21
8211,2726,19,5,67.77
8212,2726,104,1,98.77
8213,2726,86,1,164.39
8214,2727,103,5,$244.50
8215,2728,112,1,183.26
8216,2729,107,1,376.14
8217,2729,122,2,125.5
8218,2729,50,3,397.99
8219,2729,89,3,403.36
8220,2730,126,1,206.40
8221,2730,1,2,585.67
8222,2731,3,1,390.52
8223,2731,40,2,199.53
8224,2731,87,5,262.59
8225,2731,132,2,82.53
8226,2731,36,1,19.30 JOD
8227,2732,134,1,40.0
8228,2732,60,2,16.37
8229,2732,112,1,191.17
8230,2733,34,1,300.62
8231,2733,33,3,407.76
8232,2733,48,2,23.10
8233,2733,52,1,171.01
8234,2734,66,1,231.0
8235,2734,30,2,43.65
8236,2735,27,2,$112.66
8237,2736,135,3,18.43
8238,2736,51,1,286.54
8239,2737,117,-1,143.1
8240,2737,91,1,243.25
8241,2737,93,2,345.11
8242,2738,34,1,$220.10
8243,2738,133,1,97.51
8244,2738,31,5,71.76
8245,2738,63,1,575.86
8246,2738,69,4,175.49
8247,2739,4,1,546.12
8248,2739,124,2,58.04
8249,2740,2,1,190.97
8250,2740,102,2,169.19
8251,2740,61,0,101.6
8252,2740,26,2,264.67
8253,2741,98,1,243.42
8254,2741,27,2,112.66
8255,2741,35,0,152.88
8256,2741,9999,2,359.58
8257,2741,70,1,379.91
8258,2742,118,0,306.50
8259,2742,57,2,213.11
8260,2743,63,2,575.86
8261,2743,25,2,253.88
8262,2744,12,1,214.91
8263,2745,122,2,125.50
8264,2745,1,1,585.67
8265,2745,66,2,231.0
8266,2745,85,1,8.08
8267,2746,71,2,$374.89
8268,2746,91,3,243.25
8269,2746,41,4,191.67
8270,2747,57,1,213.11
8271,2747,103,1,244.50
8272,2747,129,1,535.98
8273,2748,49,1,206.38
8274,2748,127,1,587.72
8275,2748,89,1,403.36
8276,2748,104,1,65.45
8277,2748,24,2,360.88
8278,2749,78,1,121.77
8279,2749,60,4,22.78
8280,2750,75,1,347.56
8281,2750,33,2,407.76
8282,2750,115,3,302.06
8283,2751,32,3,98.2
8284,2751,78,-1,121.77
8285,2751,81,3,121.47
8286,2751,135,4,18.43
8287,2752,60,3,22.05
8288,2752,56,5,31.92
8289,2752,30,1,43.65
8290,2752,53,4,37.16
8291,2753,85,3,8.08
8292,2753,33,1,407.76
8293,2754,21,-1,14.38
8294,2754,127,1,587.72
8295,2754,24,1,360.88
8296,2754,38,1,454.8
8297,2755,69,0,175.49
8298,2755,112,2,203.47
8299,2755,124,4,58.04
8300,2756,122,4,125.5
8301,2756,124,2,58.04
8302,2757,17,1,185.99
8303,2757,112,2,183.26
8304,2757,110,3,193.85
8305,2757,30,2,43.65
8306,2757,63,1,$575.86
8307,2758,13,1,186.29
8308,2758,43,2,330.6
8309,2759,92,3,339.88
8310,2759,127,3,587.72
8311,2760,15,1,81.29
8312,2760,69,2,175.49
8313,2760,113,1,191.78
8314,2760,99,5,140.32
8315,2761,38,1,593.28
8316,2761,53,2,37.16
8317,2761,121,1,
8318,2761,110,3,225.19
8319,2761,47,1,627.32
8320,2762,76,1,383.3
8321,2762,109,1,
8322,2762,26,1,264.67
8323,2763,49,1,206.38
8324,2763,38,2,454.8
8325,2763,63,3,575.86
8326,2763,125,1,552.19
8327,2764,46,2,156.76
8328,2764,81,2,140.71
8329,2764,115,2,302.06
8330,2764,78,3,121.77
8331,2765,86,1,164.39
8332,2765,12,3,214.91
8333,2765,9,3,178.19
8334,2765,47,0,627.32
8335,2765,85,2,8.08
8336,2766,42,2,91.53
8337,2766,35,1,152.88
8338,2766,50,1,397.99
8339,2767,129,1,535.98
8340,2767,99,1,140.32
8341,2768,49,1,206.38
8342,2768,46,1,136.73
8343,2768,43,2,330.6
8344,2768,1,0,585.67
8345,2769,82,2,244.2
8346,2769,28,2,222.75
8347,2770,125,1,552.19
8348,2770,62,1,205.40
8349,2770,51,2,286.54
8350,2770,42,1,$91.53
8351,2771,78,4,157.39
8352,2771,123,3,151.87
8353,2772,133,2,97.51
8354,2772,3,3,390.52
8355,2773,46,2,136.73 JOD
8356,2773,42,2,91.53
8357,2773,81,2,140.24 JOD
8358,2774,23,1,68.95
8359,2774,85,3,11.65
8360,2775,47,0,627.32
8361,2775,107,4,376.14
8362,2776,111,2,291.81
8363,2776,5,5,407.25
8364,2777,128,1,369.54
8365,2777,25,1,253.88
8366,2777,76,3,383.3
8367,2777,82,4,244.2
8368,2778,111,1,290.12
8369,2779,77,1,101.15
8370,2779,72,1,404.50
8371,2780,75,1,347.56
8372,2780,70,0,379.91
8373,2780,41,0,$191.67
8374,2780,113,-1,191.78
8375,2780,106,3,271.62
8376,2781,49,2,206.38
8377,2781,40,5,199.53
8378,2781,22,1,36.29
8379,2782,8,1,307.7
8380,2783,6,3,46.39
8381,2783,55,1,304.93
8382,2783,118,2,306.5
8383,2783,127,1,587.72
8384,2784,44,1,106.04
8385,2784,79,2,210.8
8386,2784,42,3,91.53
8387,2785,99,1,140.32
8388,2785,57,5,213.11
8389,2785,111,4,291.81
8390,2786,46,0,136.73
8391,2786,97,1,369.73
8392,2786,25,3,253.88
8393,2786,6,0,46.39
8394,2787,132,1,82.53
8395,2787,111,4,291.81
8396,2787,30,2,43.65
8397,2788,107,4,376.14
8398,2789,113,1,191.78 JOD
8399,2789,91,1,243.25
8400,2789,99,1,140.32
8401,2789,107,1,376.14
8402,2790,96,1,84.49
8403,2790,8,1,307.7
8404,2791,123,2,151.87
8405,2791,41,3,191.67
8406,2791,90,1,56.52
8407,2791,83,4,319.19
8408,2792,61,1,101.60
8409,2792,66,1,231.00
8410,2792,67,1,291.96
8411,2792,27,1,112.66
8412,2793,75,0,347.56
8413,2794,86,-1,181.91
8414,2794,22,1,36.29
8415,2794,46,-1,$152.94
8416,2795,90,1,56.52
8417,2795,117,1,143.10
8418,2795,2,1,190.97
8419,2796,52,1,171.01
8420,2796,87,1,262.59
8421,2797,94,0,389.5
8422,2798,10,1,28.04
8423,2798,81,5,121.47
8424,2798,109,1,579.16
8425,2798,116,-1,359.58
8426,2798,96,2,84.49
8427,2799,16,1,148.16
8428,2799,137,1,307.70
8429,2799,73,2,331.02
8430,2799,21,2,14.38
8431,2799,47,1,627.32
8432,2800,96,0,84.49
8433,2800,101,2,101.68
8434,2800,11,2,395.76
8435,2800,32,1,105.62
8436,2800,111,1,291.81 JOD
8437,2801,6,2,46.39
8438,2801,20,2,110.76
8439,2801,122,3,125.5
8440,2801,29,3,181.96
8441,2801,128,3,369.54
8442,2802,61,3,101.60
8443,2802,120,2,201.77
8444,2802,34,2,220.1
8445,2802,79,3,210.8
8446,2802,5,3,407.25
8447,2803,104,3,98.77
8448,2803,27,2,112.66
8449,2803,4,3,546.12
8450,2803,84,0,455.31
8451,2804,7,1,152.65
8452,2804,79,2,210.8
8453,2805,96,3,84.49
8454,2806,37,4,241.65
8455,2807,82,1,244.2
8456,2807,40,1,199.53
8457,2807,31,5,71.76
8458,2808,93,2,345.11
8459,2809,16,2,148.16
8460,2809,10,5,25.93
8461,2809,13,1,97.89
8462,2810,57,2,$213.11
8463,2810,127,1,587.72
8464,2810,90,4,72.90
8465,2810,47,1,627.32
8466,2811,41,2,191.67
8467,2812,67,2,334.29
8468,2812,21,2,19.92
8469,2812,78,2,121.77
8470,2813,122,2,179.12 JOD
8471,2813,85,3,8.08
8472,2813,40,1,279.17
8473,2813,107,2,376.14
8474,2813,67,2,291.96
8475,2814,30,1,43.65
8476,2814,26,4,264.67
8477,2815,93,2,345.11
8478,2815,28,1,222.75
8479,2815,113,3,191.78
8480,2815,9,2,178.19
8481,2815,81,1,121.47
8482,2816,131,4,396.05
8483,2816,15,3,81.29
8484,2816,25,3,253.88
8485,2817,103,2,244.5
8486,2818,1,1,585.67
8487,2818,17,2,185.99
8488,2818,20,1,62.63
8489,2818,94,0,389.50
8490,2819,54,2,103.23
8491,2819,75,1,347.56
8492,2820,132,3,82.53
8493,2820,39,2,253.25
8494,2820,122,2,70.81
8495,2820,34,1,220.1
8496,2821,62,5,205.40
8497,2821,94,3,389.50
8498,2821,43,1,330.60 JOD
8499,2822,26,1,264.67
8500,2822,102,0,169.19
8501,2823,64,4,265.5
8502,2823,103,5,244.50
8503,2823,52,1,171.01
8504,2823,16,2,148.16 JOD
8505,2824,100,0,249.16
8506,2825,108,2,$242.90
8507,2825,96,2,84.49
8508,2825,127,4,796.11
8509,2826,41,3,191.67
8510,2827,64,2,265.5
8511,2828,114,2,403.81
8512,2828,26,-1,264.67
8513,2829,3,2,390.52
8514,2829,88,2,238.01
8515,2830,133,2,97.51
8516,2830,96,1,84.49
8517,2831,106,2,252.84
8518,2831,4,1,546.12
8519,2831,53,2,37.16
8520,2831,89,1,403.36
8521,2831,56,1,31.92
8522,2832,11,1,489.65
8523,2832,10,3,28.04
8524,2832,29,1,181.96
8525,2832,50,1,397.99
8526,2832,79,2,
8527,2833,80,1,$144.45
8528,2833,33,2,407.76
8529,2833,123,2,134.37
8530,2833,51,2,286.54
8531,2833,66,1,231.0
8532,2834,48,3,23.1
8533,2834,61,1,101.6
8534,2834,62,1,205.40
8535,2834,37,1,241.65
8536,2835,126,4,200.63
8537,2835,28,2,222.75
8538,2836,73,3,331.02
8539,2837,136,0,314.21
8540,2837,49,5,206.38 JOD
8541,2837,125,4,552.19
8542,2838,77,3,101.15
8543,2839,38,0,454.8
8544,2839,91,2,243.25
8545,2839,35,1,109.12
8546,2840,42,1,
8547,2840,59,1,169.88
8548,2841,24,2,360.88
8549,2842,33,2,407.76
8550,2842,92,1,339.88
8551,2842,65,4,308.91
8552,2842,136,1,314.21
8553,2843,120,5,201.77
8554,2844,113,4,191.78
8555,2844,40,1,199.53
8556,2844,105,2,528.06
8557,2844,109,3,579.16
8558,2844,31,1,71.76
8559,2845,43,-1,330.6
8560,2846,10,1,28.04
8561,2846,99,3,140.32
8562,2846,81,3,121.47
8563,2847,81,1,121.47
8564,2847,4,2,546.12
8565,2848,64,1,265.5
8566,2848,85,2,8.08
8567,2848,7,1,152.65
8568,2849,18,1,128.87
8569,2849,103,0,244.50
8570,2850,106,1,252.84
8571,2850,70,2,$379.91
8572,2850,118,3,306.50
8573,2850,121,2,317.45
8574,2851,132,3,82.53
8575,2852,120,2,201.77
8576,2852,20,1,110.76
8577,2853,80,3,144.45
8578,2854,14,2,429.63
8579,2854,89,1,403.36
8580,2854,4,2,546.12
8581,2854,47,1,627.32
8582,2855,59,3,169.88
8583,2856,121,1,317.45
8584,2856,69,2,175.49
8585,2856,73,2,331.02
8586,2856,119,1,528.68
8587,2856,51,2,286.54
8588,2857,59,5,169.88
8589,2857,46,2,136.73
8590,2858,77,2,101.15
8591,2858,45,3,415.91
8592,2858,86,2,170.5
8593,2858,70,5,379.91
8594,2859,50,2,397.99
8595,2859,107,2,376.14
8596,2859,52,5,171.01
8597,2859,9,1,178.19
8598,2860,45,1,415.91
8599,2860,62,2,205.4
8600,2860,44,2,106.04
8601,2860,27,4,112.66
8602,2861,70,0,379.91
8603,2861,63,5,575.86
8604,2861,10,3,36.87
8605,2861,122,1,125.5
8606,2861,33,3,407.76
8607,2862,5,1,407.25
8608,2862,119,5,528.68
8609,2862,51,2,286.54
8610,2862,19,1,67.77
8611,2863,117,3,143.1
8612,2863,2,1,190.97
8613,2864,20,5,110.76
8614,2864,117,1,143.1
8615,2864,69,2,175.49
8616,2864,63,2,575.86
8617,2864,116,4,359.58
8618,2865,39,1,253.25
8619,2865,109,0,579.16
8620,2866,92,1,339.88
8621,2867,123,2,151.87
8622,2867,63,1,575.86
8623,2867,22,2,36.29
8624,2868,117,2,143.1
8625,2868,114,1,403.81
8626,2868,32,1,105.62
8627,2868,124,3,55.79
8628,2869,55,3,216.25
8629,2869,130,3,59.94
8630,2869,7,1,99.07
8631,2870,19,1,67.77
8632,2870,85,-1,8.08
8633,2871,10,1,28.04
8634,2871,57,2,213.11
8635,2871,11,2,489.65
8636,2871,16,1,148.16
8637,2871,106,1,252.84
8638,2872,76,1,383.30
8639,2872,103,5,244.5
8640,2872,69,1,175.49
8641,2873,35,5,152.88
8642,2873,48,1,$23.10
8643,2873,108,3,242.9
8644,2874,97,1,369.73
8645,2874,131,1,396.05
8646,2874,15,2,81.29
8647,2874,40,3,199.53
8648,2874,53,0,37.16
8649,2875,25,1,253.88
8650,2875,115,1,302.06
8651,2875,20,1,113.13
8652,2876,25,1,253.88
8653,2876,37,2,241.65
8654,2876,61,4,101.6
8655,2877,9,3,112.7
8656,2877,107,1,376.14
8657,2877,64,3,265.50
8658,2878,89,1,403.36
8659,2878,103,1,244.5
8660,2878,81,1,121.47
8661,2879,53,1,37.16
8662,2879,113,4,191.78
8663,2879,51,3,286.54
8664,2879,20,1,110.76
8665,2879,70,4,379.91
8666,2880,91,1,243.25
8667,2880,33,1,407.76
8668,2881,95,4,545.43
8669,2881,52,0,171.01
8670,2882,18,3,128.87
8671,2882,38,3,454.80
8672,2882,47,1,627.32
8673,2883,137,3,307.7
8674,2883,103,1,244.5
8675,2883,127,4,587.72
8676,2884,5,-1,407.25
8677,2884,86,2,164.39
8678,2884,19,2,67.77
8679,2884,63,-1,575.86
8680,2884,6,2,46.39
8681,2885,31,0,71.76
8682,2885,115,5,302.06
8683,2886,123,3,151.87
8684,2886,84,3,455.31
8685,2886,4,3,546.12
8686,2886,9999,3,587.72
8687,2886,1,2,585.67
8688,2887,38,3,611.23
8689,2888,132,3,82.53
8690,2889,74,4,34.31
8691,2889,57,1,213.11
8692,2889,15,1,81.29
8693,2889,26,4,264.67
8694,2890,49,1,206.38
8695,2890,87,2,262.59
8696,2891,118,3,306.5
8697,2891,68,2,$304.43
8698,2891,54,3,89.36
8699,2891,46,2,136.73
8700,2892,85,1,8.08
8701,2892,97,2,369.73
8702,2893,31,4,71.76
8703,2893,97,3,369.73
8704,2893,20,2,110.76
8705,2894,102,1,169.19
8706,2894,129,1,535.98
8707,2894,48,2,23.1
8708,2894,43,1,330.6
8709,2895,31,3,71.76
8710,2895,60,3,16.37
8711,2895,114,2,403.81
8712,2896,44,3,106.04
8713,2897,92,1,339.88
8714,2897,13,0,186.29
8715,2897,1,1,585.67
8716,2897,72,1,404.5
8717,2898,86,2,164.39
8718,2898,95,2,545.43
8719,2898,68,2,304.43
8720,2899,133,1,97.51
8721,2899,23,-1,$68.95
8722,2899,30,2,43.65
8723,2900,60,3,16.37
8724,2901,19,3,48.68
8725,2901,102,1,169.19
8726,2901,108,2,242.90
8727,2901,135,1,18.43
8728,2902,61,1,101.6
8729,2902,54,1,89.36
8730,2903,76,2,383.30
8731,2903,20,3,110.76
8732,2903,10,1,28.04
8733,2903,23,1,68.95
8734,2904,92,0,339.88
8735,2905,60,1,16.37
8736,2905,44,3,77.39
8737,2905,43,2,330.6
8738,2905,10,-1,28.04
8739,2905,98,0,243.42
8740,2906,100,1,249.16
8741,2906,48,5,23.1
8742,2906,79,3,210.8
8743,2906,103,1,244.5
8744,2906,57,1,213.11
8745,2907,103,4,244.5
8746,2907,15,1,81.29
8747,2908,119,3,638.74
8748,2908,70,4,379.91
8749,2908,65,1,308.91
8750,2908,17,1,185.99
8751,2908,47,2,627.32
8752,2909,82,1,244.20
8753,2910,48,2,23.1
8754,2910,75,3,347.56
8755,2910,70,0,379.91
8756,2910,45,2,415.91
8757,2911,75,2,482.07
8758,2911,20,1,110.76
8759,2911,47,-1,627.32
8760,2911,113,3,$191.78
8761,2911,45,2,415.91
8762,2912,44,2,106.04
8763,2912,16,1,148.16
8764,2912,78,1,121.77
8765,2913,75,2,347.56
8766,2914,34,0,220.10
8767,2914,50,1,397.99
8768,2915,36,-1,19.3
8769,2915,23,1,68.95
8770,2915,78,4,121.77
8771,2916,92,1,339.88
8772,2916,102,1,169.19
8773,2916,18,2,$128.87
8774,2916,89,2,403.36
8775,2916,68,2,304.43
8776,2917,38,3,454.8
8777,2918,4,2,546.12
8778,2918,15,4,81.29
8779,2918,73,2,178.44
8780,2918,1,2,585.67
8781,2919,11,1,521.71
8782,2919,121,1,317.45
8783,2919,122,0,125.5
8784,2919,137,2,307.7
8785,2920,46,1,136.73
8786,2921,63,0,575.86
8787,2921,79,1,210.80
8788,2921,75,2,347.56
8789,2922,9999,-1,244.5
8790,2922,101,1,95.6
8791,2923,117,4,143.1
8792,2924,49,2,250.50
8793,2924,129,1,535.98
8794,2925,132,1,65.21
8795,2925,69,1,175.49
8796,2925,2,1,190.97
8797,2926,89,3,403.36
8798,2926,136,3,314.21
8799,2926,63,-1,575.86
8800,2926,132,3,82.53
8801,2927,11,2,489.65
8802,2927,26,1,264.67
8803,2927,120,2,201.77
8804,2927,128,1,369.54
8805,2928,98,2,243.42
8806,2928,47,3,627.84
8807,2929,39,1,253.25
8808,2930,9,3,$178.19
8809,2930,64,2,265.5
8810,2930,117,1,143.10
8811,2930,19,1,67.77
8812,2930,36,1,19.3
8813,2931,104,1,98.77
8814,2932,102,2,147.60
8815,2932,37,1,241.65
8816,2933,52,2,171.01
8817,2933,24,3,360.88
8818,2934,100,1,249.16
8819,2934,4,1,546.12
8820,2935,15,1,81.29
8821,2935,103,4,244.5
8822,2935,16,5,148.16
8823,2936,135,2,18.43
8824,2936,103,1,244.5
8825,2937,16,3,148.16
8826,2937,55,4,216.25
8827,2937,56,3,31.92
8828,2938,54,2,89.36
8829,2938,131,4,396.05
8830,2938,49,5,206.38
8831,2938,126,0,200.63
8832,2938,88,1,238.01
8833,2939,16,5,148.16
8834,2939,21,5,14.38
8835,2939,95,2,545.43
8836,2939,128,1,369.54
8837,2940,118,0,306.50
8838,2940,117,1,143.1
8839,2940,34,5,220.10
8840,2940,29,1,181.96
8841,2940,107,1,376.14
8842,2941,43,1,330.6
8843,2941,60,3,16.37
8844,2942,29,1,181.96
8845,2942,7,1,152.65
8846,2943,132,4,82.53
8847,2943,109,3,579.16
8848,2943,52,2,171.01
8849,2943,93,5,345.11
8850,2943,44,4,106.04
8851,2944,62,1,205.40
8852,2944,71,1,388.28
8853,2944,69,1,249.71
8854,2944,51,3,286.54
8855,2944,13,2,186.29
8856,2945,51,5,252.3
8857,2945,52,4,171.01
8858,2945,50,3,397.99
8859,2945,16,1,148.16
8860,2945,94,3,389.5
8861,2946,4,1,546.12
8862,2947,121,3,304.87
8863,2947,117,1,143.1
8864,2947,85,1,8.08
8865,2948,1,0,585.67
8866,2948,10,1,37.29
8867,2948,26,1,264.67
8868,2949,64,2,265.50 JOD
8869,2949,91,1,243.25
8870,2949,70,5,379.91
8871,2949,36,1,21.53
8872,2949,108,2,242.90
8873,2950,43,1,330.6
8874,2950,41,2,191.67
8875,2950,133,1,68.59
8876,2950,75,2,347.56
8877,2950,5,1,355.07
8878,2951,81,-1,121.47
8879,2951,2,1,190.97
8880,2951,47,2,627.32
8881,2951,24,1,360.88
8882,2951,28,3,222.75
8883,2952,72,3,404.5
8884,2952,51,1,286.54
8885,2953,113,5,191.78
8886,2954,130,2,59.94
8887,2954,39,2,253.25
8888,2955,33,1,407.76
8889,2956,9,2,178.19
8890,2956,43,1,330.6
8891,2956,13,-1,186.29
8892,2956,29,5,181.96
8893,2957,52,1,171.01
8894,2957,103,2,244.50
8895,2958,137,2,307.7
8896,2959,103,3,244.5
8897,2959,49,2,$206.38
8898,2959,124,3,58.04
8899,2959,66,1,$231.00
8900,2960,32,1,105.62
8901,2960,26,5,264.67
8902,2960,84,2,455.31
8903,2961,111,4,291.81
8904,2961,76,1,383.3
8905,2961,56,2,31.92
8906,2961,68,2,304.43
8907,2961,20,1,110.76
8908,2962,80,1,144.45
8909,2962,106,3,252.84
8910,2962,90,4,56.52
8911,2962,81,5,121.47
8912,2963,98,1,243.42
8913,2963,114,2,403.81
8914,2964,132,2,82.53
8915,2965,58,1,109.02
8916,2965,93,3,345.11
8917,2965,26,1,264.67
8918,2966,9,3,178.19
8919,2966,120,1,154.13
8920,2967,128,1,369.54
8921,2968,113,2,191.78
8922,2969,13,1,186.29
8923,2969,17,2,185.99
8924,2969,59,4,169.88
8925,2970,41,3,191.67
8926,2970,59,4,169.88
8927,2970,86,2,164.39
8928,2971,8,2,307.7
8929,2972,91,2,243.25
8930,2972,98,1,243.42
8931,2973,75,2,347.56
8932,2973,89,1,403.36
8933,2973,91,2,243.25
8934,2973,50,1,397.99
8935,2974,17,1,185.99
8936,2974,105,2,528.06
8937,2974,24,2,360.88
8938,2974,59,2,169.88
8939,2974,58,1,109.02
8940,2975,10,2,28.04
8941,2975,119,2,528.68
8942,2975,9999,1,454.80
8943,2975,120,1,201.77
8944,2975,88,1,284.64
8945,2976,128,2,369.54
8946,2976,118,2,306.50
8947,2976,62,1,205.4
8948,2977,77,2,101.15
8949,2977,90,1,56.52
8950,2978,31,3,71.76
8951,2978,5,2,338.14
8952,2978,11,2,489.65
8953,2978,33,1,407.76
8954,2979,36,1,19.3
8955,2979,61,2,101.6
8956,2979,31,2,71.76
8957,2980,90,2,56.52
8958,2981,119,2,528.68
8959,2981,44,2,106.04
8960,2981,112,1,268.36
8961,2981,16,3,148.16
8962,2982,76,-1,383.30
8963,2983,40,0,199.53
8964,2984,52,1,171.01
8965,2984,88,-1,238.01
8966,2984,76,4,383.3
8967,2984,135,3,18.43
8968,2985,132,-1,82.53
8969,2985,100,4,249.16
8970,2985,119,1,528.68
8971,2985,86,2,164.39
8972,2986,75,1,347.56
8973,2986,86,2,164.39
8974,2986,94,3,$389.50
8975,2986,31,1,71.76
8976,2987,87,2,262.59
8977,2987,49,0,206.38
8978,2987,94,1,389.5
8979,2987,60,3,16.37
8980,2988,120,2,201.77
8981,2988,77,1,101.15
8982,2988,9,2,178.19
8983,2989,121,1,317.45
8984,2990,107,1,376.14
8985,2990,48,3,23.1
8986,2990,25,2,253.88
8987,2991,77,2,101.15
8988,2991,21,2,14.38
8989,2991,90,1,54.18
8990,2992,76,4,383.3
8991,2992,85,0,8.08
8992,2992,55,2,282.04
8993,2992,35,2,152.88
8994,2992,38,3,454.8
8995,2993,41,1,191.67
8996,2993,135,3,18.43
8997,2993,122,1,80.78
8998,2994,100,5,249.16 JOD
8999,2995,17,0,236.87
9000,2995,52,3,
9001,2995,112,1,183.26
9002,2996,120,2,201.77
9003,2996,40,1,199.53
9004,2996,46,1,136.73
9005,2996,29,1,181.96
9006,2996,72,3,404.5
9007,2997,107,3,376.14
9008,2997,1,1,585.67
9009,2997,73,-1,331.02
9010,2998,130,0,$59.94
9011,2999,89,4,403.36
9012,2999,41,1,191.67
9013,2999,9,2,178.19
9014,2999,102,2,169.19
9015,2999,68,1,304.43
9016,3000,46,2,136.73
9017,3001,112,1,169.54
9018,3001,105,2,528.06
9019,3001,73,3,331.02
9020,3001,17,3,185.99
9021,3001,134,2,40.0
9022,3002,75,1,347.56
9023,3002,63,3,
9024,3002,4,1,546.12
9025,3002,93,1,345.11
9026,3002,97,1,301.27 JOD
9027,3003,124,1,65.19
9028,3003,114,4,403.81
9029,3003,77,2,101.51
9030,3003,40,2,199.53
9031,3003,135,4,18.43
9032,3004,34,1,220.10
9033,3004,116,2,359.58
9034,3005,90,1,56.52
9035,3005,38,4,454.8
9036,3005,116,1,359.58
9037,3005,20,1,110.76
9038,3005,51,4,286.54
9039,3006,72,2,404.5
9040,3006,87,1,262.59
9041,3006,90,1,56.52
9042,3006,82,4,244.2
9043,3006,79,1,210.8
9044,3007,68,1,304.43
9045,3007,122,2,125.50
9046,3007,73,0,331.02
9047,3007,47,2,627.32
9048,3008,90,2,56.52
9049,3008,9,4,178.19
9050,3008,54,1,89.36
9051,3009,17,1,185.99
9052,3009,133,3,97.51
9053,3009,104,1,98.77
9054,3010,49,2,206.38
9055,3011,74,2,34.31
9056,3011,12,-1,214.91
9057,3011,132,1,82.53
9058,3011,36,2,19.3
9059,3011,40,2,199.53
9060,3012,66,3,231.0
9061,3012,118,2,306.5
9062,3013,128,1,369.54
9063,3013,95,5,545.43
9064,3013,84,1,455.31
9065,3013,12,1,214.91
9066,3013,123,5,151.87
9067,3014,76,2,383.3
9068,3014,99,1,174.07
9069,3014,67,1,291.96
9070,3015,56,2,31.92
9071,3015,94,2,389.5
9072,3016,126,5,200.63
9073,3016,51,1,296.44
9074,3016,33,2,407.76
9075,3017,121,1,317.45
9076,3017,108,1,242.90
9077,3017,56,1,31.92
9078,3017,6,4,28.51
9079,3018,21,1,10.31
9080,3018,97,1,542.25
9081,3018,26,1,264.67
9082,3018,53,2,37.16
9083,3019,86,1,164.39
9084,3020,60,2,16.37
9085,3020,56,1,31.92
9086,3021,65,3,308.91
9087,3021,57,4,213.11
9088,3021,92,4,320.54
9089,3022,23,5,68.95
9090,3022,42,4,91.53 JOD
9091,3022,7,0,152.65
9092,3022,115,2,$431.74
9093,3022,105,2,528.06
9094,3023,95,1,559.02
9095,3023,121,2,317.45
9096,3023,61,1,101.6
9097,3023,122,2,125.5
9098,3023,76,1,383.30
9099,3024,125,5,547.86
9100,3024,117,2,186.13
9101,3024,13,1,186.29
9102,3024,38,2,454.80 JOD
9103,3024,76,1,383.3
9104,3025,84,3,455.31
9105,3025,131,3,387.66
9106,3026,94,1,500.48
9107,3026,102,2,169.19
9108,3026,124,1,58.04
9109,3026,107,2,
9110,3027,22,1,36.29
9111,3027,112,0,183.26
9112,3027,5,1,407.25
9113,3027,105,3,528.06
9114,3027,49,2,206.38
9115,3028,90,1,56.52
9116,3028,99,2,140.32
9117,3028,49,1,206.38
9118,3029,68,1,304.43
9119,3029,30,1,43.65
9120,3030,115,1,302.06
9121,3030,25,1,253.88
9122,3031,33,2,407.76
9123,3031,87,1,262.59
9124,3031,116,2,359.58
9125,3032,126,1,200.63
9126,3032,33,1,218.03
9127,3032,90,-1,56.52
9128,3033,99,3,140.32
9129,3033,31,2,71.76
9130,3033,13,2,186.29
9131,3034,11,1,489.65
9132,3034,55,3,216.25
9133,3035,103,2,244.50
9134,3036,123,3,151.87
9135,3037,125,1,552.19
9136,3037,62,0,205.40
9137,3037,99,1,199.21
9138,3038,95,1,545.43
9139,3039,9,1,178.19
9140,3039,84,1,455.31
9141,3039,23,3,68.95
9142,3039,53,-1,37.16
9143,3040,133,2,97.51
9144,3041,116,1,359.58
9145,3041,79,2,210.8
9146,3041,121,0,317.45
9147,3042,83,2,319.19
9148,3042,14,2,429.63 JOD
9149,3043,67,2,291.96
9150,3044,9999,1,81.29
9151,3044,94,1,389.5
9152,3044,19,1,67.77
9153,3045,9,2,175.49
9154,3045,105,2,528.06
9155,3045,109,1,579.16
9156,3046,50,1,397.99
9157,3046,68,2,422.72
9158,3047,10,4,28.04
9159,3047,38,2,454.8
9160,3047,7,1,152.65
9161,3047,135,1,18.43
9162,3047,77,1,101.15
9163,3048,5,1,407.25
9164,3049,55,3,216.25
9165,3049,137,1,307.7
9166,3050,60,1,16.37
9167,3050,85,4,8.08
9168,3050,50,3,$397.99
9169,3050,25,3,253.88
9170,3051,10,2,28.04
9171,3051,42,0,91.53
9172,3051,15,2,81.29
9173,3051,119,2,$528.68
9174,3051,51,1,286.54
9175,3052,38,3,454.8
9176,3052,90,2,56.52
9177,3052,92,1,339.88
9178,3052,101,0,95.60
9179,3052,66,5,231.00
9180,3053,119,1,528.68
9181,3053,89,2,403.36
9182,3054,106,4,220.39
9183,3054,9999,4,105.62
9184,3054,8,1,307.7
9185,3054,75,1,347.56
9186,3054,88,5,238.01
9187,3055,93,1,345.11
9188,3055,108,5,242.9
9189,3055,65,0,308.91
9190,3055,111,2,291.81
9191,3055,114,1,403.81
9192,3056,31,1,71.76
9193,3056,115,1,302.06
9194,3056,116,2,409.62
9195,3056,134,5,40.0
9196,3057,2,5,190.97
9197,3057,61,1,101.6
9198,3057,89,4,403.36
9199,3057,16,4,148.16
9200,3057,39,1,253.25
9201,3058,76,1,383.3
9202,3058,90,3,56.52
9203,3059,72,1,404.5
9204,3059,9,1,178.19
9205,3060,119,2,528.68
9206,3060,54,2,89.36
9207,3061,124,2,43.95
9208,3061,122,1,125.50
9209,3061,34,3,197.05
9210,3062,131,2,396.05
9211,3062,54,1,89.36
9212,3062,79,1,269.64
9213,3062,74,3,34.31
9214,3063,43,3,330.6
9215,3063,75,1,347.56
9216,3063,131,2,396.05
9217,3063,24,1,360.88
9218,3063,4,2,546.12
9219,3064,109,1,$850.73
9220,3064,126,1,200.63
9221,3064,40,1,199.53
9222,3065,94,2,
9223,3065,60,4,16.37
9224,3065,5,2,407.25
9225,3065,11,4,489.65
9226,3066,111,2,291.81
9227,3066,18,-1,128.87
9228,3067,15,1,81.29
9229,3067,105,2,528.06
9230,3067,27,2,112.66
9231,3067,10,2,
9232,3067,81,5,121.47
9233,3068,11,1,489.65
9234,3068,111,1,291.81
9235,3068,56,2,31.92
9236,3069,6,2,46.39
9237,3070,44,5,106.04
9238,3070,93,3,345.11
9239,3070,97,0,369.73
9240,3070,121,2,317.45
9241,3070,108,1,242.90
9242,3071,137,1,307.7
9243,3071,21,2,14.38
9244,3071,50,1,397.99
9245,3072,46,3,136.73
9246,3072,6,1,46.39
9247,3072,8,2,307.7
9248,3073,69,2,145.65
9249,3073,37,3,241.65
9250,3074,34,2,257.12
9251,3074,137,3,307.7
9252,3074,43,2,330.6
9253,3075,44,1,106.04
9254,3075,70,1,
9255,3076,37,3,241.65
9256,3076,20,1,110.76
9257,3077,100,1,249.16
9258,3078,9999,1,243.25
9259,3078,41,2,191.67
9260,3079,131,3,396.05
9261,3079,35,1,152.88
9262,3079,86,1,164.39
9263,3079,129,0,594.87
9264,3079,41,2,191.67
9265,3080,28,1,222.75
9266,3081,17,-1,138.46
9267,3082,34,2,220.10
9268,3082,135,1,24.71
9269,3082,70,1,379.91
9270,3082,107,2,376.14
9271,3083,39,1,253.25
9272,3083,46,2,$136.73
9273,3083,67,1,291.96
9274,3083,60,1,16.37
9275,3084,118,1,306.5
9276,3085,72,1,404.5
9277,3085,108,1,242.90
9278,3086,44,1,106.04
9279,3086,81,1,121.47
9280,3087,36,1,24.7
9281,3087,52,1,171.01
9282,3087,77,2,101.15
9283,3088,28,2,222.75
9284,3088,45,1,249.61
9285,3088,26,1,264.67
9286,3088,112,1,183.26
9287,3088,68,0,$232.59
9288,3089,100,3,
9289,3089,57,1,213.11
9290,3089,89,2,403.36
9291,3089,56,1,31.92
9292,3089,36,2,10.54
9293,3090,59,1,169.88
9294,3090,128,3,369.54
9295,3090,11,3,489.65
9296,3090,49,5,206.38
9297,3091,77,2,101.15
9298,3092,83,1,319.19
9299,3092,87,1,262.59
9300,3092,92,1,339.88
9301,3092,75,4,347.56
9302,3092,6,1,46.39
9303,3093,79,1,266.18
9304,3094,79,1,210.8
9305,3094,10,-1,28.04
9306,3094,42,1,91.53
9307,3095,135,2,18.43
9308,3095,67,0,291.96
9309,3095,31,1,$71.76
9310,3095,64,1,265.5
9311,3096,78,1,121.77
9312,3096,123,1,151.87
9313,3096,134,1,40.0
9314,3096,137,1,307.7
9315,3096,109,1,579.16
9316,3097,19,0,67.77
9317,3097,100,2,128.27
9318,3097,109,2,579.16
9319,3097,122,2,$125.50
9320,3097,121,1,317.45
9321,3098,129,1,535.98
9322,3098,74,3,34.31
9323,3098,125,5,552.19
9324,3098,115,1,302.06
9325,3098,112,4,183.26
9326,3099,34,3,220.1
9327,3099,59,1,$169.88
9328,3100,115,4,302.06
9329,3101,111,2,291.81
9330,3101,131,1,396.05
9331,3101,18,2,128.87
9332,3102,63,-1,575.86
9333,3102,40,1,199.53
9334,3103,54,1,89.36
9335,3103,84,1,455.31
9336,3104,51,2,286.54
9337,3104,71,4,374.89
9338,3104,11,4,$489.65
9339,3104,59,1,169.88
9340,3105,66,1,$231.00
9341,3105,98,2,243.42
9342,3105,120,2,201.77
9343,3106,21,1,14.38
9344,3106,100,2,249.16
9345,3106,47,3,$627.32
9346,3106,98,4,243.42
9347,3107,134,4,40.0
9348,3107,120,2,201.77
9349,3107,30,1,43.65
9350,3108,33,2,407.76
9351,3108,65,1,308.91
9352,3108,26,3,264.67
9353,3108,74,2,34.31
9354,3109,22,1,36.29
9355,3110,113,3,191.78
9356,3111,126,2,200.63
9357,3111,72,0,404.5
9358,3112,110,1,193.85
9359,3112,81,1,121.47
9360,3112,44,2,106.04
9361,3112,75,1,347.56
9362,3112,78,1,125.43
9363,3113,77,2,101.15
9364,3113,35,1,152.88
9365,3113,59,2,169.88
9366,3113,92,1,339.88
9367,3113,51,4,$286.54
9368,3114,137,1,307.7
9369,3114,6,2,46.39
9370,3114,17,1,127.32
9371,3114,114,1,403.81
9372,3115,13,5,186.29
9373,3115,121,1,317.45
9374,3115,34,2,220.10
9375,3115,131,5,$396.05
9376,3116,26,0,264.67
9377,3117,78,1,121.77
9378,3117,77,-1,101.15
9379,3117,131,4,396.05
9380,3118,26,1,264.67
9381,3118,59,2,169.88
9382,3118,84,2,637.89
9383,3118,22,1,33.46
9384,3119,84,1,455.31
9385,3119,75,3,$347.56
9386,3119,115,2,222.27
9387,3119,43,3,330.6
9388,3119,34,2,220.1
9389,3120,128,2,369.54
9390,3120,2,2,190.97
9391,3121,103,2,244.5
9392,3121,11,1,$489.65
9393,3121,99,1,140.32
9394,3121,49,1,206.38
9395,3122,50,-1,$397.99
9396,3122,26,2,309.96
9397,3122,93,2,345.11
9398,3122,124,3,58.04
9399,3123,85,1,8.08
9400,3123,86,2,164.39
9401,3124,54,1,89.36
9402,3124,3,1,390.52
9403,3124,38,3,454.8
9404,3124,71,1,374.89
9405,3124,22,2,36.29
9406,3125,49,2,206.38
9407,3126,45,1,415.91
9408,3126,86,2,164.39
9409,3126,79,1,210.8
9410,3127,106,1,252.84
9411,3128,115,1,302.06
9412,3129,83,4,319.19
9413,3129,69,1,194.44
9414,3129,29,2,181.96
9415,3130,127,3,587.72
9416,3130,120,4,201.77
9417,3130,92,1,339.88
9418,3131,73,2,331.02
9419,3131,81,1,121.47
9420,3131,105,1,528.06
9421,3132,24,-1,360.88
9422,3132,81,2,121.47
9423,3132,106,1,252.84
9424,3132,25,1,253.88
9425,3133,46,3,136.73
9426,3133,98,1,243.42
9427,3134,72,1,404.5
9428,3134,62,2,205.4
9429,3134,118,1,306.5
9430,3134,23,1,68.95
9431,3134,22,2,36.29
9432,3135,96,2,84.49
9433,3135,76,1,383.3
9434,3135,44,2,106.04
9435,3135,63,4,575.86
9436,3136,33,3,407.76
9437,3136,129,1,535.98
9438,3136,96,3,123.04
9439,3136,62,1,205.4
9440,3137,34,3,220.1
9441,3137,32,2,$105.62
9442,3137,134,1,40.0
9443,3137,26,2,264.67
9444,3138,67,2,291.96
9445,3138,112,4,150.63
9446,3138,87,3,262.59
9447,3139,88,1,238.01
9448,3139,115,1,302.06
9449,3139,52,4,171.01
9450,3139,101,1,101.26
9451,3140,79,5,210.8
9452,3140,74,0,34.31
9453,3140,16,2,148.16
9454,3141,112,1,183.26
9455,3141,61,1,101.60
9456,3141,95,1,545.43
9457,3142,78,4,121.77
9458,3143,88,2,238.01
9459,3143,62,1,205.4
9460,3143,41,3,$191.67
9461,3144,55,1,216.25
9462,3145,89,3,403.36
9463,3145,111,1,291.81
9464,3145,78,2,121.77
9465,3145,99,1,140.32
9466,3145,136,1,314.21
9467,3146,21,0,19.74
9468,3147,79,1,210.8
9469,3148,81,1,121.47
9470,3149,59,1,169.88
9471,3149,86,2,164.39
9472,3149,82,0,244.20
9473,3149,108,3,242.90
9474,3150,29,1,181.96
9475,3150,4,2,546.12
9476,3150,18,3,128.87
9477,3150,46,2,
9478,3151,43,2,330.6
9479,3151,8,1,307.7
9480,3152,120,2,$167.08
9481,3152,116,4,359.58
9482,3152,41,2,191.67
9483,3152,9,1,178.19
9484,3152,80,2,144.45
9485,3153,121,0,414.21
9486,3154,38,4,454.8
9487,3155,71,1,374.89
9488,3155,112,4,266.61
9489,3155,118,4,306.50
9490,3156,7,1,134.5
9491,3156,113,3,191.78
9492,3156,123,2,151.87
9493,3157,122,1,125.5
9494,3157,13,1,186.29
9495,3158,100,1,249.16
9496,3158,83,3,319.19
9497,3158,51,1,286.54
9498,3159,45,2,415.91
9499,3159,135,1,18.43
9500,3159,54,1,89.36
9501,3159,25,3,253.88
9502,3160,72,1,404.5
9503,3160,102,1,169.19
9504,3160,12,2,214.91
9505,3160,67,3,291.96
9506,3160,81,2,121.47
9507,3161,14,5,429.63
9508,3162,53,1,37.16
9509,3162,124,1,75.20
9510,3162,20,2,110.76
9511,3162,129,1,535.98
9512,3163,4,3,546.12
9513,3163,2,4,190.97
9514,3163,11,2,489.65
9515,3163,77,2,101.15
9516,3163,18,3,128.87
9517,3164,129,1,535.98
9518,3164,25,1,253.88
9519,3164,91,2,243.25
9520,3164,124,5,58.04
9521,3164,133,2,97.51 JOD
9522,3165,52,3,171.01
9523,3165,96,1,84.49
9524,3165,97,1,455.48
9525,3165,60,2,16.37
9526,3165,76,2,383.3
9527,3166,4,2,546.12
9528,3167,90,-1,56.52
9529,3167,92,3,339.88
9530,3168,119,3,528.68
9531,3168,24,4,360.88
9532,3168,26,1,381.29
9533,3168,75,1,347.56
9534,3168,27,1,112.66
9535,3169,89,0,403.36
9536,3169,25,2,253.88
9537,3169,112,1,183.26
9538,3170,106,5,252.84
9539,3170,53,4,37.16
9540,3171,124,1,58.04
9541,3171,46,1,136.73
9542,3171,103,5,244.50
9543,3171,97,3,369.73
9544,3172,125,3,552.19
9545,3172,76,1,383.30
9546,3172,83,1,319.19
9547,3172,122,2,125.5
9548,3172,36,2,19.3
9549,3173,66,2,231.0
9550,3173,57,4,213.11
9551,3173,25,2,253.88
9552,3173,120,2,201.77
9553,3174,67,1,358.19
9554,3174,94,5,389.5
9555,3175,79,1,210.80
9556,3176,1,1,585.67
9557,3176,109,2,579.16
9558,3176,132,1,82.53
9559,3177,85,2,8.08
9560,3177,99,1,140.32
9561,3178,59,3,169.88
9562,3179,118,-1,306.5
9563,3179,132,-1,82.53
9564,3179,65,4,308.91
9565,3179,31,2,71.76
9566,3180,104,4,98.77
9567,3180,79,3,210.80
9568,3180,6,2,46.39
9569,3180,96,4,84.49
9570,3181,93,3,490.86
9571,3181,9,2,178.19
9572,3181,11,1,489.65
9573,3181,72,1,404.50
9574,3181,14,1,429.63
9575,3182,49,2,206.38
9576,3183,8,1,307.70
9577,3183,137,1,307.7
9578,3183,9,1,178.19
9579,3183,32,2,105.62
9580,3183,96,3,$43.85
9581,3184,93,1,345.11
9582,3184,104,5,98.77
9583,3184,119,1,528.68
9584,3185,10,5,28.04
9585,3185,119,3,528.68
9586,3186,18,3,67.65
9587,3186,93,2,345.11
9588,3186,112,1,183.26
9589,3186,65,1,308.91
9590,3186,105,1,528.06
9591,3187,83,2,319.19
9592,3187,94,2,389.5
9593,3187,51,4,286.54
9594,3188,129,2,535.98
9595,3189,11,1,489.65
9596,3189,46,2,136.73
9597,3189,82,3,$244.20
9598,3190,2,1,190.97
9599,3191,128,1,369.54
9600,3191,19,1,67.77
9601,3192,91,2,214.27
9602,3192,36,2,19.3
9603,3192,7,0,152.65
9604,3192,8,2,307.7
9605,3192,93,2,345.11
9606,3193,3,1,390.52
9607,3193,18,1,128.87
9608,3193,66,2,286.07
9609,3193,62,2,205.40
9610,3193,89,4,
9611,3194,48,5,23.1
9612,3194,54,2,74.59
9613,3194,103,2,244.50
9614,3194,44,1,106.04
9615,3194,127,2,783.81
9616,3195,41,2,191.67
9617,3196,137,2,307.7
9618,3197,74,1,$34.31
9619,3197,69,2,175.49
9620,3197,53,1,37.16
9621,3198,97,2,369.73
9622,3198,86,2,164.39
9623,3198,89,1,403.36
9624,3198,12,1,$214.91
9625,3198,68,1,304.43
9626,3199,39,1,253.25
9627,3199,28,4,222.75
9628,3199,26,4,264.67
9629,3199,79,1,210.80
9630,3200,9999,-1,286.54
9631,3200,110,4,193.85
9632,3200,15,0,81.29
9633,3200,86,2,164.39
9634,3200,94,1,389.5
9635,3201,91,1,321.61
9636,3202,36,1,19.3
9637,3203,128,3,434.46
9638,3203,99,2,$140.32
9639,3204,41,1,191.67
9640,3205,4,1,546.12
9641,3206,25,3,253.88
9642,3206,40,1,199.53
9643,3206,9,2,178.19
9644,3207,79,-1,210.8
9645,3207,137,3,307.7
9646,3207,94,2,389.5
9647,3207,108,1,242.90
9648,3207,105,3,528.06
9649,3208,47,2,627.32
9650,3208,28,2,222.75
9651,3208,74,2,19.33
9652,3208,122,2,163.54
9653,3209,72,1,404.5
9654,3209,116,1,359.58 JOD
9655,3209,113,3,191.78
9656,3209,70,2,379.91
9657,3209,81,4,121.47
9658,3210,63,3,575.86
9659,3210,8,1,366.13
9660,3210,53,2,37.16
9661,3211,2,1,$190.97
9662,3211,27,-1,112.66
9663,3211,68,1,304.43
9664,3211,123,1,151.87
9665,3211,32,3,105.62
9666,3212,102,4,100.32
9667,3213,128,3,369.54
9668,3213,2,1,190.97
9669,3213,43,1,330.60
9670,3213,72,2,516.58
9671,3213,94,3,389.5
9672,3214,31,2,$71.76
9673,3214,89,2,403.36
9674,3215,17,2,185.99
9675,3215,72,1,430.37
9676,3215,32,4,65.24
9677,3215,74,1,34.31
9678,3215,15,1,81.29
9679,3216,84,4,455.31
9680,3217,42,2,91.53
9681,3217,120,2,201.77
9682,3217,112,1,159.48
9683,3218,58,2,109.02
9684,3219,133,1,97.51
9685,3219,41,1,191.67
9686,3219,46,2,136.73
9687,3219,47,3,627.32
9688,3220,32,2,105.62
9689,3220,78,-1,121.77
9690,3220,1,3,638.35
9691,3220,14,-1,429.63
9692,3220,31,1,71.76
9693,3221,72,2,436.61
9694,3222,71,2,374.89
9695,3222,120,3,201.77
9696,3223,130,4,59.94
9697,3223,133,2,97.51
9698,3223,21,1,14.38
9699,3224,12,3,214.91
9700,3224,79,3,210.8
9701,3224,58,3,109.02 JOD
9702,3224,87,1,262.59
9703,3224,10,3,28.04
9704,3225,94,1,389.5
9705,3226,79,1,210.8
9706,3226,94,1,389.50
9707,3226,136,1,314.21
9708,3227,134,1,$38.49
9709,3227,35,2,127.5
9710,3227,9,1,178.19
9711,3228,64,3,265.5
9712,3228,100,1,340.7
9713,3228,128,1,497.57
9714,3228,110,1,193.85
9715,3229,54,2,89.36
9716,3229,124,1,58.04
9717,3229,129,1,535.98
9718,3230,113,3,191.78
9719,3230,18,0,128.87
9720,3230,115,1,302.06
9721,3230,117,1,143.1
9722,3230,71,3,374.89
9723,3231,112,1,109.11
9724,3232,126,4,200.63
9725,3232,135,0,9.81
9726,3232,56,0,31.92 JOD
9727,3232,134,1,40.0
9728,3232,83,0,319.19
9729,3233,2,1,190.97
9730,3233,107,2,376.14
9731,3233,93,3,345.11
9732,3233,5,2,461.71
9733,3233,91,2,243.25
9734,3234,22,2,36.29
9735,3234,66,2,231.0
9736,3234,107,-1,376.14
9737,3235,36,5,$19.30
9738,3235,15,1,81.29
9739,3235,114,1,403.81
9740,3235,22,2,36.29
9741,3235,116,2,359.58
9742,3236,54,2,89.36
9743,3236,92,1,221.93
9744,3236,6,-1,46.39
9745,3237,95,2,545.43
9746,3237,11,1,489.65
9747,3237,37,3,241.65
9748,3238,50,2,397.99
9749,3238,58,4,109.02
9750,3238,8,3,307.7
9751,3238,11,1,489.65
9752,3239,68,3,304.43
9753,3239,46,1,136.73
9754,3240,14,-1,429.63
9755,3241,43,5,330.60
9756,3241,82,1,244.2
9757,3241,37,2,241.65
9758,3242,98,1,243.42
9759,3242,137,2,307.7
9760,3242,77,1,101.15
9761,3242,74,2,34.31
9762,3243,90,1,56.52
9763,3243,32,1,105.62
9764,3243,126,0,$191.04
9765,3243,4,2,546.12
9766,3243,53,2,37.16
9767,3244,43,4,330.6
9768,3244,3,1,390.52
9769,3244,38,1,454.8
9770,3245,135,1,18.43
9771,3245,122,2,125.5
9772,3246,51,4,286.54
9773,3246,9,1,
9774,3246,20,-1,165.28
9775,3246,127,2,587.72
9776,3247,71,2,374.89
9777,3247,9999,1,185.99
9778,3248,137,2,307.7
9779,3249,57,2,213.11
9780,3249,38,2,454.8
9781,3249,29,2,181.96
9782,3249,65,1,308.91
9783,3250,128,3,369.54
9784,3250,72,2,404.5
9785,3250,4,2,546.12
9786,3251,58,3,109.02
9787,3251,109,2,579.16
9788,3251,134,2,40.0
9789,3251,125,5,552.19
9790,3252,35,1,$152.88
9791,3252,109,3,579.16
9792,3252,36,0,19.3
9793,3252,122,1,125.5
9794,3252,95,2,545.43
9795,3253,2,-1,190.97
9796,3253,107,1,$376.14
9797,3254,49,0,206.38
9798,3254,131,1,468.79
9799,3254,78,0,121.77
9800,3255,67,2,291.96
9801,3255,4,4,546.12
9802,3256,122,1,125.5
9803,3257,115,1,302.06
9804,3257,47,3,627.32
9805,3257,100,3,249.16
9806,3257,80,1,168.84
9807,3258,74,1,34.31
9808,3258,26,5,264.67
9809,3258,82,5,244.20
9810,3258,27,3,112.66
9811,3258,117,1,143.1
9812,3259,65,1,403.77
9813,3259,9999,3,18.43
9814,3259,12,1,214.91
9815,3259,46,1,136.73
9816,3259,109,2,579.16
9817,3260,17,4,185.99
9818,3260,135,5,18.43
9819,3260,131,3,396.05
9820,3261,130,1,59.94
9821,3261,120,0,201.77
9822,3261,98,1,243.42
9823,3261,26,4,264.67
9824,3262,45,2,323.06
9825,3262,106,5,252.84
9826,3262,137,2,307.70
9827,3262,113,1,191.78
9828,3262,51,1,286.54
9829,3263,129,2,535.98
9830,3264,106,3,$252.84
9831,3264,13,-1,186.29
9832,3265,127,1,587.72
9833,3265,52,4,171.01
9834,3265,29,2,181.96
9835,3266,16,4,148.16
9836,3266,13,1,186.29
9837,3267,121,5,317.45
9838,3268,113,3,$191.78
9839,3268,31,0,71.76
9840,3268,77,2,101.15
9841,3268,40,1,200.34
9842,3269,115,1,302.06
9843,3270,45,2,415.91
9844,3271,45,3,415.91
9845,3271,30,2,43.65
9846,3271,47,1,627.32
9847,3271,50,4,397.99
9848,3271,68,3,304.43
9849,3272,66,2,231.0
9850,3272,9999,1,183.26
9851,3272,131,0,396.05
9852,3272,37,5,241.65
9853,3273,114,1,403.81
9854,3273,27,1,112.66
9855,3274,53,3,37.16
9856,3274,34,4,220.1
9857,3274,74,3,34.31
9858,3274,61,4,101.6
9859,3275,134,2,40.00 JOD
9860,3275,127,2,587.72
9861,3275,100,-1,249.16
9862,3276,66,1,231.0
9863,3276,1,3,585.67 JOD
9864,3277,40,1,199.53
9865,3277,30,3,43.65
9866,3277,44,1,106.04
9867,3278,56,3,31.92
9868,3278,84,1,455.31
9869,3278,130,-1,59.94
9870,3278,47,2,627.32
9871,3279,111,1,291.81
9872,3279,103,1,244.5
9873,3280,35,2,152.88
9874,3280,104,3,98.77
9875,3280,36,1,19.30
9876,3281,65,2,308.91
9877,3281,62,3,205.4
9878,3281,123,2,137.39
9879,3281,91,1,243.25
9880,3282,79,1,253.03
9881,3283,45,4,221.49
9882,3283,114,1,403.81
9883,3283,91,1,243.25
9884,3283,4,1,546.12
9885,3283,19,5,65.8
9886,3284,35,3,152.88
9887,3285,18,2,128.87
9888,3285,129,1,535.98
9889,3286,18,1,128.87
9890,3286,19,3,67.77
9891,3286,93,1,345.11
9892,3286,29,0,181.96
9893,3287,17,1,185.99
9894,3287,44,2,106.04
9895,3287,133,3,97.51
9896,3288,110,0,193.85
9897,3288,74,2,34.31
9898,3288,87,4,262.59
9899,3288,56,0,31.92
9900,3289,44,3,106.04 JOD
9901,3289,79,3,119.04
9902,3289,96,2,84.49
9903,3289,58,2,109.02
9904,3290,44,1,106.04
9905,3290,32,3,105.62
9906,3290,66,1,231.0
9907,3290,124,1,58.04
9908,3290,27,1,112.66
9909,3291,59,4,169.88
9910,3291,132,1,82.53
9911,3291,34,5,220.10
9912,3291,64,1,265.50
9913,3291,87,2,262.59
9914,3292,56,1,31.92
9915,3292,25,1,253.88
9916,3293,35,2,152.88
9917,3293,135,2,18.43
9918,3294,112,5,183.26
9919,3294,50,1,397.99
9920,3294,49,1,206.38
9921,3295,7,1,152.65
9922,3295,36,1,
9923,3295,111,2,291.81
9924,3295,2,2,190.97
9925,3296,120,2,201.77
9926,3296,35,2,152.88
9927,3296,26,2,248.0
9928,3297,17,1,185.99
9929,3297,72,2,404.5
9930,3297,12,2,214.91
9931,3297,35,3,152.88
9932,3298,33,4,407.76
9933,3299,97,1,369.73
9934,3299,77,1,101.15
9935,3299,103,4,244.5
9936,3300,43,1,330.6
9937,3300,85,4,10.91
9938,3301,56,2,31.92
9939,3302,101,3,95.6
9940,3302,22,1,36.29
9941,3302,50,2,397.99
9942,3302,132,3,82.53
9943,3303,64,2,$265.50
9944,3304,82,3,244.2
9945,3304,50,2,397.99
9946,3304,95,1,545.43
9947,3304,25,2,253.88
9948,3304,13,1,197.12
9949,3305,46,2,168.48
9950,3305,23,-1,68.95
9951,3306,111,5,291.81
9952,3306,49,1,206.38
9953,3307,107,0,376.14
9954,3307,12,2,239.19
9955,3307,34,2,220.1
9956,3308,49,3,206.38 JOD
9957,3308,82,2,244.2
9958,3308,18,4,128.87
9959,3309,109,3,579.16
9960,3309,120,1,201.77
9961,3309,87,1,262.59
9962,3310,29,-1,181.96
9963,3311,95,5,545.43
9964,3311,53,2,37.16
9965,3311,107,4,376.14
9966,3311,121,2,317.45
9967,3312,95,1,628.34
9968,3312,132,2,82.53
9969,3312,39,3,262.55
9970,3312,90,3,56.52
9971,3312,53,2,37.16
9972,3313,80,1,144.45
9973,3313,115,2,302.06
9974,3313,68,1,304.43
9975,3313,110,4,193.85
9976,3314,15,2,81.29
9977,3314,56,2,31.92
9978,3314,63,1,656.44
9979,3314,4,3,546.12
9980,3314,91,2,243.25
9981,3315,9,2,240.99
9982,3315,42,1,91.53
9983,3316,127,2,587.72
9984,3316,11,3,645.78
9985,3316,30,5,43.65
9986,3317,49,3,206.38
9987,3317,24,4,360.88
9988,3318,73,1,331.02
9989,3318,54,1,89.36
9990,3318,101,2,95.6
9991,3319,52,1,171.01
9992,3319,101,1,95.6
9993,3319,95,3,545.43
9994,3319,84,5,267.14
9995,3320,85,3,8.08
9996,3320,126,2,127.01
9997,3321,135,1,18.43
9998,3322,83,3,474.43
9999,3323,116,2,359.58
10000,3323,37,1,241.65
10001,3323,11,2,489.65
10002,3324,120,5,201.77
10003,3325,128,2,369.54
10004,3325,91,1,243.25
10005,3325,100,1,249.16
10006,3325,86,2,164.39
10007,3326,63,4,575.86
10008,3326,135,0,18.43
10009,3326,58,1,109.02
10010,3326,133,3,97.51
10011,3326,53,2,37.16
10012,3327,2,3,$190.97
10013,3327,77,4,101.15
10014,3328,94,1,389.50
10015,3328,11,4,
10016,3328,16,1,148.16
10017,3329,83,4,319.19
10018,3329,76,1,509.98
10019,3330,135,3,18.43
10020,3330,115,4,302.06
10021,3330,75,2,347.56
10022,3330,77,3,101.15
10023,3330,1,1,585.67
10024,3331,68,2,304.43
10025,3331,105,3,740.83
10026,3331,66,4,231.0
10027,3331,109,1,$579.16
10028,3332,39,5,253.25
10029,3332,21,2,14.38
10030,3332,24,1,360.88
10031,3333,103,1,244.5
10032,3333,125,1,552.19
10033,3333,53,3,37.16
10034,3333,29,2,181.96
10035,3334,40,4,199.53
10036,3334,89,2,403.36
10037,3334,135,3,18.43
10038,3334,20,2,110.76
10039,3335,78,2,121.77
10040,3335,97,1,369.73
10041,3335,111,3,291.81
10042,3336,133,0,97.51
10043,3336,127,1,688.8
10044,3336,64,1,265.5
10045,3336,106,2,252.84
10046,3336,38,2,454.8
10047,3337,66,1,231.0
10048,3337,54,1,89.36
10049,3337,101,3,95.6
10050,3338,5,1,407.25
10051,3338,101,4,95.60
10052,3338,16,1,148.16
10053,3338,110,2,193.85
10054,3339,89,1,204.00
10055,3340,88,4,238.01
10056,3340,125,5,552.19
10057,3341,111,4,291.81
10058,3341,123,1,151.87
10059,3341,40,1,199.53
10060,3341,20,2,110.76
10061,3342,5,2,407.25
10062,3343,131,2,266.11
10063,3343,52,3,171.01 JOD
10064,3343,40,1,199.53
10065,3343,97,3,369.73
10066,3344,85,2,8.08
10067,3344,48,2,23.1
10068,3345,95,1,545.43
10069,3345,37,1,176.1
10070,3346,98,4,243.42
10071,3346,55,1,216.25
10072,3346,113,2,191.78
10073,3346,130,1,59.94
10074,3346,9999,1,
10075,3347,14,3,429.63
10076,3347,1,3,585.67
10077,3347,55,2,216.25
10078,3347,124,1,36.31
10079,3348,118,1,306.5
10080,3349,51,4,286.54
10081,3349,136,2,351.26
10082,3349,103,1,244.5
10083,3350,97,1,369.73
10084,3350,18,1,128.87
10085,3350,109,1,579.16
10086,3350,38,3,454.8
10087,3350,70,3,379.91
10088,3351,88,1,238.01
10089,3351,114,3,403.81
10090,3351,49,2,206.38
10091,3351,54,2,89.36
10092,3351,77,2,101.15
10093,3352,26,3,264.67
10094,3352,81,4,121.47
10095,3352,20,1,110.76
10096,3353,68,1,304.43
10097,3354,90,2,$56.52
10098,3354,71,1,374.89
10099,3354,18,1,165.59
10100,3354,85,1,8.08
10101,3354,120,1,201.77
10102,3355,19,1,67.77
10103,3355,122,2,125.5
10104,3355,9999,5,210.80
10105,3355,71,1,374.89
10106,3355,42,2,91.53
10107,3356,24,1,360.88
10108,3356,30,3,43.65
10109,3356,16,3,148.16
10110,3356,18,2,128.87
10111,3357,86,1,$164.39
10112,3357,52,1,171.01
10113,3357,79,2,210.80
10114,3358,17,0,185.99
10115,3359,9999,2,23.1
10116,3360,9999,3,369.73
10117,3361,92,0,339.88
10118,3361,24,2,360.88 JOD
10119,3361,109,1,579.16
10120,3361,112,1,183.26
10121,3362,80,0,144.45
10122,3362,78,5,121.77
10123,3362,92,2,339.88
10124,3363,5,3,407.25
10125,3363,62,1,205.4
10126,3363,56,2,31.92
10127,3364,131,4,396.05
10128,3364,19,2,
10129,3364,110,1,193.85
10130,3364,20,-1,110.76
10131,3365,126,1,200.63
10132,3365,43,2,330.6
10133,3365,16,1,148.16
10134,3365,99,3,140.32
10135,3365,34,1,220.1
10136,3366,17,5,185.99
10137,3366,4,1,673.91
10138,3366,49,2,159.22
10139,3366,68,5,267.83
10140,3366,14,2,429.63
10141,3367,21,-1,11.88
10142,3367,121,2,317.45
10143,3368,35,2,152.88
10144,3368,95,3,545.43
10145,3368,2,3,190.97
10146,3368,44,2,106.04
10147,3369,13,1,127.09
10148,3369,61,1,101.6
10149,3369,9999,4,91.53
10150,3369,114,1,403.81
10151,3370,20,2,74.91
10152,3370,82,2,244.2
10153,3370,54,2,110.26
10154,3370,114,2,403.81
10155,3370,22,2,36.29
10156,3371,59,1,169.88
10157,3371,58,5,109.02
10158,3371,130,2,59.94
10159,3371,15,2,81.29
10160,3371,125,1,552.19
10161,3372,52,3,171.01
10162,3372,123,1,151.87
10163,3372,119,1,528.68
10164,3372,9999,3,253.25
10165,3372,9999,3,429.63
10166,3373,90,1,56.52
10167,3374,53,1,40.51
10168,3374,70,1,379.91
10169,3374,55,5,216.25
10170,3375,43,2,330.6
10171,3375,87,2,262.59
10172,3376,61,4,101.6
10173,3377,56,1,31.92
10174,3377,29,1,181.96
10175,3377,94,2,389.5
10176,3377,129,1,460.27
10177,3377,92,3,339.88
10178,3378,9999,5,187.36
10179,3378,23,1,68.95
10180,3378,18,2,164.58
10181,3378,9,2,167.25
10182,3379,93,1,229.82
10183,3379,52,2,171.01
10184,3379,47,4,627.32
10185,3379,49,2,206.38
10186,3380,90,3,56.52
10187,3381,119,2,528.68
10188,3381,135,1,18.43
10189,3381,132,1,94.59
10190,3382,10,2,28.04
10191,3382,78,3,121.77
10192,3382,23,-1,68.95
10193,3382,104,2,$98.77
10194,3382,95,1,295.33
10195,3383,98,2,243.42
10196,3383,16,1,148.16
10197,3383,84,5,455.31
10198,3384,117,1,143.1
10199,3384,42,1,91.53
10200,3384,133,5,97.51
10201,3385,69,1,175.49
10202,3386,15,1,81.29
10203,3386,33,-1,407.76
10204,3386,98,2,324.83
10205,3386,110,4,193.85
10206,3387,91,0,
10207,3387,33,1,407.76
10208,3388,71,1,374.89
10209,3388,122,3,125.5
10210,3389,101,1,95.6
10211,3389,97,0,369.73
10212,3389,14,1,429.63
10213,3390,56,3,31.92
10214,3391,38,1,454.80
10215,3392,29,1,181.96
10216,3392,92,2,339.88
10217,3392,69,1,175.49
10218,3392,120,2,201.77
10219,3392,77,5,101.15
10220,3393,128,1,369.54
10221,3393,1,2,585.67
10222,3393,71,1,374.89
10223,3393,37,-1,241.65
10224,3393,93,3,345.11
10225,3394,103,2,244.5
10226,3395,47,3,627.32
10227,3395,23,1,68.95
10228,3395,95,1,545.43
10229,3395,105,2,528.06
10230,3396,33,1,407.76
10231,3396,41,1,191.67
10232,3396,94,3,389.5
10233,3396,5,3,444.21
10234,3397,128,4,377.89
10235,3397,4,3,719.8
10236,3398,45,1,415.91
10237,3398,13,1,186.29
10238,3398,37,2,128.51
10239,3399,132,2,82.53 JOD
10240,3399,31,5,71.76
10241,3399,93,2,345.11
10242,3399,134,-1,40.0
10243,3400,16,1,154.45
10244,3400,62,5,$205.40
10245,3400,4,5,546.12
10246,3400,32,0,105.62
10247,3400,22,5,36.29
10248,3401,37,2,241.65
10249,3402,69,1,175.49
10250,3403,50,4,397.99
10251,3403,130,4,59.94
10252,3403,21,5,14.38
10253,3404,105,1,528.06
10254,3404,8,1,307.70
10255,3404,65,5,308.91
10256,3404,75,2,347.56
10257,3405,137,2,351.74
10258,3405,73,1,331.02
10259,3405,49,1,206.38
10260,3405,109,1,579.16
10261,3405,68,1,304.43
10262,3406,11,1,489.65
10263,3406,6,1,46.39
10264,3406,130,1,59.94
10265,3406,3,1,477.44
10266,3406,94,4,389.50
10267,3407,64,-1,265.5
10268,3407,109,2,579.16
10269,3407,10,2,28.04
10270,3408,46,1,
10271,3408,7,1,152.65
10272,3409,50,3,397.99
10273,3409,118,1,306.5
10274,3409,97,2,369.73
10275,3409,21,1,14.38
10276,3409,104,1,$98.77
10277,3410,9,4,237.67
10278,3410,125,1,552.19
10279,3410,34,1,220.1
10280,3411,35,5,152.88
10281,3411,2,5,190.97
10282,3411,50,1,397.99
10283,3411,32,2,105.62
10284,3412,19,1,67.77
10285,3413,105,1,528.06
10286,3413,99,1,140.32
10287,3414,37,3,241.65
10288,3415,104,4,98.77
10289,3415,51,3,286.54
10290,3415,62,2,205.4
10291,3415,4,3,546.12
10292,3416,61,1,101.6
10293,3416,126,1,200.63
10294,3416,35,2,152.88 JOD
10295,3416,12,1,214.91
10296,3417,47,1,627.32
10297,3418,12,2,214.91
10298,3418,112,2,183.26 JOD
10299,3418,11,5,489.65
10300,3418,68,2,304.43
10301,3419,122,1,91.1
10302,3419,95,3,545.43
10303,3419,89,2,403.36
10304,3420,68,1,304.43
10305,3420,27,5,112.66
10306,3421,67,2,291.96
10307,3421,118,4,306.5
10308,3421,62,1,$266.36
10309,3421,113,0,191.78
10310,3422,21,1,14.38
10311,3422,104,2,98.77
10312,3422,34,1,220.10
10313,3422,2,4,190.97
10314,3422,61,1,101.6
10315,3423,89,5,403.36
10316,3423,77,1,101.15
10317,3424,39,1,253.25
10318,3424,50,2,397.99
10319,3424,90,1,56.52
10320,3424,98,3,243.42
10321,3425,2,1,190.97
10322,3426,52,2,171.01
10323,3426,111,0,291.81
10324,3426,49,1,206.38
10325,3426,121,2,317.45
10326,3427,102,2,169.19
10327,3427,46,3,136.73
10328,3428,80,4,144.45
10329,3429,125,3,552.19
10330,3429,36,1,19.3
10331,3429,78,1,121.77
10332,3429,29,4,181.96
10333,3429,37,0,297.16
10334,3430,52,2,171.01
10335,3430,102,1,169.19
10336,3430,97,2,369.73
10337,3430,7,3,225.88 JOD
10338,3430,64,1,265.5
10339,3431,91,1,243.25
10340,3431,49,3,206.38
10341,3431,101,1,95.60
10342,3431,107,3,376.14
10343,3431,105,2,528.06
10344,3432,7,1,152.65
10345,3432,134,2,40.0
10346,3432,130,4,59.94
10347,3433,90,1,56.52
10348,3433,98,0,243.42
10349,3433,125,2,552.19
10350,3433,113,1,191.78
10351,3433,137,3,207.84
10352,3434,127,1,587.72
10353,3434,77,5,101.15
10354,3434,17,1,$185.99
10355,3435,52,2,171.01
10356,3435,70,4,379.91
10357,3436,92,-1,425.01
10358,3437,5,4,407.25
10359,3437,95,2,545.43
10360,3437,85,1,8.08
10361,3437,72,1,404.5
10362,3437,9999,3,109.02
10363,3438,68,2,304.43
10364,3438,21,2,14.38
10365,3438,130,0,59.94
10366,3439,61,2,101.60
10367,3439,122,3,125.5
10368,3439,128,3,369.54
10369,3439,70,1,379.91
10370,3439,99,1,140.32
10371,3440,62,3,205.4
10372,3440,43,1,359.06
10373,3441,123,1,151.87
10374,3441,77,1,101.15
10375,3441,9,2,178.19
10376,3442,79,1,210.8
10377,3442,74,1,34.31
10378,3442,124,4,58.04
10379,3442,94,1,389.5
10380,3443,115,3,309.84
10381,3443,78,5,84.85
10382,3443,68,1,445.48
10383,3443,41,4,$191.67
10384,3443,86,1,$164.39
10385,3444,105,2,528.06
10386,3444,113,1,191.78
10387,3444,11,2,489.65
10388,3444,62,4,205.4
10389,3444,23,2,76.13
10390,3445,88,3,192.75
10391,3445,91,1,243.25
10392,3445,24,4,360.88
10393,3445,4,1,546.12
10394,3446,126,0,200.63
10395,3446,110,2,193.85
10396,3446,3,1,390.52
10397,3447,12,1,214.91
10398,3447,121,1,317.45
10399,3447,106,1,252.84
10400,3447,28,2,222.75
10401,3447,120,1,201.77
10402,3448,10,2,28.04
10403,3448,72,1,404.5
10404,3448,5,1,407.25
10405,3448,26,0,264.67
10406,3449,22,4,36.29
10407,3450,101,0,95.6
10408,3450,47,1,772.44
10409,3450,43,4,330.60
10410,3450,114,5,403.81
10411,3450,57,1,213.11
10412,3451,114,2,345.58
10413,3451,133,1,97.51
10414,3451,125,2,552.19
10415,3451,55,3,216.25
10416,3451,32,1,105.62
10417,3452,4,4,546.12
10418,3452,85,3,$8.08
10419,3452,74,2,34.31
10420,3453,35,2,187.54
10421,3453,92,4,339.88
10422,3453,4,1,546.12
10423,3454,113,4,191.78
10424,3454,75,4,347.56
10425,3454,32,1,105.62
10426,3454,80,4,144.45
10427,3455,36,1,19.3
10428,3455,19,2,$67.77
10429,3456,20,1,110.76
10430,3456,6,4,46.39
10431,3457,123,2,151.87
10432,3458,117,1,143.1
10433,3458,9999,5,28.04
10434,3458,14,2,429.63
10435,3458,63,2,575.86
10436,3459,34,2,220.1
10437,3459,118,5,306.5
10438,3459,75,1,347.56
10439,3459,112,2,183.26
10440,3460,98,2,243.42
10441,3460,18,1,128.87
10442,3460,129,5,787.86 JOD
10443,3461,135,2,18.43
10444,3461,57,1,213.11
10445,3461,42,1,91.53
10446,3462,104,2,98.77
10447,3462,58,3,109.02 JOD
10448,3462,25,1,350.42
10449,3463,45,2,415.91
10450,3463,60,1,16.37
10451,3463,6,3,46.39
10452,3463,125,5,$552.19
10453,3464,41,2,191.67
10454,3464,128,-1,369.54
10455,3465,18,3,192.99
10456,3466,42,3,91.53
10457,3467,43,2,330.6
10458,3467,64,2,265.5
10459,3467,99,1,140.32
10460,3468,30,1,43.65
10461,3469,77,2,101.15
10462,3469,135,1,18.43
10463,3470,38,3,454.8
10464,3470,61,1,101.6
10465,3470,110,1,193.85
10466,3470,90,4,$79.69
10467,3471,48,2,23.1
10468,3472,22,1,36.29
10469,3472,110,4,250.2
10470,3472,33,1,407.76
10471,3472,132,2,82.53
10472,3472,65,3,442.66
10473,3473,14,1,429.63
10474,3473,137,1,307.7
10475,3473,91,5,243.25
10476,3473,86,2,164.39
10477,3473,62,1,205.40
10478,3474,54,1,89.36
10479,3474,13,2,186.29
10480,3475,103,0,$244.50
10481,3475,42,1,91.53
10482,3475,27,4,112.66
10483,3475,22,3,36.29
10484,3476,22,1,36.29
10485,3477,9,1,178.19
10486,3477,109,2,746.63
10487,3477,120,5,201.77
10488,3477,42,2,61.42
10489,3478,28,1,222.75
10490,3478,30,1,43.65
10491,3478,106,1,252.84
10492,3479,72,2,404.5
10493,3479,28,2,308.06
10494,3479,7,2,$152.65
10495,3479,108,2,242.9
10496,3479,100,3,185.74
10497,3480,123,2,151.87
10498,3480,33,1,407.76
10499,3480,28,5,222.75
10500,3480,50,1,397.99 JOD
10501,3481,64,5,198.82
10502,3481,49,1,206.38
10503,3481,11,1,489.65
10504,3481,14,0,429.63
10505,3481,24,3,360.88
10506,3482,88,5,238.01
10507,3482,122,5,125.5
10508,3482,108,4,242.9
10509,3483,21,2,14.38
10510,3483,33,2,407.76
10511,3483,45,4,415.91
10512,3483,53,1,37.16
10513,3484,103,2,244.5
10514,3484,90,2,56.52
10515,3485,23,0,68.95
10516,3485,106,2,252.84
10517,3485,50,3,323.93
10518,3485,63,2,575.86
10519,3486,86,1,164.39
10520,3486,120,2,201.77
10521,3486,72,2,404.50
10522,3487,77,3,101.15
10523,3487,115,5,302.06
10524,3487,10,2,28.04
10525,3487,37,3,241.65
10526,3488,83,1,319.19
10527,3488,92,1,339.88
10528,3488,121,1,317.45
10529,3488,25,5,253.88
10530,3489,90,2,56.52
10531,3489,122,5,125.50
10532,3489,118,4,306.50
10533,3490,63,1,575.86
10534,3490,60,1,16.37
10535,3491,15,0,81.29
10536,3491,84,1,455.31
10537,3491,40,2,187.72
10538,3491,61,1,$101.60
10539,3492,2,1,190.97
10540,3493,9999,1,528.68
10541,3493,21,2,14.38
10542,3494,85,1,8.08
10543,3494,136,1,314.21
10544,3494,1,3,$585.67
10545,3495,125,0,552.19
10546,3495,29,0,$181.96
10547,3496,78,-1,121.77
10548,3496,72,1,404.50
10549,3496,90,2,56.52
10550,3496,92,1,339.88
10551,3497,120,1,201.77
10552,3497,8,2,307.7
10553,3497,91,2,243.25
10554,3498,68,3,304.43
10555,3498,58,2,109.02
10556,3498,95,1,545.43
10557,3498,85,1,8.08
10558,3499,9999,1,407.76
10559,3499,121,2,317.45
10560,3499,11,2,$489.65
10561,3499,111,0,291.81
10562,3499,127,1,587.72
10563,3500,85,2,8.08
10564,3500,82,1,244.2
10565,3500,120,1,$201.77
10566,3501,60,1,22.60
10567,3501,85,1,8.08
10568,3501,35,0,152.88
10569,3501,90,1,31.42
10570,3501,65,3,308.91
10571,3502,53,1,37.16
10572,3502,113,2,191.78
10573,3502,72,5,404.5
10574,3503,27,1,112.66
10575,3503,45,5,415.91
10576,3503,3,1,390.52
10577,3503,78,1,121.77
10578,3503,74,4,22.84
10579,3504,86,5,164.39
10580,3504,101,2,95.60
10581,3504,20,1,110.76
10582,3505,120,0,201.77
10583,3505,127,1,587.72
10584,3505,53,4,37.16
10585,3505,96,2,84.49
10586,3506,126,3,200.63
10587,3506,117,2,143.1
10588,3506,93,2,345.11
10589,3506,74,2,34.31
10590,3507,136,-1,186.34
10591,3507,51,1,286.54
10592,3507,61,3,101.6
10593,3508,42,3,91.53
10594,3508,90,1,56.52
10595,3508,82,0,244.2
10596,3508,22,2,36.29
10597,3508,73,2,331.02
10598,3509,41,5,191.67
10599,3509,25,1,304.23
10600,3509,29,2,181.96
10601,3510,71,5,374.89
10602,3510,54,1,89.36
10603,3511,117,2,143.1
10604,3512,64,2,265.5
10605,3513,35,1,152.88
10606,3514,137,1,307.7
10607,3514,16,3,148.16
10608,3515,92,3,339.88
10609,3516,9999,2,121.77
10610,3516,99,3,140.32
10611,3516,77,4,101.15
10612,3516,20,2,110.76
10613,3516,128,2,369.54
10614,3517,42,3,91.53
10615,3517,26,1,264.67
10616,3517,120,1,201.77
10617,3517,89,1,403.36
10618,3518,50,4,397.99
10619,3519,49,4,206.38
10620,3519,29,1,181.96
10621,3519,22,4,36.29
10622,3519,42,5,91.53
10623,3520,122,3,125.50
10624,3520,61,3,101.6
10625,3521,106,5,252.84
10626,3522,133,4,97.51
10627,3522,32,1,155.8
10628,3522,103,2,244.5
10629,3522,90,2,56.52
10630,3523,130,3,59.94
10631,3523,120,2,201.77
10632,3524,46,1,136.73
10633,3524,83,2,319.19
10634,3525,72,3,404.50
10635,3525,110,1,177.17
10636,3525,67,1,291.96
10637,3525,2,-1,159.03
10638,3526,20,3,110.76
10639,3527,31,1,71.76
10640,3527,27,4,112.66
10641,3527,54,1,89.36
10642,3527,18,4,128.87
10643,3527,57,0,213.11
10644,3528,84,1,455.31
10645,3528,103,1,244.5
10646,3528,22,1,36.29
10647,3529,113,0,267.73
10648,3529,44,0,106.04
10649,3529,127,1,587.72
10650,3529,62,3,
10651,3529,137,-1,440.84
10652,3530,50,2,397.99
10653,3530,137,1,307.70
10654,3531,45,2,415.91
10655,3531,8,2,307.70
10656,3531,66,2,$231.00
10657,3531,11,1,489.65
10658,3531,95,1,545.43
10659,3532,103,2,244.50
10660,3533,1,2,366.9
10661,3533,69,2,175.49
10662,3533,16,3,152.1
10663,3533,123,4,151.87
10664,3534,110,1,111.74
10665,3534,100,-1,249.16
10666,3535,81,2,121.47
10667,3535,15,2,81.29
10668,3535,64,1,265.5
10669,3535,133,3,97.51
10670,3536,98,3,333.13
10671,3536,16,1,148.16
10672,3536,21,1,14.38
10673,3536,56,2,31.92
10674,3537,9999,1,244.20
10675,3537,20,2,110.76
10676,3537,4,5,546.12
10677,3537,36,1,19.3
10678,3537,27,3,123.24
10679,3538,80,2,144.45
10680,3538,31,1,71.76
10681,3538,135,2,18.43
10682,3539,81,3,121.47
10683,3539,51,1,357.05
10684,3539,66,2,231.0
10685,3539,11,2,489.65
10686,3539,105,3,528.06
10687,3540,89,1,403.36
10688,3541,59,2,169.88
10689,3541,114,3,403.81
10690,3541,66,2,231.0
10691,3541,85,-1,8.08
10692,3542,26,1,264.67
10693,3542,135,1,18.43
10694,3542,116,2,359.58
10695,3542,88,2,238.01
10696,3542,62,2,$102.76
10697,3543,111,-1,291.81
10698,3543,96,2,84.49
10699,3543,116,2,359.58
10700,3543,128,3,369.54
10701,3544,59,3,169.88
10702,3545,74,3,34.31
10703,3545,9,-1,178.19
10704,3545,16,1,148.16
10705,3545,136,3,314.21
10706,3546,93,5,345.11 JOD
10707,3546,129,1,535.98
10708,3547,26,0,264.67
10709,3547,97,1,369.73
10710,3547,116,3,359.58
10711,3548,4,1,546.12
10712,3548,3,1,390.52
10713,3548,53,4,37.16
10714,3548,112,1,183.26
10715,3549,28,2,222.75
10716,3549,77,1,101.15
10717,3549,42,3,91.53
10718,3550,66,5,231.00
10719,3550,70,4,379.91
10720,3550,53,3,37.16
10721,3550,118,0,306.5
10722,3551,10,-1,14.42
10723,3551,126,1,200.63
10724,3551,31,5,71.76
10725,3552,57,1,$213.11
10726,3552,34,1,220.1
10727,3553,90,1,56.52
10728,3553,115,2,302.06
10729,3553,107,4,376.14
10730,3554,13,1,186.29
10731,3554,87,2,262.59
10732,3554,26,1,264.67
10733,3554,40,3,199.53
10734,3555,67,3,291.96
10735,3555,53,1,37.16
10736,3556,110,3,193.85
10737,3556,19,1,67.77
10738,3556,39,1,253.25
10739,3556,65,1,308.91
10740,3557,70,1,379.91
10741,3557,54,2,89.36
10742,3558,18,2,128.87
10743,3559,22,2,36.29
10744,3559,12,1,214.91
10745,3560,78,1,121.77
10746,3560,133,3,102.37
10747,3560,128,2,369.54
10748,3560,6,1,46.39
10749,3560,31,2,71.76
10750,3561,129,5,535.98
10751,3561,59,1,169.88
10752,3562,43,1,226.24
10753,3562,112,5,183.26
10754,3563,132,3,82.53
10755,3563,129,2,535.98
10756,3563,103,2,244.5
10757,3563,101,4,95.6
10758,3564,126,1,200.63
10759,3564,44,1,157.43
10760,3564,123,4,151.87
10761,3564,64,4,265.5
10762,3564,87,1,262.59
10763,3565,47,5,627.32
10764,3565,58,1,109.02
10765,3565,125,1,552.19
10766,3566,3,4,390.52
10767,3566,68,2,454.84
10768,3566,26,1,264.67
10769,3567,57,2,183.85
10770,3567,8,2,307.7
10771,3568,59,1,169.88
10772,3568,123,2,208.2
10773,3568,1,0,564.89 JOD
10774,3568,54,2,66.98
10775,3569,82,1,244.2
10776,3569,137,1,$307.70
10777,3569,91,4,243.25
10778,3569,93,2,345.11
10779,3569,15,5,81.29
10780,3570,135,1,18.43
10781,3570,66,-1,231.0
10782,3570,69,2,175.49
10783,3570,121,-1,317.45
10784,3570,49,3,206.38
10785,3571,94,1,389.5
10786,3571,9,1,178.19
10787,3571,79,1,210.8
10788,3571,111,1,291.81
10789,3571,129,2,535.98
10790,3572,14,1,429.63
10791,3572,50,1,397.99
10792,3572,17,2,185.99
10793,3572,89,1,403.36
10794,3573,61,2,101.6
10795,3573,10,3,28.04
10796,3573,26,1,264.67
10797,3574,125,3,552.19
10798,3574,67,1,291.96
10799,3574,63,0,575.86
10800,3574,56,3,31.92
10801,3575,111,1,$291.81
10802,3575,110,1,112.91
10803,3576,6,4,46.39
10804,3576,72,5,404.5
10805,3576,5,3,206.45
10806,3577,15,1,81.29
10807,3578,56,3,31.92
10808,3578,35,1,152.88
10809,3578,99,1,140.32
10810,3578,59,3,169.88
10811,3578,8,2,307.7
10812,3579,132,2,82.53 JOD
10813,3579,15,1,81.29
10814,3579,67,2,291.96
10815,3579,121,1,317.45
10816,3580,40,2,199.53
10817,3580,3,0,390.52
10818,3580,99,0,140.32
10819,3580,42,2,91.53
10820,3580,55,0,216.25
10821,3581,15,2,81.29
10822,3581,79,2,210.8
10823,3581,119,1,528.68
10824,3581,82,4,244.2
10825,3581,17,1,185.99
10826,3582,1,1,792.02
10827,3582,64,3,265.50
10828,3582,130,3,59.94
10829,3582,3,1,390.52 JOD
10830,3583,72,3,404.5
10831,3583,133,0,92.94
10832,3583,113,2,191.78
10833,3583,93,-1,345.11
10834,3584,76,1,383.3
10835,3585,85,3,8.08
10836,3585,32,1,105.62
10837,3585,110,1,221.24
10838,3585,69,1,175.49
10839,3586,115,2,302.06
10840,3586,119,1,528.68
10841,3586,122,1,125.5
10842,3587,110,3,193.85
10843,3587,31,2,71.76
10844,3587,107,2,376.14
10845,3587,125,3,552.19
10846,3588,41,1,247.27
10847,3588,116,0,359.58
10848,3588,26,1,264.67
10849,3588,121,1,$317.45
10850,3589,115,2,$302.06
10851,3590,51,-1,286.54
10852,3590,2,0,190.97
10853,3591,81,2,125.03
10854,3591,36,3,19.3
10855,3592,61,2,101.6
10856,3593,113,1,191.78
10857,3593,68,4,304.43
10858,3593,18,2,128.87
10859,3593,54,2,89.36
10860,3594,28,2,222.75
10861,3594,86,4,164.39
10862,3594,79,2,210.80
10863,3594,104,2,98.77
10864,3595,127,1,587.72 JOD
10865,3595,70,1,379.91
10866,3595,25,2,253.88
10867,3596,95,1,545.43
10868,3597,123,3,151.87
10869,3597,97,-1,369.73
10870,3598,56,2,31.92
10871,3598,103,1,244.5
10872,3598,113,1,191.78
10873,3598,94,2,389.5
10874,3599,38,2,454.80
10875,3599,45,1,415.91
10876,3599,112,3,133.63
10877,3599,131,1,396.05
10878,3599,133,1,97.51
10879,3600,64,2,265.50
10880,3600,71,2,374.89
10881,3600,1,2,585.67 JOD
10882,3600,69,2,175.49
10883,3601,122,5,125.50
10884,3601,16,3,148.16
10885,3601,59,2,169.88
10886,3601,11,0,489.65
10887,3602,2,1,190.97
10888,3602,129,1,535.98
10889,3602,92,3,339.88
10890,3603,25,1,253.88
10891,3603,81,2,121.47
10892,3603,94,2,389.50 JOD
10893,3603,24,2,360.88
10894,3603,14,1,429.63
10895,3604,115,2,371.08
10896,3604,18,5,184.27
10897,3605,77,3,101.15
10898,3605,2,3,190.97
10899,3605,6,-1,46.39
10900,3605,46,2,136.73
10901,3605,124,4,58.04
10902,3606,39,3,253.25
10903,3606,122,2,125.5
10904,3606,102,2,169.19
10905,3607,37,2,241.65
10906,3608,37,2,241.65
10907,3608,48,4,14.81
10908,3608,26,1,264.67
10909,3609,108,1,242.90
10910,3610,34,1,220.1
10911,3611,31,2,71.76
10912,3611,109,2,579.16
10913,3611,8,3,307.7
10914,3611,118,4,306.5
10915,3612,84,1,522.52
10916,3612,28,1,222.75
10917,3612,126,1,200.63
10918,3612,74,1,$34.31
10919,3612,134,4,40.00
10920,3613,60,3,16.37
10921,3613,20,1,110.76
10922,3613,100,3,254.27
10923,3614,127,2,587.72
10924,3614,29,1,181.96
10925,3614,9999,4,18.43
10926,3614,24,2,360.88
10927,3615,23,2,68.95
10928,3616,9999,1,587.72
10929,3616,27,1,112.66
10930,3616,6,2,46.39
10931,3616,104,5,98.77
10932,3616,97,1,369.73
10933,3617,96,1,84.49
10934,3617,128,2,369.54
10935,3618,5,1,407.25
10936,3619,75,2,347.56
10937,3619,32,1,105.62
10938,3619,40,4,199.53
10939,3619,70,0,379.91
10940,3619,35,1,$152.88
10941,3620,37,1,241.65
10942,3620,81,5,121.47
10943,3620,71,1,311.57
10944,3620,60,1,16.37
10945,3620,102,1,169.19
10946,3621,5,2,407.25
10947,3621,30,2,43.65
10948,3622,113,-1,191.78
10949,3622,128,1,369.54
10950,3622,57,3,213.11
10951,3623,25,1,253.88
10952,3623,106,1,252.84
10953,3623,112,1,183.26
10954,3624,94,3,389.50
10955,3624,98,1,243.42
10956,3624,61,2,101.60
10957,3624,135,1,11.65
10958,3624,92,1,339.88
10959,3625,22,1,36.29
10960,3625,124,1,58.04
10961,3625,23,1,68.95
10962,3626,118,5,306.5
10963,3626,129,0,535.98
10964,3627,2,1,190.97
10965,3627,136,1,314.21
10966,3627,55,2,$216.25
10967,3628,55,1,216.25
10968,3629,31,3,71.76
10969,3629,132,4,82.53
10970,3629,88,2,238.01
10971,3629,66,4,204.8
10972,3630,51,1,286.54
10973,3630,12,1,214.91
10974,3630,71,3,374.89
10975,3630,52,3,171.01
10976,3631,18,1,128.87
10977,3631,2,4,190.97
10978,3632,15,2,81.29
10979,3633,85,2,8.08
10980,3633,126,-1,200.63
10981,3633,90,2,56.52
10982,3633,73,2,331.02
10983,3633,62,1,205.4
10984,3634,134,1,40.0
10985,3634,102,3,169.19
10986,3634,36,5,19.3
10987,3635,81,1,121.47
10988,3635,117,3,143.1
10989,3635,30,3,43.65
10990,3636,8,3,307.7
10991,3636,123,1,151.87
10992,3636,39,2,253.25
10993,3636,49,2,206.38
10994,3636,130,3,59.94
10995,3637,27,-1,112.66
10996,3638,6,2,46.39
10997,3639,110,1,193.85
10998,3639,108,2,242.9
10999,3639,26,4,294.54
11000,3639,100,1,249.16
11001,3640,94,2,389.5
11002,3641,4,2,546.12
11003,3641,133,2,97.51
11004,3641,39,1,253.25
11005,3642,21,3,14.38
11006,3642,127,4,587.72
11007,3642,9,1,178.19
11008,3643,106,1,252.84
11009,3643,60,1,16.37
11010,3643,40,1,199.53
11011,3644,17,1,185.99
11012,3645,15,1,81.29
11013,3645,22,1,36.29
11014,3645,95,1,545.43
11015,3645,24,5,360.88
11016,3645,115,2,302.06
11017,3646,20,2,110.76
11018,3646,92,2,192.87
11019,3646,48,1,
11020,3646,47,3,627.32
11021,3646,85,1,8.08
11022,3647,47,0,627.32
11023,3648,48,4,23.1
11024,3649,128,-1,369.54
11025,3649,42,1,91.53
11026,3649,23,2,68.95
11027,3650,110,1,193.85
11028,3650,15,1,73.83
11029,3651,107,2,376.14
11030,3651,27,1,112.66
11031,3652,120,1,201.77
11032,3652,15,1,81.29
11033,3652,51,3,286.54
11034,3652,23,1,68.95
11035,3653,91,2,$243.25
11036,3653,87,2,262.59
11037,3653,55,3,216.25
11038,3654,40,3,199.53
11039,3655,91,2,$243.25
11040,3655,45,5,415.91
11041,3656,39,1,253.25
11042,3656,114,1,403.81
11043,3656,104,3,98.77
11044,3657,85,2,$8.08
11045,3657,1,5,585.67
11046,3657,72,3,404.5
11047,3658,121,1,317.45
11048,3658,56,5,31.92
11049,3658,137,1,307.7
11050,3658,100,3,249.16
11051,3658,96,2,84.49
11052,3659,130,1,68.55
11053,3659,94,2,389.5
11054,3660,36,1,19.3
11055,3660,61,5,101.6
11056,3661,36,1,19.3
11057,3662,9999,1,360.88
11058,3662,1,0,585.67
11059,3662,4,2,546.12
11060,3662,117,1,143.1
11061,3663,56,1,31.92
11062,3663,117,1,143.1
11063,3663,46,1,136.73
11064,3663,116,1,359.58
11065,3664,25,3,253.88
11066,3664,30,1,43.65
11067,3664,43,1,330.60
11068,3664,37,2,241.65
11069,3665,57,1,213.11
11070,3666,137,1,307.7
11071,3666,106,2,252.84
11072,3667,14,5,429.63
11073,3667,61,3,65.76
11074,3667,51,1,286.54
11075,3668,29,0,181.96
11076,3668,8,1,307.7
11077,3668,75,1,336.15
11078,3668,16,3,148.16
11079,3669,71,1,374.89
11080,3669,56,2,31.92
11081,3669,104,2,98.77
11082,3669,36,2,19.3
11083,3669,47,1,627.32
11084,3670,67,2,$291.96
11085,3670,134,1,40.0
11086,3670,61,1,101.6
11087,3670,32,1,105.62
11088,3670,133,5,97.51
11089,3671,79,3,210.8
11090,3671,1,2,585.67
11091,3671,51,2,286.54
11092,3672,64,1,332.22
11093,3673,10,1,28.04
11094,3673,94,2,389.5
11095,3674,54,1,89.36
11096,3674,88,2,238.01
11097,3675,23,1,77.15
11098,3675,76,1,383.3
11099,3675,60,2,16.37
11100,3676,10,4,39.82
11101,3676,111,1,291.81
11102,3677,9999,0,18.43
11103,3677,61,3,101.6
11104,3677,22,1,36.29
11105,3677,94,3,389.50
11106,3677,104,5,98.77
11107,3678,2,3,190.97
11108,3678,58,1,109.02
11109,3679,41,2,191.67
11110,3679,11,1,489.65
11111,3679,136,2,339.02
11112,3679,101,1,95.6
11113,3679,60,4,16.37
11114,3680,48,2,23.10
11115,3680,90,3,56.52
11116,3680,5,5,407.25
11117,3680,8,1,307.7
11118,3680,49,2,206.38
11119,3681,43,5,330.6
11120,3682,49,2,206.38
11121,3682,68,1,304.43
11122,3683,116,3,359.58
11123,3683,112,3,183.26
11124,3683,26,2,264.67
11125,3684,128,3,533.12
11126,3684,12,5,214.91
11127,3684,93,2,345.11
11128,3685,119,4,528.68
11129,3685,101,2,95.6
11130,3685,12,2,214.91
11131,3686,39,1,253.25
11132,3686,29,2,181.96
11133,3687,113,2,191.78
11134,3687,118,2,306.5
11135,3687,122,2,125.5
11136,3688,115,3,302.06
11137,3688,46,2,136.73
11138,3689,7,4,152.65
11139,3689,116,4,359.58
11140,3689,119,-1,528.68
11141,3689,126,2,200.63
11142,3690,72,1,404.5
11143,3690,33,1,407.76
11144,3691,111,1,291.81
11145,3691,30,2,43.65
11146,3691,84,1,$455.31
11147,3691,103,2,244.5
11148,3691,106,-1,252.84
11149,3692,73,1,331.02
11150,3693,5,1,407.25
11151,3693,38,1,598.79
11152,3693,109,5,675.79
11153,3693,74,2,34.31
11154,3693,16,1,148.16
11155,3694,62,1,205.4
11156,3694,25,1,253.88
11157,3694,92,4,339.88
11158,3694,33,5,$407.76
11159,3695,131,5,396.05
11160,3695,38,1,454.8
11161,3695,85,2,8.08
11162,3695,65,3,308.91
11163,3695,126,3,200.63
11164,3696,82,1,244.2
11165,3696,86,1,164.39
11166,3696,111,3,291.81
11167,3697,74,1,34.31
11168,3697,103,2,244.5
11169,3697,72,2,491.79
11170,3698,136,1,314.21
11171,3698,4,2,546.12
11172,3698,21,1,14.38
11173,3699,131,1,396.05
11174,3699,106,1,252.84
11175,3699,62,0,205.4
11176,3699,65,1,405.00 JOD
11177,3699,91,1,243.25
11178,3700,112,1,183.26
11179,3700,5,0,407.25
11180,3701,93,1,345.11
11181,3701,135,1,18.43
11182,3702,130,1,59.94
11183,3702,103,-1,244.5
11184,3702,20,0,110.76
11185,3702,64,1,265.50
11186,3703,88,4,340.01
11187,3703,28,2,222.75
11188,3704,137,2,307.7
11189,3705,124,5,58.04
11190,3705,102,3,169.19
11191,3705,56,3,31.92
11192,3706,103,1,244.5
11193,3706,40,1,199.53
11194,3706,9,1,178.19
11195,3706,7,3,152.65
11196,3707,8,1,307.7
11197,3707,63,2,575.86
11198,3708,26,1,264.67
11199,3709,135,3,18.43
11200,3709,11,0,489.65
11201,3710,137,4,307.7
11202,3710,68,1,304.43
11203,3710,34,2,220.1
11204,3710,30,2,43.65
11205,3710,55,2,216.25
11206,3711,97,2,
11207,3711,111,1,291.81
11208,3712,137,4,$307.70
11209,3712,40,1,199.53
11210,3712,123,3,151.87
11211,3712,52,2,171.01
11212,3713,59,1,169.88
11213,3713,126,1,200.63
11214,3713,67,1,225.66
11215,3713,104,1,98.77
11216,3713,69,3,$175.49
11217,3714,67,2,291.96
11218,3714,61,5,101.6
11219,3714,73,2,331.02
11220,3715,103,1,244.5
11221,3715,124,1,58.04
11222,3715,95,0,545.43
11223,3716,126,1,200.63
11224,3716,33,4,407.76
11225,3717,136,2,314.21
11226,3717,116,2,
11227,3717,40,2,199.53
11228,3718,66,2,231.0
11229,3718,23,1,68.95
11230,3718,40,1,199.53
11231,3719,77,1,
11232,3719,56,1,31.92
11233,3720,40,2,199.53
11234,3720,126,-1,200.63
11235,3720,123,2,151.87
11236,3721,74,1,34.31
11237,3721,9,4,178.19
11238,3721,65,0,308.91
11239,3722,59,3,169.88
11240,3722,81,1,121.47
11241,3722,66,4,231.00
11242,3722,120,5,201.77
11243,3722,94,1,389.5
11244,3723,19,1,67.77
11245,3724,77,1,101.15
11246,3724,44,2,106.04
11247,3724,83,2,244.21
11248,3725,6,3,46.39
11249,3725,49,1,206.38
11250,3725,36,1,19.3
11251,3725,76,5,383.3
11252,3726,27,5,112.66
11253,3726,90,2,56.52
11254,3727,100,1,249.16
11255,3727,3,2,390.52
11256,3728,88,2,238.01
11257,3728,86,-1,164.39
11258,3728,41,1,191.67
11259,3728,108,3,242.9
11260,3729,36,1,19.3
11261,3729,101,1,95.6
11262,3730,53,-1,37.16
11263,3730,131,5,396.05
11264,3730,98,1,243.42
11265,3730,127,4,681.38
11266,3730,90,1,56.52
11267,3731,56,1,31.92
11268,3731,70,1,379.91
11269,3731,97,1,369.73
11270,3732,116,5,359.58
11271,3732,131,-1,419.25
11272,3732,41,2,191.67
11273,3732,25,1,267.63
11274,3733,107,1,376.14
11275,3733,63,1,575.86
11276,3733,77,3,101.15
11277,3733,47,1,627.32
11278,3733,7,5,152.65
11279,3734,11,1,489.65
11280,3734,104,0,98.77
11281,3735,71,4,373.28
11282,3735,80,2,144.45 JOD
11283,3735,46,4,136.73
11284,3735,67,4,291.96
11285,3735,62,2,205.4
11286,3736,96,1,84.49
11287,3736,22,1,36.29
11288,3736,70,2,379.91
11289,3737,46,3,136.73
11290,3737,111,-1,291.81
11291,3738,97,1,369.73
11292,3738,40,3,199.53
11293,3738,51,5,286.54
11294,3739,41,2,191.67
11295,3740,119,2,528.68
11296,3741,94,2,389.50
11297,3741,77,1,101.15
11298,3742,107,4,$376.14
11299,3742,61,3,101.6
11300,3742,10,1,28.04
11301,3742,9,3,89.52
11302,3742,129,3,535.98
11303,3743,111,3,291.81
11304,3743,47,4,627.32
11305,3743,65,4,308.91
11306,3743,103,1,244.5
11307,3744,116,3,359.58
11308,3745,36,3,19.3
11309,3745,46,1,136.73
11310,3746,67,1,291.96 JOD
11311,3746,60,3,16.37
11312,3747,46,2,136.73
11313,3748,103,-1,244.5
11314,3748,104,4,98.77
11315,3749,56,3,31.92
11316,3750,116,2,359.58
11317,3750,99,1,140.32
11318,3750,44,1,106.04
11319,3750,127,0,587.72
11320,3751,105,2,528.06
11321,3751,73,1,331.02
11322,3751,65,1,218.04
11323,3751,133,1,97.51
11324,3752,127,1,789.16
11325,3753,24,4,360.88
11326,3753,106,1,252.84
11327,3753,120,3,201.77
11328,3753,20,-1,$110.76
11329,3754,25,5,253.88
11330,3754,118,3,306.50
11331,3755,120,2,201.77
11332,3755,127,2,587.72
11333,3756,25,1,253.88
11334,3756,98,3,243.42
11335,3756,26,2,264.67
11336,3756,130,1,59.94
11337,3757,22,1,53.33
11338,3757,101,1,95.6
11339,3757,90,1,56.52 JOD
11340,3757,63,1,397.72
11341,3758,20,3,110.76
11342,3758,100,3,249.16
11343,3758,44,4,106.04
11344,3759,108,0,242.9
11345,3759,134,2,40.0
11346,3760,103,1,244.50
11347,3760,106,2,252.84
11348,3760,99,1,140.32
11349,3760,131,2,553.36
11350,3760,32,2,105.62
11351,3761,13,1,186.29
11352,3761,20,3,110.76
11353,3762,96,3,84.49
11354,3762,39,1,253.25
11355,3763,34,3,173.42
11356,3764,77,2,$101.15
11357,3764,82,2,244.2
11358,3764,132,2,82.53
11359,3764,71,2,491.16
11360,3764,33,1,407.76
11361,3765,101,1,95.60
11362,3766,124,1,58.04
11363,3767,127,1,587.72
11364,3767,7,1,152.65
11365,3768,66,2,231.00
11366,3768,47,2,627.32
11367,3769,96,3,84.49
11368,3770,128,2,369.54
11369,3770,87,4,262.59
11370,3770,20,1,110.76
11371,3770,47,1,627.32
11372,3771,79,1,210.8
11373,3771,126,1,200.63
11374,3772,29,4,181.96
11375,3773,127,3,587.72
11376,3773,34,1,220.1
11377,3773,95,1,545.43
11378,3773,66,1,231.00
11379,3774,4,4,546.12
11380,3774,107,2,376.14
11381,3775,129,2,535.98
11382,3776,76,5,383.30
11383,3776,99,2,140.32
11384,3776,74,1,34.31
11385,3776,70,1,379.91
11386,3777,113,1,191.78
11387,3777,32,2,105.62
11388,3778,7,4,$152.65
11389,3778,102,3,237.96
11390,3778,128,1,369.54
11391,3778,113,2,109.07
11392,3779,80,2,144.45
11393,3779,28,1,222.75
11394,3779,67,2,296.85
11395,3779,101,1,95.6
11396,3779,65,2,308.91
11397,3780,38,1,454.8
11398,3780,55,0,216.25
11399,3780,9999,1,151.87
11400,3781,117,0,143.10
11401,3781,130,3,59.94
11402,3781,36,2,19.3
11403,3782,111,1,291.81
11404,3782,114,1,403.81
11405,3782,65,5,308.91
11406,3782,16,1,148.16
11407,3782,125,2,287.14
11408,3783,111,-1,291.81
11409,3783,73,3,331.02
11410,3783,10,2,28.04
11411,3784,117,1,143.1
11412,3785,112,2,183.26
11413,3785,40,2,$199.53
11414,3785,34,1,220.10
11415,3785,15,2,81.29
11416,3785,6,1,46.39
11417,3786,104,-1,98.77
11418,3787,128,2,369.54
11419,3787,89,3,403.36
11420,3787,55,1,216.25
11421,3787,16,3,148.16
11422,3787,59,2,219.27
11423,3788,93,1,345.11
11424,3788,94,1,389.50
11425,3789,124,2,58.04
11426,3789,104,3,98.77
11427,3789,80,2,144.45
11428,3789,70,1,$379.91
11429,3790,25,3,253.88
11430,3791,82,2,244.2
11431,3791,81,5,121.47
11432,3791,13,0,186.29
11433,3791,17,1,185.99
11434,3791,124,3,58.04
11435,3792,96,1,$84.49
11436,3792,130,2,59.94
11437,3792,73,3,331.02
11438,3793,9999,3,307.70
11439,3794,124,4,58.04
11440,3795,102,2,169.19
11441,3795,128,1,369.54
11442,3796,55,2,216.25
11443,3796,84,1,455.31
11444,3796,120,2,201.77
11445,3797,15,2,81.29
11446,3798,30,2,43.65
11447,3799,120,1,201.77
11448,3799,54,2,89.36
11449,3799,25,2,253.88
11450,3800,134,1,40.0
11451,3800,31,4,71.76
11452,3800,81,1,181.33
11453,3800,77,2,101.15
11454,3801,64,4,265.50
11455,3801,21,1,14.38
11456,3802,84,3,455.31
11457,3802,106,5,252.84
11458,3803,84,1,455.31
11459,3803,95,1,427.11
11460,3803,80,1,144.45
11461,3803,34,1,220.1
11462,3803,134,0,40.00 JOD
11463,3804,64,1,265.50
11464,3805,128,1,546.9
11465,3805,73,2,331.02
11466,3806,9,3,178.19
11467,3806,12,3,214.91
11468,3806,137,2,307.7
11469,3806,107,1,280.57
11470,3806,130,-1,59.94
11471,3807,68,4,304.43
11472,3807,72,3,404.50
11473,3807,102,2,169.19
11474,3807,17,1,154.15
11475,3808,104,1,98.77
11476,3808,134,1,40.0
11477,3808,39,2,253.25
11478,3808,107,3,202.64
11479,3809,76,1,383.30
11480,3809,64,1,265.5
11481,3809,78,2,121.77
11482,3810,80,-1,144.45
11483,3810,118,2,306.5
11484,3810,112,1,183.26
11485,3810,68,2,304.43
11486,3811,90,1,56.52
11487,3811,69,0,175.49
11488,3811,81,2,121.47
11489,3811,17,1,185.99
11490,3811,94,5,389.50
11491,3812,67,1,291.96
11492,3812,57,1,213.11
11493,3812,95,1,545.43
11494,3813,93,5,345.11
11495,3814,71,2,374.89
11496,3814,106,1,252.84
11497,3814,116,1,359.58
11498,3814,74,1,34.31
11499,3814,60,2,16.37
11500,3815,86,2,95.14
11501,3816,110,1,193.85
11502,3816,23,2,68.95
11503,3816,24,3,360.88
11504,3816,53,1,37.16
11505,3817,9,-1,178.19
11506,3817,135,3,18.43
11507,3817,101,1,95.6
11508,3818,9999,1,68.95
11509,3818,127,2,587.72
11510,3819,29,1,181.96
11511,3819,45,2,499.22
11512,3819,46,1,136.73
11513,3819,61,2,101.6
11514,3819,9,2,178.19
11515,3820,98,2,243.42
11516,3820,14,2,468.08
11517,3821,121,4,373.65
11518,3822,100,1,249.16
11519,3822,23,4,68.95
11520,3823,34,2,220.1
11521,3823,69,1,175.49
11522,3823,57,1,213.11
11523,3824,108,1,242.9
11524,3824,43,1,368.76
11525,3825,61,1,101.6
11526,3825,53,2,37.16
11527,3825,121,-1,317.45
11528,3825,12,3,214.91
11529,3825,21,4,$14.38
11530,3826,8,5,307.70
11531,3827,5,5,407.25
11532,3827,102,3,209.0
11533,3827,87,2,262.59
11534,3827,109,2,579.16
11535,3828,53,1,37.16
11536,3829,7,2,152.65
11537,3829,109,2,579.16
11538,3830,9,4,178.19
11539,3830,12,2,214.91
11540,3830,48,0,23.1
11541,3830,108,2,242.9
11542,3830,73,1,331.02
11543,3831,121,4,340.02
11544,3831,32,4,105.62
11545,3832,48,3,23.1
11546,3832,73,1,331.02
11547,3832,129,2,535.98
11548,3832,44,1,137.43
11549,3833,107,2,376.14
11550,3833,82,2,244.2
11551,3833,111,2,291.81
11552,3833,123,4,151.87
11553,3834,37,3,241.65
11554,3835,19,1,67.77
11555,3836,7,1,152.65
11556,3836,123,3,151.87
11557,3836,134,1,40.0
11558,3836,129,1,535.98
11559,3837,110,2,193.85
11560,3837,62,2,205.4
11561,3838,3,1,390.52
11562,3838,13,2,186.29
11563,3838,70,1,379.91
11564,3838,18,1,165.39
11565,3838,11,1,489.65
11566,3839,128,2,369.54
11567,3839,65,4,308.91
11568,3840,133,1,97.51
11569,3840,84,3,455.31
11570,3841,18,4,128.87
11571,3841,49,4,206.38
11572,3841,44,1,106.04
11573,3841,25,3,253.88
11574,3841,69,1,175.49
11575,3842,93,3,345.11
11576,3842,50,2,397.99
11577,3842,26,1,$264.67
11578,3842,92,2,339.88
11579,3842,112,0,183.26
11580,3843,58,1,104.96
11581,3843,111,2,291.81
11582,3843,49,1,$115.48
11583,3843,98,1,243.42
11584,3843,112,2,183.26
11585,3844,10,-1,28.04
11586,3844,123,1,151.87
11587,3844,133,5,97.51
11588,3845,91,1,243.25
11589,3846,107,2,551.25
11590,3847,37,1,241.65
11591,3847,36,1,19.30
11592,3848,60,2,16.37
11593,3848,113,2,191.78
11594,3849,112,3,183.26
11595,3849,28,4,222.75
11596,3849,132,0,82.53 JOD
11597,3849,38,3,358.35
11598,3850,14,3,429.63
11599,3851,23,3,68.95
11600,3851,89,1,403.36
11601,3851,61,4,101.60
11602,3852,37,1,241.65
11603,3852,118,2,306.5
11604,3852,94,2,404.42
11605,3852,131,5,396.05
11606,3852,16,-1,148.16
11607,3853,86,3,151.9
11608,3853,94,1,389.5
11609,3854,88,3,238.01
11610,3854,68,1,304.43
11611,3854,67,1,291.96
11612,3854,56,2,31.92
11613,3855,115,3,302.06
11614,3855,2,1,190.97
11615,3855,109,0,617.39
11616,3856,105,1,528.06
11617,3857,41,1,165.66
11618,3857,93,1,345.11
11619,3857,6,2,
11620,3858,72,2,404.5
11621,3858,133,1,89.12
11622,3858,96,3,84.49
11623,3858,116,0,444.35
11624,3859,101,2,95.6
11625,3860,24,1,360.88
11626,3860,55,1,216.25
11627,3860,79,1,210.8
11628,3860,5,4,407.25
11629,3860,29,3,181.96
11630,3861,15,-1,81.29 JOD
11631,3861,17,1,185.99
11632,3861,59,2,169.88
11633,3862,2,1,190.97
11634,3862,95,1,545.43
11635,3862,79,1,$210.80
11636,3862,38,1,589.16
11637,3862,120,1,201.77
11638,3863,41,4,191.67
11639,3863,129,1,535.98
11640,3863,101,0,95.6
11641,3863,81,1,121.47
11642,3863,122,2,125.5
11643,3864,30,3,43.65
11644,3864,119,1,528.68
11645,3864,29,3,181.96
11646,3865,80,1,144.45
11647,3865,4,2,546.12
11648,3866,91,2,243.25
11649,3866,73,2,$331.02
11650,3866,24,2,360.88
11651,3866,100,2,249.16
11652,3866,74,1,34.31
11653,3867,108,-1,334.61
11654,3868,18,0,128.87
11655,3868,115,1,409.89
11656,3868,87,3,262.59
11657,3869,87,1,262.59
11658,3869,70,1,379.91
11659,3869,99,1,140.32
11660,3870,30,4,43.65
11661,3870,61,1,101.6
11662,3870,111,1,291.81
11663,3870,7,1,152.65
11664,3870,67,4,291.96
11665,3871,34,2,220.1
11666,3872,128,5,369.54
11667,3872,83,2,450.01
11668,3872,99,3,140.32
11669,3873,133,1,97.51
11670,3873,106,2,$252.84
11671,3874,98,0,243.42
11672,3874,2,1,157.33
11673,3874,124,2,43.04
11674,3874,21,3,14.38
11675,3874,121,1,317.45
11676,3875,79,1,210.80
11677,3875,9,4,178.19
11678,3875,61,1,101.6
11679,3875,7,2,152.65
11680,3876,112,1,183.26
11681,3877,79,4,210.8
11682,3878,1,1,585.67
11683,3878,38,1,454.8
11684,3878,22,4,36.29
11685,3878,67,3,291.96
11686,3878,62,1,205.4
11687,3879,58,3,109.02
11688,3879,105,1,528.06
11689,3879,109,4,579.16 JOD
11690,3879,120,0,273.84
11691,3880,125,1,552.19
11692,3880,65,2,308.91
11693,3880,108,3,242.9
11694,3880,98,2,243.42
11695,3881,8,1,307.70
11696,3881,66,2,231.0
11697,3881,12,0,214.91
11698,3881,16,3,148.16
11699,3882,85,2,8.08
11700,3882,17,1,185.99 JOD
11701,3882,137,5,$307.70
11702,3882,92,4,339.88
11703,3883,8,3,307.7
11704,3883,59,2,169.88
11705,3884,14,2,429.63
11706,3884,11,1,489.65
11707,3885,36,2,19.3
11708,3885,123,2,151.87
11709,3885,18,2,128.87
11710,3886,70,4,379.91
11711,3886,6,3,46.39
11712,3886,21,1,8.57
11713,3886,9999,2,302.06
11714,3886,87,3,297.7
11715,3887,137,2,307.70
11716,3887,134,4,40.0
11717,3887,95,1,545.43
11718,3887,47,2,627.32
11719,3888,134,1,40.0
11720,3888,11,2,489.65
11721,3888,121,1,317.45
11722,3888,132,4,$82.53
11723,3888,9,3,178.19
11724,3889,71,3,349.05
11725,3889,9999,1,330.6
11726,3889,63,2,575.86
11727,3889,55,1,216.25
11728,3890,86,2,164.39
11729,3890,65,2,308.91
11730,3890,60,3,16.37
11731,3890,81,1,121.47
11732,3891,55,1,216.25
11733,3892,17,1,196.97
11734,3892,127,4,587.72
11735,3892,57,1,213.11
11736,3893,3,3,390.52
11737,3893,11,4,$489.65
11738,3893,122,2,125.50
11739,3894,117,2,178.37 JOD
11740,3894,115,1,302.06
11741,3894,23,2,68.95
11742,3895,108,2,242.9
11743,3895,106,1,252.84
11744,3895,64,1,265.50
11745,3895,31,1,71.76
11746,3896,58,3,109.02
11747,3897,33,1,407.76
11748,3898,15,1,81.29
11749,3898,50,1,397.99
11750,3898,112,3,183.26
11751,3899,9,5,147.70
11752,3899,75,1,347.56
11753,3899,61,1,101.60
11754,3899,4,3,546.12
11755,3900,75,1,347.56
11756,3901,63,2,575.86
11757,3901,29,1,181.96
11758,3901,38,3,454.8
11759,3901,112,-1,183.26
11760,3901,108,1,242.9
11761,3902,89,2,$403.36
11762,3902,72,4,404.50
11763,3902,31,3,71.76
11764,3903,18,1,157.49
11765,3903,39,2,253.25
11766,3903,64,1,265.5
11767,3904,97,3,369.73
11768,3905,117,2,143.10
11769,3906,133,5,97.51
11770,3907,66,1,231.0
11771,3907,79,2,210.8
11772,3907,22,1,36.29
11773,3907,33,3,375.11
11774,3907,41,3,191.67
11775,3908,108,3,242.9
11776,3909,73,1,331.02
11777,3909,49,3,206.38
11778,3909,16,1,144.91
11779,3909,48,2,23.10
11780,3910,91,3,243.25
11781,3910,60,3,16.37
11782,3910,12,3,214.91
11783,3910,32,1,105.62
11784,3911,108,1,242.9
11785,3911,90,1,56.52
11786,3912,120,2,201.77
11787,3913,92,1,339.88
11788,3913,1,1,585.67
11789,3913,96,2,84.49
11790,3913,79,3,210.80
11791,3913,15,3,81.29
11792,3914,44,4,106.04
11793,3914,86,1,164.39
11794,3914,20,5,110.76
11795,3914,71,1,374.89
11796,3915,119,1,
11797,3915,53,5,37.16 JOD
11798,3916,107,0,376.14
11799,3916,60,3,16.37
11800,3917,132,2,82.53
11801,3917,104,0,98.77
11802,3918,70,1,379.91
11803,3918,108,3,242.9
11804,3918,101,2,95.6
11805,3918,135,3,18.43
11806,3918,23,-1,55.79
11807,3919,123,3,122.75
11808,3919,87,2,262.59
11809,3919,66,1,231.00
11810,3919,21,1,14.38
11811,3920,21,3,14.38
11812,3920,37,1,241.65
11813,3920,13,1,186.29
11814,3921,102,1,169.19
11815,3921,107,-1,376.14
11816,3922,15,3,81.29
11817,3922,21,1,9.79
11818,3923,88,1,238.01
11819,3924,86,3,164.39
11820,3924,12,-1,214.91
11821,3924,106,3,252.84
11822,3924,8,1,307.7
11823,3925,19,5,49.45
11824,3925,21,1,14.38
11825,3925,1,0,585.67
11826,3925,2,2,190.97
11827,3926,93,3,345.11
11828,3926,96,0,84.49
11829,3926,63,1,575.86
11830,3926,40,1,199.53
11831,3926,118,5,397.77
11832,3927,122,2,125.50
11833,3927,31,1,71.76
11834,3927,38,1,454.8
11835,3927,26,1,369.95
11836,3928,39,4,253.25
11837,3929,21,1,14.38
11838,3929,31,1,$71.76
11839,3930,95,2,545.43
11840,3930,72,1,404.50
11841,3931,73,1,331.02
11842,3931,97,3,382.11
11843,3932,104,5,98.77
11844,3932,53,4,37.16
11845,3932,84,1,455.31
11846,3933,137,2,307.7
11847,3933,51,2,359.18
11848,3933,81,2,$121.47
11849,3933,133,1,97.51
11850,3933,110,2,193.85
11851,3934,18,1,128.87
11852,3934,9,1,$178.19
11853,3934,89,0,403.36
11854,3934,12,1,214.91
11855,3935,74,2,34.31
11856,3935,21,1,$9.24
11857,3935,32,2,105.62
11858,3935,24,1,360.88
11859,3935,117,2,165.17
11860,3936,110,1,193.85 JOD
11861,3936,3,4,390.52
11862,3936,63,2,575.86
11863,3937,17,1,185.99
11864,3938,68,2,304.43
11865,3938,43,0,330.6
11866,3939,63,2,575.86
11867,3939,66,1,231.0
11868,3940,56,2,
11869,3940,59,1,247.44
11870,3940,67,4,291.96
11871,3940,17,3,185.99
11872,3940,121,1,317.45
11873,3941,121,1,317.45
11874,3941,91,3,243.25
11875,3941,51,1,286.54
11876,3941,56,4,36.33
11877,3941,14,1,429.63
11878,3942,85,5,8.08
11879,3942,92,1,339.88
11880,3942,9,2,260.21
11881,3943,134,3,40.00
11882,3943,78,2,121.77
11883,3943,127,5,487.05
11884,3943,8,2,395.1
11885,3943,32,3,105.62
11886,3944,81,1,121.47
11887,3944,33,0,407.76
11888,3944,107,4,376.14
11889,3944,92,3,339.88
11890,3945,25,5,253.88
11891,3945,65,1,308.91
11892,3945,31,2,71.76
11893,3945,2,0,190.97
11894,3946,68,0,304.43
11895,3946,89,1,403.36
11896,3947,93,1,345.11
11897,3947,44,1,106.04
11898,3947,86,2,164.39
11899,3947,71,2,374.89
11900,3948,29,0,181.96
11901,3948,101,1,95.6
11902,3948,99,1,140.32
11903,3948,137,1,307.7
11904,3948,109,4,294.62
11905,3949,75,1,347.56
11906,3950,74,2,34.31
11907,3950,61,1,101.60
11908,3950,54,1,89.36
11909,3950,34,2,220.1
11910,3950,82,5,244.20
11911,3951,126,1,200.63
11912,3951,86,1,164.39
11913,3952,132,2,82.53
11914,3952,66,1,231.00
11915,3952,80,1,180.9
11916,3952,59,2,169.88
11917,3953,10,2,28.04
11918,3953,7,2,152.65
11919,3953,6,2,67.65
11920,3953,44,1,106.04
11921,3953,28,1,222.75
11922,3954,9999,1,291.96
11923,3954,100,3,249.16
11924,3955,55,4,216.25
11925,3955,56,1,31.92
11926,3955,93,1,345.11
11927,3955,31,4,71.76 JOD
11928,3955,65,2,308.91
11929,3956,9999,4,213.11
11930,3956,46,2,136.73
11931,3956,58,1,109.02
11932,3956,4,3,546.12
11933,3957,25,3,253.88
11934,3957,109,3,579.16
11935,3957,71,3,374.89
11936,3957,104,5,98.77
11937,3958,80,1,$144.45
11938,3958,11,1,489.65
11939,3958,3,1,
11940,3958,8,3,$307.70
11941,3958,59,2,184.78
11942,3959,118,3,306.50
11943,3959,56,2,31.92
11944,3960,106,5,252.84
11945,3960,47,3,685.12
11946,3960,38,2,$454.80
11947,3960,26,2,264.67
11948,3961,69,2,175.49
11949,3961,15,1,81.29
11950,3961,122,2,$125.50
11951,3962,103,1,244.50
11952,3962,44,2,106.04
11953,3962,17,4,185.99
11954,3962,14,1,429.63
11955,3962,136,1,314.21
11956,3963,24,1,360.88
11957,3963,29,1,181.96
11958,3963,126,1,200.63
11959,3964,108,1,242.90
11960,3964,60,1,16.37
11961,3965,8,4,307.70
11962,3965,33,2,407.76
11963,3965,82,2,244.2
11964,3965,79,0,210.8
11965,3965,31,1,71.76
11966,3966,97,1,369.73
11967,3966,99,1,140.32
11968,3967,130,0,59.94
11969,3967,107,2,376.14
11970,3967,49,1,206.38
11971,3968,70,5,379.91
11972,3968,61,3,101.6
11973,3968,34,3,220.1
11974,3968,108,0,$242.90
11975,3969,12,2,292.46
11976,3969,46,1,136.73
11977,3970,33,2,407.76
11978,3970,81,2,121.47
11979,3970,68,3,304.43
11980,3970,126,3,200.63
11981,3970,78,4,121.77
11982,3971,76,1,327.26
11983,3971,127,1,587.72
11984,3971,55,1,114.16
11985,3971,96,4,84.49
11986,3972,98,4,243.42
11987,3972,25,1,253.88
11988,3972,133,2,97.51
11989,3973,95,2,545.43
11990,3973,14,5,429.63
11991,3973,58,2,109.02
11992,3973,4,3,546.12
11993,3974,104,1,98.77
11994,3974,4,1,546.12
11995,3974,23,1,$68.95
11996,3975,81,2,121.47
11997,3975,60,1,16.37
11998,3975,30,2,43.65
11999,3976,105,2,528.06
12000,3977,103,1,244.5
12001,3978,68,2,304.43
12002,3978,2,3,190.97
12003,3978,5,5,407.25
12004,3979,35,1,
12005,3980,39,2,253.25
12006,3980,100,1,249.16
12007,3980,116,1,359.58
12008,3980,16,4,148.16
12009,3980,128,2,369.54
12010,3981,12,-1,214.91
12011,3981,100,0,249.16
12012,3981,131,5,396.05
12013,3981,125,1,552.19
12014,3981,137,0,307.7
12015,3982,81,-1,121.47
12016,3982,7,2,152.65
12017,3982,36,2,19.3
12018,3983,71,4,374.89
12019,3983,13,-1,186.29
12020,3984,81,1,121.47
12021,3984,99,3,140.32
12022,3984,125,1,552.19
12023,3984,77,1,101.15
12024,3984,68,2,304.43
12025,3985,97,1,429.19
12026,3985,96,4,93.64
12027,3986,82,1,244.2
12028,3986,80,2,144.45
12029,3987,57,-1,213.11
12030,3987,99,3,140.32
12031,3988,48,5,23.1
12032,3988,62,0,
12033,3988,98,-1,243.42
12034,3988,106,2,245.83
12035,3989,13,2,186.29
12036,3989,22,1,36.29
12037,3989,86,1,164.39
12038,3990,7,2,152.65
12039,3990,13,1,186.29
12040,3990,24,1,360.88
12041,3990,91,5,154.75
12042,3991,19,5,67.77
12043,3991,72,1,404.5
12044,3991,108,1,242.9
12045,3991,102,1,169.19
12046,3992,88,1,182.28
12047,3992,25,3,253.88
12048,3992,79,2,210.8
12049,3993,101,1,95.60
12050,3993,134,1,40.0
12051,3994,23,1,92.26
12052,3994,33,2,407.76
12053,3994,63,1,575.86
12054,3995,38,1,$454.80
12055,3996,119,4,528.68
12056,3996,87,0,262.59
12057,3996,69,1,175.49
12058,3996,27,5,112.66
12059,3997,123,4,151.87
12060,3997,117,2,73.73
12061,3997,9,1,178.19
12062,3998,15,1,81.29
12063,3999,26,3,264.67
12064,3999,66,1,231.0
12065,4000,70,2,379.91
12066,4001,22,2,36.29
12067,4002,118,1,306.5
12068,4002,97,3,369.73
12069,4002,59,2,169.88
12070,4003,124,3,32.96
12071,4003,24,2,321.72
12072,4003,49,1,206.38
12073,4004,74,1,34.31
12074,4005,101,4,95.6
12075,4005,8,2,307.7
12076,4005,16,4,148.16
12077,4006,80,1,144.45
12078,4007,40,3,199.53
12079,4007,114,1,544.22
12080,4007,130,3,42.24
12081,4007,53,1,37.16
12082,4007,93,1,345.11
12083,4008,85,1,8.08
12084,4008,115,4,302.06
12085,4008,94,1,389.50
12086,4008,98,1,243.42
12087,4009,36,-1,19.30
12088,4009,117,3,143.10
12089,4009,92,0,339.88
12090,4009,50,3,397.99
12091,4010,136,1,314.21
12092,4010,109,-1,579.16
12093,4010,62,2,205.4
12094,4010,59,1,169.88
12095,4010,132,3,$82.53
12096,4011,91,1,243.25
12097,4012,116,2,359.58
12098,4012,134,2,40.00 JOD
12099,4012,46,1,136.73
12100,4013,137,1,307.70
12101,4013,83,1,319.19
12102,4013,19,2,67.77
12103,4014,112,1,183.26
12104,4015,49,3,206.38
12105,4016,65,2,308.91
12106,4017,45,1,$415.91
12107,4017,39,5,252.96
12108,4017,33,3,407.76
12109,4017,61,1,101.6
12110,4018,2,0,190.97
12111,4019,104,4,98.77
12112,4019,98,0,243.42
12113,4019,103,1,244.5
12114,4020,135,1,$10.60
12115,4020,96,1,120.77
12116,4020,116,3,359.58
12117,4020,88,2,238.01
12118,4020,115,2,302.06
12119,4021,43,2,330.6
12120,4021,80,5,144.45
12121,4021,7,1,152.65
12122,4021,130,2,59.94
12123,4021,69,1,175.49
12124,4022,102,1,169.19
12125,4022,137,2,307.7
12126,4022,49,-1,206.38
12127,4022,107,5,376.14
12128,4023,10,-1,28.04
12129,4023,83,0,319.19
12130,4023,131,1,396.05
12131,4023,39,3,253.25
12132,4024,64,-1,265.5
12133,4024,16,3,148.16
12134,4025,45,2,415.91
12135,4025,76,2,372.7
12136,4026,121,4,317.45
12137,4026,18,2,128.87
12138,4026,35,1,152.88
12139,4026,78,1,121.77
12140,4026,98,2,243.42
12141,4027,55,2,291.56
12142,4027,122,1,125.5
12143,4027,11,2,489.65
12144,4028,78,-1,121.77
12145,4028,122,3,125.5
12146,4028,93,1,345.11
12147,4028,117,2,143.10
12148,4029,81,1,121.47
12149,4029,99,1,140.32
12150,4029,48,1,23.10
12151,4030,84,3,455.31
12152,4031,41,1,191.67
12153,4031,108,1,242.9
12154,4031,137,0,307.7
12155,4031,106,2,252.84
12156,4032,89,1,403.36
12157,4032,53,1,37.16
12158,4032,119,1,528.68
12159,4033,9999,2,347.56
12160,4033,61,5,101.60
12161,4033,18,3,$128.87
12162,4033,62,3,205.4
12163,4033,82,3,244.2
12164,4034,83,2,319.19
12165,4035,80,4,160.48
12166,4035,129,1,535.98
12167,4035,40,3,199.53
12168,4036,61,2,101.60
12169,4036,126,1,200.63
12170,4037,5,0,407.25
12171,4037,103,1,244.5
12172,4037,92,2,339.88
12173,4038,67,3,291.96
12174,4038,45,1,415.91
12175,4038,108,1,242.9
12176,4039,76,1,383.30
12177,4039,41,2,191.67
12178,4040,30,3,48.8
12179,4040,135,5,18.43
12180,4040,117,3,$143.10
12181,4040,93,2,471.43
12182,4040,69,0,175.49
12183,4041,115,1,302.06
12184,4041,82,5,244.2
12185,4041,56,2,31.92
12186,4041,52,2,171.01
12187,4041,80,3,144.45
12188,4042,32,1,105.62
12189,4042,15,4,81.29
12190,4043,101,4,95.6
12191,4043,1,1,585.67
12192,4043,96,2,84.49
12193,4044,89,2,403.36
12194,4044,65,2,308.91
12195,4045,133,3,97.51
12196,4045,35,2,152.88
12197,4045,109,3,$579.16
12198,4046,2,2,190.97
12199,4046,81,4,121.47
12200,4046,91,1,243.25
12201,4046,103,4,244.50
12202,4047,11,-1,489.65
12203,4047,132,4,82.53
12204,4048,27,3,112.66
12205,4048,84,3,455.31
12206,4048,3,2,390.52
12207,4048,100,1,249.16
12208,4048,62,1,205.4
12209,4049,2,1,190.97
12210,4049,118,1,306.5
12211,4049,73,1,331.02
12212,4049,62,4,205.4
12213,4050,39,2,253.25
12214,4050,130,1,59.94
12215,4051,131,1,396.05
12216,4051,102,1,169.19
12217,4051,29,0,181.96
12218,4051,113,0,191.78
12219,4051,37,1,269.64
12220,4052,43,1,330.6
12221,4052,65,3,308.91
12222,4052,108,1,242.90
12223,4052,17,4,185.99
12224,4052,97,2,369.73
12225,4053,122,1,125.5
12226,4053,84,3,455.31
12227,4054,32,3,105.62
12228,4054,35,2,152.88
12229,4055,71,3,374.89
12230,4055,88,3,238.01
12231,4055,48,3,23.1
12232,4056,130,1,59.94
12233,4056,62,1,205.4
12234,4056,127,0,587.72
12235,4056,114,1,403.81
12236,4056,93,2,345.11 JOD
12237,4057,124,3,58.04
12238,4057,9,2,178.19
12239,4057,132,5,82.53
12240,4058,7,1,152.65
12241,4058,34,4,253.66
12242,4058,13,1,186.29
12243,4059,104,2,98.77
12244,4059,43,2,330.6
12245,4059,130,1,59.94
12246,4059,128,3,369.54
12247,4060,38,2,454.8
12248,4060,110,2,193.85
12249,4060,72,1,404.50 JOD
12250,4060,76,3,383.3
12251,4060,9,3,178.19
12252,4061,116,1,359.58
12253,4062,23,2,68.95
12254,4062,12,2,214.91
12255,4062,45,1,415.91
12256,4063,52,2,171.01
12257,4063,132,2,52.19
12258,4063,125,1,552.19
12259,4063,9999,2,407.76
12260,4063,5,1,407.25
12261,4064,17,1,
12262,4065,116,1,359.58
12263,4065,113,0,191.78
12264,4065,9999,4,101.60
12265,4065,6,2,33.58
12266,4065,48,1,23.10
12267,4066,62,3,205.4
12268,4067,10,3,28.04
12269,4067,135,1,18.43
12270,4067,13,4,186.29
12271,4067,132,3,82.53
12272,4067,14,-1,429.63
12273,4068,65,2,308.91
12274,4068,92,1,339.88
12275,4068,10,0,28.04
12276,4068,124,3,58.04
12277,4068,110,0,243.56
12278,4069,60,1,16.37
12279,4069,38,2,454.8
12280,4069,52,1,171.01
12281,4070,11,1,489.65
12282,4070,135,2,18.43
12283,4070,24,2,360.88
12284,4070,9999,4,101.15
12285,4071,125,1,552.19
12286,4071,59,3,120.08
12287,4071,87,3,262.59
12288,4071,33,3,561.22
12289,4072,88,3,238.01
12290,4072,110,1,193.85
12291,4073,16,2,148.16
12292,4073,136,-1,196.1
12293,4073,107,1,376.14
12294,4073,34,2,220.1
12295,4074,66,3,231.0
12296,4074,72,0,404.5
12297,4074,129,1,535.98
12298,4074,76,1,
12299,4074,61,1,101.6
12300,4075,81,1,113.89
12301,4075,112,2,183.26
12302,4075,37,4,241.65
12303,4075,20,1,110.76
12304,4075,69,1,175.49
12305,4076,95,0,545.43
12306,4077,90,1,56.52
12307,4077,17,2,185.99
12308,4078,95,1,545.43
12309,4078,123,2,151.87
12310,4079,39,1,253.25
12311,4079,59,1,169.88
12312,4079,58,1,109.02
12313,4080,107,2,376.14
12314,4080,11,1,489.65
12315,4080,105,1,528.06
12316,4080,57,1,213.11
12317,4080,81,4,121.47
12318,4081,110,-1,193.85
12319,4081,99,0,140.32
12320,4081,59,4,169.88
12321,4082,68,5,304.43
12322,4082,57,4,213.11 JOD
12323,4082,11,1,489.65
12324,4082,4,1,546.12
12325,4083,8,2,307.7
12326,4083,21,2,14.38
12327,4083,43,2,330.6
12328,4084,5,1,407.25
12329,4084,44,3,106.04
12330,4085,40,3,199.53
12331,4085,15,1,81.29
12332,4085,115,1,302.06
12333,4086,37,2,241.65
12334,4086,123,1,151.87
12335,4086,53,1,37.16
12336,4086,59,1,97.33
12337,4087,65,2,308.91
12338,4088,56,2,31.92
12339,4088,3,3,390.52
12340,4088,113,4,191.78
12341,4088,38,1,454.8
12342,4089,29,5,181.96
12343,4089,122,1,125.5
12344,4089,114,4,403.81
12345,4090,48,3,29.03
12346,4090,69,1,175.49
12347,4091,131,1,396.05
12348,4092,55,3,216.25
12349,4092,100,1,249.16
12350,4092,124,2,58.04
12351,4092,24,2,360.88
12352,4092,15,5,81.29
12353,4093,23,2,52.59
12354,4094,50,1,226.94
12355,4094,79,2,210.8
12356,4095,42,4,91.53
12357,4095,85,-1,$8.08
12358,4096,121,3,317.45
12359,4097,7,2,152.65
12360,4097,4,2,577.44
12361,4097,8,5,307.7
12362,4098,54,1,89.36
12363,4098,120,3,201.77
12364,4099,29,2,181.96
12365,4099,79,1,283.95
12366,4099,10,4,28.04
12367,4099,38,3,454.8
12368,4099,135,3,18.43
12369,4100,112,5,183.26
12370,4100,76,2,383.3
12371,4101,89,1,403.36
12372,4101,9,2,178.19
12373,4101,50,1,397.99
12374,4102,30,0,43.65
12375,4102,13,1,186.29
12376,4102,119,1,528.68
12377,4102,67,1,291.96
12378,4102,51,0,286.54
12379,4103,132,3,82.53
12380,4103,14,1,377.75
12381,4103,28,1,222.75
12382,4104,58,4,
12383,4104,69,3,175.49
12384,4105,7,1,152.65
12385,4105,11,5,
12386,4105,82,1,244.2
12387,4105,31,0,47.04
12388,4105,10,3,28.04
12389,4106,31,2,71.76
12390,4106,110,4,193.85
12391,4107,33,2,407.76
12392,4107,47,2,627.32
12393,4108,101,1,95.6
12394,4108,107,1,267.08
12395,4109,89,1,403.36
12396,4109,49,1,206.38
12397,4109,27,0,112.66
12398,4109,93,4,345.11
12399,4110,43,1,330.6
12400,4111,122,4,125.5
12401,4111,4,2,546.12
12402,4111,86,3,164.39
12403,4112,45,5,415.91
12404,4112,96,3,84.49
12405,4113,64,3,$265.50
12406,4113,9999,3,253.88
12407,4113,4,1,546.12
12408,4114,96,1,84.49
12409,4114,124,0,58.04
12410,4114,49,2,223.46
12411,4114,44,3,106.04
12412,4114,112,3,183.26
12413,4115,65,2,308.91
12414,4115,15,1,81.29
12415,4116,119,3,528.68
12416,4117,119,2,483.94
12417,4117,75,2,374.78
12418,4117,135,1,18.43
12419,4117,72,1,507.16
12420,4117,105,3,528.06 JOD
12421,4118,11,2,489.65
12422,4118,43,2,330.6
12423,4118,18,3,128.87
12424,4119,46,1,136.73
12425,4119,50,2,397.99
12426,4119,115,2,378.77
12427,4120,127,1,587.72
12428,4120,118,1,306.50
12429,4120,1,3,585.67
12430,4121,9999,3,253.88
12431,4121,57,1,213.11
12432,4121,98,4,243.42
12433,4122,106,3,252.84
12434,4122,90,1,56.52
12435,4122,29,5,181.96
12436,4123,28,1,222.75
12437,4123,62,1,205.40
12438,4123,124,1,58.04
12439,4124,90,2,56.52
12440,4125,90,4,56.52
12441,4125,62,1,205.4
12442,4125,19,3,67.77
12443,4126,16,3,148.16
12444,4126,1,1,585.67
12445,4126,44,1,106.04
12446,4126,37,2,241.65
12447,4126,115,-1,302.06
12448,4127,13,5,186.29
12449,4127,53,2,37.16
12450,4127,42,2,91.53
12451,4127,110,1,193.85
12452,4128,110,2,193.85
12453,4128,20,2,110.76
12454,4129,72,1,278.01
12455,4130,95,1,545.43
12456,4130,127,2,587.72
12457,4130,21,5,14.38
12458,4130,137,1,307.7
12459,4130,110,2,193.85
12460,4131,124,4,58.04
12461,4131,63,1,$575.86
12462,4131,78,4,121.77
12463,4131,69,2,$175.49
12464,4132,101,3,95.6
12465,4132,20,4,110.76
12466,4132,8,5,357.86
12467,4132,80,0,144.45
12468,4133,126,1,200.63
12469,4134,16,1,148.16
12470,4134,52,2,127.09
12471,4134,53,1,37.16
12472,4134,80,2,144.45
12473,4135,85,1,8.08
12474,4136,24,1,360.88
12475,4136,121,1,317.45
12476,4137,16,5,148.16
12477,4138,133,1,97.51
12478,4138,16,2,148.16
12479,4138,37,3,241.65
12480,4139,55,1,216.25
12481,4139,18,2,119.28
12482,4139,15,2,81.29
12483,4139,134,3,40.0
12484,4140,64,2,265.5
12485,4140,124,1,58.04
12486,4140,106,2,252.84
12487,4141,124,1,58.04
12488,4141,12,0,214.91
12489,4141,51,4,286.54
12490,4142,75,-1,347.56
12491,4142,43,1,$330.60
12492,4142,73,1,331.02
12493,4142,19,5,67.77
12494,4142,17,1,260.31
12495,4143,93,3,345.11
12496,4143,6,3,46.39
12497,4144,47,2,627.32
12498,4144,86,1,164.39
12499,4144,11,1,489.65
12500,4145,18,3,128.87
12501,4145,69,1,175.49
12502,4145,127,2,587.72
12503,4145,133,1,97.51
12504,4145,101,-1,95.6
12505,4146,130,1,59.94
12506,4147,40,2,199.53
12507,4147,61,3,101.6
12508,4148,88,3,238.01
12509,4148,108,3,242.9
12510,4148,51,1,286.54
12511,4149,82,1,244.2
12512,4149,94,1,389.50
12513,4150,48,1,$23.10
12514,4150,127,3,587.72
12515,4150,8,1,307.70
12516,4150,10,1,28.04
12517,4151,103,1,244.5
12518,4151,50,2,397.99
12519,4152,80,3,144.45
12520,4152,30,3,43.65
12521,4152,29,1,181.96
12522,4152,104,2,98.77
12523,4152,9,1,178.19
12524,4153,66,2,231.0
12525,4153,4,5,546.12
12526,4153,53,1,37.16
12527,4154,28,1,222.75
12528,4154,85,1,8.08
12529,4154,15,0,61.56
12530,4155,66,1,231.00
12531,4155,34,0,220.10
12532,4156,82,4,244.2
12533,4156,125,4,552.19
12534,4156,52,1,171.01
12535,4156,16,3,148.16
12536,4156,126,1,200.63
12537,4157,109,1,579.16
12538,4157,13,1,186.29
12539,4157,5,3,407.25
12540,4157,119,2,528.68 JOD
12541,4158,69,1,175.49
12542,4158,137,3,182.37
12543,4159,41,5,191.67
12544,4159,9,3,182.74
12545,4160,26,1,264.67
12546,4160,100,1,249.16
12547,4160,129,3,535.98
12548,4160,25,2,253.88
12549,4160,16,1,148.16
12550,4161,69,5,118.48
12551,4161,18,1,128.87
12552,4162,109,1,579.16
12553,4162,111,1,291.81
12554,4162,134,2,40.00
12555,4162,21,1,14.38
12556,4162,108,1,242.9
12557,4163,99,4,140.32
12558,4163,30,2,43.65
12559,4163,131,3,396.05
12560,4163,37,2,170.02
12561,4163,32,2,105.62
12562,4164,112,1,183.26
12563,4164,29,4,181.96
12564,4164,19,3,67.77
12565,4164,96,3,84.49
12566,4164,30,-1,43.65
12567,4165,20,4,110.76
12568,4166,94,2,389.5
12569,4167,99,2,127.58
12570,4167,130,2,59.94
12571,4167,18,2,128.87
12572,4168,132,1,82.53 JOD
12573,4168,14,2,429.63
12574,4168,13,5,186.29
12575,4168,27,4,165.03
12576,4168,122,2,124.83
12577,4169,25,3,253.88
12578,4169,58,1,109.02
12579,4170,88,1,238.01
12580,4171,40,2,199.53
12581,4171,32,3,105.62
12582,4172,65,1,308.91
12583,4172,85,-1,8.08
12584,4172,105,2,528.06
12585,4173,38,0,$454.80
12586,4173,18,1,128.87
12587,4174,10,1,28.04
12588,4174,27,1,112.66
12589,4174,129,3,535.98
12590,4174,44,4,79.18
12591,4175,137,3,307.7
12592,4175,96,3,84.49 JOD
12593,4175,103,2,131.03
12594,4176,60,0,16.37
12595,4176,136,3,337.03
12596,4176,77,1,101.15
12597,4176,117,1,143.10
12598,4176,9999,2,304.43
12599,4177,129,1,535.98
12600,4177,125,5,552.19
12601,4178,27,3,120.79
12602,4178,116,2,359.58
12603,4178,13,4,186.29
12604,4178,61,3,101.60
12605,4178,68,5,304.43
12606,4179,69,1,175.49
12607,4179,101,4,120.15
12608,4179,117,1,143.1
12609,4180,100,4,249.16
12610,4180,55,1,216.25
12611,4181,9,2,178.19
12612,4182,93,1,354.53
12613,4182,40,1,199.53
12614,4182,136,3,314.21
12615,4182,7,3,152.65
12616,4182,90,2,56.52
12617,4183,33,5,407.76
12618,4183,36,3,19.3
12619,4183,14,1,429.63
12620,4184,35,2,152.88
12621,4184,76,3,383.3
12622,4185,71,4,$374.89
12623,4185,119,1,528.68
12624,4185,89,2,403.36
12625,4185,100,2,249.16
12626,4186,44,3,106.04
12627,4186,111,1,291.81
12628,4186,60,4,21.36
12629,4186,80,2,144.45
12630,4187,62,1,205.40
12631,4187,33,2,407.76
12632,4188,113,2,191.78
12633,4188,2,5,190.97
12634,4188,57,1,213.11
12635,4188,8,4,307.7
12636,4189,131,2,396.05
12637,4190,51,2,286.54
12638,4190,14,0,429.63
12639,4190,125,1,552.19
12640,4190,54,1,89.36
12641,4190,128,1,
12642,4191,41,3,191.67
12643,4191,107,2,376.14
12644,4191,113,2,$191.78
12645,4191,31,1,71.76
12646,4191,18,2,128.87 JOD
12647,4192,15,2,81.29
12648,4192,112,3,183.26
12649,4193,117,1,143.1
12650,4194,69,2,175.49
12651,4194,34,3,220.1
12652,4194,42,2,91.53
12653,4195,92,5,339.88
12654,4195,102,1,169.19
12655,4195,24,1,360.88
12656,4195,38,2,454.8
12657,4196,132,1,83.89
12658,4196,45,2,415.91
12659,4196,57,2,213.11
12660,4196,48,1,23.10
12661,4197,128,1,369.54
12662,4197,52,0,171.01
12663,4197,19,2,67.77
12664,4197,86,2,164.39
12665,4197,116,5,458.38
12666,4198,76,1,195.38
12667,4198,132,1,82.53
12668,4198,110,1,193.85
12669,4198,97,1,369.73
12670,4198,115,3,302.06
12671,4199,118,1,294.8
12672,4199,28,0,$222.75
12673,4199,35,4,152.88
12674,4199,110,1,193.85
12675,4200,74,1,34.31
12676,4201,8,2,307.70
12677,4202,111,5,291.81
12678,4202,74,1,34.31
12679,4202,93,3,300.03
12680,4202,31,-1,71.76
12681,4203,50,3,397.99
12682,4203,27,3,112.66
12683,4203,109,0,579.16
12684,4204,95,2,545.43
12685,4204,63,2,575.86
12686,4204,116,1,359.58
12687,4204,123,4,151.87
12688,4205,10,1,28.04
12689,4205,94,3,403.69
12690,4206,76,1,383.30
12691,4206,2,1,190.97
12692,4206,53,-1,37.16
12693,4206,136,1,314.21
12694,4206,8,2,307.7
12695,4207,121,3,317.45 JOD
12696,4207,87,1,262.59
12697,4207,96,1,84.49
12698,4207,47,5,627.32
12699,4207,32,3,105.62
12700,4208,69,2,175.49
12701,4208,14,1,
12702,4208,92,2,339.88
12703,4209,65,2,308.91
12704,4209,7,1,152.65
12705,4210,55,1,216.25
12706,4210,122,1,125.5
12707,4211,50,3,$397.99
12708,4211,12,5,214.91
12709,4212,102,1,169.19
12710,4212,109,3,579.16
12711,4212,92,2,339.88
12712,4212,41,0,191.67
12713,4212,103,5,352.05
12714,4213,45,3,415.91
12715,4213,11,1,489.65
12716,4213,12,1,214.91 JOD
12717,4213,55,1,216.25
12718,4214,46,1,136.73
12719,4214,133,3,97.51
12720,4215,130,2,59.94
12721,4215,51,2,286.54
12722,4215,105,1,528.06
12723,4216,16,4,148.16
12724,4216,92,2,339.88
12725,4217,41,1,260.7
12726,4217,116,1,359.58
12727,4217,75,2,347.56
12728,4217,44,1,106.04
12729,4218,46,4,136.73
12730,4218,95,1,545.43 JOD
12731,4219,9999,0,396.05
12732,4220,77,1,101.15
12733,4220,27,2,112.66
12734,4220,24,2,360.88
12735,4220,46,4,136.73
12736,4220,22,2,36.29
12737,4221,131,2,396.05
12738,4221,25,1,253.88
12739,4221,7,2,152.65
12740,4222,88,4,238.01
12741,4222,101,2,95.60
12742,4223,120,2,201.77
12743,4223,77,2,101.15
12744,4223,92,1,339.88
12745,4224,89,-1,403.36
12746,4224,135,2,11.01
12747,4224,16,2,148.16
12748,4224,10,2,28.04
12749,4225,75,5,347.56
12750,4226,60,1,16.37
12751,4226,79,1,210.8
12752,4227,137,4,307.7
12753,4227,25,1,253.88
12754,4227,52,1,171.01
12755,4227,39,5,253.25
12756,4228,80,1,128.31
12757,4228,42,1,91.53
12758,4229,70,1,379.91
12759,4229,9999,1,98.77
12760,4230,60,2,16.37
12761,4230,13,4,186.29
12762,4231,14,2,429.63
12763,4231,64,0,265.5
12764,4231,123,0,151.87
12765,4231,28,1,222.75
12766,4231,33,1,407.76
12767,4232,27,2,112.66
12768,4232,46,3,136.73
12769,4232,59,1,169.88 JOD
12770,4233,103,-1,244.50
12771,4234,88,1,125.9
12772,4234,105,1,528.06
12773,4234,115,5,302.06
12774,4234,32,1,105.62
12775,4235,78,1,121.77
12776,4235,73,1,492.67
12777,4235,57,1,213.11
12778,4236,91,2,243.25
12779,4237,41,1,191.67
12780,4237,31,1,71.76
12781,4237,111,5,291.81
12782,4238,88,1,$238.01
12783,4238,137,1,307.7
12784,4238,125,2,552.19
12785,4239,27,2,112.66
12786,4239,128,1,369.54
12787,4239,69,1,175.49
12788,4240,69,1,175.49
12789,4240,60,2,16.37
12790,4241,19,1,80.5
12791,4241,61,0,101.6
12792,4241,78,1,121.77
12793,4242,96,2,84.49
12794,4243,22,1,30.66
12795,4244,88,1,238.01
12796,4244,90,2,56.52
12797,4244,40,1,199.53
12798,4245,9,2,178.19
12799,4245,1,3,585.67
12800,4245,12,5,214.91
12801,4245,9999,2,128.87
12802,4245,17,2,185.99
12803,4246,63,3,529.51
12804,4246,28,2,222.75
12805,4246,47,1,627.32
12806,4247,54,1,89.36
12807,4247,19,0,67.77
12808,4248,109,3,579.16
12809,4248,79,3,210.8
12810,4248,4,2,546.12
12811,4248,59,5,169.88
12812,4248,49,1,206.38
12813,4249,90,2,56.52
12814,4249,3,3,490.45
12815,4249,104,5,98.77
12816,4249,13,1,186.29
12817,4249,72,3,404.5
12818,4250,46,3,$160.55
12819,4251,136,1,314.21
12820,4251,40,3,199.53
12821,4252,82,1,244.2
12822,4253,24,-1,360.88
12823,4254,17,2,185.99
12824,4254,20,1,$110.76
12825,4255,40,1,199.53
12826,4255,117,3,143.1
12827,4255,125,1,552.19
12828,4255,12,1,214.91 JOD
12829,4255,133,3,97.51
12830,4256,45,2,415.91
12831,4257,83,3,319.19
12832,4257,53,-1,37.16
12833,4258,126,1,200.63
12834,4258,96,2,84.49
12835,4258,38,1,454.8
12836,4258,16,1,148.16
12837,4259,121,3,264.22
12838,4259,108,3,242.9
12839,4259,65,-1,308.91
12840,4259,53,3,37.16
12841,4260,83,2,319.19
12842,4260,12,1,214.91
12843,4261,132,2,82.53
12844,4261,117,2,143.10
12845,4262,61,3,87.97
12846,4262,30,1,43.65
12847,4263,67,2,291.96
12848,4263,18,2,128.87
12849,4264,27,1,112.66
12850,4264,51,2,286.54
12851,4264,53,2,37.16
12852,4265,24,3,360.88
12853,4265,65,1,308.91
12854,4266,128,2,369.54
12855,4266,44,1,106.04
12856,4266,124,-1,58.04
12857,4266,60,1,16.37
12858,4267,29,5,201.02
12859,4267,125,1,552.19
12860,4267,87,1,262.59
12861,4268,71,1,374.89
12862,4268,68,1,304.43
12863,4269,96,2,84.49
12864,4269,66,1,231.00
12865,4269,122,2,125.5
12866,4269,108,3,248.09
12867,4270,31,1,57.48
12868,4270,96,1,101.83
12869,4271,110,2,193.85
12870,4272,25,1,253.88 JOD
12871,4273,15,2,81.29
12872,4273,41,4,191.67
12873,4274,47,1,627.32
12874,4274,111,1,291.81
12875,4274,136,1,314.21
12876,4274,41,2,191.67
12877,4274,39,0,253.25
12878,4275,64,4,265.50
12879,4275,2,2,190.97
12880,4276,115,1,302.06
12881,4277,13,1,186.29
12882,4277,17,2,185.99
12883,4277,30,2,43.65
12884,4277,80,-1,100.49
12885,4278,59,2,169.88
12886,4279,73,2,331.02
12887,4279,105,1,528.06
12888,4279,19,1,67.77
12889,4279,116,5,359.58
12890,4279,92,3,339.88
12891,4280,16,2,148.16
12892,4280,34,1,220.1
12893,4281,94,1,389.50
12894,4281,7,1,152.65
12895,4281,69,1,$175.49
12896,4282,47,3,$627.32
12897,4283,100,4,249.16
12898,4283,72,4,404.5
12899,4283,86,3,164.39
12900,4284,39,1,320.84
12901,4284,63,1,575.86
12902,4285,8,2,307.7
12903,4285,80,0,144.45
12904,4285,84,1,455.31 JOD
12905,4286,6,5,46.39 JOD
12906,4286,105,3,528.06
12907,4286,69,1,175.49
12908,4286,24,1,360.88
12909,4287,30,1,43.65
12910,4287,105,2,528.06
12911,4287,57,1,188.9
12912,4287,136,1,314.21
12913,4288,90,4,56.52
12914,4288,83,1,319.19
12915,4288,15,5,81.29
12916,4288,87,-1,262.59
12917,4288,75,3,347.56
12918,4289,20,2,110.76
12919,4289,69,1,175.49
12920,4290,16,2,148.16
12921,4291,56,1,31.92
12922,4291,119,2,319.22
12923,4291,136,2,314.21
12924,4291,126,1,200.63
12925,4292,117,2,143.10 JOD
12926,4292,20,3,74.57
12927,4292,124,2,58.04
12928,4293,73,3,331.02
12929,4293,97,1,369.73
12930,4293,118,1,306.50
12931,4293,13,2,186.29
12932,4293,58,3,109.02
12933,4294,8,4,307.70
12934,4295,106,4,252.84
12935,4296,95,2,545.43
12936,4296,45,0,
12937,4296,61,3,101.6
12938,4296,19,1,$67.77
12939,4297,52,2,
12940,4297,34,3,220.1
12941,4297,47,1,627.32
12942,4298,1,4,$585.67
12943,4298,35,4,$152.88
12944,4299,31,1,71.76
12945,4299,10,4,28.04
12946,4300,113,3,191.78
12947,4300,60,1,16.37
12948,4300,6,2,46.39
12949,4301,22,1,36.29
12950,4302,136,3,314.21
12951,4302,129,2,535.98
12952,4303,32,2,105.62
12953,4303,16,1,148.16
12954,4303,59,1,169.88
12955,4303,23,1,68.95
12956,4303,131,1,396.05
12957,4304,78,0,121.77
12958,4304,28,1,222.75
12959,4305,122,2,125.5
12960,4306,63,2,575.86
12961,4306,104,1,98.77
12962,4306,32,1,105.62
12963,4306,19,2,67.77
12964,4306,96,2,84.49
12965,4307,2,3,190.97
12966,4307,55,1,216.25
12967,4307,9999,0,737.99
12968,4307,39,1,253.25
12969,4308,65,2,308.91
12970,4308,33,4,407.76
12971,4309,88,1,238.01
12972,4309,41,4,191.67
12973,4309,38,2,454.8
12974,4309,4,4,546.12
12975,4309,42,3,91.53
12976,4310,78,4,129.98
12977,4310,60,2,16.37
12978,4310,111,1,291.81
12979,4310,95,1,545.43
12980,4310,91,1,243.25
12981,4311,90,1,29.3
12982,4311,36,1,19.30
12983,4311,56,3,31.92
12984,4311,128,1,369.54
12985,4312,13,3,186.29
12986,4312,27,2,112.66
12987,4313,86,2,164.39
12988,4313,57,2,213.11
12989,4313,100,1,$249.16
12990,4314,83,3,319.19
12991,4315,9999,5,34.31
12992,4315,114,1,403.81
12993,4316,59,1,169.88
12994,4317,38,2,454.80
12995,4317,19,1,67.77
12996,4317,33,3,407.76
12997,4318,5,4,407.25
12998,4318,27,1,112.66
12999,4318,106,0,252.84
13000,4319,66,1,231.0
13001,4319,35,4,152.88
13002,4320,18,1,128.87
13003,4320,77,2,72.07
13004,4320,121,1,317.45
13005,4321,69,2,175.49
13006,4321,60,4,16.37
13007,4321,112,0,107.36
13008,4321,59,3,169.88
13009,4322,70,1,379.91
13010,4322,80,1,144.45
13011,4322,78,2,121.77
13012,4322,120,1,201.77
13013,4323,86,1,164.39
13014,4323,89,1,403.36
13015,4323,28,1,222.75
13016,4323,116,1,359.58
13017,4323,18,0,128.87
13018,4324,57,1,213.11 JOD
13019,4324,27,1,112.66
13020,4324,20,1,110.76
13021,4324,4,2,546.12
13022,4325,94,3,389.5
13023,4325,55,3,216.25
13024,4325,41,1,$191.67
13025,4326,67,2,291.96
13026,4326,114,2,403.81
13027,4326,101,1,95.6
13028,4326,69,3,175.49
13029,4326,132,5,82.53
13030,4327,86,2,164.39
13031,4327,133,2,97.51
13032,4328,52,2,188.44
13033,4328,96,1,84.49
13034,4328,110,3,193.85
13035,4329,46,1,136.73
13036,4329,19,1,67.77
13037,4329,51,1,286.54
13038,4329,45,2,415.91
13039,4329,133,1,97.51
13040,4330,46,1,136.73
13041,4330,53,3,37.16
13042,4331,53,3,37.16
13043,4331,130,1,59.94
13044,4331,123,1,161.04
13045,4332,1,3,600.14
13046,4332,15,3,81.29
13047,4332,12,2,214.91
13048,4333,14,2,429.63
13049,4333,2,2,190.97
13050,4333,113,1,191.78
13051,4333,96,1,84.49
13052,4334,67,2,291.96
13053,4334,124,4,58.04
13054,4335,98,1,243.42
13055,4335,79,1,210.8
13056,4336,62,-1,205.4
13057,4336,91,1,243.25
13058,4337,82,0,244.20
13059,4337,32,1,105.62
13060,4337,123,1,151.87
13061,4337,12,1,214.91
13062,4338,15,2,81.29
13063,4338,71,3,374.89
13064,4338,3,1,390.52
13065,4339,106,3,252.84
13066,4339,116,2,359.58
13067,4339,6,1,46.39
13068,4340,36,0,12.15
13069,4340,121,2,
13070,4341,75,1,347.56
13071,4341,20,5,110.76
13072,4341,5,1,407.25
13073,4341,67,1,291.96
13074,4342,19,4,45.62 JOD
13075,4342,66,4,231.00
13076,4342,27,0,112.66
13077,4342,105,2,528.06
13078,4342,76,4,383.3
13079,4343,129,4,535.98
13080,4343,49,5,206.38
13081,4343,104,1,98.77
13082,4343,91,1,243.25
13083,4343,75,1,347.56
13084,4344,126,3,200.63
13085,4344,113,1,191.78
13086,4345,46,1,136.73
13087,4346,93,2,345.11
13088,4347,92,1,339.88
13089,4347,29,2,181.96
13090,4347,119,3,543.68
13091,4348,102,0,169.19
13092,4349,117,2,143.10
13093,4350,128,1,369.54
13094,4350,47,1,627.32
13095,4351,45,3,415.91
13096,4351,32,2,105.62
13097,4351,38,4,454.8
13098,4352,83,1,319.19
13099,4353,9,2,178.19
13100,4353,12,1,214.91
13101,4353,54,4,45.85
13102,4354,21,1,14.38
13103,4354,24,1,360.88
13104,4354,35,1,152.88
13105,4354,3,1,390.52
13106,4355,17,2,185.99
13107,4355,132,5,82.53
13108,4355,60,1,16.37
13109,4356,33,1,407.76
13110,4356,62,4,205.4
13111,4356,95,2,545.43
13112,4356,1,1,585.67
13113,4357,49,-1,206.38
13114,4357,92,2,339.88
13115,4358,40,4,199.53
13116,4358,98,2,243.42
13117,4359,80,2,118.12
13118,4359,114,1,403.81
13119,4360,133,-1,60.62
13120,4360,114,1,403.81
13121,4360,117,2,143.1
13122,4361,8,1,307.7
13123,4361,7,1,152.65
13124,4362,123,1,$151.87
13125,4362,13,1,186.29
13126,4362,96,5,84.49
13127,4363,23,3,68.95
13128,4363,44,4,106.04
13129,4363,68,4,304.43
13130,4364,55,3,216.25
13131,4364,131,4,396.05
13132,4365,128,1,369.54
13133,4366,9,1,178.19
13134,4366,7,2,196.05
13135,4366,43,1,330.6
13136,4366,60,5,16.37
13137,4366,88,2,238.01
13138,4367,97,1,$369.73
13139,4368,17,4,185.99
13140,4369,79,0,210.8
13141,4370,18,4,128.87
13142,4370,118,5,306.5
13143,4370,71,2,374.89
13144,4370,6,5,46.39
13145,4370,9999,2,178.19
13146,4371,28,3,222.75
13147,4372,44,4,106.04
13148,4372,39,1,253.25
13149,4373,84,5,455.31
13150,4373,26,3,264.67
13151,4373,100,1,249.16
13152,4374,20,2,110.76
13153,4374,51,1,286.54
13154,4374,66,1,231.0
13155,4375,58,3,109.02
13156,4375,33,1,407.76
13157,4376,3,3,390.52
13158,4377,23,3,68.95
13159,4377,87,1,203.21
13160,4377,18,1,128.87
13161,4378,87,3,262.59
13162,4378,111,1,291.81
13163,4379,40,1,$161.14
13164,4379,72,3,404.5
13165,4379,90,1,56.52
13166,4379,34,4,249.77
13167,4379,62,2,205.4
13168,4380,28,3,222.75
13169,4381,126,1,200.63
13170,4381,54,2,89.36
13171,4381,104,2,98.77
13172,4381,68,1,304.43
13173,4382,47,1,627.32 JOD
13174,4382,92,1,339.88
13175,4383,121,1,317.45
13176,4383,30,1,43.65
13177,4383,45,1,415.91
13178,4383,36,2,23.03
13179,4384,44,1,106.04
13180,4384,32,5,105.62
13181,4385,48,2,23.10
13182,4385,7,1,152.65
13183,4386,85,3,8.08
13184,4386,43,1,330.6
13185,4386,127,1,587.72
13186,4386,109,1,579.16
13187,4386,37,2,241.65
13188,4387,121,5,317.45
13189,4387,43,3,246.17
13190,4388,10,2,28.04
13191,4388,73,3,331.02
13192,4388,104,2,98.77
13193,4389,41,1,191.67
13194,4389,5,2,407.25
13195,4389,11,2,489.65
13196,4389,128,5,369.54
13197,4389,79,2,210.8
13198,4390,90,1,56.52
13199,4390,30,2,43.65
13200,4390,15,2,81.29
13201,4390,82,1,$244.20
13202,4391,45,1,415.91
13203,4392,18,1,128.87
13204,4392,66,1,231.00
13205,4392,100,4,249.16
13206,4392,127,1,576.04
13207,4392,26,2,264.67
13208,4393,77,4,101.15
13209,4393,72,2,404.5
13210,4393,118,1,306.5
13211,4394,107,4,376.14
13212,4395,96,1,84.49
13213,4396,73,0,331.02
13214,4396,93,1,345.11
13215,4396,97,1,369.73
13216,4397,12,2,214.91
13217,4398,51,3,264.32
13218,4398,27,2,112.66
13219,4398,64,1,265.5
13220,4398,22,3,36.29
13221,4398,103,1,244.5
13222,4399,79,1,210.8
13223,4400,120,1,201.77
13224,4400,69,0,$175.49
13225,4400,9999,1,110.76
13226,4401,61,2,101.6
13227,4401,25,4,253.88
13228,4401,134,1,40.0
13229,4402,46,1,136.73
13230,4403,59,2,169.88
13231,4403,81,1,121.47
13232,4403,10,2,28.04
13233,4403,113,2,249.02
13234,4404,130,3,59.94
13235,4404,90,4,56.52
13236,4404,21,1,14.38
13237,4404,40,2,199.53
13238,4404,29,1,181.96
13239,4405,26,3,264.67
13240,4405,46,-1,136.73
13241,4405,53,-1,37.16
13242,4405,41,3,191.67
13243,4405,103,3,244.50
13244,4406,91,4,243.25
13245,4406,92,1,339.88
13246,4407,79,1,210.8
13247,4407,118,1,306.50
13248,4407,119,1,528.68
13249,4407,33,2,407.76
13250,4408,115,1,302.06
13251,4408,72,1,404.50 JOD
13252,4408,3,0,
13253,4408,18,1,128.87
13254,4408,101,1,95.6
13255,4409,121,-1,317.45
13256,4409,134,1,40.0
13257,4409,50,1,397.99
13258,4410,50,2,$397.99
13259,4410,9,5,178.19
13260,4411,78,2,121.77
13261,4411,24,0,360.88
13262,4411,114,1,403.81
13263,4411,98,3,243.42
13264,4412,94,1,389.5
13265,4412,115,2,302.06
13266,4412,85,4,8.08
13267,4413,56,1,17.08
13268,4413,79,1,162.35
13269,4413,52,4,171.01
13270,4414,131,3,396.05
13271,4414,62,1,205.40
13272,4414,136,2,314.21
13273,4414,84,3,455.31
13274,4415,9,1,178.19
13275,4415,69,2,175.49
13276,4416,2,3,190.97
13277,4416,123,1,151.87
13278,4416,41,1,191.67
13279,4416,99,1,179.91
13280,4417,49,1,206.38
13281,4417,57,1,213.11
13282,4417,59,5,169.88
13283,4418,97,2,369.73
13284,4418,9999,1,81.29
13285,4419,53,1,$37.16
13286,4419,132,3,82.53
13287,4419,8,5,307.70
13288,4420,66,3,231.0
13289,4420,37,2,241.65
13290,4420,47,2,627.32
13291,4420,36,1,19.3
13292,4420,42,3,91.53
13293,4421,60,1,16.37
13294,4421,73,2,331.02
13295,4421,132,1,82.53
13296,4422,26,4,264.67
13297,4423,80,2,144.45
13298,4423,43,1,330.6
13299,4423,116,1,359.58
13300,4423,123,2,151.87
13301,4424,14,1,429.63
13302,4424,50,0,397.99
13303,4424,56,3,31.92
13304,4424,20,1,110.76 JOD
13305,4425,97,1,369.73
13306,4426,112,1,183.26
13307,4426,8,2,307.70
13308,4427,43,1,330.6
13309,4427,82,3,244.2
13310,4427,79,3,109.5
13311,4427,86,5,203.97
13312,4428,50,5,397.99
13313,4429,84,4,455.31
13314,4429,17,4,185.99
13315,4430,137,3,307.70
13316,4431,53,1,37.16
13317,4431,14,1,429.63
13318,4431,37,0,241.65
13319,4431,3,2,390.52
13320,4432,115,3,302.06
13321,4432,57,2,213.11
13322,4432,64,4,265.5
13323,4433,15,2,81.29
13324,4434,16,1,108.59
13325,4434,21,1,14.38
13326,4434,48,1,23.1
13327,4434,51,0,286.54
13328,4435,30,2,43.65
13329,4435,69,2,175.49
13330,4436,1,-1,585.67
13331,4436,11,0,489.65
13332,4436,31,3,71.76
13333,4436,28,2,195.48
13334,4436,94,3,230.66
13335,4437,4,4,546.12
13336,4437,93,2,345.11
13337,4437,58,2,109.02
13338,4438,2,2,190.97
13339,4438,45,2,$415.91
13340,4439,94,1,389.5
13341,4439,127,1,
13342,4439,88,1,238.01
13343,4439,69,3,175.49
13344,4440,5,1,407.25
13345,4440,59,1,169.88
13346,4440,63,1,$575.86
13347,4440,77,1,101.15
13348,4441,33,3,407.76
13349,4442,45,1,415.91
13350,4443,101,5,95.60
13351,4443,4,1,546.12
13352,4444,96,1,77.41
13353,4445,54,3,89.36
13354,4446,16,2,148.16
13355,4446,53,1,37.16
13356,4446,51,1,286.54
13357,4446,93,2,345.11
13358,4446,71,1,374.89
13359,4447,28,1,222.75
13360,4447,98,1,243.42
13361,4447,1,5,585.67
13362,4447,17,1,$185.99
13363,4447,30,1,43.65
13364,4448,23,2,73.44
13365,4448,31,5,71.76
13366,4448,21,4,14.38
13367,4448,134,1,40.00
13368,4449,7,3,152.65
13369,4449,94,3,389.50
13370,4450,124,1,45.73
13371,4450,59,3,169.88
13372,4450,105,1,528.06
13373,4450,73,2,331.02
13374,4451,96,2,84.49
13375,4451,111,2,291.81
13376,4451,88,2,293.61
13377,4452,83,1,319.19
13378,4452,93,1,345.11
13379,4452,66,1,186.67
13380,4452,47,1,627.32
13381,4452,5,1,
13382,4453,73,3,331.02
13383,4453,109,1,579.16
13384,4453,79,1,210.8
13385,4453,9999,2,213.48
13386,4453,95,1,545.43
13387,4454,127,1,587.72
13388,4454,108,5,242.9
13389,4455,136,1,314.21
13390,4455,1,1,585.67
13391,4455,37,0,241.65
13392,4455,48,5,27.28
13393,4455,97,1,369.73
13394,4456,102,1,169.19
13395,4456,40,1,199.53
13396,4457,97,1,369.73
13397,4457,129,4,535.98 JOD
13398,4457,131,3,
13399,4458,76,4,383.3
13400,4458,98,1,137.74
13401,4458,3,1,390.52
13402,4459,62,1,205.4
13403,4459,33,1,215.03
13404,4459,95,3,545.43
13405,4459,63,1,575.86
13406,4460,77,5,101.15
13407,4461,61,1,62.78
13408,4461,82,1,$244.20
13409,4461,102,1,169.19
13410,4461,42,4,91.53
13411,4461,96,4,84.49
13412,4462,20,1,110.76
13413,4462,29,1,181.96
13414,4462,96,2,84.49
13415,4463,104,1,98.77
13416,4464,43,2,330.6
13417,4465,27,2,112.66
13418,4465,126,1,200.63
13419,4465,4,3,541.51
13420,4466,60,2,16.37
13421,4467,51,3,286.54
13422,4467,20,1,110.76
13423,4467,107,2,
13424,4468,63,3,575.86
13425,4468,1,1,585.67
13426,4468,101,1,95.6
13427,4468,57,2,213.11
13428,4468,67,3,291.96
13429,4469,86,1,164.39
13430,4469,101,1,
13431,4469,127,0,587.72
13432,4470,13,2,237.01
13433,4470,81,1,121.47
13434,4470,71,1,374.89
13435,4470,93,4,345.11
13436,4470,92,3,270.35
13437,4471,125,1,552.19
13438,4471,19,5,67.77
13439,4471,65,-1,308.91
13440,4471,99,1,140.32
13441,4472,36,1,19.30
13442,4472,109,1,753.73
13443,4472,133,5,97.51
13444,4473,130,-1,59.94
13445,4473,94,2,389.5
13446,4473,90,1,56.52
13447,4473,121,1,317.45
13448,4473,7,3,152.65
13449,4474,22,2,36.29
13450,4474,50,1,397.99
13451,4475,15,1,81.29
13452,4476,9999,-1,110.76
13453,4476,103,0,244.50
13454,4476,87,1,262.59
13455,4477,119,4,528.68
13456,4477,66,2,231.0
13457,4477,38,1,454.8
13458,4478,94,1,389.5
13459,4478,134,1,40.0
13460,4478,62,1,205.4
13461,4478,85,2,8.08
13462,4478,110,1,193.85
13463,4479,50,3,397.99
13464,4479,30,1,54.37
13465,4479,73,1,331.02 JOD
13466,4479,66,3,231.0
13467,4479,9999,2,403.81
13468,4480,99,1,140.32
13469,4480,76,2,383.3
13470,4480,65,1,308.91
13471,4481,57,3,213.11
13472,4481,122,1,125.50
13473,4482,56,3,31.92
13474,4482,96,1,84.49
13475,4482,125,1,552.19
13476,4482,41,0,191.67
13477,4482,124,1,58.04
13478,4483,92,2,339.88
13479,4483,126,4,200.63
13480,4484,71,3,$374.89
13481,4485,87,2,262.59
13482,4485,124,1,58.04
13483,4485,64,1,265.5
13484,4486,74,1,34.31
13485,4486,122,1,125.5
13486,4486,73,1,331.02
13487,4487,125,2,636.0
13488,4488,89,3,403.36
13489,4488,108,2,214.5
13490,4489,116,2,359.58
13491,4489,102,3,103.40
13492,4489,79,1,210.8
13493,4489,28,2,222.75
13494,4489,19,1,$67.77
13495,4490,97,2,369.73
13496,4490,83,1,319.19
13497,4490,128,1,407.65
13498,4491,82,1,244.2
13499,4491,13,3,186.29
13500,4491,120,2,201.77
13501,4491,64,3,265.5
13502,4491,55,3,216.25
13503,4492,56,3,37.14
13504,4492,5,2,407.25
13505,4492,23,1,35.86
13506,4493,118,0,306.5
13507,4493,83,2,319.19
13508,4493,123,1,151.87
13509,4493,9999,0,265.50
13510,4494,44,2,106.04
13511,4495,27,4,112.66
13512,4496,27,0,112.66
13513,4496,110,3,193.85
13514,4496,92,0,339.88
13515,4496,43,5,330.60
13516,4496,64,4,265.5
13517,4497,97,3,369.73
13518,4497,80,1,144.45
13519,4497,21,0,14.38
13520,4497,107,1,209.65
13521,4498,87,1,262.59 JOD
13522,4498,19,3,67.77
13523,4498,4,3,546.12
13524,4498,56,1,31.92
13525,4499,99,1,180.31
13526,4499,107,2,376.14
13527,4499,132,1,$82.53
13528,4499,49,1,206.38
13529,4500,100,1,249.16
13530,4500,45,3,415.91
13531,4500,24,2,360.88
13532,4500,6,1,46.39
13533,4501,132,1,82.53
13534,4501,84,1,524.06
13535,4502,62,1,205.4
13536,4502,51,1,286.54
13537,4502,89,1,403.36
13538,4502,86,1,202.02
13539,4503,48,1,23.1
13540,4503,20,-1,110.76 JOD
13541,4503,132,2,82.53
13542,4503,94,4,389.5
13543,4503,9999,2,330.6
13544,4504,90,1,56.52
13545,4504,99,4,140.32
13546,4504,103,1,244.5
13547,4504,46,1,136.73
13548,4504,37,1,241.65
13549,4505,1,1,585.67
13550,4505,52,1,171.01
13551,4505,49,3,206.38
13552,4505,121,2,317.45
13553,4505,20,1,88.68
13554,4506,45,1,$415.91
13555,4506,41,2,191.67
13556,4507,76,4,383.3
13557,4507,129,2,535.98
13558,4508,3,1,390.52
13559,4509,46,2,136.73
13560,4509,83,1,319.19
13561,4509,38,1,454.80
13562,4509,26,5,264.67
13563,4510,89,1,403.36
13564,4510,5,5,407.25
13565,4510,106,3,252.84
13566,4510,56,0,31.92
13567,4510,92,1,339.88
13568,4511,4,4,
13569,4511,59,2,169.88
13570,4511,133,1,97.51
13571,4511,134,1,40.00
13572,4511,112,1,183.26
13573,4512,136,1,314.21
13574,4512,106,2,252.84
13575,4512,38,1,384.75
13576,4512,57,1,256.53
13577,4512,104,4,98.77
13578,4513,12,3,214.91
13579,4513,127,2,587.72
13580,4513,20,3,110.76
13581,4514,94,1,389.50 JOD
13582,4514,7,3,152.65
13583,4514,85,0,9.5
13584,4515,78,2,$76.65
13585,4515,28,1,222.75
13586,4515,134,3,40.0
13587,4516,45,1,415.91
13588,4517,100,2,249.16
13589,4518,65,2,308.91
13590,4518,80,0,144.45
13591,4519,66,1,231.00
13592,4519,75,5,347.56
13593,4519,101,2,95.60
13594,4519,48,2,23.10
13595,4519,3,1,390.52
13596,4520,22,1,36.29
13597,4521,33,3,407.76
13598,4521,50,2,397.99
13599,4522,18,1,128.87
13600,4522,114,2,403.81
13601,4522,72,5,404.5
13602,4522,60,0,16.37
13603,4523,130,3,59.94
13604,4523,16,1,148.16
13605,4523,26,1,264.67
13606,4524,24,1,360.88
13607,4524,118,2,306.5
13608,4524,8,1,307.70
13609,4525,25,3,253.88
13610,4525,14,3,429.63
13611,4525,73,5,331.02
13612,4526,94,2,389.5
13613,4526,130,1,72.63
13614,4526,56,1,43.37
13615,4527,55,1,216.25
13616,4528,22,1,36.29
13617,4528,30,1,43.65
13618,4528,113,1,191.78
13619,4528,53,1,37.16
13620,4528,87,1,262.59
13621,4529,3,2,390.52
13622,4529,64,1,$265.50
13623,4529,122,1,125.50
13624,4530,89,2,403.36
13625,4530,110,2,193.85
13626,4530,24,3,360.88
13627,4530,47,1,627.32
13628,4531,67,-1,291.96
13629,4531,105,1,528.06
13630,4532,24,1,360.88
13631,4533,9,1,178.19
13632,4533,7,1,152.65
13633,4533,136,1,314.21
13634,4533,97,1,369.73
13635,4533,39,1,253.25
13636,4534,107,1,376.14
13637,4534,48,2,23.1
13638,4534,5,1,407.25
13639,4534,83,2,319.19
13640,4534,66,2,231.0
13641,4535,105,5,528.06
13642,4535,44,1,106.04
13643,4535,16,1,148.16
13644,4535,114,3,403.81
13645,4536,80,2,144.45
13646,4536,71,1,436.59 JOD
13647,4536,53,1,37.16
13648,4536,30,1,43.65
13649,4537,35,1,152.88
13650,4537,9999,4,345.11
13651,4537,64,1,265.50
13652,4537,120,1,201.77
13653,4538,36,5,19.30
13654,4538,106,2,252.84
13655,4538,109,1,579.16
13656,4538,24,2,360.88
13657,4539,101,1,95.6
13658,4539,99,2,140.32
13659,4539,13,3,186.29
13660,4539,124,1,58.04
13661,4540,68,2,304.43
13662,4540,48,1,23.1
13663,4540,112,4,183.26
13664,4540,74,1,34.31
13665,4541,126,4,200.63
13666,4541,87,3,379.78
13667,4541,131,1,396.05
13668,4542,15,1,81.29
13669,4542,1,5,585.67
13670,4542,60,3,$16.37
13671,4542,109,1,579.16
13672,4543,10,2,
13673,4543,64,2,265.5
13674,4544,113,0,191.78
13675,4544,17,-1,185.99
13676,4545,13,2,186.29
13677,4545,41,4,191.67
13678,4545,43,3,330.6
13679,4545,80,2,144.45
13680,4545,23,1,68.95
13681,4546,29,1,181.96
13682,4546,4,1,546.12
13683,4546,62,1,274.34
13684,4546,67,1,291.96
13685,4547,18,3,128.87
13686,4548,107,4,376.14
13687,4548,34,4,220.1
13688,4549,10,1,38.91
13689,4549,91,4,343.79
13690,4549,6,1,46.39
13691,4549,4,2,546.12
13692,4550,49,3,206.38
13693,4551,106,4,252.84
13694,4552,120,1,201.77
13695,4553,44,2,106.04
13696,4553,28,2,222.75
13697,4553,39,2,253.25
13698,4553,123,1,151.87
13699,4554,134,3,40.0
13700,4554,32,2,105.62
13701,4555,15,5,81.29
13702,4555,101,3,95.60
13703,4555,112,4,183.26
13704,4555,79,2,210.8
13705,4556,91,4,243.25
13706,4556,66,2,231.0
13707,4556,129,1,283.7
13708,4556,43,1,330.6
13709,4557,13,2,187.90
13710,4557,115,4,302.06
13711,4557,53,4,37.16
13712,4557,28,4,222.75
13713,4558,46,1,136.73
13714,4559,72,3,404.5
13715,4559,56,2,31.92
13716,4559,50,1,397.99
13717,4559,91,2,243.25
13718,4559,109,3,579.16
13719,4560,27,-1,112.66
13720,4560,121,1,317.45
13721,4560,107,2,376.14
13722,4560,43,5,330.6
13723,4561,128,1,369.54
13724,4561,91,4,243.25
13725,4561,135,2,$18.43
13726,4561,108,2,242.9
13727,4561,9,1,178.19
13728,4562,29,2,181.96
13729,4562,40,1,199.53
13730,4562,82,1,244.2
13731,4562,28,2,222.75
13732,4563,71,1,374.89
13733,4564,1,2,585.67
13734,4564,78,1,121.77
13735,4565,121,4,317.45
13736,4565,13,3,186.29
13737,4565,33,-1,407.76
13738,4566,117,2,143.1
13739,4566,30,4,55.66
13740,4567,17,1,185.99
13741,4567,3,2,390.52
13742,4567,6,1,46.39
13743,4567,113,1,191.78
13744,4567,54,3,89.36
13745,4568,49,1,206.38
13746,4568,57,3,213.11
13747,4568,2,1,190.97
13748,4568,27,2,112.66
13749,4569,104,1,98.77
13750,4569,90,1,56.52
13751,4569,32,2,105.62
13752,4569,15,1,81.29
13753,4569,62,2,205.40
13754,4570,88,1,238.01
13755,4570,30,0,43.65 JOD
13756,4570,25,1,253.88
13757,4570,137,2,307.7
13758,4571,24,5,360.88
13759,4571,62,1,205.40
13760,4572,32,0,105.62
13761,4572,131,1,396.05
13762,4573,77,4,101.15
13763,4573,10,2,28.04
13764,4574,5,0,407.25
13765,4574,121,3,317.45
13766,4574,19,2,87.54
13767,4575,99,1,140.32
13768,4575,129,-1,535.98
13769,4576,54,2,89.36
13770,4576,110,3,207.79
13771,4576,128,1,369.54
13772,4576,136,1,314.21
13773,4577,36,3,19.30
13774,4577,135,2,18.43
13775,4578,28,2,222.75
13776,4578,65,1,308.91
13777,4578,93,5,
13778,4579,65,1,308.91
13779,4579,48,4,23.1
13780,4579,16,0,148.16
13781,4579,29,1,181.96
13782,4579,70,1,379.91
13783,4580,134,1,40.0
13784,4580,82,3,244.2
13785,4580,44,1,106.04
13786,4580,56,1,31.92
13787,4581,6,1,46.39
13788,4581,129,2,$535.98
13789,4582,64,2,265.5
13790,4582,56,0,31.92
13791,4582,4,2,546.12
13792,4583,46,2,136.73
13793,4584,57,3,213.11
13794,4584,134,1,$40.00
13795,4584,41,0,191.67
13796,4585,115,1,302.06
13797,4585,116,1,359.58
13798,4586,27,1,112.66
13799,4586,33,2,407.76
13800,4586,133,1,97.51
13801,4586,96,1,84.49
13802,4587,108,0,242.9
13803,4587,115,3,302.06
13804,4588,132,4,82.53
13805,4589,135,1,18.43
13806,4590,58,1,109.02
13807,4590,72,1,437.24
13808,4590,77,1,101.15
13809,4590,16,4,148.16
13810,4591,135,1,23.69
13811,4591,129,4,535.98
13812,4591,67,3,291.96
13813,4591,90,1,56.52
13814,4592,5,2,407.25
13815,4592,20,1,110.76
13816,4592,96,1,84.49
13817,4592,79,5,210.80
13818,4592,73,1,331.02
13819,4593,133,5,97.51
13820,4594,12,4,214.91
13821,4594,118,1,306.5
13822,4595,101,2,95.6
13823,4596,110,2,193.85
13824,4596,134,3,40.0
13825,4597,70,2,379.91
13826,4597,35,1,152.88
13827,4597,64,1,265.50
13828,4598,47,3,627.32
13829,4599,1,2,585.67
13830,4599,99,1,140.32
13831,4600,119,1,344.11
13832,4600,48,1,23.1
13833,4600,72,1,404.5
13834,4600,21,1,19.91
13835,4600,130,0,59.94
13836,4601,17,1,185.99
13837,4601,30,1,43.65
13838,4602,36,2,19.3
13839,4602,126,4,200.63
13840,4602,20,3,163.55
13841,4602,90,4,56.52
13842,4602,75,1,347.56
13843,4603,86,1,164.39
13844,4604,120,2,201.77
13845,4605,77,1,101.15
13846,4606,80,-1,144.45
13847,4606,13,2,186.29
13848,4607,71,2,325.59
13849,4607,127,1,587.72
13850,4607,9999,3,319.19
13851,4608,123,1,151.87
13852,4608,80,2,144.45
13853,4608,20,1,110.76
13854,4608,24,1,360.88
13855,4609,86,3,95.58
13856,4609,47,3,627.32
13857,4610,5,5,407.25
13858,4611,54,2,48.79
13859,4611,94,3,389.5
13860,4611,19,3,67.77
13861,4612,116,1,359.58
13862,4613,121,3,317.45
13863,4613,85,1,8.08
13864,4613,96,1,84.49
13865,4613,15,2,87.15
13866,4614,84,1,455.31
13867,4614,127,2,587.72
13868,4614,110,1,193.85
13869,4614,92,1,339.88
13870,4614,65,2,308.91
13871,4615,21,1,11.87
13872,4615,93,0,345.11
13873,4616,90,3,46.87
13874,4616,43,2,330.6
13875,4616,69,1,175.49
13876,4617,55,2,216.25
13877,4617,33,3,407.76
13878,4617,94,4,389.50
13879,4617,76,1,383.3
13880,4617,54,3,89.36
13881,4618,120,2,201.77
13882,4618,53,2,37.16
13883,4619,30,1,43.65
13884,4619,7,1,152.65
13885,4619,75,3,347.56
13886,4619,56,1,31.92
13887,4619,39,2,253.25
13888,4620,60,1,23.39
13889,4620,84,1,455.31
13890,4621,131,1,396.05
13891,4622,70,2,379.91
13892,4622,71,1,377.27
13893,4622,80,1,144.45
13894,4622,98,4,243.42
13895,4622,25,1,253.88
13896,4623,110,2,193.85
13897,4623,106,0,252.84 JOD
13898,4623,91,1,243.25
13899,4623,27,1,112.66
13900,4623,70,1,379.91 JOD
13901,4624,42,3,91.53
13902,4624,83,2,319.19
13903,4625,104,1,98.77
13904,4625,74,5,34.31
13905,4625,108,2,242.9
13906,4625,50,2,397.99
13907,4625,4,2,546.12
13908,4626,48,2,23.1
13909,4626,1,2,585.67
13910,4626,98,3,261.85
13911,4626,59,5,169.88
13912,4626,111,1,$291.81
13913,4627,137,1,307.7
13914,4628,5,2,407.25
13915,4628,32,2,105.62
13916,4628,75,3,306.7
13917,4629,34,1,220.1
13918,4629,65,2,
13919,4629,86,1,164.39
13920,4629,72,1,404.5
13921,4630,132,1,82.53
13922,4630,72,1,404.5
13923,4631,7,2,152.65
13924,4631,9,2,178.19
13925,4631,59,-1,169.88
13926,4632,12,1,214.91
13927,4632,20,3,$110.76
13928,4632,45,2,479.16
13929,4632,134,-1,40.00
13930,4633,101,3,95.60
13931,4633,82,1,244.20
13932,4633,23,2,68.95
13933,4633,66,1,231.0
13934,4634,22,3,36.29
13935,4635,16,1,148.15
13936,4635,20,1,110.76
13937,4635,36,2,13.44
13938,4635,125,1,552.19
13939,4636,22,2,36.29
13940,4636,25,0,$253.88
13941,4636,55,1,216.25
13942,4636,105,2,528.06
13943,4636,112,1,183.26
13944,4637,25,1,253.88
13945,4637,26,1,264.67
13946,4637,34,2,220.1
13947,4638,110,4,193.85
13948,4639,76,3,383.3
13949,4639,99,1,140.32
13950,4639,16,1,$175.63
13951,4639,49,-1,206.38
13952,4640,74,1,40.19
13953,4640,57,5,213.11
13954,4641,56,2,$31.92
13955,4641,120,3,201.77
13956,4641,134,4,40.0
13957,4642,104,3,98.77
13958,4643,114,1,403.81
13959,4643,68,1,304.43
13960,4643,38,3,454.8
13961,4643,95,1,545.43
13962,4644,23,1,68.95
13963,4644,103,1,244.5
13964,4645,82,2,248.45
13965,4645,57,1,213.11
13966,4646,30,2,$43.65
13967,4646,58,4,109.02
13968,4646,84,1,455.31
13969,4646,117,1,143.1
13970,4646,76,1,383.3
13971,4647,137,3,307.7
13972,4648,48,1,23.1
13973,4648,66,3,231.0
13974,4648,38,2,454.8
13975,4649,38,4,454.8
13976,4649,107,-1,376.14
13977,4649,32,1,$105.62
13978,4650,2,5,190.97
13979,4651,106,0,252.84
13980,4651,53,2,37.16
13981,4651,14,1,429.63
13982,4652,110,2,193.85
13983,4652,57,2,213.11
13984,4653,90,4,56.52
13985,4654,66,1,231.0
13986,4655,19,3,67.77
13987,4656,120,1,201.77
13988,4656,57,3,213.11
13989,4657,90,1,56.52
13990,4657,43,2,330.6
13991,4657,95,2,545.43
13992,4658,19,2,67.77
13993,4659,111,2,291.81
13994,4660,18,2,$128.87
13995,4660,32,1,105.62
13996,4661,21,4,15.67
13997,4661,50,2,397.99
13998,4661,36,4,19.30
13999,4662,9999,1,330.60
14000,4663,80,2,144.45
14001,4663,92,2,339.88
14002,4664,71,1,374.89
14003,4664,95,2,545.43
14004,4664,106,1,252.84
14005,4664,34,4,220.1
14006,4665,126,1,200.63
14007,4665,11,1,489.65
14008,4666,106,5,252.84
14009,4667,22,2,36.29
14010,4667,127,1,587.72
14011,4667,32,0,105.62
14012,4667,78,2,121.77
14013,4667,113,1,191.78
14014,4668,131,1,396.05
14015,4668,9999,1,242.9
14016,4668,110,1,193.85 JOD
14017,4668,4,4,546.12
14018,4668,72,1,404.50
14019,4669,123,2,151.87
14020,4669,3,4,390.52
14021,4670,100,-1,249.16
14022,4671,79,1,210.8
14023,4672,118,4,306.5
14024,4672,103,1,244.5
14025,4672,62,2,205.40
14026,4673,113,2,191.78
14027,4673,108,1,242.9
14028,4673,26,2,264.67
14029,4674,101,4,95.6
14030,4675,79,2,210.8
14031,4675,101,1,95.6
14032,4676,90,0,56.52
14033,4676,106,2,143.72
14034,4676,101,1,95.60
14035,4676,33,1,407.76
14036,4677,127,1,587.72
14037,4677,54,1,
14038,4678,21,2,14.38
14039,4678,32,1,105.62
14040,4678,117,3,143.10
14041,4678,30,5,43.65
14042,4679,56,1,31.92
14043,4679,5,1,407.25
14044,4679,16,3,148.16
14045,4680,39,1,253.25
14046,4680,28,1,128.91
14047,4681,43,2,330.6
14048,4681,8,1,307.7
14049,4681,115,5,302.06
14050,4681,80,2,106.58
14051,4681,118,2,306.5
14052,4682,52,3,117.33
14053,4682,21,3,14.38
14054,4682,6,1,46.39
14055,4682,116,1,359.58
14056,4683,135,3,18.43
14057,4683,78,2,121.77
14058,4684,76,1,379.36
14059,4685,53,1,37.16
14060,4685,28,1,206.51
14061,4685,125,1,552.19 JOD
14062,4685,95,1,545.43
14063,4685,133,1,97.51
14064,4686,40,5,199.53
14065,4686,92,1,339.88
14066,4687,90,2,56.52
14067,4688,137,3,307.7
14068,4688,2,3,190.97
14069,4688,71,4,339.08
14070,4688,129,1,535.98
14071,4688,79,1,
14072,4689,21,1,14.38
14073,4689,18,4,193.29
14074,4689,93,3,345.11
14075,4689,30,2,43.65
14076,4690,68,1,304.43
14077,4691,59,1,169.88
14078,4692,5,1,407.25
14079,4692,134,3,21.71
14080,4693,124,3,58.04
14081,4693,58,1,109.02
14082,4694,38,2,454.8
14083,4694,41,1,191.67
14084,4694,31,0,71.76
14085,4695,67,1,156.46
14086,4695,123,0,151.87
14087,4696,73,3,331.02
14088,4696,58,1,109.02
14089,4697,95,2,545.43
14090,4697,133,2,97.51
14091,4697,73,1,331.02
14092,4697,65,1,308.91
14093,4698,22,3,36.29
14094,4698,34,2,220.1
14095,4698,1,1,585.67
14096,4698,36,1,19.30
14097,4699,70,5,379.91
14098,4700,18,-1,80.82
14099,4701,54,2,89.36
14100,4701,94,1,$389.50
14101,4702,60,1,16.37
14102,4702,21,2,14.38
14103,4702,92,1,339.88
14104,4702,90,1,56.52
14105,4703,134,1,40.0
14106,4703,12,1,214.91
14107,4703,128,-1,369.54
14108,4703,29,2,181.96
14109,4704,80,2,144.45
14110,4704,116,4,273.52
14111,4704,27,2,112.66
14112,4704,60,3,16.37
14113,4705,81,3,121.47
14114,4705,8,3,233.36
14115,4705,85,3,8.08
14116,4705,90,2,53.8
14117,4705,79,2,210.80
14118,4706,7,2,152.65
14119,4706,80,2,116.01
14120,4707,25,2,253.88
14121,4707,116,1,359.58
14122,4707,123,1,151.87
14123,4708,126,2,200.63
14124,4708,7,2,152.65
14125,4708,111,3,280.38
14126,4709,77,1,101.15
14127,4710,103,3,244.5
14128,4710,105,1,528.06
14129,4711,41,2,191.67
14130,4711,12,1,214.91
14131,4711,65,2,308.91
14132,4711,117,3,143.1
14133,4711,92,1,339.88
14134,4712,85,4,8.08
14135,4712,34,2,220.1
14136,4712,36,1,19.3
14137,4712,126,1,158.97
14138,4713,122,2,125.5
14139,4714,129,1,535.98
14140,4715,71,2,189.89
14141,4716,11,3,489.65
14142,4717,51,2,286.54
14143,4718,94,2,389.5
14144,4718,19,1,67.77
14145,4719,102,2,169.19
14146,4719,12,3,214.91
14147,4720,79,5,210.80
14148,4720,32,3,105.62
14149,4720,64,3,265.5
14150,4720,14,3,429.63
14151,4720,72,2,404.50
14152,4721,11,1,489.65
14153,4721,13,5,186.29
14154,4721,31,1,71.76
14155,4721,83,2,319.19
14156,4722,63,1,575.86
14157,4722,96,1,84.49
14158,4723,91,3,243.25
14159,4723,30,5,43.65
14160,4723,137,3,307.7
14161,4724,16,1,148.16
14162,4724,78,4,178.13
14163,4725,101,1,95.60
14164,4725,56,1,31.92
14165,4725,34,1,220.1
14166,4725,123,2,151.87
14167,4726,78,1,121.77
14168,4726,57,2,213.11
14169,4726,42,5,91.53
14170,4726,92,1,257.93
14171,4727,115,3,302.06
14172,4727,89,1,403.36
14173,4727,71,2,$374.89
14174,4727,31,2,71.76
14175,4727,121,2,317.45
14176,4728,77,2,101.15
14177,4728,54,2,89.36
14178,4728,130,2,59.94
14179,4728,4,1,546.12
14180,4729,25,1,253.88
14181,4729,9999,1,307.7
14182,4729,50,1,397.99
14183,4729,39,2,253.25
14184,4730,60,4,19.78
14185,4730,34,2,254.78
14186,4730,43,1,330.6
14187,4731,83,1,319.19
14188,4731,129,1,535.98
14189,4732,39,5,253.25
14190,4732,94,3,389.5
14191,4733,20,2,110.76
14192,4734,37,1,241.65
14193,4734,53,3,37.16
14194,4734,71,1,$374.89
14195,4734,50,2,$397.99
14196,4735,123,3,215.95
14197,4735,4,2,546.12
14198,4735,68,1,304.43
14199,4735,70,5,379.91
14200,4735,11,0,489.65
14201,4736,80,1,144.45
14202,4736,14,2,432.21
14203,4736,6,3,46.39
14204,4736,52,2,171.01
14205,4737,13,1,$186.29
14206,4738,113,1,191.78
14207,4738,67,1,291.96
14208,4738,47,1,627.32
14209,4738,124,3,58.04
14210,4738,121,2,317.45
14211,4739,113,1,191.78
14212,4740,16,1,148.16
14213,4740,55,1,216.25
14214,4740,93,2,345.11
14215,4741,132,3,82.53
14216,4742,18,2,128.87
14217,4742,29,1,181.96
14218,4742,135,1,18.43
14219,4742,121,2,317.45
14220,4743,66,3,231.0
14221,4743,134,2,40.0
14222,4743,31,2,71.76
14223,4744,98,3,243.42
14224,4744,12,3,173.55
14225,4745,120,2,201.77
14226,4745,13,2,186.29
14227,4745,73,3,172.43
14228,4745,121,1,317.45
14229,4746,74,1,34.31
14230,4747,125,1,552.19
14231,4748,80,3,144.45
14232,4749,95,1,545.43
14233,4750,18,1,128.87
14234,4750,48,1,23.10
14235,4750,55,1,216.25
14236,4750,2,3,190.97
14237,4751,101,1,95.6
14238,4751,65,1,308.91
14239,4751,68,-1,304.43
14240,4751,125,1,552.19
14241,4751,95,3,
14242,4752,135,3,18.43
14243,4752,56,1,31.92
14244,4752,48,2,23.10
14245,4752,58,2,109.02
14246,4752,49,1,206.38
14247,4753,53,2,44.25
14248,4753,1,1,
14249,4753,118,1,306.5
14250,4754,51,1,286.54
14251,4754,110,0,193.85
14252,4754,131,1,396.05
14253,4755,10,0,34.88
14254,4755,4,3,546.12
14255,4755,89,1,403.36
14256,4755,134,3,25.96
14257,4756,11,1,489.65
14258,4757,119,2,528.68
14259,4757,22,3,36.29
14260,4757,3,3,390.52
14261,4758,84,3,664.0
14262,4758,13,1,186.29
14263,4758,73,2,331.02
14264,4758,107,0,376.14
14265,4758,103,1,327.57
14266,4759,2,5,190.97
14267,4759,116,4,359.58
14268,4759,102,4,169.19
14269,4760,59,1,169.88
14270,4760,67,2,209.45
14271,4761,54,2,89.36
14272,4762,39,2,253.25
14273,4762,24,3,360.88
14274,4762,108,5,242.90
14275,4762,77,4,101.15
14276,4762,105,4,528.06
14277,4763,86,2,164.39
14278,4763,55,3,216.25
14279,4763,36,1,19.3
14280,4763,106,1,252.84
14281,4763,29,3,181.96
14282,4764,21,2,14.38
14283,4765,63,1,575.86
14284,4765,124,1,58.04
14285,4765,14,1,429.63
14286,4765,2,1,190.97
14287,4765,122,2,125.5
14288,4766,52,4,171.01
14289,4766,54,1,89.36
14290,4766,39,2,253.25
14291,4767,134,2,40.0
14292,4767,78,1,121.77
14293,4767,88,1,238.01
14294,4768,101,5,95.60
14295,4768,42,0,91.53
14296,4769,48,1,23.1
14297,4769,119,3,528.68 JOD
14298,4769,92,5,339.88
14299,4769,79,0,210.80
14300,4769,30,4,43.65
14301,4770,2,3,190.97
14302,4770,36,1,19.30
14303,4770,14,2,429.63
14304,4770,74,1,34.31
14305,4770,49,2,205.65
14306,4771,5,1,407.25
14307,4771,107,3,376.14
14308,4772,72,4,404.5
14309,4773,101,2,95.60
14310,4773,16,2,109.09
14311,4773,72,4,404.5
14312,4773,100,1,249.16 JOD
14313,4774,108,1,$242.90
14314,4775,99,1,107.72
14315,4775,31,1,71.76
14316,4775,115,1,302.06
14317,4775,134,1,40.0
14318,4775,27,1,112.66
14319,4776,119,4,528.68
14320,4776,27,1,112.66
14321,4776,98,4,243.42
14322,4776,3,-1,390.52
14323,4776,37,1,241.65
14324,4777,132,2,82.53
14325,4778,5,1,407.25
14326,4778,95,1,545.43
14327,4778,46,2,136.73
14328,4778,10,2,28.04
14329,4778,11,0,489.65
14330,4779,83,4,319.19
14331,4779,8,2,310.5
14332,4779,86,4,164.39
14333,4779,137,4,307.7
14334,4779,100,4,249.16
14335,4780,137,1,$347.60
14336,4781,81,1,121.47
14337,4781,120,0,201.77
14338,4781,26,2,264.67
14339,4781,8,2,307.70
14340,4782,56,1,31.92
14341,4782,6,2,46.39
14342,4782,104,1,98.77
14343,4783,69,2,175.49
14344,4784,91,1,243.25
14345,4784,102,1,169.19
14346,4785,49,2,206.38
14347,4785,98,4,243.42
14348,4785,68,1,304.43
14349,4785,133,2,97.51
14350,4785,75,1,347.56
14351,4786,28,1,222.75
14352,4786,41,1,$191.67
14353,4786,73,0,331.02
14354,4787,64,2,265.5
14355,4787,2,1,190.97
14356,4787,91,0,243.25
14357,4787,13,1,186.29
14358,4788,57,1,213.11
14359,4788,9999,1,125.5
14360,4789,71,1,374.89
14361,4789,70,1,379.91
14362,4789,3,1,390.52
14363,4790,100,2,$249.16
14364,4790,46,2,$136.73
14365,4791,74,1,34.31
14366,4791,85,1,8.08
14367,4792,15,3,81.29
14368,4792,80,2,144.45
14369,4792,137,1,307.70
14370,4792,64,1,265.5
14371,4792,77,1,101.15
14372,4793,120,1,201.77
14373,4794,72,1,404.5
14374,4794,76,2,$224.48
14375,4795,25,2,253.88
14376,4796,104,1,98.77
14377,4796,81,1,121.47
14378,4796,53,1,37.16
14379,4796,76,4,383.3
14380,4797,135,3,18.43
14381,4797,25,1,247.61
14382,4797,86,4,164.39
14383,4797,106,3,252.84
14384,4798,132,1,82.53
14385,4798,13,2,184.57
14386,4798,15,1,81.29
14387,4799,11,1,489.65
14388,4799,60,1,16.37
14389,4799,41,0,191.67
14390,4799,48,2,23.10
14391,4800,105,1,$528.06
14392,4800,104,1,98.77
14393,4800,49,1,206.38
14394,4801,76,1,383.3
14395,4801,103,4,$128.51
14396,4801,19,3,67.77
14397,4801,43,1,330.60
14398,4801,106,4,252.84
14399,4802,2,1,190.97
14400,4802,63,1,575.86
14401,4802,71,2,374.89
14402,4803,52,2,171.01
14403,4803,23,1,68.95
14404,4803,28,3,218.51
14405,4803,41,3,191.67
14406,4803,84,1,455.31
14407,4804,67,3,291.96 JOD
14408,4804,62,1,205.4
14409,4804,24,1,360.88
14410,4805,14,2,429.63
14411,4805,117,2,72.52
14412,4806,47,1,811.67
14413,4806,102,1,169.19
14414,4806,62,1,205.4
14415,4807,107,2,376.14
14416,4807,83,1,319.19 JOD
14417,4807,102,2,169.19
14418,4807,108,1,162.0
14419,4807,41,1,267.66
14420,4808,64,1,265.5
14421,4808,35,2,152.88
14422,4808,22,3,36.29
14423,4808,121,4,317.45
14424,4809,98,2,243.42
14425,4809,73,2,331.02
14426,4809,92,2,339.88
14427,4810,66,1,231.0
14428,4810,78,2,121.77
14429,4810,73,2,331.02
14430,4811,125,3,552.19
14431,4811,26,1,264.67
14432,4811,52,-1,171.01
14433,4811,82,5,273.68
14434,4811,127,1,$587.72
14435,4812,7,2,152.65
14436,4812,91,2,243.25
14437,4812,53,-1,37.16
14438,4812,128,1,369.54
14439,4812,59,4,169.88
14440,4813,10,1,28.04
14441,4814,65,1,308.91
14442,4814,134,2,40.0
14443,4814,3,1,390.52
14444,4814,129,-1,535.98
14445,4814,72,2,$404.50
14446,4815,18,3,128.87
14447,4815,122,1,125.5
14448,4816,67,1,291.96
14449,4816,54,1,89.36
14450,4816,68,-1,304.43
14451,4816,89,2,403.36
14452,4817,35,5,152.88
14453,4817,63,1,685.01
14454,4817,81,1,121.47
14455,4817,129,5,535.98
14456,4817,62,3,205.4
14457,4818,63,2,575.86
14458,4818,62,3,205.4
14459,4819,78,1,121.77
14460,4819,100,1,249.16
14461,4820,30,2,43.65
14462,4820,52,1,171.01
14463,4821,59,2,169.88
14464,4821,31,3,71.76
14465,4822,14,1,429.63
14466,4822,16,3,148.16
14467,4822,89,2,403.36
14468,4823,61,2,122.82
14469,4823,122,1,125.5
14470,4823,118,4,306.5
14471,4824,57,0,213.11
14472,4825,133,1,97.51
14473,4826,17,1,185.99
14474,4826,117,1,143.1
14475,4827,37,3,241.65
14476,4827,91,-1,199.89
14477,4828,79,2,227.22
14478,4828,36,-1,19.3
14479,4828,130,2,59.94
14480,4828,68,4,304.43
14481,4829,30,2,43.65
14482,4829,41,1,191.67
14483,4829,31,1,71.76
14484,4829,91,2,243.25
14485,4829,119,1,528.68
14486,4830,116,1,359.58
14487,4831,49,2,206.38
14488,4831,16,1,148.16
14489,4831,81,1,121.47
14490,4831,93,0,345.11
14491,4832,110,1,193.85 JOD
14492,4832,97,1,$369.73
14493,4833,119,2,528.68 JOD
14494,4833,109,3,579.16
14495,4833,32,1,105.62
14496,4833,44,1,106.04
14497,4834,86,2,164.39
14498,4834,41,1,191.67
14499,4835,120,3,201.77
14500,4835,80,3,144.45
14501,4835,2,2,190.97
14502,4835,107,3,376.14
14503,4836,56,2,31.92
14504,4836,71,2,374.89
14505,4837,74,1,34.31
14506,4837,115,3,302.06
14507,4837,54,1,89.36 JOD
14508,4838,4,3,546.12
14509,4838,44,1,106.04
14510,4839,56,1,31.92
14511,4839,40,1,199.53
14512,4840,96,0,84.49
14513,4840,56,2,31.92
14514,4840,134,1,40.00
14515,4840,35,1,152.88
14516,4841,136,4,314.21
14517,4841,37,1,241.65
14518,4842,69,4,175.49
14519,4842,123,2,151.87
14520,4842,112,2,183.26
14521,4843,137,1,307.70
14522,4844,25,1,253.88
14523,4844,82,1,244.2
14524,4844,126,3,200.63
14525,4845,86,1,164.39
14526,4846,70,3,379.91
14527,4847,27,3,112.66
14528,4847,77,1,101.15
14529,4847,17,1,185.99
14530,4847,31,1,71.76
14531,4848,85,1,8.08
14532,4848,113,1,191.78
14533,4848,137,4,307.70 JOD
14534,4848,29,1,181.96
14535,4848,96,1,84.49
14536,4849,66,3,$231.00
14537,4849,18,1,128.87
14538,4849,131,5,396.05
14539,4849,44,2,106.04
14540,4850,55,3,216.25
14541,4850,34,-1,220.1
14542,4851,133,3,97.51
14543,4851,63,1,575.86
14544,4851,101,1,95.60
14545,4851,43,1,277.54
14546,4851,123,1,151.87
14547,4852,107,-1,376.14
14548,4852,113,3,191.78
14549,4852,96,1,63.57
14550,4853,52,3,171.01
14551,4853,135,1,18.43
14552,4854,88,3,238.01
14553,4854,106,0,252.84
14554,4854,57,0,213.11
14555,4854,9999,2,37.16
14556,4854,101,0,59.66
14557,4855,57,-1,213.11
14558,4856,30,3,43.65
14559,4856,110,2,193.85
14560,4856,115,0,302.06
14561,4856,42,4,$91.53
14562,4856,62,3,205.4
14563,4857,42,3,91.53
14564,4858,74,1,34.31
14565,4858,86,2,164.39
14566,4858,125,1,552.19 JOD
14567,4859,42,1,100.85
14568,4859,5,1,407.25
14569,4859,2,3,190.97
14570,4860,85,2,8.08
14571,4860,130,5,59.94
14572,4860,133,3,97.51
14573,4860,106,1,252.84
14574,4861,79,2,210.8
14575,4861,25,4,253.88
14576,4862,44,4,106.04
14577,4862,9999,1,210.8
14578,4862,94,0,389.5
14579,4862,136,4,314.21
14580,4862,116,1,359.58
14581,4863,112,5,183.26
14582,4863,2,0,190.97
14583,4863,130,1,59.94
14584,4864,84,2,455.31
14585,4864,78,3,121.77
14586,4864,38,3,454.8
14587,4864,60,3,16.37
14588,4864,123,4,151.87
14589,4865,17,1,$185.99
14590,4865,28,1,222.75
14591,4866,49,1,206.38
14592,4866,124,2,58.04
14593,4866,98,5,243.42
14594,4867,101,1,95.6
14595,4867,77,5,101.15
14596,4867,90,4,56.52
14597,4867,131,2,217.71
14598,4867,62,1,205.4
14599,4868,71,2,374.89
14600,4868,102,3,169.19
14601,4869,57,1,213.11
14602,4869,1,3,585.67
14603,4870,113,1,191.78
14604,4870,68,0,304.43
14605,4870,11,5,489.65
14606,4871,123,5,151.87
14607,4872,5,1,407.25
14608,4872,109,1,550.47
14609,4872,24,2,360.88
14610,4872,66,3,231.00
14611,4872,44,2,106.04
14612,4873,38,2,454.8
14613,4873,89,1,403.36
14614,4874,89,1,403.36
14615,4874,88,2,238.01
14616,4875,88,2,238.01
14617,4875,121,0,317.45
14618,4875,14,2,429.63
14619,4875,15,3,81.29
14620,4875,83,2,319.19
14621,4876,62,2,205.4
14622,4876,6,1,27.86
14623,4876,17,4,185.99
14624,4876,3,2,390.52
14625,4876,132,2,82.53
14626,4877,65,1,308.91
14627,4877,131,1,396.05
14628,4877,114,5,403.81
14629,4877,8,5,307.7
14630,4877,117,2,143.1
14631,4878,4,3,546.12
14632,4878,123,2,151.87
14633,4878,64,1,$265.50
14634,4878,122,1,125.50
14635,4879,74,1,34.31
14636,4880,109,1,$579.16
14637,4880,22,0,36.29
14638,4881,79,2,210.80
14639,4882,84,1,455.31
14640,4882,35,3,152.88
14641,4883,57,1,213.11
14642,4884,59,1,$169.88
14643,4884,18,1,128.87
14644,4884,85,2,8.08
14645,4884,49,1,206.38
14646,4885,41,1,191.67
14647,4885,135,1,18.43
14648,4885,44,3,106.04
14649,4885,71,3,374.89
14650,4886,131,0,396.05
14651,4886,44,3,106.04
14652,4886,54,2,89.36
14653,4887,92,1,339.88
14654,4887,97,1,369.73
14655,4887,77,4,101.15
14656,4887,26,3,264.67
14657,4887,80,3,144.45
14658,4888,77,1,101.15
14659,4888,37,1,241.65
14660,4888,6,2,58.47
14661,4888,97,2,369.73
14662,4889,25,1,253.88
14663,4889,100,2,249.16
14664,4889,3,1,210.93
14665,4889,19,1,61.35
14666,4889,109,2,579.16
14667,4890,3,2,390.52
14668,4890,63,1,575.86
14669,4891,47,0,627.32
14670,4891,67,5,291.96
14671,4891,29,1,181.96
14672,4891,55,2,216.25
14673,4891,94,2,389.50
14674,4892,23,2,68.95
14675,4893,104,1,98.77
14676,4893,100,5,249.16
14677,4894,12,1,214.91
14678,4894,6,1,46.39
14679,4894,80,1,141.06
14680,4895,133,2,97.51
14681,4896,18,2,128.87
14682,4896,61,-1,101.6
14683,4897,94,4,389.5
14684,4897,112,0,183.26
14685,4898,99,1,140.32
14686,4898,74,-1,34.31
14687,4898,1,4,$585.67
14688,4898,111,2,
14689,4899,136,1,314.21
14690,4900,132,2,82.53
14691,4901,5,2,407.25
14692,4901,8,2,307.7
14693,4901,49,1,206.38
14694,4902,8,1,307.7
14695,4902,128,2,369.54
14696,4902,23,2,68.95
14697,4902,130,1,59.94
14698,4903,10,1,28.04
14699,4903,110,2,193.85
14700,4903,72,1,404.50
14701,4904,16,2,148.16
14702,4904,95,2,545.43
14703,4904,24,5,360.88
14704,4904,49,2,206.38 JOD
14705,4904,77,3,101.15
14706,4905,129,1,535.98
14707,4905,123,2,151.87
14708,4905,120,2,201.77
14709,4905,134,1,40.0
14710,4905,73,2,331.02
14711,4906,107,3,376.14
14712,4907,129,2,535.98
14713,4908,65,1,308.91
14714,4908,123,4,151.87
14715,4909,22,1,36.29
14716,4909,96,1,84.49
14717,4909,51,2,286.54
14718,4909,133,4,97.51
14719,4909,35,1,152.88
14720,4910,46,1,136.73
14721,4910,4,2,640.86
14722,4910,9999,1,494.38
14723,4910,97,2,369.73
14724,4911,120,1,201.77
14725,4911,82,4,244.2
14726,4911,46,2,147.42
14727,4911,80,3,144.45
14728,4912,128,1,369.54
14729,4912,134,1,40.0
14730,4913,109,2,778.45
14731,4914,118,1,306.5
14732,4914,108,2,242.9
14733,4914,23,1,68.95
14734,4914,10,2,28.04
14735,4914,62,1,205.4
14736,4915,133,2,97.51
14737,4916,75,3,311.31
14738,4916,104,2,98.77
14739,4917,73,3,331.02
14740,4917,85,3,8.08
14741,4918,137,3,307.7
14742,4918,74,2,34.31
14743,4919,73,3,331.02
14744,4920,73,1,331.02
14745,4920,18,-1,128.87
14746,4921,108,4,242.9
14747,4922,27,3,112.66
14748,4922,108,0,197.93
14749,4922,93,2,345.11
14750,4922,94,1,389.50
14751,4923,44,2,106.04
14752,4923,17,5,185.99
14753,4923,54,2,$89.36
14754,4924,125,4,552.19
14755,4924,136,2,314.21
14756,4924,115,1,168.4
14757,4925,53,1,38.69
14758,4925,20,2,110.76
14759,4926,4,3,546.12
14760,4927,6,2,46.39
14761,4927,84,2,455.31
14762,4927,102,2,$169.19
14763,4928,23,2,68.95
14764,4928,106,1,252.84
14765,4928,55,2,216.25
14766,4929,96,2,84.49
14767,4929,34,1,220.1
14768,4929,3,2,390.52
14769,4929,61,2,101.6
14770,4930,102,1,169.19
14771,4930,126,3,200.63
14772,4931,113,1,191.78
14773,4932,123,1,151.87
14774,4933,31,2,71.76
14775,4933,93,3,345.11
14776,4933,129,1,535.98
14777,4933,42,3,91.53
14778,4934,36,2,19.30
14779,4934,48,5,23.10
14780,4934,34,3,220.1
14781,4935,31,3,71.76
14782,4935,39,2,253.25
14783,4935,28,2,222.75
14784,4935,84,2,455.31
14785,4935,14,0,429.63
14786,4936,66,3,187.84
14787,4936,33,1,407.76
14788,4936,130,0,49.29
14789,4937,95,2,379.45
14790,4937,19,2,67.77
14791,4938,125,2,552.19
14792,4938,130,2,59.94
14793,4938,122,1,125.5
14794,4938,66,1,231.00
14795,4938,89,2,530.97
14796,4939,65,1,308.91
14797,4939,130,2,59.94
14798,4940,72,1,404.5
14799,4940,24,3,360.88
14800,4940,54,3,89.36
14801,4940,36,3,19.30
14802,4941,68,3,304.43
14803,4942,38,1,454.8
14804,4942,82,-1,244.2
14805,4942,64,3,265.5
14806,4942,7,1,152.65
14807,4942,110,3,$193.85
14808,4943,136,1,314.21
14809,4943,60,4,16.37
14810,4943,85,3,8.79
14811,4943,96,1,84.49
14812,4944,86,2,164.39
14813,4944,83,1,319.19
14814,4944,110,1,193.85
14815,4945,29,1,181.96
14816,4945,75,2,347.56
14817,4946,21,5,14.38
14818,4946,60,2,16.37
14819,4946,29,3,181.96
14820,4947,83,3,319.19
14821,4947,26,1,$264.67
14822,4948,18,1,128.87
14823,4948,89,1,403.36
14824,4948,37,2,241.65
14825,4949,89,1,403.36
14826,4949,116,1,$359.58
14827,4949,133,4,97.51
14828,4949,13,2,186.29
14829,4950,123,5,151.87
14830,4950,41,1,191.67
14831,4950,12,1,221.9
14832,4950,54,2,89.36
14833,4951,115,1,302.06
14834,4951,49,2,206.38
14835,4952,36,3,19.3
14836,4952,25,5,253.88
14837,4952,53,3,37.16
14838,4952,93,3,345.11
14839,4952,12,3,$214.91
14840,4953,80,2,144.45
14841,4953,103,1,244.5
14842,4953,124,3,58.04
14843,4954,9999,1,97.51
14844,4954,50,1,397.99
14845,4954,9,1,178.19
14846,4955,35,1,152.88
14847,4955,78,1,121.77
14848,4955,14,2,429.63
14849,4956,76,1,383.30
14850,4956,117,1,$202.33
14851,4956,92,1,339.88
14852,4956,52,1,171.01
14853,4956,55,1,265.08
14854,4957,60,3,16.37
14855,4958,63,1,575.86
14856,4958,130,3,59.94
14857,4958,14,4,429.63
14858,4959,54,3,44.82
14859,4959,69,3,175.49
14860,4959,102,3,169.19
14861,4959,100,1,249.16
14862,4960,112,3,183.26
14863,4960,92,2,339.88
14864,4960,45,2,415.91
14865,4960,2,1,190.97
14866,4960,50,1,228.45
14867,4961,15,2,81.29
14868,4961,26,1,264.67
14869,4962,13,1,186.29
14870,4962,103,1,244.5
14871,4963,34,1,220.1
14872,4963,69,1,$175.49
14873,4963,131,0,396.05
14874,4963,126,2,180.42
14875,4964,29,3,237.39
14876,4964,73,3,331.02
14877,4964,13,1,186.29
14878,4965,17,4,185.99
14879,4966,82,1,284.49
14880,4966,107,2,376.14
14881,4966,28,1,222.75
14882,4966,48,1,23.10
14883,4967,30,1,43.65
14884,4967,45,1,415.91
14885,4967,134,4,40.0
14886,4968,19,4,67.77
14887,4968,51,3,286.54
14888,4969,107,1,376.14
14889,4969,13,1,186.29
14890,4970,120,2,201.77
14891,4971,91,5,243.25
14892,4971,131,-1,396.05
14893,4971,28,4,222.75
14894,4972,113,2,191.78
14895,4972,75,2,196.03
14896,4972,124,1,58.04
14897,4972,34,4,220.10
14898,4973,129,2,$535.98
14899,4973,61,1,101.60
14900,4973,131,3,396.05
14901,4973,111,1,291.81
14902,4974,42,2,91.53
14903,4974,54,2,89.36
14904,4974,19,3,67.77 JOD
14905,4974,107,1,376.14
14906,4974,11,1,$250.00
14907,4975,108,2,242.90
14908,4975,33,1,407.76
14909,4975,78,4,121.77
14910,4975,28,3,222.75
14911,4975,114,1,249.94
14912,4976,92,1,339.88
14913,4977,19,3,67.77
14914,4978,103,0,168.92
14915,4978,9,4,178.19
14916,4978,16,1,148.16
14917,4978,48,5,23.1
14918,4979,110,1,193.85
14919,4980,21,1,14.38
14920,4980,43,2,330.60
14921,4980,39,3,253.25
14922,4980,82,1,244.2
14923,4980,92,2,339.88
14924,4981,29,-1,181.96
14925,4981,78,1,121.77
14926,4981,24,1,360.88
14927,4981,106,2,252.84
14928,4982,21,3,14.38
14929,4982,115,2,$302.06
14930,4982,16,4,148.16
14931,4982,55,3,216.25
14932,4982,48,-1,23.1
14933,4983,100,0,249.16
14934,4983,101,3,95.6
14935,4984,38,1,$454.80
14936,4985,20,0,110.76
14937,4985,73,1,331.02
14938,4985,54,1,108.45
14939,4986,96,2,84.49
14940,4987,69,5,190.27
14941,4987,118,4,
14942,4987,132,4,82.53
14943,4987,77,3,101.15
14944,4987,100,2,223.21
14945,4988,53,1,37.16
14946,4988,22,1,36.29
14947,4988,36,3,19.3
14948,4988,126,3,200.63
14949,4988,127,2,587.72
14950,4989,54,3,89.36
14951,4989,103,2,244.5
14952,4989,7,1,152.65
14953,4989,41,5,191.67
14954,4990,99,1,140.32
14955,4990,127,1,587.72
14956,4990,100,1,268.43
14957,4991,6,1,46.39
14958,4991,45,-1,415.91
14959,4992,26,1,264.67
14960,4993,115,-1,302.06
14961,4993,24,2,360.88
14962,4994,6,3,46.39
14963,4994,54,3,89.36
14964,4994,92,1,339.88
14965,4994,102,0,169.19
14966,4995,81,2,121.47
14967,4995,20,0,66.36
14968,4995,77,1,$101.15
14969,4995,3,0,390.52
14970,4996,59,1,169.88
14971,4996,38,1,454.80 JOD
14972,4996,35,1,152.88
14973,4996,137,0,307.7
14974,4996,108,2,242.9
14975,4997,3,1,390.52
14976,4998,55,1,216.25
14977,4998,21,1,14.38
14978,4998,45,2,560.22
14979,4998,2,2,190.97
14980,4998,16,1,189.76
14981,4999,122,1,125.5
14982,4999,33,3,407.76
14983,4999,41,1,179.3
14984,5000,102,2,169.19
14985,5000,105,2,528.06
14986,5001,48,-1,23.1
14987,5001,16,2,148.16
14988,5001,115,1,302.06
14989,5001,20,2,110.76
14990,5002,34,3,220.10
14991,5002,55,1,216.25
14992,5002,23,2,68.95
14993,5003,56,1,
14994,5004,25,1,253.88
14995,5004,108,4,242.9
14996,5004,84,5,455.31
14997,5004,74,2,34.31
14998,5005,60,5,16.37
14999,5005,131,3,396.05
15000,5005,53,2,43.67
15001,5005,114,3,570.02 JOD
15002,5006,67,4,291.96
15003,5006,3,4,498.02
15004,5007,90,3,43.94
15005,5007,48,1,23.1
15006,5008,9,4,178.19
15007,5008,95,5,545.43
15008,5008,74,2,35.39
15009,5008,81,5,121.47
15010,5009,45,1,415.91
15011,5009,65,2,308.91
15012,5010,132,1,80.8
15013,5010,92,1,339.88
15014,5011,130,1,59.94
15015,5011,80,1,144.45
15016,5011,9,2,178.19
15017,5011,98,2,314.09
15018,5011,103,1,244.5
15019,5012,101,1,95.60
15020,5013,38,2,454.8
15021,5013,54,1,89.36
15022,5013,45,1,415.91
15023,5014,70,1,379.91
15024,5014,54,1,49.9
15025,5014,63,1,575.86
15026,5015,69,1,175.49
15027,5016,8,1,307.7
15028,5016,133,2,97.51
15029,5016,126,4,200.63
15030,5016,129,-1,535.98
15031,5016,81,-1,121.47
15032,5017,60,1,16.37
15033,5018,1,2,585.67
15034,5018,131,1,396.05
15035,5019,133,1,97.51
15036,5019,100,1,249.16
15037,5019,78,1,121.77
15038,5019,102,1,169.19
15039,5019,18,1,128.87
15040,5020,97,2,492.65
15041,5020,54,3,89.36
15042,5020,82,3,217.76
15043,5020,44,1,106.04
15044,5021,18,1,128.87
15045,5021,93,1,345.11
15046,5021,19,3,67.77
15047,5021,82,5,244.2
15048,5021,127,1,587.72
15049,5022,110,2,193.85
15050,5023,107,1,376.14
15051,5023,22,1,36.29
15052,5023,129,4,535.98
15053,5024,60,2,16.37
15054,5025,71,3,374.89
15055,5025,34,3,220.1
15056,5026,91,4,243.25
15057,5026,137,2,307.7
15058,5026,72,3,404.5
15059,5026,121,3,317.45
15060,5027,84,3,455.31
15061,5028,100,1,249.16
15062,5028,61,4,101.6
15063,5028,109,1,579.16
15064,5028,31,4,$71.76
15065,5029,76,2,326.48
15066,5029,67,5,291.96
15067,5029,5,2,407.25
15068,5030,37,3,241.65
15069,5030,102,1,169.19
15070,5030,137,0,307.70
15071,5030,112,1,183.26
15072,5030,68,1,304.43
15073,5031,123,3,151.87
15074,5031,112,2,183.26
15075,5031,119,1,528.68
15076,5032,16,2,148.16
15077,5032,6,4,46.39
15078,5032,108,1,242.9
15079,5033,133,2,97.51
15080,5033,98,2,185.85
15081,5034,44,2,106.04 JOD
15082,5035,119,1,528.68
15083,5035,5,1,407.25
15084,5035,108,-1,242.90
15085,5036,56,1,31.92
15086,5036,12,4,214.91
15087,5037,48,1,23.1
15088,5037,41,1,191.67
15089,5038,40,3,199.53
15090,5038,50,1,397.99
15091,5038,33,1,407.76
15092,5039,104,1,98.77
15093,5039,130,1,88.31
15094,5039,55,3,216.25
15095,5039,3,1,390.52
15096,5040,89,4,403.36
15097,5040,103,1,244.5
15098,5040,9999,1,528.06
15099,5040,56,3,31.92
15100,5040,99,4,88.64
15101,5041,111,5,291.81
15102,5041,96,4,78.57
15103,5041,43,2,330.6
15104,5041,55,2,216.25
15105,5041,20,1,110.76
15106,5042,123,-1,166.18
15107,5042,81,3,121.47
15108,5043,53,3,37.16
15109,5044,47,1,627.32
15110,5044,35,5,152.88
15111,5044,74,-1,34.31
15112,5044,39,0,253.25
15113,5044,105,2,528.06
15114,5045,19,4,67.77
15115,5046,106,4,252.84
15116,5047,98,1,243.42
15117,5047,69,1,241.47
15118,5047,131,5,396.05
15119,5047,73,3,331.02
15120,5048,28,4,222.75
15121,5048,38,1,454.80
15122,5049,86,3,125.86
15123,5049,100,2,249.16
15124,5050,18,1,128.87
15125,5050,114,5,403.81
15126,5050,87,3,262.59
15127,5051,94,1,389.5
15128,5051,80,2,144.45
15129,5051,64,2,265.50
15130,5051,70,2,379.91
15131,5052,96,1,84.49
15132,5052,9,1,178.19
15133,5052,17,3,185.99
15134,5052,120,1,201.77
15135,5052,32,1,105.62
15136,5053,131,-1,396.05
15137,5053,19,2,67.77
15138,5053,65,1,308.91
15139,5054,73,1,331.02
15140,5054,22,1,36.29
15141,5054,18,1,128.87
15142,5054,98,5,243.42
15143,5055,2,1,190.97
15144,5055,23,1,68.95
15145,5056,95,4,545.43
15146,5056,80,2,144.45
15147,5056,98,1,243.42
15148,5057,31,2,71.76
15149,5057,83,1,319.19
15150,5058,124,2,58.04
15151,5058,39,-1,253.25
15152,5058,35,2,152.88
15153,5058,81,2,70.83
15154,5059,113,1,124.53
15155,5059,92,1,467.36
15156,5059,89,3,403.36
15157,5059,128,1,369.54
15158,5060,85,1,8.08
15159,5060,70,5,379.91
15160,5060,9,1,178.19
15161,5060,9999,3,31.92
15162,5060,67,2,322.58
15163,5061,3,2,390.52
15164,5061,32,2,105.62
15165,5061,31,-1,71.76
15166,5061,12,5,214.91
15167,5062,48,1,23.10
15168,5062,23,3,68.95
15169,5062,72,2,404.5
15170,5062,38,2,454.80
15171,5062,115,2,302.06
15172,5063,70,3,379.91
15173,5063,6,3,46.39
15174,5063,2,1,190.97
15175,5063,18,1,128.87
15176,5063,30,1,43.65
15177,5064,12,3,214.91
15178,5064,99,5,140.32
15179,5064,80,0,144.45
15180,5064,46,1,136.73
15181,5064,75,1,347.56
15182,5065,19,2,42.27
15183,5066,8,2,307.70
15184,5066,79,1,210.8
15185,5066,126,1,200.63
15186,5066,46,5,136.73
15187,5066,106,2,252.84
15188,5067,9,4,195.52
15189,5067,73,2,331.02
15190,5067,2,1,190.97 JOD
15191,5067,33,2,579.14
15192,5068,20,2,59.18
15193,5068,95,2,545.43
15194,5068,40,3,
15195,5068,42,1,91.53
15196,5068,9,1,178.19
15197,5069,101,3,95.6
15198,5069,46,2,136.73
15199,5069,99,1,140.32
15200,5069,34,1,220.1
15201,5070,20,4,110.76
15202,5070,105,1,528.06
15203,5070,76,1,383.3
15204,5071,47,3,627.32
15205,5071,99,2,140.32
15206,5071,123,3,151.87
15207,5072,25,3,253.88
15208,5072,125,1,552.19
15209,5072,68,1,304.43
15210,5072,58,2,95.16
15211,5073,117,2,143.1
15212,5073,41,3,191.67
15213,5074,64,2,265.5
15214,5074,6,3,46.39
15215,5074,127,1,587.72
15216,5074,102,1,169.19
15217,5074,95,2,545.43
15218,5075,86,2,164.39
15219,5075,7,4,152.65
15220,5075,112,1,183.26
15221,5075,133,4,97.51
15222,5075,115,2,302.06
15223,5076,82,4,244.2
15224,5076,90,3,56.52
15225,5076,43,2,330.6
15226,5076,118,2,306.5
15227,5076,123,2,151.87
15228,5077,62,1,205.4
15229,5077,50,5,397.99
15230,5077,133,4,97.51
15231,5078,42,1,91.53
15232,5078,43,1,330.6
15233,5078,64,3,265.5
15234,5078,135,2,18.43
15235,5079,36,2,19.3
15236,5079,57,3,213.11
15237,5079,25,2,253.88
15238,5079,79,3,210.8
15239,5079,69,5,175.49
15240,5080,105,1,528.06
15241,5080,109,-1,579.16
15242,5080,33,3,407.76
15243,5080,45,2,415.91
15244,5080,20,2,110.76
15245,5081,88,3,238.01
15246,5081,92,0,339.88
15247,5081,9999,2,143.1
15248,5082,80,0,144.45
15249,5082,89,4,403.36
15250,5082,8,1,307.7
15251,5083,100,2,249.16
15252,5083,85,3,8.08
15253,5083,53,5,37.16
15254,5084,47,1,627.32
15255,5084,76,4,
15256,5084,53,2,37.16
15257,5084,25,3,253.88
15258,5084,120,2,201.77
15259,5085,126,3,200.63 JOD
15260,5085,124,5,58.04
15261,5085,96,-1,84.49
15262,5086,18,5,128.87
15263,5086,103,2,244.5
15264,5087,40,2,199.53
15265,5087,82,0,244.2
15266,5087,31,-1,71.76
15267,5087,115,1,302.06
15268,5087,28,1,222.75
15269,5088,84,4,455.31
15270,5088,80,3,144.45
15271,5089,11,-1,489.65
15272,5089,110,2,193.85
15273,5089,65,5,308.91
15274,5089,86,2,164.39
15275,5089,39,1,253.25
15276,5090,113,2,191.78
15277,5091,74,2,34.31
15278,5091,69,1,175.49
15279,5091,127,2,587.72
15280,5092,57,2,213.11
15281,5092,3,3,390.52
15282,5093,120,0,201.77
15283,5093,48,3,23.1
15284,5093,66,4,231.0
15285,5093,20,1,110.76
15286,5094,17,4,185.99
15287,5095,130,4,59.94
15288,5095,82,1,244.20
15289,5095,90,5,59.54
15290,5096,81,2,121.47
15291,5097,14,5,429.63
15292,5098,76,3,383.3
15293,5099,47,1,627.32
15294,5099,87,1,262.59
15295,5099,58,1,109.02
15296,5100,105,1,528.06
15297,5100,122,2,120.68
15298,5100,29,1,181.96
15299,5101,51,1,286.54
15300,5101,16,2,148.16
15301,5101,1,2,585.67 JOD
15302,5101,94,3,389.5
15303,5101,44,1,106.04
15304,5102,92,3,339.88
15305,5103,78,1,121.77
15306,5104,113,1,191.78
15307,5104,127,1,391.56
15308,5104,136,1,314.21
15309,5105,41,5,191.67 JOD
15310,5106,87,2,262.59
15311,5106,93,-1,433.71
15312,5106,5,3,407.25
15313,5106,44,5,106.04
15314,5107,65,3,308.91
15315,5107,29,2,167.95
15316,5108,126,1,200.63
15317,5108,39,0,253.25
15318,5108,14,5,429.63
15319,5108,58,3,109.02
15320,5109,107,2,376.14
15321,5109,62,2,176.84
15322,5110,14,1,429.63
15323,5110,136,-1,314.21
15324,5110,106,2,252.84
15325,5110,122,2,125.50
15326,5110,53,2,48.75
15327,5111,91,3,243.25
15328,5111,44,4,106.04
15329,5112,58,1,109.02
15330,5113,131,2,396.05 JOD
15331,5113,54,4,89.36
15332,5113,8,3,307.7
15333,5114,128,3,369.54
15334,5114,79,1,210.8
15335,5115,32,1,105.62
15336,5115,104,1,98.77
15337,5116,15,3,81.29
15338,5116,105,1,528.06
15339,5116,5,2,407.25
15340,5116,27,1,112.66
15341,5117,101,2,95.60
15342,5117,127,1,587.72
15343,5117,18,2,128.87
15344,5117,105,0,528.06
15345,5118,75,1,347.56
15346,5118,79,2,210.8
15347,5118,6,1,46.39
15348,5119,62,1,205.4
15349,5119,26,0,264.67
15350,5120,55,1,216.25
15351,5120,3,1,390.52
15352,5121,9,2,178.19
15353,5121,108,1,242.9
15354,5121,79,1,210.8
15355,5121,115,1,302.06
15356,5121,20,2,110.76
15357,5122,112,5,182.33
15358,5122,77,1,101.15
15359,5123,90,1,56.52
15360,5124,127,2,587.72
15361,5124,8,2,309.23
15362,5124,63,-1,575.86
15363,5124,91,3,243.25
15364,5125,78,1,121.77
15365,5125,125,1,552.19
15366,5125,10,2,28.04
15367,5126,40,1,199.53
15368,5126,92,4,339.88
15369,5127,11,1,489.65
15370,5127,14,4,429.63
15371,5127,73,2,170.76
15372,5127,133,1,97.51
15373,5128,137,-1,307.7
15374,5128,69,1,195.52
15375,5128,136,1,247.95
15376,5128,2,1,190.97
15377,5128,1,3,585.67
15378,5129,19,1,67.77
15379,5129,90,1,56.52
15380,5129,52,1,171.01
15381,5129,20,-1,110.76
15382,5130,82,2,329.03
15383,5130,115,1,302.06
15384,5131,51,1,286.54
15385,5131,113,1,191.78
15386,5131,10,1,28.04
15387,5131,67,1,291.96
15388,5132,82,-1,244.2
15389,5132,36,2,$19.30
15390,5132,69,0,175.49
15391,5132,42,1,91.53
15392,5132,110,4,193.85
15393,5133,88,1,238.01
15394,5134,37,1,241.65
15395,5135,23,1,68.95
15396,5135,89,1,553.59
15397,5135,32,1,105.62
15398,5135,6,2,46.39
15399,5136,10,5,28.04
15400,5137,125,2,$552.19
15401,5137,100,1,249.16
15402,5137,34,2,220.10
15403,5137,76,4,257.68
15404,5138,45,1,415.91
15405,5138,102,1,169.19
15406,5139,99,5,140.32
15407,5139,23,1,57.19
15408,5139,21,1,14.38
15409,5140,136,1,314.21
15410,5140,113,2,191.78
15411,5140,26,-1,264.67
15412,5141,6,1,46.39
15413,5141,131,2,396.05
15414,5141,77,3,101.15
15415,5141,42,2,87.91
15416,5142,64,2,265.5
15417,5142,90,0,49.08
15418,5142,20,1,110.76
15419,5143,128,1,369.54
15420,5143,77,1,101.15
15421,5144,98,1,243.42
15422,5145,60,1,16.37
15423,5146,78,3,121.77
15424,5147,33,4,407.76
15425,5148,55,4,216.25
15426,5149,119,2,528.68
15427,5149,11,4,489.65
15428,5149,80,2,144.45
15429,5149,81,1,121.47
15430,5149,85,3,8.08
15431,5150,30,1,43.65
15432,5150,44,1,106.04
15433,5151,96,1,84.49
15434,5151,67,2,291.96
15435,5151,92,2,455.13
15436,5152,2,1,232.53
15437,5153,15,4,81.29
15438,5153,85,2,8.08
15439,5153,130,2,59.94
15440,5153,94,4,389.5
15441,5153,129,2,535.98
15442,5154,78,3,121.77
15443,5154,34,2,220.1
15444,5155,114,1,403.81
15445,5156,69,5,175.49
15446,5156,9,2,178.19
15447,5157,57,1,213.11
15448,5157,119,2,528.68
15449,5157,82,3,244.2
15450,5158,75,1,347.56
15451,5158,131,2,396.05
15452,5158,39,1,253.25
15453,5158,19,5,63.14
15454,5159,89,2,403.36
15455,5159,121,2,$317.45
15456,5159,63,3,575.86
15457,5159,107,2,376.14
15458,5159,42,2,111.86
15459,5160,118,1,306.5
15460,5160,84,1,455.31
15461,5160,42,2,91.53
15462,5160,29,3,181.96
15463,5161,84,1,455.31
15464,5161,122,2,125.5
15465,5161,74,1,34.31
15466,5161,16,2,148.16
15467,5161,42,1,91.53
15468,5162,78,1,121.77
15469,5162,47,4,627.32
15470,5162,9,3,178.19
15471,5163,115,1,302.06
15472,5163,53,1,$39.12
15473,5163,17,3,185.99
15474,5163,2,3,190.97
15475,5164,28,5,222.75
15476,5164,10,2,28.04
15477,5164,73,2,331.02
15478,5164,114,1,295.65
15479,5165,105,1,652.2
15480,5165,125,1,552.19
15481,5165,74,3,34.31
15482,5165,120,2,201.77
15483,5166,6,1,46.39
15484,5166,97,3,369.73
15485,5166,90,5,56.52
15486,5167,121,1,317.45
15487,5167,33,2,$407.76
15488,5167,12,3,214.91
15489,5167,100,3,249.16
15490,5168,60,2,16.37
15491,5168,84,2,455.31
15492,5168,50,1,397.99
15493,5168,76,4,500.75
15494,5169,123,0,151.87
15495,5169,33,1,611.1
15496,5169,86,3,164.39
15497,5169,130,1,59.94
15498,5170,130,2,$59.94
15499,5170,6,1,
15500,5170,113,1,191.78
15501,5171,58,2,109.02 JOD
15502,5171,100,1,249.16
15503,5171,66,1,231.00
15504,5171,126,4,200.63
15505,5171,112,3,$183.26
15506,5172,28,2,222.75
15507,5172,9,1,178.19
15508,5173,123,0,202.18
15509,5173,67,1,291.96
15510,5174,131,2,396.05
15511,5174,37,1,$241.65
15512,5175,41,1,191.67
15513,5175,40,1,204.23
15514,5175,37,2,241.65
15515,5175,75,4,347.56
15516,5176,52,1,171.01
15517,5176,30,0,43.65
15518,5177,85,1,8.08
15519,5177,12,1,214.91
15520,5177,95,3,545.43
15521,5177,42,2,108.15
15522,5177,103,3,244.5
15523,5178,5,-1,407.25
15524,5178,136,2,328.95
15525,5178,54,2,89.36
15526,5178,10,2,28.04
15527,5179,38,1,454.8
15528,5179,36,2,19.3
15529,5179,37,2,241.65
15530,5179,98,1,243.42
15531,5180,29,1,181.96
15532,5180,73,0,331.02
15533,5180,52,1,171.01
15534,5180,43,5,330.6
15535,5180,55,1,216.25
15536,5181,45,5,
15537,5181,77,5,101.15
15538,5182,53,3,37.16
15539,5183,95,2,545.43
15540,5183,47,1,323.84
15541,5183,94,1,389.5
15542,5183,17,-1,185.99
15543,5184,125,5,552.19
15544,5185,107,2,376.14
15545,5186,12,3,214.91
15546,5187,69,3,175.49
15547,5187,104,2,98.77
15548,5187,113,2,191.78
15549,5187,101,0,95.60
15550,5187,121,2,317.45
15551,5188,31,1,71.76
15552,5189,131,-1,396.05
15553,5189,100,-1,249.16
15554,5190,125,1,552.19
15555,5191,106,2,252.84
15556,5191,103,1,244.5
15557,5191,55,1,132.9
15558,5191,127,2,587.72
15559,5191,45,-1,415.91
15560,5192,130,1,$59.94
15561,5192,79,1,$210.80
15562,5193,17,1,185.99
15563,5193,7,1,152.65
15564,5193,32,1,105.62
15565,5193,9,1,178.19 JOD
15566,5193,119,4,528.68
15567,5194,52,1,171.01
15568,5194,93,1,345.11
15569,5194,39,2,253.25
15570,5194,83,2,319.19
15571,5195,63,1,575.86
15572,5195,105,3,$528.06
15573,5195,16,1,99.39
15574,5195,96,1,84.49
15575,5195,35,2,152.88
15576,5196,89,1,403.36
15577,5196,126,1,200.63
15578,5196,127,2,587.72
15579,5196,22,1,36.29
15580,5196,96,1,84.49
15581,5197,53,4,37.16
15582,5197,71,1,374.89
15583,5198,47,1,627.32
15584,5198,67,3,291.96
15585,5198,30,3,43.65
15586,5199,104,1,98.77
15587,5199,70,2,379.91
15588,5199,10,4,28.04
15589,5199,131,2,396.05
15590,5199,115,2,302.06
15591,5200,63,2,575.86
15592,5200,6,3,46.39
15593,5200,99,1,140.32
15594,5200,130,1,59.94
15595,5201,108,1,242.9
15596,5201,127,1,587.72
15597,5201,79,1,210.8
15598,5202,63,5,575.86
15599,5203,29,1,181.96
15600,5203,9,1,178.19
15601,5203,61,1,101.6
15602,5203,117,2,143.1
15603,5204,10,4,28.04
15604,5204,98,3,336.88 JOD
15605,5204,54,1,89.36
15606,5204,127,1,587.72
15607,5205,20,1,110.76
15608,5205,12,2,214.91
15609,5205,79,2,210.80
15610,5205,32,1,105.62
15611,5206,53,4,37.16
15612,5206,70,1,379.91
15613,5206,123,1,151.87
15614,5206,101,1,95.60
15615,5206,92,1,339.88
15616,5207,54,1,110.98
15617,5208,10,3,28.04
15618,5208,92,2,339.88
15619,5209,41,1,191.67
15620,5210,64,2,265.5
15621,5210,5,1,407.25
15622,5210,45,3,415.91
15623,5211,101,2,95.60 JOD
15624,5211,85,1,8.08
15625,5212,30,2,
15626,5213,78,4,121.77 JOD
15627,5214,73,1,331.02
15628,5214,91,1,243.25
15629,5215,7,3,152.65
15630,5216,60,3,16.37
15631,5216,134,1,40.0
15632,5216,80,1,144.45
15633,5217,123,1,95.74
15634,5217,38,1,454.8
15635,5217,127,1,587.72
15636,5217,33,2,363.16
15637,5217,53,1,37.16
15638,5218,27,2,112.66
15639,5218,19,1,
15640,5218,14,0,429.63
15641,5218,21,5,14.38
15642,5218,131,3,396.05
15643,5219,80,3,144.45
15644,5219,136,1,314.21
15645,5219,57,1,213.11 JOD
15646,5219,32,1,105.62
15647,5220,4,1,546.12
15648,5221,126,4,200.63
15649,5221,19,0,37.73
15650,5221,27,2,112.66
15651,5221,134,3,40.0
15652,5222,59,3,169.88
15653,5222,77,1,101.15
15654,5222,123,2,149.41
15655,5222,117,-1,
15656,5222,97,4,551.71
15657,5223,76,1,383.3
15658,5223,39,2,253.25
15659,5223,46,5,136.73
15660,5223,41,2,191.67
15661,5224,29,1,181.96
15662,5224,76,4,495.20
15663,5224,13,1,186.29
15664,5224,14,1,429.63
15665,5225,117,2,143.10
15666,5226,111,1,389.69
15667,5227,78,1,121.77
15668,5227,75,1,347.56
15669,5227,89,2,403.36
15670,5227,79,2,210.8
15671,5228,101,3,95.6
15672,5228,39,1,253.25
15673,5228,75,1,347.56
15674,5228,73,4,331.02
15675,5228,59,1,169.88
15676,5229,39,5,253.25
15677,5229,13,0,186.29
15678,5230,131,1,396.05
15679,5230,19,2,68.34
15680,5230,74,1,34.31
15681,5230,21,0,14.38
15682,5230,137,1,307.7
15683,5231,127,1,$587.72
15684,5231,46,4,136.73
15685,5232,52,1,171.01
15686,5232,129,1,535.98
15687,5233,106,2,252.84
15688,5233,58,2,109.02
15689,5233,13,4,186.29
15690,5233,116,2,359.58
15691,5234,34,2,220.1
15692,5235,80,1,144.45
15693,5235,7,3,152.65
15694,5236,72,3,404.5
15695,5237,58,5,109.02
15696,5238,95,1,545.43
15697,5238,84,1,455.31
15698,5238,70,1,379.91
15699,5239,66,4,231.0
15700,5239,8,1,307.7
15701,5239,101,1,95.6
15702,5240,126,1,200.63
15703,5240,124,1,55.44
15704,5240,78,1,$121.77
15705,5240,31,3,71.76
15706,5240,99,5,192.01
15707,5241,44,3,106.04
15708,5241,112,3,112.35
15709,5242,96,3,84.49
15710,5242,101,2,95.6
15711,5242,126,3,200.63
15712,5242,107,2,376.14
15713,5243,90,2,65.12
15714,5243,122,1,125.5
15715,5243,132,1,82.53
15716,5243,101,3,95.60
15717,5243,76,1,383.30
15718,5244,41,4,191.67
15719,5244,64,5,265.50
15720,5245,69,2,175.49
15721,5245,43,3,330.60
15722,5245,24,3,360.88
15723,5245,105,3,528.06
15724,5246,43,1,330.60
15725,5246,76,1,383.3
15726,5246,18,2,165.7
15727,5246,80,-1,144.45
15728,5246,38,2,454.80
15729,5247,39,-1,253.25
15730,5247,74,2,34.31
15731,5248,15,4,81.29
15732,5248,39,1,253.25
15733,5249,44,1,106.04
15734,5249,119,3,528.68
15735,5249,112,4,$183.26
15736,5249,128,3,
15737,5250,46,4,136.73
15738,5250,56,5,31.92
15739,5250,96,5,84.49
15740,5250,127,1,587.72
15741,5251,59,1,169.88
15742,5251,65,4,308.91
15743,5252,92,1,339.88
15744,5252,27,1,112.66
15745,5252,130,2,59.94
15746,5252,24,3,360.88
15747,5252,119,2,$528.68
15748,5253,37,4,241.65
15749,5253,95,1,545.43
15750,5253,101,1,95.6
15751,5254,126,2,200.63
15752,5254,74,4,32.59
15753,5254,92,1,339.88
15754,5255,76,2,383.3
15755,5255,1,2,585.67
15756,5256,26,3,$264.67
15757,5256,19,1,67.77
15758,5256,71,2,354.68
15759,5256,104,2,98.77
15760,5257,71,-1,374.89
15761,5257,10,3,28.04
15762,5257,98,1,243.42
15763,5257,87,2,262.59
15764,5258,110,2,193.85
15765,5258,81,4,121.47
15766,5258,6,2,46.39
15767,5258,127,2,587.72
15768,5259,73,1,425.26
15769,5259,134,0,40.0
15770,5259,32,1,105.62
15771,5259,137,1,435.4
15772,5259,6,5,46.39
15773,5260,37,2,143.94
15774,5260,7,2,152.65
15775,5260,122,3,125.50
15776,5261,93,3,345.11
15777,5261,73,2,331.02
15778,5262,115,2,302.06
15779,5262,2,2,190.97
15780,5262,57,5,213.11
15781,5262,8,1,307.7
15782,5262,78,0,121.77
15783,5263,20,1,110.76
15784,5264,49,2,206.38
15785,5264,85,2,8.08
15786,5264,107,1,376.14
15787,5264,55,3,216.25
15788,5265,36,1,19.3
15789,5265,79,0,232.13
15790,5266,130,2,59.94
15791,5266,63,1,575.86
15792,5266,74,3,34.31
15793,5266,132,1,82.53
15794,5267,36,1,19.30
15795,5267,71,1,
15796,5267,113,1,191.78
15797,5268,124,1,58.04
15798,5268,88,5,238.01
15799,5268,117,1,143.1
15800,5269,83,3,319.19
15801,5270,54,1,89.36
15802,5270,96,2,84.49
15803,5270,41,2,191.67
15804,5270,75,4,347.56
15805,5270,129,1,535.98
15806,5271,95,1,545.43
15807,5271,105,2,528.06
15808,5272,123,2,151.87
15809,5272,86,3,164.39
15810,5272,1,1,585.67
15811,5272,51,4,286.54
15812,5273,39,1,191.91
15813,5273,136,1,$314.21
15814,5273,9,1,110.31
15815,5273,90,0,56.52
15816,5274,66,1,231.0
15817,5275,11,2,489.65
15818,5275,60,1,16.37
15819,5275,26,2,264.67
15820,5276,131,2,396.05
15821,5276,127,1,587.72
15822,5276,42,2,91.53
15823,5276,111,1,291.81
15824,5276,93,1,345.11
15825,5277,125,-1,552.19
15826,5277,17,0,185.99
15827,5278,133,1,97.51
15828,5278,11,1,489.65
15829,5278,45,1,415.91
15830,5279,55,1,216.25
15831,5279,39,1,253.25
15832,5280,79,3,210.8
15833,5281,126,4,200.63
15834,5281,73,5,331.02
15835,5281,16,1,201.02
15836,5281,67,2,291.96
15837,5282,108,1,242.90
15838,5282,66,1,231.0
15839,5282,101,1,95.60
15840,5282,53,4,37.16
15841,5283,58,2,109.02
15842,5283,85,1,8.08
15843,5283,4,0,546.12
15844,5283,112,1,183.26
15845,5284,93,1,345.11
15846,5284,86,2,$164.39
15847,5284,40,1,199.53
15848,5284,112,3,183.26
15849,5284,21,0,14.38
15850,5285,86,-1,88.36 JOD
15851,5285,80,2,144.45
15852,5285,129,1,535.98
15853,5286,25,2,$253.88
15854,5287,12,1,214.91
15855,5287,27,5,112.66
15856,5288,79,0,210.8
15857,5289,37,2,241.65
15858,5289,107,1,376.14
15859,5289,18,4,128.87
15860,5289,97,0,369.73
15861,5289,99,4,140.32
15862,5290,25,1,253.88
15863,5290,87,1,262.59
15864,5291,7,2,$152.65
15865,5292,127,2,587.72
15866,5292,30,2,43.65
15867,5292,32,5,105.62
15868,5293,32,2,105.62
15869,5293,12,5,214.91
15870,5293,64,1,300.83
15871,5293,71,1,374.89
15872,5293,90,-1,56.52 JOD
15873,5294,15,5,81.29
15874,5294,46,2,92.01
15875,5295,73,3,331.02
15876,5295,29,1,181.96
15877,5295,97,1,369.73
15878,5295,127,1,587.72
15879,5295,10,3,28.04
15880,5296,57,2,213.11
15881,5297,59,2,169.88
15882,5297,19,1,67.77
15883,5298,115,2,302.06
15884,5298,122,2,121.21
15885,5298,89,1,597.90 JOD
15886,5299,45,3,415.91
15887,5300,21,1,14.38
15888,5300,116,1,359.58
15889,5300,127,4,587.72
15890,5300,26,3,264.67
15891,5300,91,1,243.25
15892,5301,137,3,307.7
15893,5301,54,5,89.36
15894,5301,60,1,16.37
15895,5301,31,4,
15896,5302,107,3,376.14
15897,5303,56,1,31.92
15898,5304,128,3,369.54
15899,5304,117,1,143.1
15900,5304,8,0,307.7
15901,5304,29,1,181.96
15902,5304,134,1,40.00
15903,5305,132,3,82.53
15904,5305,92,-1,381.49
15905,5305,2,3,190.97
15906,5305,102,1,169.19
15907,5306,76,1,383.3
15908,5306,9999,4,220.10
15909,5307,50,2,397.99
15910,5307,99,-1,140.32
15911,5307,11,1,489.65
15912,5308,66,5,$231.00
15913,5308,136,2,314.21
15914,5308,50,2,$397.99
15915,5309,64,3,265.50
15916,5309,94,1,389.5
15917,5309,83,5,319.19
15918,5309,47,2,627.32
15919,5309,72,1,404.50
15920,5310,65,2,308.91
15921,5310,73,1,331.02
15922,5310,8,3,307.70
15923,5311,33,2,407.76
15924,5312,129,1,535.98
15925,5312,58,2,109.02
15926,5313,71,3,374.89
15927,5313,112,4,183.26
15928,5314,124,4,58.04
15929,5314,127,3,587.72
15930,5314,45,1,415.91
15931,5314,101,3,95.6
15932,5315,71,1,374.89
15933,5315,4,2,546.12
15934,5315,137,1,307.7
15935,5316,71,4,374.89
15936,5317,42,3,91.53
15937,5317,55,1,
15938,5318,119,2,528.68
15939,5318,124,2,58.04
15940,5319,125,1,552.19
15941,5320,4,1,546.12
15942,5320,59,1,169.88
15943,5320,1,1,624.51
15944,5320,106,1,252.84
15945,5320,110,1,193.85
15946,5321,35,1,152.88
15947,5322,109,1,579.16
15948,5323,58,1,109.02
15949,5323,98,1,243.42
15950,5324,127,2,587.72
15951,5324,126,-1,200.63
15952,5325,80,2,144.45
15953,5325,106,1,252.84
15954,5326,60,2,16.37
15955,5326,129,3,535.98
15956,5326,112,1,183.26
15957,5326,87,2,262.59
15958,5326,123,4,151.87
15959,5327,75,2,347.56
15960,5327,66,1,231.0
15961,5327,62,2,205.4
15962,5328,46,3,136.73
15963,5328,92,5,339.88
15964,5328,114,-1,403.81
15965,5328,6,2,36.55
15966,5328,118,1,306.5
15967,5329,71,2,374.89
15968,5329,87,-1,262.59
15969,5329,2,1,190.97
15970,5329,67,1,291.96
15971,5330,137,2,307.7
15972,5330,87,1,262.59
15973,5331,137,2,307.7
15974,5331,40,3,199.53
15975,5331,39,1,253.25
15976,5332,57,1,213.11
15977,5333,100,1,249.16
15978,5333,127,3,587.72
15979,5333,128,1,369.54
15980,5334,64,1,$265.50
15981,5334,87,1,262.59
15982,5334,5,1,407.25
15983,5334,109,1,579.16
15984,5335,113,5,191.78
15985,5335,93,1,345.11
15986,5335,22,3,36.29
15987,5335,28,3,222.75
15988,5335,128,4,369.54
15989,5336,17,2,185.99
15990,5336,23,2,68.95
15991,5336,112,1,183.26
15992,5337,28,4,222.75
15993,5337,87,1,$262.59
15994,5337,19,3,67.77
15995,5337,117,5,143.10
15996,5338,25,2,253.88
15997,5338,122,2,125.5
15998,5338,2,2,190.97
15999,5338,112,2,183.26 JOD
16000,5339,128,0,369.54
16001,5339,130,5,59.94
16002,5339,72,1,404.50
16003,5339,40,1,199.53
16004,5339,22,2,36.29
16005,5340,49,2,206.38
16006,5341,109,4,579.16
16007,5342,66,1,231.00 JOD
16008,5342,49,4,206.38
16009,5342,68,1,304.43
16010,5343,41,1,191.67
16011,5343,63,1,575.86
16012,5343,36,1,19.3
16013,5344,69,1,175.49
16014,5344,135,1,18.43
16015,5345,52,1,171.01
16016,5345,119,3,528.68
16017,5345,17,1,185.99
16018,5345,41,4,191.67
16019,5345,47,4,627.32
16020,5346,84,2,339.64
16021,5346,66,1,231.00
16022,5346,112,1,183.26
16023,5347,134,1,40.00
16024,5347,42,1,91.53
16025,5347,131,1,396.05
16026,5347,114,4,403.81
16027,5348,92,1,339.88
16028,5348,61,1,101.6
16029,5348,53,2,37.16
16030,5349,67,1,291.96
16031,5349,106,3,252.84
16032,5349,38,2,454.8
16033,5349,6,5,40.34
16034,5349,37,1,241.65
16035,5350,128,1,369.54
16036,5350,61,1,101.6
16037,5350,35,1,152.88
16038,5351,137,1,307.70
16039,5352,56,4,31.92
16040,5352,34,1,220.10
16041,5352,137,1,307.7
16042,5352,59,1,169.88
16043,5352,94,1,389.50
16044,5353,127,1,587.72
16045,5354,122,1,125.5
16046,5354,113,2,191.78
16047,5354,96,1,84.49
16048,5354,76,1,383.3
16049,5355,86,1,164.39
16050,5356,15,2,81.29
16051,5356,12,2,214.91
16052,5356,52,1,171.01
16053,5357,133,1,
16054,5357,87,1,262.59
16055,5357,74,-1,34.31
16056,5358,101,3,95.60
16057,5358,99,1,140.32
16058,5359,10,1,28.04
16059,5359,72,3,404.5
16060,5359,109,1,595.46
16061,5359,91,1,162.02
16062,5360,17,2,185.99
16063,5360,128,2,369.54
16064,5360,18,2,128.87
16065,5360,41,3,214.11
16066,5360,57,3,177.0
16067,5361,36,1,19.3
16068,5362,23,-1,68.95
16069,5362,75,1,347.56
16070,5363,128,2,280.23
16071,5363,78,1,121.77
16072,5364,75,4,347.56
16073,5365,91,1,243.25
16074,5365,35,1,152.88
16075,5365,102,1,169.19
16076,5365,33,2,536.23
16077,5366,126,4,200.63
16078,5366,116,3,507.74
16079,5366,55,1,216.25
16080,5366,84,2,455.31
16081,5367,78,1,121.77
16082,5367,109,2,579.16
16083,5367,63,1,575.86
16084,5367,56,2,31.92
16085,5368,94,1,389.5
16086,5368,31,1,71.76
16087,5368,133,1,51.62
16088,5368,98,1,243.42
16089,5369,114,4,586.15
16090,5370,30,2,43.65
16091,5370,107,2,376.14
16092,5370,76,1,383.30
16093,5371,128,1,369.54
16094,5371,5,2,407.25
16095,5371,82,2,244.2
16096,5371,12,-1,214.91
16097,5372,79,2,308.42
16098,5372,124,1,58.04
16099,5372,106,3,252.84
16100,5372,22,-1,36.29
16101,5372,62,1,205.40
16102,5373,133,3,97.51
16103,5374,69,2,175.49
16104,5374,5,5,407.25
16105,5374,98,1,$243.42
16106,5375,57,2,213.11
16107,5375,95,1,545.43
16108,5376,43,1,330.6
16109,5376,31,3,71.76
16110,5376,82,3,129.94
16111,5377,65,3,308.91
16112,5378,79,3,210.80
16113,5378,111,1,291.81
16114,5378,17,2,185.99
16115,5378,54,3,89.36
16116,5379,36,3,19.3
16117,5380,37,2,241.65
16118,5380,54,1,89.36
16119,5380,9999,2,397.99
16120,5381,11,4,489.65
16121,5381,40,1,199.53
16122,5381,130,1,59.94
16123,5382,60,1,16.37
16124,5382,121,2,317.45
16125,5382,21,4,14.38
16126,5383,5,3,407.25
16127,5384,40,-1,199.53
16128,5384,136,2,314.21
16129,5384,98,4,243.42
16130,5385,71,2,374.89
16131,5385,84,3,$455.31
16132,5385,7,-1,117.37
16133,5386,31,2,71.76
16134,5386,84,1,455.31
16135,5387,40,1,199.53
16136,5387,47,4,627.32
16137,5387,10,2,28.04
16138,5388,102,1,169.19
16139,5388,20,1,110.76
16140,5388,46,3,136.73
16141,5388,105,3,528.06
16142,5388,22,2,36.29
16143,5389,47,2,627.32 JOD
16144,5389,44,2,106.04
16145,5389,94,1,389.5
16146,5389,64,4,193.88
16147,5390,52,1,171.01
16148,5390,136,1,314.21
16149,5390,102,4,169.19
16150,5390,48,1,23.1
16151,5390,114,5,403.81
16152,5391,19,-1,67.77
16153,5391,51,1,286.54
16154,5391,129,1,535.98
16155,5392,104,4,98.77
16156,5392,35,2,152.88
16157,5392,38,1,454.8
16158,5392,129,2,$535.98
16159,5393,101,4,95.6
16160,5393,124,4,58.04
16161,5393,100,5,249.16
16162,5393,55,1,274.06
16163,5394,7,1,152.65
16164,5394,46,1,190.59
16165,5394,10,5,28.04
16166,5395,53,3,37.16
16167,5395,60,1,16.37
16168,5395,20,1,110.76
16169,5395,116,1,359.58
16170,5396,123,0,151.87
16171,5396,96,4,84.49
16172,5396,104,-1,98.77
16173,5396,26,1,264.67
16174,5397,6,3,46.39
16175,5397,12,2,214.91
16176,5397,25,1,253.88
16177,5397,40,1,$199.53
16178,5397,102,2,169.19
16179,5398,35,1,152.88
16180,5399,136,1,314.21
16181,5399,12,0,257.18
16182,5399,65,1,308.91
16183,5399,6,4,46.39
16184,5400,26,2,264.67
16185,5400,121,3,317.45
16186,5400,30,1,43.65
16187,5400,81,1,121.47
16188,5400,136,1,314.21
16189,5401,38,1,454.80
16190,5401,2,3,190.97
16191,5401,46,0,136.73
16192,5401,6,1,46.39
16193,5401,18,5,$128.87
16194,5402,77,1,101.15
16195,5402,5,2,407.25
16196,5402,110,4,193.85
16197,5403,27,3,112.66
16198,5403,61,2,101.6
16199,5403,78,1,121.77
16200,5403,73,1,331.02
16201,5403,50,0,378.22
16202,5404,67,1,291.96
16203,5405,71,1,308.65
16204,5405,109,1,$579.16
16205,5405,87,2,262.59 JOD
16206,5406,136,1,314.21
16207,5406,130,1,59.94
16208,5407,49,1,206.38
16209,5407,9,1,178.19
16210,5407,120,1,201.77
16211,5408,3,2,482.50
16212,5408,108,1,242.90
16213,5409,42,3,91.53
16214,5410,49,2,206.38
16215,5411,74,3,34.31
16216,5411,90,1,82.29
16217,5411,130,3,59.94
16218,5411,62,2,205.4
16219,5412,72,2,404.5
16220,5413,76,3,383.3
16221,5413,45,1,285.08
16222,5413,129,3,535.98
16223,5413,13,3,186.29
16224,5413,61,2,101.6
16225,5414,34,1,220.1
16226,5415,66,-1,231.0
16227,5415,125,1,552.19
16228,5416,108,1,242.9
16229,5416,47,2,541.35
16230,5416,20,1,110.76
16231,5416,93,3,345.11
16232,5417,74,1,34.31
16233,5417,93,1,345.11
16234,5418,60,1,16.37
16235,5418,38,1,633.14
16236,5418,108,3,242.9
16237,5418,128,1,369.54
16238,5419,79,2,210.8
16239,5419,112,2,183.26
16240,5419,41,3,191.67
16241,5419,54,4,89.36 JOD
16242,5419,74,3,34.31
16243,5420,123,3,128.04
16244,5420,113,1,191.78
16245,5420,40,1,199.53
16246,5420,84,3,455.31
16247,5421,133,4,97.51
16248,5421,79,3,210.8
16249,5422,87,1,262.59
16250,5422,32,1,105.62
16251,5422,123,2,151.87
16252,5422,130,1,59.94
16253,5422,36,2,19.3
16254,5423,12,1,214.91
16255,5423,9999,2,193.85
16256,5424,70,2,379.91
16257,5424,90,2,56.52
16258,5424,122,4,125.50
16259,5425,16,1,148.16
16260,5426,116,2,359.58
16261,5426,47,3,627.32
16262,5427,127,2,587.72
16263,5427,115,3,302.06
16264,5427,13,1,186.29
16265,5428,87,0,262.59
16266,5429,12,4,214.91
16267,5429,9999,1,28.04
16268,5429,90,3,56.52
16269,5430,22,1,36.29
16270,5431,31,4,54.04
16271,5431,93,3,345.11
16272,5431,27,2,112.66
16273,5432,29,1,181.96
16274,5432,133,2,97.51
16275,5432,24,1,203.62
16276,5433,77,-1,72.21
16277,5434,25,1,147.15
16278,5434,118,0,404.6
16279,5434,114,2,403.81
16280,5434,55,1,216.25
16281,5434,16,2,148.16
16282,5435,121,2,426.18
16283,5436,2,1,
16284,5436,133,1,97.51
16285,5437,48,1,23.10
16286,5438,17,1,185.99
16287,5439,16,2,148.16
16288,5439,83,1,319.19
16289,5439,79,1,210.8
16290,5439,114,1,403.81
16291,5440,63,1,575.86
16292,5440,97,2,369.73
16293,5440,80,2,144.45
16294,5440,41,2,191.67
16295,5441,47,1,627.32
16296,5442,40,1,199.53
16297,5442,119,2,528.68
16298,5442,113,2,191.78
16299,5442,52,5,171.01
16300,5442,62,4,205.4
16301,5443,100,1,249.16
16302,5443,126,5,200.63
16303,5444,24,1,360.88
16304,5444,125,3,552.19
16305,5444,41,0,191.67
16306,5444,126,3,200.63
16307,5445,33,1,407.76
16308,5445,108,1,242.9
16309,5445,134,3,40.00
16310,5445,84,2,455.31
16311,5446,78,1,121.77
16312,5446,5,1,407.25
16313,5446,39,1,253.25
16314,5446,33,1,407.76
16315,5446,9999,-1,383.3
16316,5447,113,1,191.78
16317,5447,106,3,252.84
16318,5448,23,2,68.95
16319,5448,76,1,383.3
16320,5449,98,1,243.42
16321,5449,70,1,379.91
16322,5450,48,5,23.1
16323,5450,44,2,106.04
16324,5451,74,0,34.31
16325,5451,48,2,23.1
16326,5452,49,1,206.38
16327,5452,4,2,546.12
16328,5452,116,1,359.58
16329,5452,2,1,190.97
16330,5452,98,1,243.42
16331,5453,126,1,200.63
16332,5454,111,3,291.81
16333,5455,108,1,242.9
16334,5455,65,2,308.91
16335,5455,131,-1,396.05
16336,5455,99,4,140.32
16337,5456,86,1,164.39
16338,5456,31,4,71.76
16339,5457,127,2,522.82
16340,5458,100,2,249.16
16341,5458,89,5,403.36
16342,5459,71,1,374.89
16343,5459,6,1,46.39
16344,5459,48,2,23.1
16345,5459,64,1,265.50
16346,5459,66,2,231.0
16347,5460,55,4,216.25
16348,5460,41,1,255.18
16349,5460,109,1,467.58
16350,5460,37,1,241.65
16351,5461,55,1,216.25
16352,5461,76,-1,383.3
16353,5461,118,4,306.50
16354,5462,44,0,106.04
16355,5462,131,1,452.98
16356,5463,113,1,191.78
16357,5463,116,2,359.58
16358,5463,89,1,403.36
16359,5464,99,3,140.32
16360,5464,124,2,58.04
16361,5465,3,1,
16362,5465,45,2,415.91
16363,5466,86,2,164.39
16364,5467,19,2,67.77
16365,5467,118,1,306.5
16366,5467,76,3,383.3
16367,5468,41,2,191.67
16368,5468,57,1,213.11
16369,5468,83,1,319.19
16370,5468,129,2,372.97
16371,5468,94,-1,389.5
16372,5469,5,1,407.25
16373,5469,136,1,314.21
16374,5470,69,1,175.49
16375,5470,47,1,627.32
16376,5470,16,1,148.16
16377,5470,35,1,152.88
16378,5470,85,2,
16379,5471,50,4,237.44
16380,5471,85,2,8.08
16381,5471,54,1,89.36
16382,5472,68,5,304.43
16383,5472,57,2,213.11
16384,5473,57,5,213.11
16385,5474,30,-1,43.65
16386,5474,82,3,244.20
16387,5474,120,2,201.77
16388,5474,132,3,82.53
16389,5475,92,4,339.88
16390,5475,37,3,241.65
16391,5475,85,1,8.08
16392,5475,29,3,181.96
16393,5475,115,1,302.06
16394,5476,106,1,252.84
16395,5476,93,1,345.11
16396,5476,122,3,$125.50
16397,5477,125,4,552.19
16398,5477,82,2,244.2
16399,5478,24,4,360.88
16400,5478,58,1,109.02
16401,5478,78,1,121.77
16402,5478,1,1,585.67
16403,5478,136,2,314.21
16404,5479,23,1,68.95
16405,5479,115,1,302.06
16406,5479,114,0,403.81
16407,5479,51,1,286.54
16408,5479,110,0,193.85
16409,5480,13,2,186.29
16410,5480,109,3,579.16
16411,5480,10,0,37.18
16412,5480,123,4,87.56
16413,5481,30,2,43.65 JOD
16414,5481,135,1,18.43
16415,5481,55,3,216.25
16416,5481,129,1,535.98
16417,5481,112,3,183.26
16418,5482,35,2,152.88
16419,5482,73,1,318.05
16420,5482,40,1,199.53
16421,5483,91,2,243.25
16422,5483,101,3,95.6
16423,5483,4,1,546.12
16424,5483,96,2,84.49
16425,5483,8,1,307.7
16426,5484,38,2,454.80
16427,5485,37,3,241.65
16428,5485,1,1,585.67
16429,5485,98,1,243.42
16430,5485,74,4,34.31
16431,5486,64,2,265.50
16432,5486,11,3,489.65
16433,5487,93,3,345.11
16434,5487,97,5,369.73
16435,5487,129,1,535.98
16436,5487,80,2,104.38
16437,5488,69,2,175.49
16438,5489,40,-1,199.53
16439,5489,126,2,
16440,5489,82,2,244.2
16441,5489,130,1,59.94
16442,5490,71,5,374.89
16443,5490,66,3,231.0
16444,5490,10,3,28.04
16445,5491,58,-1,109.02
16446,5491,50,2,397.99
16447,5491,12,0,214.91
16448,5492,105,1,528.06
16449,5492,22,1,36.29
16450,5492,82,-1,244.2
16451,5492,30,1,43.65
16452,5492,78,2,121.77
16453,5493,78,1,121.77
16454,5493,21,1,14.38
16455,5493,88,5,238.01
16456,5493,4,2,546.12
16457,5493,32,1,105.62
16458,5494,69,1,175.49
16459,5494,131,1,396.05
16460,5495,98,4,243.42
16461,5496,107,1,376.14
16462,5496,37,2,241.65
16463,5497,97,1,369.73
16464,5497,16,1,148.16
16465,5497,31,1,71.76
16466,5498,135,4,18.43
16467,5498,112,2,183.26
16468,5499,65,3,308.91
16469,5499,66,-1,231.0
16470,5499,47,4,627.32
16471,5499,103,1,244.5
16472,5500,117,1,143.1
16473,5500,38,1,454.8
16474,5500,70,-1,350.2
16475,5501,67,2,291.96
16476,5502,123,3,151.87
16477,5502,99,2,140.32
16478,5502,54,4,89.36
16479,5502,63,2,575.86
16480,5502,65,1,308.91
16481,5503,50,1,397.99
16482,5503,117,1,143.1
16483,5503,71,2,374.89
16484,5503,98,1,243.42
16485,5504,50,1,397.99
16486,5504,78,2,121.77
16487,5505,135,2,18.43
16488,5505,116,0,359.58
16489,5505,38,5,441.04
16490,5505,24,1,$360.88
16491,5505,69,3,175.49
16492,5506,92,2,339.88
16493,5506,22,3,49.32
16494,5506,72,2,404.5
16495,5507,107,1,262.63
16496,5508,72,1,404.50
16497,5508,92,5,339.88
16498,5508,110,2,193.85
16499,5508,18,2,190.59
16500,5509,100,3,249.16
16501,5510,70,1,$379.91
16502,5510,63,1,575.86
16503,5510,111,1,291.81
16504,5510,127,2,587.72
16505,5511,48,1,23.1
16506,5511,121,1,317.45
16507,5512,122,2,69.9
16508,5512,16,2,148.16
16509,5512,75,2,347.56
16510,5512,71,4,374.89
16511,5512,41,2,191.67
16512,5513,130,2,59.94
16513,5514,50,2,397.99
16514,5514,17,2,185.99
16515,5514,83,2,319.19
16516,5514,94,1,389.5
16517,5515,17,3,185.99
16518,5515,48,0,23.1
16519,5515,54,3,89.36
16520,5516,93,4,345.11
16521,5517,134,2,40.0
16522,5517,49,1,206.38
16523,5517,105,1,$528.06
16524,5517,55,2,216.25
16525,5517,51,1,286.54
16526,5518,82,1,244.2
16527,5518,127,1,479.44
16528,5519,122,1,125.5
16529,5519,94,2,389.50
16530,5519,92,3,339.88
16531,5519,38,1,454.8
16532,5519,76,2,383.3
16533,5520,76,1,364.55
16534,5520,9,1,178.19
16535,5520,42,1,
16536,5520,64,1,265.5
16537,5521,41,1,191.67
16538,5521,29,1,181.96
16539,5521,3,1,390.52
16540,5521,17,4,185.99
16541,5521,13,5,186.29
16542,5522,79,4,210.80
16543,5522,76,1,383.30
16544,5523,54,2,133.61
16545,5523,73,1,281.85
16546,5523,58,2,109.02
16547,5524,79,1,210.8
16548,5524,129,5,535.98
16549,5524,120,1,201.77
16550,5524,47,1,627.32
16551,5525,61,1,101.60
16552,5525,40,-1,199.53
16553,5525,43,1,330.6
16554,5525,23,2,67.48
16555,5525,93,3,345.11
16556,5526,49,2,206.38
16557,5526,110,3,193.85
16558,5527,115,3,302.06
16559,5527,77,-1,67.88
16560,5528,110,3,193.85
16561,5528,136,1,314.21
16562,5528,116,1,359.58
16563,5528,84,1,455.31
16564,5528,37,-1,241.65
16565,5529,89,2,403.36
16566,5529,110,3,250.3
16567,5530,133,1,97.51
16568,5530,67,1,291.96
16569,5530,97,2,369.73
16570,5530,91,2,243.25
16571,5530,18,4,128.87
16572,5531,130,1,59.94
16573,5531,107,1,376.14
16574,5531,71,2,374.89
16575,5532,135,1,18.43
16576,5533,105,-1,343.22
16577,5534,59,2,169.88
16578,5534,107,2,376.14
16579,5534,74,-1,34.31
16580,5534,86,3,164.39
16581,5534,24,4,360.88
16582,5535,21,1,14.38
16583,5535,84,2,455.31
16584,5535,112,1,183.26
16585,5535,80,1,144.45
16586,5536,39,3,253.25
16587,5536,90,2,56.52
16588,5536,98,2,243.42
16589,5536,36,-1,19.3
16590,5536,43,1,291.61
16591,5537,5,3,407.25
16592,5537,36,2,19.3
16593,5537,96,3,84.49
16594,5537,106,3,252.84
16595,5537,39,-1,253.25
16596,5538,21,3,14.38
16597,5538,75,1,289.88
16598,5539,62,1,205.4
16599,5539,90,1,56.52
16600,5539,76,2,529.9
16601,5540,73,1,331.02
16602,5540,12,1,214.91
16603,5540,98,3,243.42
16604,5541,106,3,362.22
16605,5541,68,5,446.84
16606,5541,133,1,97.51
16607,5541,72,1,404.5
16608,5541,124,-1,58.04
16609,5542,45,1,247.02
16610,5542,1,1,862.76
16611,5543,100,3,249.16
16612,5544,95,2,545.43
16613,5545,123,2,151.87
16614,5545,116,1,359.58
16615,5545,23,3,68.95
16616,5546,11,3,421.61
16617,5546,35,3,152.88
16618,5546,131,0,396.05
16619,5547,2,5,190.97
16620,5547,8,4,307.7
16621,5547,12,1,214.91
16622,5548,135,4,18.43
16623,5548,122,1,125.50
16624,5548,43,3,330.6
16625,5549,117,1,143.10
16626,5549,71,5,374.89
16627,5549,94,1,534.75
16628,5549,17,3,185.99
16629,5549,113,4,191.78
16630,5550,103,1,124.25
16631,5550,83,1,319.19
16632,5550,84,4,455.31
16633,5550,25,4,253.88
16634,5551,18,2,128.87
16635,5551,106,2,252.84
16636,5551,134,2,40.0
16637,5551,38,2,454.8
16638,5551,133,2,97.51
16639,5552,12,3,214.91
16640,5552,118,1,306.5
16641,5552,18,1,128.87
16642,5552,66,4,231.0
16643,5552,44,2,60.34
16644,5553,85,1,8.08
16645,5553,54,4,89.36
16646,5553,123,3,151.87
16647,5553,11,4,489.65
16648,5553,135,3,11.14
16649,5554,134,1,40.0
16650,5554,118,1,306.50
16651,5555,31,1,71.76
16652,5555,1,1,585.67
16653,5556,118,5,306.5
16654,5557,106,1,252.84
16655,5557,98,3,243.42
16656,5558,37,2,213.80
16657,5559,32,3,105.62
16658,5559,109,3,579.16
16659,5560,66,2,231.0
16660,5560,67,1,291.96
16661,5561,1,1,585.67
16662,5561,24,2,360.88
16663,5562,90,3,75.62
16664,5563,127,2,$587.72
16665,5563,20,2,110.76
16666,5564,104,5,98.77
16667,5565,107,0,376.14
16668,5565,109,4,579.16
16669,5566,5,1,$407.25
16670,5566,4,4,429.03
16671,5566,29,1,$258.10
16672,5566,68,-1,304.43
16673,5567,117,5,143.1
16674,5567,70,2,379.91
16675,5567,48,3,23.1
16676,5567,64,3,158.97
16677,5568,117,1,143.1
16678,5568,50,3,397.99
16679,5568,13,3,186.29
16680,5568,56,2,31.92
16681,5568,98,1,243.42
16682,5569,45,0,415.91
16683,5570,14,2,429.63
16684,5571,57,1,213.11
16685,5571,23,3,68.95
16686,5571,19,1,67.77
16687,5571,79,2,210.8
16688,5572,94,-1,389.50 JOD
16689,5572,88,2,238.01
16690,5572,63,0,419.55
16691,5573,92,3,339.88
16692,5574,92,-1,339.88
16693,5574,83,2,319.19
16694,5574,107,2,376.14
16695,5574,91,4,243.25
16696,5574,35,3,152.88
16697,5575,56,1,31.92
16698,5575,81,2,121.47
16699,5575,78,2,121.77
16700,5575,6,3,46.39
16701,5576,48,1,23.1
16702,5576,44,2,106.04
16703,5576,74,2,34.31
16704,5576,100,3,249.16
16705,5576,17,1,185.99
16706,5577,29,2,181.96
16707,5578,13,1,186.29
16708,5578,57,5,218.42
16709,5578,117,4,143.1
16710,5579,84,-1,455.31
16711,5579,55,2,
16712,5580,14,2,429.63
16713,5580,105,1,528.06
16714,5580,54,5,89.36
16715,5581,71,2,374.89
16716,5581,10,1,28.04
16717,5581,43,-1,330.60
16718,5581,97,2,369.73
16719,5581,15,0,81.29
16720,5582,16,1,148.16
16721,5582,55,1,216.25
16722,5582,100,3,249.16
16723,5582,39,2,253.25
16724,5583,116,4,359.58
16725,5583,48,2,13.71
16726,5583,22,1,36.29
16727,5583,38,0,454.8
16728,5584,90,3,59.40
16729,5584,89,1,457.97
16730,5584,11,1,489.65
16731,5584,66,3,231.0
16732,5585,59,1,169.88
16733,5585,20,1,110.76
16734,5585,110,2,$193.85
16735,5585,117,1,143.10
16736,5586,83,2,319.19
16737,5586,9,2,178.19
16738,5586,86,3,164.39
16739,5587,17,2,204.93
16740,5587,65,1,308.91 JOD
16741,5587,102,5,169.19
16742,5588,84,1,455.31
16743,5588,106,2,252.84
16744,5589,78,2,121.77
16745,5589,9999,1,331.02
16746,5590,6,1,48.96
16747,5591,132,2,82.53
16748,5591,76,2,383.3
16749,5591,89,3,403.36
16750,5591,114,2,403.81
16751,5591,121,2,317.45
16752,5592,112,1,183.26
16753,5593,53,3,24.7
16754,5593,61,5,142.78
16755,5593,38,-1,454.8
16756,5593,137,3,307.7
16757,5593,29,4,181.96
16758,5594,49,-1,190.04
16759,5594,32,1,105.62
16760,5594,10,1,28.04
16761,5594,52,3,171.01
16762,5595,105,5,528.06
16763,5595,73,2,331.02
16764,5595,23,4,68.95
16765,5596,44,1,106.04
16766,5596,20,1,70.82
16767,5596,13,2,186.29
16768,5596,116,0,359.58
16769,5597,70,5,379.91
16770,5598,28,1,222.75
16771,5598,36,-1,19.3
16772,5598,9,1,214.86
16773,5599,118,1,306.50
16774,5599,128,1,369.54
16775,5599,107,0,376.14
16776,5599,19,1,67.77
16777,5599,106,1,252.84
16778,5600,96,1,84.49
16779,5600,74,3,34.31
16780,5600,133,1,97.51
16781,5600,17,1,185.99
16782,5601,56,2,31.92
16783,5601,91,1,243.25
16784,5601,20,3,110.76
16785,5601,118,1,306.5
16786,5602,1,1,585.67
16787,5602,92,3,339.88
16788,5602,9999,0,125.5
16789,5602,34,1,220.1
16790,5603,133,2,97.51
16791,5604,61,2,101.6
16792,5605,23,1,68.95
16793,5606,124,1,58.04
16794,5606,3,3,390.52
16795,5607,82,2,244.2
16796,5607,36,1,19.3
16797,5608,56,1,38.84
16798,5608,7,4,152.65
16799,5608,43,-1,330.6
16800,5609,44,1,106.04
16801,5609,41,2,191.67
16802,5609,116,3,359.58
16803,5609,132,3,82.53
16804,5609,110,4,193.85
16805,5610,4,2,546.12
16806,5610,9999,1,143.10
16807,5610,61,4,101.60
16808,5610,34,5,$220.10
16809,5611,102,4,169.19
16810,5611,24,2,360.88
16811,5611,101,2,95.6
16812,5612,36,0,19.3
16813,5613,17,2,185.99
16814,5613,114,2,403.81
16815,5613,60,1,16.37 JOD
16816,5613,89,2,403.36
16817,5613,73,1,331.02
16818,5614,119,1,528.68
16819,5614,125,3,552.19
16820,5614,130,2,59.94
16821,5614,49,2,206.38
16822,5615,67,3,291.96
16823,5615,80,1,144.45
16824,5615,89,2,403.36
16825,5615,131,2,396.05
16826,5616,64,2,265.5
16827,5616,113,0,191.78
16828,5616,84,1,455.31
16829,5616,50,2,397.99
16830,5617,83,3,
16831,5617,97,1,369.73
16832,5617,14,3,429.63
16833,5618,128,1,369.54
16834,5618,46,3,136.73 JOD
16835,5619,38,3,454.8
16836,5619,13,1,186.29
16837,5620,74,1,45.05
16838,5620,127,1,587.72
16839,5620,92,2,339.88
16840,5620,51,3,286.54
16841,5621,130,4,62.54
16842,5622,81,1,151.38
16843,5622,13,1,186.29
16844,5622,24,3,360.88
16845,5623,111,5,291.81
16846,5623,125,3,552.19
16847,5623,100,3,249.16
16848,5623,34,3,220.1
16849,5623,22,0,36.29
16850,5624,130,3,59.94
16851,5624,93,3,345.11
16852,5624,102,2,169.19
16853,5624,91,1,243.25
16854,5624,19,1,67.77
16855,5625,20,1,110.76
16856,5625,61,1,101.6
16857,5625,83,2,319.19
16858,5625,97,-1,$369.73
16859,5626,135,2,18.43
16860,5627,78,1,121.77
16861,5628,137,1,307.7
16862,5628,54,1,89.36
16863,5628,116,2,359.58
16864,5629,111,1,291.81
16865,5629,49,2,206.38
16866,5629,73,1,331.02
16867,5629,99,2,140.32
16868,5630,61,1,101.6
16869,5630,23,1,68.95
16870,5630,92,4,322.72
16871,5630,26,1,264.67
16872,5630,50,1,397.99
16873,5631,14,1,429.63
16874,5631,86,1,164.39
16875,5631,92,1,
16876,5631,59,3,169.88
16877,5632,46,5,136.73
16878,5632,29,2,181.96
16879,5632,37,2,241.65
16880,5633,8,2,307.7
16881,5633,1,2,585.67
16882,5633,55,2,216.25
16883,5634,24,5,360.88
16884,5634,69,1,175.49
16885,5635,112,4,183.26
16886,5635,56,3,31.92
16887,5635,30,3,43.65
16888,5635,62,1,205.4
16889,5635,86,1,90.62
16890,5636,89,1,403.36
16891,5636,128,4,369.54
16892,5636,26,-1,264.67
16893,5636,114,1,403.81
16894,5637,72,4,404.5
16895,5637,98,3,243.42
16896,5637,7,5,152.65
16897,5637,4,2,546.12
16898,5638,128,1,369.54
16899,5638,74,1,$34.31
16900,5639,44,3,106.04
16901,5639,127,2,587.72
16902,5639,31,1,92.34
16903,5640,20,1,110.76
16904,5640,127,1,587.72
16905,5640,67,3,291.96
16906,5640,56,1,31.92
16907,5641,6,2,46.39
16908,5641,93,1,345.11
16909,5641,125,1,552.19
16910,5641,8,3,307.7
16911,5641,57,-1,213.11
16912,5642,124,1,58.04
16913,5642,128,1,369.54
16914,5642,9999,1,$233.07
16915,5642,25,2,253.88
16916,5642,46,5,100.45
16917,5643,11,4,489.65
16918,5643,131,2,396.05
16919,5643,6,1,46.39
16920,5644,94,4,389.5
16921,5644,30,1,43.65
16922,5645,7,1,102.07
16923,5646,65,2,308.91
16924,5646,107,2,376.14
16925,5646,122,1,125.5
16926,5646,54,2,89.36
16927,5646,104,1,98.77
16928,5647,10,2,28.04
16929,5647,60,1,16.37
16930,5647,42,0,91.53
16931,5647,26,3,264.67
16932,5647,127,2,833.19
16933,5648,11,3,489.65
16934,5649,89,1,403.36
16935,5649,81,2,121.47
16936,5650,55,1,216.25
16937,5650,95,1,545.43
16938,5650,121,0,$317.45
16939,5651,3,1,390.52
16940,5651,51,1,286.54
16941,5651,129,2,479.7
16942,5652,39,1,253.25
16943,5652,70,4,379.91
16944,5652,134,4,$40.00
16945,5652,56,-1,31.92
16946,5652,100,3,249.16
16947,5653,81,2,121.47
16948,5653,94,2,389.5
16949,5654,77,4,101.15
16950,5655,116,3,187.38
16951,5655,10,1,28.04
16952,5655,47,2,627.32
16953,5656,128,1,369.54
16954,5656,94,1,389.50
16955,5656,38,0,
16956,5656,90,3,56.52
16957,5656,41,2,191.67
16958,5657,37,1,241.65
16959,5657,80,1,144.45
16960,5657,67,2,291.96
16961,5657,3,1,390.52
16962,5657,136,1,314.21
16963,5658,28,3,222.75
16964,5658,2,1,190.97
16965,5659,115,2,302.06
16966,5660,91,2,243.25
16967,5660,82,5,244.2
16968,5660,13,1,
16969,5661,110,4,193.85
16970,5662,42,0,91.53
16971,5662,36,2,19.3
16972,5662,11,3,489.65
16973,5663,41,3,191.67
16974,5664,28,4,222.75
16975,5664,88,3,238.01
16976,5665,134,2,40.0
16977,5666,25,2,253.88
16978,5666,99,2,140.32
16979,5667,88,1,238.01
16980,5667,21,1,14.38
16981,5668,66,1,131.72
16982,5668,47,3,627.32
16983,5668,92,3,339.88
16984,5669,63,1,575.86
16985,5669,101,1,95.6
16986,5669,80,0,144.45
16987,5670,8,2,307.7
16988,5670,93,4,345.11
16989,5670,98,1,243.42
16990,5670,103,1,281.94
16991,5671,83,4,319.19
16992,5671,12,1,214.91
16993,5671,18,1,160.86
16994,5672,77,4,101.15
16995,5672,86,0,164.39
16996,5673,118,1,306.5
16997,5673,63,2,575.86
16998,5674,110,2,193.85
16999,5675,122,3,125.50
17000,5675,89,4,403.36
17001,5676,68,1,232.2
17002,5677,6,3,46.39
17003,5677,43,2,330.6
17004,5678,23,2,68.95
17005,5678,87,1,262.59
17006,5678,15,1,81.29
17007,5678,9,1,178.19
17008,5679,130,2,59.94
17009,5679,74,3,34.31 JOD
17010,5680,133,1,97.51
17011,5681,3,4,390.52
17012,5681,1,1,585.67
17013,5681,48,4,23.1
17014,5682,7,1,152.65
17015,5682,53,1,37.16
17016,5682,36,3,19.3
17017,5682,82,1,244.2
17018,5682,38,1,255.79
17019,5683,78,3,121.77
17020,5683,68,4,304.43
17021,5683,69,3,175.49
17022,5683,16,1,148.16
17023,5683,109,1,$579.16
17024,5684,127,1,587.72 JOD
17025,5684,1,1,585.67
17026,5685,84,4,455.31
17027,5685,15,4,81.29
17028,5685,72,1,404.50
17029,5686,60,2,16.66
17030,5686,80,1,144.45
17031,5686,125,2,552.19
17032,5686,22,2,36.29
17033,5687,64,1,265.50
17034,5687,92,2,339.88
17035,5687,68,2,304.43
17036,5687,106,1,252.84
17037,5687,34,1,241.58
17038,5688,27,1,112.66 JOD
17039,5689,61,2,101.6
17040,5689,15,1,81.29
17041,5689,2,1,143.09
17042,5689,129,4,535.98
17043,5689,80,3,144.45
17044,5690,51,1,286.54
17045,5690,86,1,164.39
17046,5690,52,1,171.01
17047,5690,91,4,243.25
17048,5690,66,0,231.0
17049,5691,60,1,16.37
17050,5692,127,3,587.72
17051,5692,10,3,28.04
17052,5692,28,1,222.75
17053,5692,13,4,258.83
17054,5692,92,3,339.88
17055,5693,10,0,28.04
17056,5694,90,1,56.52
17057,5695,83,1,319.19
17058,5696,82,4,244.20
17059,5696,96,1,84.49
17060,5696,78,2,126.98
17061,5696,85,2,8.08
17062,5696,89,1,403.36
17063,5697,38,5,469.41
17064,5698,2,1,$190.97
17065,5698,40,1,199.53
17066,5698,84,-1,455.31
17067,5699,13,2,186.29
17068,5699,55,2,216.25
17069,5699,67,2,291.96
17070,5699,136,1,314.21
17071,5699,78,1,121.77
17072,5700,19,1,67.77
17073,5700,48,1,23.1
17074,5700,44,4,106.04
17075,5701,91,1,
17076,5701,58,1,109.02
17077,5701,28,1,222.75
17078,5702,74,2,34.31
17079,5702,75,5,347.56
17080,5703,13,3,186.29
17081,5703,79,2,210.8
17082,5703,11,1,489.65
17083,5704,1,1,585.67
17084,5705,118,4,306.50
17085,5705,103,2,183.0
17086,5706,135,3,18.43
17087,5706,54,3,89.36
17088,5706,37,1,241.65
17089,5706,99,2,140.32
17090,5707,87,2,262.59
17091,5707,71,1,374.89
17092,5707,94,4,389.5
17093,5708,124,1,58.04
17094,5708,56,1,31.92
17095,5708,22,1,36.29
17096,5708,30,3,43.65
17097,5708,90,1,56.52
17098,5709,56,1,31.92
17099,5709,102,4,169.19
17100,5710,118,-1,276.9
17101,5710,27,1,112.66
17102,5710,37,4,
17103,5710,31,4,66.98
17104,5711,78,4,121.77
17105,5711,49,1,183.81
17106,5712,48,2,23.1
17107,5712,55,1,216.25
17108,5712,65,2,308.91
17109,5712,63,3,575.86
17110,5713,90,1,56.52
17111,5714,133,1,97.51
17112,5714,30,1,43.65
17113,5715,100,5,249.16
17114,5716,11,4,489.65
17115,5716,76,2,383.30 JOD
17116,5716,95,2,
17117,5717,99,1,140.32
17118,5717,24,5,360.88
17119,5718,100,2,249.16
17120,5718,108,3,242.90
17121,5719,121,1,317.45
17122,5719,83,5,382.36
17123,5719,59,1,169.88
17124,5719,53,1,37.16 JOD
17125,5720,102,4,169.19
17126,5720,28,3,222.75
17127,5720,29,1,181.96
17128,5720,92,1,230.96
17129,5721,62,2,205.4
17130,5721,68,1,304.43
17131,5722,37,3,241.65
17132,5723,24,1,360.88
17133,5723,3,4,390.52
17134,5724,81,2,121.47
17135,5725,61,0,101.6
17136,5725,15,2,81.29
17137,5725,14,4,429.63
17138,5725,118,1,306.5
17139,5726,109,5,596.27
17140,5726,93,0,345.11
17141,5726,105,2,528.06
17142,5726,24,4,360.88
17143,5727,23,5,68.95
17144,5727,43,4,330.6
17145,5727,115,1,302.06
17146,5728,102,1,169.19
17147,5728,81,4,121.47
17148,5729,32,3,105.62
17149,5729,46,4,136.73
17150,5729,9999,1,241.28
17151,5729,31,0,71.76
17152,5729,71,3,282.45
17153,5730,109,1,579.16
17154,5730,66,2,231.0
17155,5730,82,1,244.2
17156,5730,107,4,376.14
17157,5730,73,-1,331.02
17158,5731,80,2,$144.45
17159,5731,59,1,
17160,5731,12,1,214.91 JOD
17161,5732,127,1,587.72
17162,5733,64,-1,265.50
17163,5733,57,2,213.11
17164,5734,20,3,110.76
17165,5735,60,2,16.37
17166,5735,43,5,330.6
17167,5735,15,2,81.29
17168,5735,44,3,106.04
17169,5735,70,2,379.91
17170,5736,71,1,374.89
17171,5736,50,4,397.99
17172,5737,35,-1,152.88 JOD
17173,5737,132,1,82.53
17174,5737,108,1,$242.90
17175,5737,126,3,200.63
17176,5738,83,1,319.19
17177,5738,1,5,585.67
17178,5738,58,1,109.02
17179,5738,73,-1,331.02
17180,5739,16,1,148.16
17181,5739,32,1,83.46
17182,5739,89,1,403.36
17183,5739,118,1,306.5
17184,5740,42,2,91.53
17185,5740,93,5,345.11
17186,5741,80,-1,144.45
17187,5742,27,1,112.66
17188,5742,31,3,71.76
17189,5742,9,1,178.19
17190,5742,113,3,191.78
17191,5742,97,1,369.73
17192,5743,44,1,106.04
17193,5743,54,2,89.36 JOD
17194,5744,70,5,379.91
17195,5744,30,2,43.65
17196,5745,2,-1,190.97
17197,5745,38,2,
17198,5745,4,2,546.12
17199,5745,104,1,98.77
17200,5745,21,1,14.38
17201,5746,37,2,241.65
17202,5746,104,3,98.77
17203,5746,9999,1,84.49
17204,5747,43,1,330.6
17205,5747,111,2,291.81
17206,5748,106,2,252.84
17207,5748,134,1,40.0
17208,5749,50,1,397.99
17209,5749,53,1,37.16
17210,5749,136,4,314.21
17211,5749,8,3,307.7
17212,5750,135,2,18.43
17213,5750,48,5,23.10
17214,5750,44,3,106.04
17215,5751,70,2,379.91
17216,5751,61,4,101.6
17217,5751,36,2,19.3
17218,5752,101,0,95.60
17219,5753,77,3,101.15
17220,5753,31,2,71.76
17221,5754,79,2,210.80
17222,5754,3,2,390.52
17223,5754,112,3,183.26
17224,5754,73,1,331.02
17225,5754,33,1,407.76
17226,5755,126,3,200.63
17227,5756,130,1,59.94
17228,5756,3,1,390.52
17229,5756,118,0,306.5
17230,5756,26,0,384.86
17231,5756,20,5,110.76
17232,5757,82,3,244.20
17233,5757,130,-1,59.94
17234,5757,16,2,148.16
17235,5758,5,2,583.0
17236,5758,32,2,105.62
17237,5759,18,1,128.87
17238,5760,134,-1,40.0
17239,5760,61,1,118.93
17240,5761,67,1,291.96
17241,5761,86,1,164.39
17242,5762,5,1,240.37
17243,5762,49,2,206.38
17244,5762,97,1,369.73
17245,5763,103,2,223.58
17246,5763,114,4,403.81
17247,5763,121,1,411.0
17248,5763,5,0,407.25
17249,5763,63,2,573.62
17250,5764,132,0,82.53
17251,5764,88,4,238.01
17252,5764,105,-1,528.06
17253,5764,31,2,71.76
17254,5764,97,1,369.73
17255,5765,19,4,67.77
17256,5765,17,4,185.99
17257,5765,137,1,307.7
17258,5765,18,4,128.87
17259,5766,2,-1,190.97
17260,5766,11,-1,489.65
17261,5766,74,3,34.31
17262,5766,128,2,369.54
17263,5767,84,3,455.31
17264,5768,17,3,185.99
17265,5768,90,3,56.52
17266,5768,100,4,249.16
17267,5768,39,5,$253.25
17268,5768,56,2,31.92
17269,5769,25,1,253.88
17270,5769,37,0,241.65
17271,5769,52,1,171.01
17272,5769,128,2,369.54
17273,5769,81,2,121.47
17274,5770,70,4,379.91 JOD
17275,5771,25,2,253.88
17276,5771,66,1,271.65
17277,5771,72,2,404.50
17278,5771,68,2,304.43
17279,5772,17,3,185.99
17280,5772,51,1,286.54
17281,5772,46,2,136.73
17282,5772,38,5,454.8
17283,5773,66,2,231.0
17284,5773,97,5,369.73
17285,5773,98,4,243.42
17286,5774,11,1,489.65
17287,5775,121,5,317.45
17288,5775,124,1,58.04
17289,5776,27,1,112.66
17290,5776,49,3,206.38
17291,5776,34,1,220.10
17292,5776,117,0,143.1
17293,5776,31,1,71.76
17294,5777,80,1,144.45
17295,5777,70,2,379.91
17296,5777,43,1,330.60
17297,5777,21,1,14.38
17298,5777,39,3,253.25
17299,5778,92,2,339.88
17300,5778,48,2,23.1
17301,5779,74,0,34.31
17302,5779,57,1,189.21
17303,5779,136,1,314.21
17304,5779,63,3,575.86
17305,5779,68,3,304.43
17306,5780,112,1,183.26
17307,5781,20,2,110.76
17308,5781,45,4,415.91
17309,5781,64,1,265.50 JOD
17310,5781,112,4,225.89
17311,5782,38,2,454.8
17312,5782,125,4,552.19
17313,5782,98,1,243.42
17314,5782,81,2,121.47
17315,5782,70,1,379.91
17316,5783,3,3,390.52
17317,5783,115,0,302.06
17318,5783,55,0,216.25
17319,5783,9999,3,374.89 JOD
17320,5784,136,1,314.21
17321,5784,16,4,148.16
17322,5784,48,1,23.1
17323,5784,13,3,186.29
17324,5785,66,2,231.0
17325,5785,34,3,220.10 JOD
17326,5786,113,4,191.78
17327,5786,75,1,$347.56
17328,5786,111,3,291.81
17329,5787,113,2,191.78
17330,5788,27,1,112.66
17331,5788,65,4,308.91
17332,5788,67,3,$291.96
17333,5788,64,1,265.5
17334,5788,121,3,317.45
17335,5789,132,3,82.53
17336,5790,65,2,308.91
17337,5790,72,2,404.5
17338,5790,69,4,105.6
17339,5790,61,1,101.6
17340,5791,59,3,140.88
17341,5792,77,1,101.15
17342,5792,102,1,169.19
17343,5792,11,3,489.65
17344,5792,129,1,535.98
17345,5793,78,3,121.77
17346,5793,107,2,376.14
17347,5793,83,1,319.19
17348,5793,81,4,121.47
17349,5794,19,1,81.46
17350,5794,135,1,18.43
17351,5794,66,2,231.0
17352,5794,124,5,58.04
17353,5794,120,1,201.77
17354,5795,130,1,59.94
17355,5796,60,3,16.37
17356,5796,117,1,143.1
17357,5796,76,1,383.3
17358,5796,47,2,627.32
17359,5797,84,3,455.31
17360,5797,36,2,19.3
17361,5797,18,1,128.87
17362,5797,124,3,58.04
17363,5798,2,5,190.97
17364,5798,9,1,178.19
17365,5798,75,1,347.56
17366,5799,17,1,185.99
17367,5799,6,5,46.39
17368,5799,58,3,109.02
17369,5800,111,0,291.81
17370,5800,97,4,369.73
17371,5800,86,1,164.39
17372,5801,135,2,18.43
17373,5801,2,1,200.59
17374,5802,27,2,112.66
17375,5802,106,2,348.66
17376,5802,79,1,210.8
17377,5802,78,1,121.77
17378,5802,9999,1,222.75
17379,5803,15,3,94.55
17380,5803,3,1,390.52
17381,5803,126,2,200.63
17382,5803,78,2,121.77
17383,5804,121,3,317.45
17384,5804,50,5,397.99
17385,5805,5,5,407.25
17386,5805,2,1,190.97
17387,5805,89,1,403.36
17388,5806,72,3,404.5
17389,5806,49,1,206.38
17390,5806,60,1,16.37
17391,5806,115,2,302.06
17392,5807,131,1,396.05
17393,5807,47,2,627.32
17394,5807,10,4,28.04
17395,5808,24,2,360.88
17396,5808,128,1,369.54
17397,5808,31,2,71.76
17398,5808,119,1,528.68
17399,5808,7,3,152.65
17400,5809,119,3,528.68
17401,5809,135,2,$18.43
17402,5809,131,1,396.05
17403,5809,9999,1,28.04
17404,5809,82,2,244.20
17405,5810,109,3,579.16
17406,5810,21,3,14.38
17407,5810,29,1,178.34
17408,5810,101,2,95.60
17409,5811,108,3,242.9
17410,5811,72,4,404.5
17411,5812,96,1,84.49
17412,5812,102,2,169.19
17413,5812,98,2,243.42
17414,5812,131,0,396.05
17415,5813,131,2,396.05
17416,5813,133,1,97.51
17417,5813,37,0,241.65
17418,5813,74,2,$34.31
17419,5813,60,2,16.37
17420,5814,9,4,178.19
17421,5815,101,1,95.6
17422,5815,108,2,242.9
17423,5815,54,5,89.36
17424,5816,114,3,241.88
17425,5816,66,3,231.0
17426,5817,76,1,383.3
17427,5817,14,1,429.63
17428,5818,86,3,164.39
17429,5818,57,4,213.11
17430,5818,73,3,331.02
17431,5819,16,3,148.16
17432,5819,51,3,286.54
17433,5819,77,1,101.15
17434,5819,106,1,252.84
17435,5819,79,3,210.80
17436,5820,77,1,101.15
17437,5820,88,1,238.01
17438,5820,40,1,199.53
17439,5820,110,1,193.85
17440,5821,46,4,136.73
17441,5821,64,3,265.5
17442,5821,105,2,528.06
17443,5821,133,2,97.51
17444,5821,67,1,291.96
17445,5822,110,1,165.14
17446,5823,58,1,109.02
17447,5823,64,1,265.5
17448,5823,9999,1,497.17
17449,5824,110,1,193.85
17450,5825,57,0,284.27
17451,5825,3,1,390.52
17452,5825,102,1,169.19
17453,5825,92,2,339.88
17454,5826,135,1,18.43
17455,5826,120,3,201.77
17456,5827,4,1,546.12
17457,5827,42,1,70.20
17458,5828,66,2,231.0
17459,5828,2,1,207.67
17460,5828,73,1,331.02
17461,5829,91,-1,243.25
17462,5829,75,1,347.56
17463,5830,135,4,18.43
17464,5830,54,1,89.36 JOD
17465,5830,93,2,348.54
17466,5831,69,5,175.49
17467,5831,74,2,34.31
17468,5832,79,3,182.5
17469,5832,25,1,253.88
17470,5832,16,2,148.16
17471,5833,37,2,241.65
17472,5833,100,2,249.16
17473,5833,110,5,117.24
17474,5833,119,3,528.68
17475,5834,82,1,244.20
17476,5835,72,4,404.5
17477,5835,86,2,164.39
17478,5835,65,1,308.91
17479,5835,70,1,379.91
17480,5835,80,2,144.45
17481,5836,30,2,43.65
17482,5836,109,1,579.16
17483,5836,123,1,151.87
17484,5836,90,3,56.52
17485,5836,103,1,244.5
17486,5837,67,2,291.96
17487,5837,8,1,307.7
17488,5837,111,2,291.81
17489,5837,74,1,34.31
17490,5838,79,2,210.8
17491,5838,31,0,71.76
17492,5838,129,1,690.95
17493,5838,132,1,82.53
17494,5839,28,1,222.75
17495,5839,30,2,43.65
17496,5839,12,3,214.91
17497,5839,121,1,317.45
17498,5840,107,0,376.14
17499,5841,35,1,152.88
17500,5841,74,2,34.31
17501,5842,69,4,$175.49
17502,5842,35,-1,152.88
17503,5842,29,1,181.96
17504,5843,44,1,141.28
17505,5843,74,2,34.31
17506,5844,109,1,579.16
17507,5844,65,3,308.91
17508,5844,9999,3,95.6
17509,5845,106,5,252.84
17510,5845,112,1,183.26
17511,5845,128,1,369.54
17512,5845,135,3,18.43
17513,5845,31,2,71.76
17514,5846,22,2,34.40
17515,5846,54,4,89.36
17516,5846,98,1,243.42
17517,5846,26,0,264.67 JOD
17518,5847,11,1,489.65
17519,5847,107,1,376.14
17520,5847,106,-1,252.84
17521,5847,24,4,360.88
17522,5847,21,1,14.38
17523,5848,44,1,74.5
17524,5848,84,2,440.35
17525,5848,95,2,545.43
17526,5849,103,3,244.5
17527,5849,108,2,344.06
17528,5850,30,2,43.65
17529,5850,71,1,374.89
17530,5850,128,1,
17531,5850,114,1,403.81
17532,5850,81,1,121.47
17533,5851,37,3,316.95
17534,5851,87,1,262.59
17535,5851,84,5,455.31
17536,5851,137,2,307.7
17537,5851,34,2,220.1
17538,5852,20,1,110.76
17539,5852,123,1,151.87
17540,5852,9999,2,213.11
17541,5853,122,2,125.50
17542,5853,36,1,19.3
17543,5853,20,2,110.76
17544,5853,86,1,164.39
17545,5853,2,1,190.97
17546,5854,81,1,121.47
17547,5854,23,1,68.95
17548,5854,136,1,$314.21
17549,5855,21,3,14.38
17550,5856,11,0,489.65
17551,5856,53,4,37.16
17552,5856,20,5,110.76
17553,5856,46,2,136.73
17554,5857,99,1,140.32
17555,5857,128,4,369.54
17556,5857,120,3,201.77
17557,5858,3,0,390.52
17558,5858,32,2,105.62
17559,5858,128,4,369.54
17560,5858,119,-1,528.68
17561,5858,17,1,185.99
17562,5859,33,4,210.4
17563,5859,49,4,206.38
17564,5859,37,1,
17565,5859,47,1,627.32
17566,5860,135,4,18.43 JOD
17567,5860,108,2,242.90
17568,5860,26,2,264.67
17569,5860,97,1,369.73
17570,5861,26,0,264.67
17571,5861,88,1,238.01
17572,5862,71,0,374.89
17573,5862,94,0,389.50
17574,5862,17,1,185.99 JOD
17575,5862,29,2,181.96
17576,5862,81,1,121.47
17577,5863,133,3,134.30
17578,5863,5,1,407.25
17579,5863,76,4,383.3
17580,5863,33,5,407.76
17581,5864,64,0,265.50 JOD
17582,5864,78,3,121.77
17583,5864,127,3,587.72
17584,5864,109,1,579.16
17585,5865,133,1,97.51
17586,5865,89,2,403.36
17587,5865,69,1,175.49
17588,5865,120,1,201.77
17589,5865,45,1,415.91
17590,5866,1,3,585.67
17591,5866,4,2,546.12
17592,5867,39,3,253.25
17593,5867,14,3,429.63
17594,5867,120,1,201.77
17595,5867,127,2,587.72
17596,5867,64,1,206.47
17597,5868,66,1,123.84
17598,5869,48,3,23.10
17599,5869,5,1,407.25
17600,5870,29,1,181.96
17601,5870,45,1,415.91
17602,5870,39,3,253.25
17603,5870,126,2,200.63
17604,5871,84,4,455.31
17605,5872,94,2,389.5
17606,5872,69,1,175.49
17607,5872,27,1,112.66
17608,5872,56,0,31.92
17609,5873,6,4,46.39
17610,5873,118,3,306.5
17611,5873,7,5,152.65
17612,5873,27,1,112.66
17613,5874,132,2,82.53
17614,5874,32,1,105.62
17615,5875,63,4,575.86
17616,5875,124,1,58.04
17617,5876,2,3,190.97
17618,5876,55,2,216.25
17619,5876,75,1,502.97
17620,5876,21,2,14.38
17621,5876,100,1,249.16
17622,5877,106,-1,252.84
17623,5877,110,5,193.85
17624,5877,59,1,169.88
17625,5878,55,1,216.25
17626,5879,44,1,106.04
17627,5880,29,2,181.96
17628,5881,38,2,454.8
17629,5882,109,1,579.16
17630,5882,55,1,216.25
17631,5882,103,2,244.50
17632,5882,46,3,136.73
17633,5883,51,1,286.54
17634,5883,82,1,137.03
17635,5883,77,5,101.15
17636,5884,86,2,164.39
17637,5884,119,3,528.68
17638,5884,80,4,144.45
17639,5884,24,5,360.88
17640,5885,16,3,148.16
17641,5886,103,1,244.5
17642,5887,19,1,67.77
17643,5887,26,2,264.67
17644,5887,56,2,31.92
17645,5887,110,2,193.85
17646,5888,93,1,$345.11
17647,5888,15,1,81.29
17648,5889,75,3,347.56 JOD
17649,5889,42,5,91.53
17650,5889,96,1,84.49
17651,5889,53,3,37.16
17652,5889,78,5,121.77
17653,5890,64,2,265.5
17654,5890,97,1,369.73
17655,5890,91,-1,243.25
17656,5891,12,5,214.91
17657,5891,43,4,330.6
17658,5891,68,1,304.43
17659,5891,21,1,14.38
17660,5892,50,5,397.99
17661,5892,86,1,164.39
17662,5893,72,2,404.5
17663,5893,75,1,347.56
17664,5893,109,2,579.16
17665,5894,66,4,231.0
17666,5894,103,1,244.5
17667,5894,29,2,138.83
17668,5894,33,3,407.76
17669,5894,81,2,121.47
17670,5895,81,1,121.47
17671,5895,79,1,210.8
17672,5895,3,5,390.52
17673,5895,72,2,404.5
17674,5895,49,3,206.38
17675,5896,120,4,112.36
17676,5896,28,1,222.75
17677,5896,88,2,335.77
17678,5896,91,5,179.47
17679,5896,56,4,31.92
17680,5897,14,1,429.63
17681,5897,135,2,18.43
17682,5897,4,2,546.12
17683,5897,110,3,193.85
17684,5898,130,2,59.94
17685,5898,19,1,67.77
17686,5898,35,0,152.88
17687,5898,76,1,383.30
17688,5899,112,0,183.26
17689,5899,38,2,454.8
17690,5900,75,1,347.56
17691,5900,124,3,$58.04
17692,5901,67,1,291.96
17693,5901,82,3,244.20
17694,5901,130,2,59.94
17695,5901,16,3,148.16
17696,5902,90,3,59.9
17697,5902,59,4,169.88
17698,5902,118,3,
17699,5902,51,2,286.54
17700,5902,68,2,304.43
17701,5903,109,3,579.16
17702,5903,11,5,343.57
17703,5903,49,4,206.38
17704,5903,113,1,191.78
17705,5903,121,5,317.45
17706,5904,133,1,97.51
17707,5904,66,1,231.0
17708,5905,108,1,242.9
17709,5906,96,2,84.49
17710,5906,68,1,304.43
17711,5906,21,1,14.38
17712,5906,35,0,152.88 JOD
17713,5907,29,2,211.13
17714,5907,92,2,339.88
17715,5907,63,1,575.86
17716,5908,81,1,121.47
17717,5908,70,2,379.91
17718,5908,9999,3,535.98
17719,5909,120,0,$201.77
17720,5909,11,1,489.65
17721,5909,117,1,143.1
17722,5909,42,1,91.53
17723,5910,134,1,40.00
17724,5910,59,4,169.88
17725,5911,59,1,169.88
17726,5911,28,3,222.75
17727,5911,54,1,89.36
17728,5912,10,1,28.04
17729,5912,127,1,587.72
17730,5913,6,1,46.39
17731,5913,33,2,407.76
17732,5913,65,1,308.91
17733,5913,18,3,128.87
17734,5914,52,1,171.01
17735,5914,29,1,252.68
17736,5915,93,2,
17737,5915,103,4,244.5
17738,5916,86,1,$164.39
17739,5917,104,4,98.77
17740,5917,121,2,317.45
17741,5917,11,1,489.65
17742,5917,24,1,360.88
17743,5918,59,2,169.88
17744,5918,103,2,244.5
17745,5919,28,1,187.62
17746,5919,105,1,528.06
17747,5919,122,1,68.75
17748,5919,131,2,396.05
17749,5919,121,4,317.45
17750,5920,9,1,98.28
17751,5920,66,1,231.0
17752,5920,68,3,304.43
17753,5920,38,1,454.8
17754,5921,97,1,369.73
17755,5921,57,1,213.11
17756,5921,136,2,314.21
17757,5921,55,2,216.25
17758,5922,130,1,$64.46
17759,5923,134,1,40.0
17760,5923,33,1,407.76
17761,5923,48,-1,23.10
17762,5923,64,1,265.5
17763,5923,115,0,302.06
17764,5924,92,1,339.88 JOD
17765,5924,107,3,356.96
17766,5924,83,1,319.19
17767,5924,111,2,$291.81
17768,5924,101,1,95.60
17769,5925,34,1,220.1
17770,5925,25,2,253.88
17771,5925,56,1,21.19
17772,5926,105,1,528.06 JOD
17773,5926,11,-1,489.65
17774,5926,73,1,$331.02
17775,5926,54,1,89.36
17776,5927,92,5,339.88
17777,5927,39,2,253.25
17778,5928,112,2,195.84
17779,5928,73,5,331.02
17780,5929,63,3,755.13
17781,5930,18,5,128.87
17782,5931,27,1,112.66
17783,5931,38,3,397.47
17784,5931,74,3,34.31
17785,5932,12,2,214.91
17786,5932,31,3,71.76
17787,5932,27,1,112.66
17788,5933,123,1,151.87
17789,5933,131,3,396.05
17790,5933,39,3,253.25
17791,5933,13,5,$238.81
17792,5934,15,3,81.29
17793,5934,89,3,403.36
17794,5934,4,2,685.88
17795,5934,58,1,109.02
17796,5935,12,2,214.91
17797,5935,67,2,259.28
17798,5935,27,1,112.66
17799,5936,132,3,112.97
17800,5936,9999,2,298.18
17801,5936,26,2,264.67
17802,5937,12,2,214.91
17803,5937,80,1,144.45
17804,5937,44,1,106.04
17805,5938,130,-1,59.94
17806,5938,34,0,220.10
17807,5939,55,1,216.25
17808,5939,24,5,360.88
17809,5939,47,2,627.32
17810,5939,36,1,19.30
17811,5939,74,1,34.31
17812,5940,89,1,403.36
17813,5940,120,2,201.77
17814,5940,81,2,121.47
17815,5940,43,1,330.60
17816,5941,9999,2,43.65
17817,5941,128,5,369.54
17818,5941,9,1,178.19
17819,5941,5,2,407.25
17820,5941,31,1,71.76
17821,5942,99,1,140.32
17822,5942,25,3,280.63
17823,5942,26,4,264.67 JOD
17824,5943,38,1,454.8
17825,5943,89,2,403.36
17826,5943,7,-1,152.65
17827,5944,27,3,112.66
17828,5944,120,1,201.77
17829,5944,112,1,183.26
17830,5945,73,1,331.02
17831,5945,76,1,383.3
17832,5945,98,5,243.42
17833,5945,14,2,429.63
17834,5945,30,2,
17835,5946,30,1,43.65
17836,5946,56,2,23.03
17837,5946,126,1,200.63
17838,5946,62,0,205.40
17839,5946,20,2,161.94
17840,5947,72,1,401.69
17841,5948,39,1,253.25
17842,5949,104,4,98.77
17843,5949,53,0,37.16
17844,5950,13,2,186.29
17845,5950,34,3,220.1
17846,5950,86,4,164.39
17847,5951,55,1,297.57
17848,5951,45,5,415.91
17849,5951,48,2,23.1
17850,5951,128,1,369.54
17851,5951,83,-1,319.19
17852,5952,75,4,347.56
17853,5952,77,2,101.15
17854,5952,31,1,71.76
17855,5952,83,2,381.38
17856,5952,80,2,144.45
17857,5953,26,2,264.67
17858,5953,88,1,238.01
17859,5954,19,1,67.77
17860,5954,123,4,151.87
17861,5954,84,1,550.26
17862,5955,9,-1,96.86
17863,5955,84,2,658.63
17864,5955,25,2,253.88
17865,5956,29,1,181.96
17866,5956,61,5,101.6
17867,5957,97,1,369.73
17868,5957,122,1,$125.50
17869,5957,85,1,8.08
17870,5958,24,4,360.88
17871,5958,103,3,244.50
17872,5958,11,0,489.65
17873,5958,87,3,203.36
17874,5958,49,1,206.38
17875,5959,2,4,190.97
17876,5959,74,2,34.31
17877,5959,23,1,68.95
17878,5959,94,1,$389.50
17879,5960,8,3,307.7
17880,5960,53,1,33.36
17881,5960,21,1,14.38
17882,5960,97,1,$522.31
17883,5961,32,1,105.62
17884,5961,29,3,181.96
17885,5961,47,1,627.32
17886,5961,61,3,101.60
17887,5961,63,1,575.86
17888,5962,57,1,213.11
17889,5962,103,5,$244.50
17890,5962,54,1,89.36
17891,5962,51,1,286.54
17892,5963,136,1,314.21
17893,5963,71,2,255.55 JOD
17894,5964,71,2,374.89
17895,5964,67,1,291.96
17896,5964,122,1,125.5
17897,5964,45,2,562.29
17898,5964,65,0,308.91
17899,5965,19,2,67.77
17900,5965,45,1,415.91
17901,5966,43,1,330.6
17902,5966,4,2,546.12
17903,5966,60,2,16.37
17904,5966,34,1,220.1
17905,5967,42,2,91.53
17906,5967,20,2,110.76
17907,5967,41,2,191.67
17908,5967,112,4,183.26
17909,5967,58,1,114.01
17910,5968,43,1,330.6
17911,5968,28,1,208.85
17912,5969,3,1,390.52
17913,5969,136,3,314.21
17914,5969,28,1,222.75
17915,5969,16,0,148.16
17916,5970,95,3,545.43
17917,5971,91,2,243.25
17918,5971,33,2,407.76 JOD
17919,5971,133,1,97.51
17920,5971,35,3,152.88
17921,5972,135,3,18.43
17922,5972,131,1,396.05
17923,5973,89,-1,403.36
17924,5973,107,3,376.14
17925,5973,57,1,213.11
17926,5973,3,1,390.52
17927,5973,41,1,191.67
17928,5974,5,2,407.25
17929,5974,54,1,89.36
17930,5974,47,3,627.32
17931,5975,137,2,307.7
17932,5975,16,3,106.96
17933,5975,3,1,390.52
17934,5975,33,1,407.76
17935,5976,15,2,81.29
17936,5976,100,1,249.16
17937,5976,52,-1,171.01
17938,5976,26,3,264.67
17939,5977,2,4,190.97 JOD
17940,5977,62,1,205.4
17941,5977,34,1,220.10
17942,5977,14,1,429.63
17943,5978,123,0,151.87
17944,5978,15,2,81.29
17945,5979,99,1,154.39
17946,5979,62,2,205.4
17947,5979,74,5,34.31
17948,5979,65,4,308.91
17949,5980,95,3,545.43
17950,5980,11,0,489.65
17951,5980,68,2,304.43
17952,5980,86,1,164.39
17953,5980,113,1,191.78
17954,5981,129,5,535.98
17955,5981,17,1,185.99
17956,5982,48,1,30.36
17957,5982,10,1,28.04
17958,5982,18,1,128.87
17959,5983,54,1,89.36
17960,5984,99,1,75.28
17961,5984,49,1,206.38
17962,5984,84,2,455.31
17963,5985,21,2,14.38
17964,5985,86,1,164.39
17965,5985,37,1,241.65
17966,5985,50,1,397.99
17967,5986,133,1,97.51
17968,5986,73,2,331.02
17969,5986,22,4,36.29
17970,5986,2,1,263.88
17971,5987,74,4,34.31
17972,5987,106,2,252.84
17973,5988,105,0,528.06
17974,5989,71,1,374.89
17975,5989,114,1,403.81
17976,5989,101,1,84.32
17977,5990,124,2,58.04
17978,5990,106,2,252.84
17979,5990,8,2,307.70
17980,5990,75,1,347.56
17981,5990,67,1,291.96
17982,5991,92,2,339.88
17983,5992,88,1,238.01
17984,5992,32,3,88.36
17985,5992,1,1,585.67
17986,5993,6,1,46.39
17987,5993,45,3,415.91
17988,5994,129,1,535.98
17989,5995,122,1,125.50 JOD
17990,5995,101,4,95.6
17991,5996,88,2,238.01
17992,5996,87,1,262.59
17993,5996,46,1,136.73
17994,5996,89,3,403.36
17995,5996,44,3,106.04
17996,5997,51,2,351.19
17997,5997,76,1,383.30
17998,5998,99,1,140.32
17999,5999,28,1,222.75
18000,5999,129,2,535.98
18001,5999,10,3,28.04
18002,6000,60,2,16.37
18003,6001,121,-1,317.45
18004,6001,56,1,
18005,6002,44,-1,153.33
18006,6002,6,5,46.39
18007,6002,80,1,144.45
18008,6002,132,1,82.53
18009,6003,96,0,84.49
18010,6003,49,1,281.48
18011,6004,63,3,575.86
18012,6004,127,-1,587.72
18013,6004,32,5,105.62
18014,6004,29,3,181.96
18015,6004,108,4,242.9
18016,6005,112,1,218.79
18017,6005,108,1,
18018,6005,68,3,304.43
18019,6005,3,1,390.52
18020,6005,8,1,307.7
18021,6006,48,4,23.10
18022,6006,132,4,82.53
18023,6006,72,1,404.50
18024,6007,15,2,42.33
18025,6007,102,-1,253.18
18026,6008,102,1,248.62
18027,6008,133,4,97.51
18028,6009,108,5,242.9
18029,6010,38,0,320.86
18030,6011,100,1,249.16
18031,6011,57,1,213.11
18032,6011,11,4,489.65
18033,6011,49,1,206.38
18034,6011,16,3,148.16
18035,6012,90,1,56.52
18036,6012,50,1,397.99
18037,6013,60,1,16.37
18038,6013,58,1,109.02
18039,6013,46,2,136.73
18040,6013,27,5,112.66
18041,6013,86,2,164.39
18042,6014,29,2,$181.96
18043,6014,109,1,579.16
18044,6014,28,1,222.75
18045,6015,49,2,206.38
18046,6015,121,1,317.45
18047,6015,133,2,97.51
18048,6015,89,2,403.36
18049,6015,42,1,64.60
18050,6016,122,1,125.50
18051,6016,118,3,306.5
18052,6017,105,1,528.06
18053,6017,38,3,454.8
18054,6017,51,3,286.54
18055,6018,118,2,306.5
18056,6019,59,1,169.88
18057,6019,114,3,403.81
18058,6019,120,2,201.77
18059,6020,44,1,106.04
18060,6021,105,1,$528.06
18061,6021,129,3,651.19
18062,6022,74,2,18.41
18063,6022,128,4,382.79
18064,6022,26,1,264.67
18065,6022,19,2,67.77
18066,6023,86,1,164.39
18067,6023,52,5,171.01
18068,6023,107,1,376.14
18069,6023,129,0,535.98
18070,6024,103,2,244.50
18071,6024,127,3,587.72
18072,6024,17,1,185.99
18073,6024,41,1,191.67
18074,6025,40,-1,246.35 JOD
18075,6025,74,3,34.31
18076,6026,42,1,91.53
18077,6026,96,5,84.49
18078,6027,74,1,34.31
18079,6027,67,2,291.96
18080,6027,49,3,206.38
18081,6028,129,1,535.98 JOD
18082,6028,76,0,553.32
18083,6029,94,3,389.5
18084,6029,122,2,66.65
18085,6030,127,1,587.72
18086,6030,68,1,304.43
18087,6031,108,2,267.63
18088,6031,30,2,43.65
18089,6031,132,3,82.53
18090,6031,93,4,345.11
18091,6032,27,1,112.66
18092,6033,91,3,243.25
18093,6033,11,2,489.65
18094,6033,72,2,404.50
18095,6034,62,2,205.4
18096,6034,111,2,291.81
18097,6034,74,1,34.31
18098,6034,40,1,199.53
18099,6035,77,2,101.15
18100,6035,4,2,546.12
18101,6035,42,1,91.53
18102,6036,121,2,170.24
18103,6036,16,3,148.16
18104,6036,36,1,19.3
18105,6036,34,5,220.1
18106,6037,35,1,152.88
18107,6037,126,2,200.63
18108,6038,3,1,390.52
18109,6038,36,4,19.30
18110,6038,80,1,83.29
18111,6039,87,5,262.59
18112,6040,61,3,129.56
18113,6040,98,5,243.42
18114,6040,114,2,423.74
18115,6040,33,2,210.45
18116,6040,69,2,157.47
18117,6041,86,1,164.39 JOD
18118,6041,109,1,579.16
18119,6042,110,1,193.85
18120,6042,109,4,579.16
18121,6043,34,1,220.1
18122,6044,130,1,59.94
18123,6045,111,4,291.81
18124,6045,60,2,16.37
18125,6045,57,1,213.11
18126,6045,72,1,404.5
18127,6045,82,4,244.2
18128,6046,112,1,183.26
18129,6046,126,1,200.63
18130,6046,131,1,396.05
18131,6046,130,1,59.94
18132,6046,120,2,201.77
18133,6047,40,1,199.53
18134,6047,110,1,193.85
18135,6047,24,3,360.88
18136,6047,34,1,220.1
18137,6048,67,2,291.96
18138,6048,49,2,206.38
18139,6048,117,-1,143.10
18140,6048,64,1,265.5
18141,6049,112,4,183.26
18142,6049,50,1,264.1
18143,6049,33,1,407.76
18144,6049,25,2,253.88
18145,6050,126,2,200.63
18146,6050,31,4,71.76
18147,6050,36,0,19.3
18148,6051,37,3,241.65
18149,6051,26,1,264.67
18150,6051,83,1,
18151,6052,12,2,214.91
18152,6052,10,4,28.04
18153,6052,21,5,14.38
18154,6052,103,1,244.5
18155,6053,49,1,271.34
18156,6053,102,2,169.19
18157,6053,14,1,429.63
18158,6054,87,5,262.59
18159,6055,66,5,231.0
18160,6055,90,-1,56.52
18161,6055,94,2,389.5
18162,6055,30,1,43.65
18163,6056,22,2,36.29
18164,6056,129,1,340.98
18165,6057,87,4,248.59
18166,6058,43,1,330.60
18167,6058,63,1,575.86
18168,6058,10,2,28.04
18169,6058,120,2,201.77
18170,6059,50,3,397.99
18171,6059,135,1,18.43
18172,6059,53,4,37.16
18173,6059,108,2,243.32
18174,6060,65,2,308.91
18175,6060,54,2,89.36
18176,6060,133,1,97.51
18177,6061,7,2,117.88
18178,6061,35,1,152.88
18179,6061,126,1,200.63
18180,6061,95,3,545.43
18181,6061,67,2,327.0
18182,6062,82,5,244.2
18183,6063,39,1,253.25
18184,6063,111,3,291.81
18185,6064,122,1,125.5
18186,6065,34,2,220.1
18187,6065,78,1,164.0
18188,6066,132,2,73.38
18189,6066,5,1,407.25
18190,6066,82,1,244.20 JOD
18191,6066,23,1,68.95
18192,6066,49,1,206.38
18193,6067,18,2,128.87
18194,6068,29,1,181.96
18195,6068,120,1,201.77
18196,6068,17,3,185.99
18197,6068,117,1,143.10
18198,6068,76,1,383.3
18199,6069,101,1,100.54
18200,6069,81,2,121.47
18201,6069,18,1,$128.87
18202,6070,51,1,286.54
18203,6070,33,1,407.76
18204,6070,99,1,118.70 JOD
18205,6070,117,1,143.1
18206,6070,21,2,$14.38
18207,6071,39,2,253.25
18208,6071,37,3,241.65
18209,6072,133,3,97.51
18210,6072,70,1,379.91
18211,6073,10,2,28.04
18212,6073,18,2,128.87
18213,6074,125,2,552.19
18214,6074,115,2,$250.14
18215,6075,107,3,376.14
18216,6075,3,1,390.52
18217,6075,33,5,407.76
18218,6075,1,3,585.67
18219,6076,114,1,403.81
18220,6076,120,1,201.77
18221,6076,22,1,36.29
18222,6077,79,1,210.80
18223,6077,9,5,178.19
18224,6077,82,1,244.20 JOD
18225,6078,61,4,101.6
18226,6078,43,2,330.6
18227,6078,108,4,242.90
18228,6079,48,1,23.1
18229,6079,36,5,19.30
18230,6080,66,1,231.00
18231,6080,63,2,575.86
18232,6080,104,3,98.77
18233,6080,25,-1,253.88
18234,6080,46,2,136.73
18235,6081,131,2,396.05
18236,6081,105,1,528.06
18237,6082,87,3,$262.59
18238,6082,13,5,186.29
18239,6082,114,1,403.81
18240,6082,1,0,585.67
18241,6083,135,1,18.43
18242,6084,96,3,84.49
18243,6084,10,1,28.04
18244,6085,124,1,58.04
18245,6086,131,4,396.05
18246,6086,109,5,579.16
18247,6087,12,2,214.91
18248,6087,9999,-1,206.38
18249,6088,104,1,124.26
18250,6088,125,1,552.19
18251,6088,116,1,359.58
18252,6089,5,2,407.25
18253,6089,130,0,59.94
18254,6089,120,1,201.77
18255,6089,104,2,98.77
18256,6090,29,-1,181.96
18257,6090,47,2,455.79
18258,6090,45,1,415.91
18259,6090,18,0,128.87
18260,6091,16,4,148.16
18261,6092,49,2,206.38
18262,6093,116,1,359.58
18263,6093,67,1,291.96
18264,6093,49,1,206.38
18265,6094,110,3,193.85
18266,6094,134,2,40.0
18267,6094,11,1,489.65
18268,6094,48,3,23.10
18269,6095,32,1,105.62
18270,6095,14,4,429.63 JOD
18271,6095,125,4,552.19
18272,6095,61,1,91.68
18273,6095,24,1,360.88
18274,6096,82,1,204.64
18275,6096,36,3,23.71
18276,6096,134,3,40.0
18277,6097,29,2,181.96
18278,6097,127,3,587.72
18279,6097,73,3,331.02
18280,6097,74,-1,34.31
18281,6098,8,2,307.70
18282,6098,54,1,
18283,6098,100,3,249.16
18284,6098,106,5,252.84
18285,6098,10,4,28.04
18286,6099,66,2,231.00
18287,6099,93,-1,345.11
18288,6099,96,3,84.49
18289,6100,6,3,46.39
18290,6100,20,2,163.81
18291,6100,86,2,164.39 JOD
18292,6101,28,1,222.75
18293,6101,37,1,241.65
18294,6101,25,1,253.88
18295,6102,125,-1,679.93
18296,6103,25,-1,253.88
18297,6103,42,1,91.53
18298,6104,93,1,345.11
18299,6104,116,2,$358.67
18300,6105,100,2,249.16
18301,6105,101,3,95.6
18302,6105,50,3,397.99
18303,6105,57,5,213.11
18304,6106,50,1,560.47
18305,6106,34,3,220.1
18306,6106,108,3,266.02
18307,6106,14,2,429.63
18308,6106,38,2,454.8
18309,6107,68,3,304.43
18310,6107,123,3,151.87
18311,6107,80,1,144.45
18312,6108,78,3,121.77
18313,6108,24,1,360.88
18314,6108,137,1,$408.88
18315,6109,22,5,36.29
18316,6109,32,2,105.62
18317,6109,45,1,335.47
18318,6109,19,2,67.77
18319,6109,11,4,489.65
18320,6110,60,2,22.48
18321,6110,25,1,253.88
18322,6111,13,1,186.29
18323,6112,123,-1,151.87
18324,6112,75,1,347.56
18325,6112,30,1,43.65
18326,6112,71,1,374.89
18327,6113,122,4,125.5
18328,6113,6,1,46.39
18329,6114,127,-1,587.72
18330,6114,65,3,308.91
18331,6114,99,2,140.32
18332,6114,129,1,535.98
18333,6114,43,1,330.6
18334,6115,83,2,319.19
18335,6115,125,-1,306.05
18336,6116,20,3,110.76
18337,6116,1,3,585.67
18338,6116,79,1,210.8
18339,6116,116,3,359.58
18340,6117,100,0,249.16
18341,6117,95,4,545.43
18342,6117,103,3,244.5
18343,6117,137,1,307.70
18344,6118,6,5,46.39
18345,6118,47,1,627.32
18346,6118,39,3,253.25
18347,6119,111,4,291.81
18348,6119,15,2,81.29
18349,6119,36,4,19.30
18350,6120,94,3,389.5
18351,6120,2,1,190.97
18352,6120,93,3,345.11
18353,6120,61,2,101.6
18354,6120,50,1,397.99
18355,6121,37,2,241.65
18356,6122,55,2,216.25
18357,6122,12,0,214.91
18358,6123,83,1,
18359,6123,116,5,359.58
18360,6123,99,3,140.32
18361,6124,59,1,169.88
18362,6124,111,-1,291.81
18363,6125,95,1,545.43
18364,6125,69,1,175.49
18365,6126,77,1,101.15
18366,6126,16,2,186.88
18367,6126,68,2,180.02
18368,6127,42,4,91.53
18369,6127,18,1,128.87
18370,6127,116,1,438.53
18371,6128,136,4,314.21
18372,6128,46,3,136.73
18373,6129,77,2,101.15
18374,6129,136,1,314.21
18375,6129,126,2,200.63
18376,6129,56,1,31.92
18377,6130,88,1,238.01
18378,6130,121,1,202.84
18379,6130,134,1,40.0
18380,6130,19,2,67.77
18381,6131,50,2,397.99
18382,6131,43,2,330.6
18383,6131,15,1,81.29
18384,6132,107,3,376.14
18385,6132,136,2,288.65
18386,6132,122,-1,125.5
18387,6132,62,1,205.40
18388,6132,39,2,253.25
18389,6133,25,5,253.88
18390,6133,9999,3,214.91
18391,6133,136,1,314.21
18392,6133,103,2,244.5
18393,6134,5,2,407.25
18394,6134,118,1,306.50
18395,6134,51,1,286.54
18396,6135,62,1,205.4
18397,6135,121,1,317.45
18398,6136,105,2,528.06
18399,6137,5,-1,
18400,6137,106,2,252.84
18401,6137,12,2,214.91
18402,6137,83,2,425.09
18403,6138,136,1,314.21
18404,6138,72,1,$404.50
18405,6139,91,1,243.25
18406,6139,55,1,216.25
18407,6139,30,2,43.65
18408,6139,17,-1,185.99
18409,6139,86,5,164.39
18410,6140,99,3,140.32
18411,6140,70,2,379.91
18412,6140,125,1,552.19
18413,6141,86,3,86.23
18414,6142,40,1,$199.53
18415,6142,17,3,185.99
18416,6142,22,2,36.29
18417,6143,74,5,34.31
18418,6143,57,3,226.76
18419,6144,117,1,143.1
18420,6144,103,1,244.5
18421,6144,18,3,122.82
18422,6144,86,4,134.88
18423,6145,2,2,190.97
18424,6145,54,2,89.36
18425,6145,56,2,31.92
18426,6145,87,1,262.59
18427,6145,60,1,14.12
18428,6146,48,1,$23.10
18429,6146,128,2,369.54
18430,6147,133,2,97.51
18431,6147,98,2,243.42
18432,6147,28,2,222.75
18433,6147,9999,2,37.16
18434,6147,100,1,249.16
18435,6148,89,2,403.36
18436,6148,34,2,220.1
18437,6148,115,4,302.06
18438,6148,120,3,146.38
18439,6148,107,2,376.14
18440,6149,62,3,205.4
18441,6150,65,1,308.91
18442,6150,94,1,389.5
18443,6150,125,3,552.19
18444,6150,79,1,210.8
18445,6151,105,2,528.06
18446,6151,9999,2,8.08
18447,6151,93,1,345.11
18448,6151,24,-1,360.88
18449,6151,109,0,579.16
18450,6152,86,3,164.39
18451,6152,21,2,14.38
18452,6152,19,4,67.77
18453,6153,66,-1,231.0
18454,6153,20,1,56.92
18455,6153,130,2,59.94
18456,6153,32,3,105.62
18457,6154,125,1,552.19
18458,6154,128,4,369.54
18459,6154,70,2,379.91
18460,6154,75,3,$320.55
18461,6154,122,1,125.50
18462,6155,33,2,407.76
18463,6155,21,4,14.38
18464,6155,92,1,339.88
18465,6155,108,1,200.58
18466,6155,60,1,16.37
18467,6156,33,1,407.76
18468,6156,44,4,106.04
18469,6156,75,1,347.56
18470,6156,89,2,403.36
18471,6156,101,1,95.6
18472,6157,63,4,834.92
18473,6157,130,3,59.94
18474,6157,126,4,200.63
18475,6157,86,2,164.39
18476,6158,61,1,101.60
18477,6158,111,4,291.81
18478,6159,91,2,243.25
18479,6159,34,1,220.1
18480,6159,124,5,58.04
18481,6159,6,1,46.39
18482,6159,2,1,178.44
18483,6160,122,-1,125.5
18484,6161,78,3,164.74
18485,6161,87,3,262.59
18486,6161,4,1,546.12
18487,6162,77,2,101.15
18488,6162,114,3,403.81
18489,6162,75,2,347.56
18490,6162,3,1,390.52
18491,6162,22,2,36.29
18492,6163,86,1,164.39
18493,6163,79,1,210.80 JOD
18494,6164,136,1,314.21
18495,6164,119,1,528.68
18496,6164,24,1,360.88
18497,6164,68,-1,304.43
18498,6164,77,1,101.15
18499,6165,10,1,28.04
18500,6165,87,1,262.59
18501,6165,99,0,140.32
18502,6166,92,1,339.88
18503,6166,71,1,374.89
18504,6167,19,2,67.77
18505,6167,60,1,16.37
18506,6167,81,2,147.06
18507,6167,75,2,347.56
18508,6168,83,1,319.19
18509,6168,129,3,535.98
18510,6168,11,1,$489.65
18511,6169,7,2,152.65
18512,6169,130,2,59.94
18513,6169,103,1,244.5
18514,6169,97,1,369.73
18515,6169,79,2,210.8
18516,6170,49,2,206.38
18517,6170,63,3,575.86
18518,6170,31,4,71.76
18519,6171,49,1,206.38
18520,6171,77,1,101.15 JOD
18521,6172,62,2,205.4
18522,6172,116,1,359.58
18523,6173,76,1,383.3
18524,6173,96,1,84.49
18525,6173,108,4,133.07
18526,6173,130,3,59.94
18527,6173,78,1,121.77
18528,6174,27,2,112.66
18529,6174,125,2,552.19
18530,6174,93,2,345.11
18531,6175,127,1,587.72
18532,6175,111,1,291.81
18533,6176,1,2,336.94
18534,6176,52,3,171.01
18535,6176,130,1,59.94
18536,6176,33,3,473.46
18537,6176,17,2,185.99
18538,6177,131,2,396.05
18539,6177,88,2,238.01
18540,6177,135,1,
18541,6178,4,3,546.12
18542,6178,101,2,114.35
18543,6178,129,1,535.98
18544,6179,27,1,112.66
18545,6179,74,1,34.31
18546,6179,58,1,109.02
18547,6180,52,3,171.01
18548,6180,99,1,140.32
18549,6180,7,2,152.65
18550,6180,36,3,19.3
18551,6180,104,4,$98.77
18552,6181,120,1,201.77
18553,6181,82,1,244.2
18554,6181,136,1,314.21
18555,6182,105,2,528.06
18556,6182,10,3,28.04
18557,6183,85,-1,8.08
18558,6184,73,-1,331.02
18559,6184,53,4,37.16
18560,6184,17,2,185.99
18561,6184,71,3,229.51
18562,6184,135,2,10.9
18563,6185,1,1,585.67
18564,6185,118,0,306.5
18565,6185,131,3,477.42
18566,6185,109,2,579.16
18567,6186,109,1,579.16
18568,6187,109,1,579.16
18569,6187,115,1,218.70
18570,6188,95,4,545.43
18571,6188,3,1,390.52
18572,6188,53,3,37.16
18573,6188,19,2,67.77
18574,6189,105,3,528.06
18575,6189,134,5,40.0
18576,6189,38,1,454.80
18577,6189,51,1,286.54
18578,6190,30,3,43.65
18579,6190,26,3,264.67
18580,6190,137,1,307.7
18581,6190,35,1,152.88
18582,6191,129,2,535.98
18583,6191,97,0,369.73
18584,6192,121,4,317.45
18585,6192,124,2,58.04
18586,6192,49,2,166.63
18587,6192,31,4,68.89
18588,6192,69,1,175.49
18589,6193,21,3,14.38
18590,6193,26,5,264.67
18591,6194,84,3,455.31
18592,6194,55,1,183.68
18593,6195,78,1,121.77
18594,6196,67,3,291.96
18595,6196,111,1,291.81
18596,6196,79,5,210.8
18597,6196,17,1,185.99
18598,6196,3,1,390.52
18599,6197,38,1,454.8
18600,6197,66,3,231.00
18601,6197,76,2,383.3
18602,6198,93,2,345.11
18603,6199,12,1,214.91
18604,6199,79,5,210.80 JOD
18605,6199,28,1,222.75
18606,6200,130,1,59.94
18607,6200,127,5,587.72
18608,6200,52,2,171.01
18609,6200,19,1,67.77
18610,6200,20,1,110.76
18611,6201,15,2,81.29
18612,6201,44,1,106.04
18613,6201,18,1,128.87
18614,6201,7,0,152.65
18615,6201,29,0,181.96
18616,6202,42,1,84.85
18617,6202,128,5,369.54
18618,6202,71,2,374.89
18619,6202,38,1,384.54
18620,6202,52,3,171.01
18621,6203,134,2,40.0
18622,6203,79,3,210.8
18623,6203,104,2,142.67
18624,6203,106,3,252.84
18625,6204,86,3,164.39
18626,6204,56,1,31.92
18627,6204,115,1,302.06
18628,6204,9999,3,101.15
18629,6205,119,2,528.68
18630,6205,13,1,186.29
18631,6206,8,1,307.70
18632,6206,101,-1,95.6
18633,6207,71,3,374.89
18634,6207,74,2,41.47
18635,6207,108,5,242.90
18636,6208,108,2,242.90
18637,6208,37,1,241.65
18638,6208,23,1,68.95
18639,6208,74,5,34.31
18640,6209,31,3,71.76
18641,6209,86,1,164.39
18642,6209,14,1,429.63
18643,6210,128,1,369.54
18644,6210,27,4,112.66
18645,6210,3,3,395.58
18646,6210,40,1,199.53
18647,6210,135,1,18.43
18648,6211,101,4,95.60
18649,6211,108,3,242.9
18650,6212,112,4,183.26
18651,6212,70,0,464.93
18652,6213,30,4,51.41
18653,6214,105,1,739.55
18654,6214,82,1,244.20
18655,6214,125,1,$552.19
18656,6214,83,2,319.19
18657,6215,69,4,175.49
18658,6215,131,2,396.05
18659,6215,34,5,220.1
18660,6215,24,2,360.88
18661,6215,78,3,
18662,6216,109,1,579.16
18663,6217,96,1,96.62
18664,6218,52,1,171.01
18665,6218,96,1,84.49
18666,6218,125,1,552.19
18667,6219,24,3,390.05
18668,6219,119,0,528.68
18669,6219,52,2,171.01
18670,6219,97,-1,369.73
18671,6219,88,3,238.01 JOD
18672,6220,27,3,112.66
18673,6221,85,3,8.08
18674,6221,15,1,81.29
18675,6221,112,1,255.6
18676,6221,91,1,243.25
18677,6222,127,1,587.72
18678,6222,84,2,402.06
18679,6223,16,1,148.16
18680,6223,98,0,243.42
18681,6223,42,1,91.53
18682,6223,85,1,8.08
18683,6223,19,5,67.77
18684,6224,78,5,121.77
18685,6224,17,1,185.99
18686,6224,101,2,95.6
18687,6225,5,3,407.25
18688,6225,27,4,117.13
18689,6225,102,1,170.82
18690,6225,20,1,110.76
18691,6226,24,4,210.65 JOD
18692,6226,58,1,109.02
18693,6226,72,1,404.5
18694,6227,75,5,347.56
18695,6227,12,0,225.75
18696,6227,34,3,220.1
18697,6228,25,3,253.88
18698,6229,40,1,199.53
18699,6229,125,4,584.33
18700,6229,37,1,241.65
18701,6230,72,1,$404.50
18702,6231,126,5,200.63
18703,6231,136,2,314.21
18704,6231,82,1,244.20
18705,6231,41,1,191.67
18706,6231,39,-1,253.25
18707,6232,62,3,205.4
18708,6232,107,2,376.14
18709,6233,77,1,101.15
18710,6233,122,5,125.50
18711,6234,63,1,575.86
18712,6234,87,3,262.59
18713,6235,84,4,455.31
18714,6235,122,0,125.50
18715,6235,56,1,31.92
18716,6235,94,0,389.5
18717,6236,7,1,152.65
18718,6236,110,5,193.85
18719,6236,52,4,171.01
18720,6237,87,3,262.59
18721,6237,123,2,151.87
18722,6238,57,2,213.11
18723,6238,27,4,112.66
18724,6238,25,5,253.88
18725,6238,7,3,152.65
18726,6239,89,3,403.36
18727,6239,113,2,191.78
18728,6239,99,3,140.32
18729,6240,115,3,302.06
18730,6240,108,1,242.9
18731,6241,60,1,16.37
18732,6241,136,1,314.21
18733,6241,109,3,528.2
18734,6241,50,1,397.99
18735,6242,75,1,467.39
18736,6242,64,3,265.5
18737,6242,38,5,454.80
18738,6242,13,1,186.29
18739,6243,127,3,587.72
18740,6244,21,3,14.38
18741,6244,103,1,244.5
18742,6245,94,2,389.50
18743,6246,116,4,359.58
18744,6246,44,2,85.43
18745,6247,78,0,121.77
18746,6247,86,1,164.39
18747,6248,42,2,89.7
18748,6249,53,1,37.16
18749,6249,38,1,454.8
18750,6249,19,1,67.77
18751,6249,8,1,307.7
18752,6250,61,5,68.33
18753,6250,4,-1,389.07
18754,6250,23,5,68.95
18755,6250,98,1,243.42
18756,6251,134,1,40.00
18757,6251,69,2,175.49
18758,6252,122,2,125.50
18759,6252,70,-1,379.91
18760,6252,27,2,112.66
18761,6253,57,3,213.11
18762,6253,94,2,389.50
18763,6253,118,2,307.14
18764,6253,55,5,216.25
18765,6253,108,2,242.9
18766,6254,90,1,56.52
18767,6255,55,2,216.25
18768,6255,123,3,151.87
18769,6255,102,2,169.19
18770,6255,13,2,186.29
18771,6255,67,2,199.13
18772,6256,62,1,205.4
18773,6256,94,0,389.5
18774,6257,52,4,182.16
18775,6257,76,3,383.3
18776,6257,133,3,97.51
18777,6257,88,3,238.01
18778,6257,118,1,306.50
18779,6258,70,1,379.91
18780,6259,92,-1,339.88
18781,6259,54,4,89.36
18782,6259,123,0,151.87
18783,6260,12,2,311.45
18784,6261,70,1,379.91
18785,6261,97,1,369.73
18786,6261,127,2,587.72
18787,6261,101,2,95.60
18788,6261,136,1,314.21
18789,6262,86,1,$84.09
18790,6262,40,2,199.53
18791,6262,22,4,45.06
18792,6262,21,4,14.38
18793,6263,28,2,$222.75
18794,6263,54,1,89.36
18795,6264,37,1,241.65
18796,6264,58,2,109.02
18797,6264,132,1,82.53
18798,6265,52,3,171.01
18799,6265,27,4,112.66
18800,6265,137,3,307.7
18801,6265,76,3,383.3
18802,6265,118,2,306.5
18803,6266,55,2,216.25
18804,6267,83,1,398.19
18805,6267,12,1,214.91
18806,6268,133,2,97.51
18807,6268,27,2,112.66
18808,6268,83,4,319.19
18809,6268,34,-1,220.1
18810,6269,17,2,152.89
18811,6270,55,5,216.25
18812,6270,53,1,30.41
18813,6271,102,1,235.55
18814,6272,80,3,144.45
18815,6272,104,2,98.77 JOD
18816,6272,92,0,339.88
18817,6272,90,2,56.52
18818,6272,97,1,369.73
18819,6273,8,5,206.69
18820,6273,90,1,56.52
18821,6273,134,3,40.0
18822,6273,85,2,8.08
18823,6273,122,1,100.78
18824,6274,81,1,121.47
18825,6274,35,2,152.88
18826,6274,131,1,396.05
18827,6274,103,2,244.5
18828,6274,3,2,390.52
18829,6275,5,0,407.25
18830,6275,9999,2,68.95 JOD
18831,6275,53,1,37.16
18832,6275,58,2,109.02
18833,6275,108,0,242.9
18834,6276,58,5,
18835,6276,29,3,181.96
18836,6277,10,1,40.27
18837,6277,20,2,110.76
18838,6277,67,1,291.96
18839,6278,42,1,91.53
18840,6278,120,2,201.77 JOD
18841,6279,116,3,289.12
18842,6279,74,3,
18843,6279,67,3,291.96
18844,6280,137,2,307.7
18845,6280,91,-1,243.25
18846,6281,73,5,331.02
18847,6281,121,1,317.45
18848,6281,52,1,214.2
18849,6281,53,-1,37.16
18850,6281,41,1,191.67
18851,6282,2,3,190.97
18852,6283,1,3,585.67
18853,6283,54,2,89.36
18854,6283,76,2,383.30
18855,6284,4,1,546.12
18856,6284,82,5,244.20
18857,6284,75,2,347.56
18858,6284,130,2,59.94
18859,6284,62,2,205.4
18860,6285,71,3,374.89
18861,6286,2,1,190.97
18862,6286,68,2,304.43
18863,6286,61,1,101.6
18864,6287,107,1,376.14
18865,6288,41,2,191.67
18866,6288,17,1,101.3
18867,6288,36,1,19.3
18868,6288,71,1,374.89
18869,6289,34,-1,220.10
18870,6290,54,1,89.36
18871,6290,55,3,216.25
18872,6290,15,2,81.29
18873,6291,116,2,359.58
18874,6291,80,-1,144.45
18875,6291,34,2,220.1
18876,6291,9999,2,262.59
18877,6292,59,2,169.88
18878,6292,54,1,46.07
18879,6292,89,1,403.36
18880,6292,49,4,206.38
18881,6292,132,1,82.53
18882,6293,8,5,348.02
18883,6293,77,3,101.15
18884,6293,94,2,389.5
18885,6294,24,5,360.88
18886,6294,57,0,213.11
18887,6294,118,3,306.50
18888,6295,93,1,345.11
18889,6296,19,2,67.77
18890,6297,44,2,106.04
18891,6297,135,3,18.43
18892,6297,63,2,575.86
18893,6297,110,1,193.85
18894,6297,21,4,14.38
18895,6298,99,2,140.32
18896,6298,15,3,81.29
18897,6298,75,1,245.21
18898,6298,5,3,407.25
18899,6298,137,1,307.7
18900,6299,100,-1,249.16
18901,6299,69,2,175.49
18902,6299,25,1,253.88
18903,6300,120,2,201.77
18904,6300,123,1,151.87
18905,6300,59,4,169.88
18906,6301,102,4,169.19
18907,6301,46,0,136.73
18908,6301,126,3,200.63
18909,6301,110,1,193.85
18910,6301,114,3,403.81
18911,6302,60,1,16.37
18912,6303,120,2,201.77
18913,6303,134,1,22.84
18914,6303,65,2,308.91
18915,6304,24,1,360.88
18916,6305,37,2,241.65
18917,6305,99,4,
18918,6305,17,2,185.99
18919,6305,62,2,205.4
18920,6305,101,4,95.60
18921,6306,118,1,306.50
18922,6307,28,1,222.75
18923,6307,93,1,345.11
18924,6307,99,3,140.32
18925,6307,70,1,379.91
18926,6307,119,0,528.68
18927,6308,91,4,243.25
18928,6308,87,1,202.33
18929,6309,21,2,14.38
18930,6309,30,1,43.65
18931,6309,14,2,429.63
18932,6309,23,2,68.95
18933,6310,14,5,429.63
18934,6310,25,3,253.88
18935,6310,58,1,109.02
18936,6310,5,1,407.25
18937,6311,20,5,110.76
18938,6311,54,5,89.36
18939,6312,108,-1,242.90
18940,6312,81,2,121.47
18941,6312,120,1,201.77
18942,6313,71,3,374.89
18943,6314,94,1,389.50
18944,6314,96,1,84.49
18945,6314,115,2,302.06
18946,6315,45,1,415.91
18947,6315,98,5,244.89
18948,6315,137,1,307.70
18949,6316,62,1,205.40
18950,6316,127,3,587.72
18951,6316,8,1,305.76
18952,6316,4,1,$546.12
18953,6316,23,3,74.01
18954,6317,40,2,282.88
18955,6317,101,4,95.6
18956,6318,4,2,546.12
18957,6318,57,1,213.11
18958,6318,43,2,330.6
18959,6319,103,3,244.5
18960,6319,13,1,186.29
18961,6319,40,1,199.53
18962,6319,131,3,396.05
18963,6319,39,4,253.25
18964,6320,131,2,396.05
18965,6321,94,1,389.5
18966,6321,68,1,304.43
18967,6322,99,3,140.32
18968,6322,25,3,$253.88
18969,6323,2,4,190.97
18970,6323,55,2,216.25
18971,6324,13,0,186.29
18972,6324,86,2,164.39
18973,6324,125,1,552.19
18974,6324,91,2,161.52
18975,6324,83,3,319.19
18976,6325,123,1,151.87
18977,6325,98,1,243.42
18978,6325,42,1,91.53
18979,6326,60,1,16.37
18980,6326,37,1,241.65
18981,6326,52,3,171.01
18982,6326,4,2,546.12
18983,6326,129,4,606.2
18984,6327,50,1,397.99 JOD
18985,6328,125,2,552.19
18986,6328,38,2,454.8
18987,6328,27,2,112.66
18988,6328,21,2,14.38
18989,6328,106,1,252.84
18990,6329,94,1,389.5
18991,6329,3,4,390.52
18992,6330,64,1,265.5
18993,6331,4,0,546.12
18994,6332,101,3,95.6
18995,6333,100,1,249.16
18996,6333,42,1,91.53
18997,6333,38,3,454.80
18998,6334,11,3,489.65
18999,6334,111,5,291.81
19000,6334,107,1,376.14
19001,6334,127,3,587.72
19002,6335,96,3,84.49
19003,6335,67,1,291.96
19004,6335,130,3,59.94
19005,6335,32,5,105.62
19006,6335,92,1,382.9
19007,6336,30,2,43.65
19008,6336,99,1,140.32
19009,6336,10,3,19.25
19010,6336,127,2,433.38
19011,6337,137,5,307.7
19012,6337,113,5,191.78
19013,6337,13,4,$186.29
19014,6337,71,1,374.89
19015,6338,2,1,190.97
19016,6338,113,5,191.78
19017,6339,48,2,23.10
19018,6339,93,2,345.11
19019,6339,109,1,579.16
19020,6339,4,4,546.12
19021,6340,61,0,101.6
19022,6340,79,4,210.8
19023,6340,121,0,317.45
19024,6340,14,1,255.9
19025,6340,87,2,262.59
19026,6341,2,-1,$190.97
19027,6341,121,1,317.45
19028,6341,127,3,587.72
19029,6341,4,1,546.12
19030,6341,99,2,140.32
19031,6342,14,1,429.63
19032,6342,91,1,243.25
19033,6342,105,1,
19034,6343,117,1,143.1
19035,6343,87,1,262.59
19036,6343,36,2,$22.19
19037,6344,24,3,295.14
19038,6345,1,4,
19039,6346,120,1,109.94
19040,6346,102,2,169.19
19041,6347,77,2,101.15
19042,6347,136,1,314.21
19043,6347,116,1,525.81
19044,6348,7,1,152.65
19045,6348,76,3,383.30 JOD
19046,6348,64,1,308.21
19047,6349,89,2,403.36
19048,6349,132,2,82.53
19049,6349,5,1,407.25
19050,6350,108,4,242.9
19051,6351,9,1,178.19
19052,6351,118,3,306.50
19053,6351,36,1,19.3
19054,6351,70,4,379.91
19055,6352,96,4,84.49
19056,6352,114,3,$370.67
19057,6353,25,1,253.88
19058,6353,123,1,151.87
19059,6353,135,1,18.43
19060,6353,32,1,105.62
19061,6353,92,2,339.88
19062,6354,68,2,304.43
19063,6354,2,2,190.97
19064,6354,131,5,396.05
19065,6355,28,1,193.07
19066,6355,117,2,143.1
19067,6355,5,1,407.25
19068,6356,49,2,206.38
19069,6356,76,1,383.3
19070,6356,50,3,397.99
19071,6357,96,1,84.49
19072,6357,72,1,404.5
19073,6357,38,0,454.8
19074,6357,82,-1,244.20
19075,6358,137,5,281.58
19076,6358,25,1,253.88
19077,6359,37,1,241.65
19078,6359,31,1,71.76
19079,6359,131,3,396.05
19080,6359,126,1,200.63
19081,6359,114,2,403.81
19082,6360,46,1,136.73
19083,6360,36,1,19.3
19084,6360,106,1,252.84
19085,6360,7,2,152.65
19086,6361,38,1,454.80
19087,6361,109,3,579.16
19088,6362,82,-1,244.20
19089,6362,41,3,191.67
19090,6363,88,1,253.69
19091,6363,83,1,319.19
19092,6363,116,1,359.58
19093,6363,75,2,347.56
19094,6363,137,2,307.7
19095,6364,12,2,214.91
19096,6364,125,3,535.14
19097,6364,83,1,319.19
19098,6365,35,1,152.88
19099,6365,131,1,396.05
19100,6366,47,3,627.32
19101,6366,91,1,243.25
19102,6366,131,3,396.05
19103,6366,22,3,$36.29
19104,6367,137,1,307.7
19105,6367,25,3,253.88
19106,6367,35,2,152.88
19107,6367,9999,1,390.09
19108,6367,98,3,243.42
19109,6368,29,4,181.96
19110,6368,20,1,110.76
19111,6368,90,3,56.52
19112,6368,119,1,528.68
19113,6369,16,1,148.16
19114,6369,9999,3,144.45
19115,6369,21,0,14.38
19116,6369,108,2,129.24
19117,6369,136,1,314.21
19118,6370,61,3,101.6
19119,6371,125,0,552.19
19120,6371,9999,3,67.77
19121,6371,98,2,243.42
19122,6371,22,2,36.29
19123,6371,113,0,191.78
19124,6372,94,0,389.5
19125,6372,62,2,205.4
19126,6372,105,2,322.09
19127,6372,52,2,171.01
19128,6372,16,2,148.16
19129,6373,67,1,345.39
19130,6374,37,1,241.65
19131,6374,24,4,360.88
19132,6375,66,2,231.0
19133,6375,93,2,345.11
19134,6375,68,3,304.43
19135,6375,102,4,169.19
19136,6375,137,3,307.7
19137,6376,89,5,403.36
19138,6376,111,2,291.81
19139,6377,15,5,81.29
19140,6377,115,1,302.06
19141,6377,62,-1,205.4
19142,6377,130,1,59.94
19143,6377,45,2,415.91
19144,6378,47,3,627.32
19145,6378,82,2,244.20
19146,6378,5,5,407.25
19147,6378,24,2,360.88
19148,6378,84,0,631.83
19149,6379,84,1,455.31
19150,6379,123,2,151.87
19151,6379,68,4,304.43 JOD
19152,6379,51,2,426.18
19153,6379,85,2,10.60
19154,6380,92,1,339.88
19155,6380,12,1,214.91
19156,6381,107,2,376.14
19157,6381,121,2,317.45
19158,6381,54,3,89.36 JOD
19159,6381,136,2,314.21
19160,6382,16,3,148.16
19161,6382,127,4,587.72
19162,6383,64,3,
19163,6384,83,1,319.19
19164,6385,105,1,528.06
19165,6385,34,1,220.10
19166,6385,58,4,109.02
19167,6385,12,1,214.91
19168,6385,3,1,390.52
19169,6386,82,1,244.20
19170,6386,85,0,8.08
19171,6386,63,2,575.86
19172,6387,18,0,128.87
19173,6387,29,2,181.96
19174,6388,11,1,489.65
19175,6388,49,4,206.38
19176,6388,95,2,545.43
19177,6388,121,3,317.45
19178,6388,14,1,429.63
19179,6389,44,1,152.52
19180,6389,25,2,253.88
19181,6390,122,1,125.5
19182,6391,63,1,575.86
19183,6392,21,4,14.38
19184,6392,35,1,152.88
19185,6392,59,1,169.88
19186,6392,127,1,587.72
19187,6393,91,5,243.25
19188,6393,95,1,545.43
19189,6393,106,4,252.84
19190,6393,54,3,89.36
19191,6393,104,2,98.77
19192,6394,41,1,191.67
19193,6394,135,3,18.43
19194,6394,23,5,68.95
19195,6394,57,2,293.8
19196,6394,33,1,407.76
19197,6395,133,2,107.06
19198,6395,67,2,291.96
19199,6395,23,2,68.95
19200,6395,99,3,$140.32
19201,6395,64,3,265.5
19202,6396,124,1,58.04
19203,6396,82,-1,151.35
19204,6396,7,1,152.65
19205,6397,43,1,330.6
19206,6397,82,4,244.2
19207,6398,100,0,191.19
19208,6398,35,1,152.88
19209,6398,1,3,585.67
19210,6398,30,2,43.65
19211,6399,64,5,157.88
19212,6399,41,2,191.67
19213,6399,22,4,36.29
19214,6400,133,2,97.51
19215,6401,25,2,253.88
19216,6402,98,0,243.42
19217,6402,113,1,191.78
19218,6402,47,1,627.32
19219,6403,99,1,140.32
19220,6403,2,1,190.97
19221,6403,55,1,169.75
19222,6403,123,4,151.87
19223,6403,17,2,185.99
19224,6404,54,0,89.36
19225,6404,61,1,101.6
19226,6404,128,1,369.54
19227,6404,70,2,379.91
19228,6405,64,1,265.5
19229,6405,93,4,345.11
19230,6405,39,3,253.25
19231,6405,115,1,302.06
19232,6406,13,3,126.28
19233,6406,74,1,34.31
19234,6407,35,1,152.88
19235,6407,105,2,528.06
19236,6408,71,5,$305.59
19237,6408,41,1,191.67
19238,6408,16,1,148.16
19239,6408,37,2,241.65
19240,6409,92,2,$339.88
19241,6410,46,1,136.73
19242,6410,71,2,374.89
19243,6410,44,2,106.04
19244,6411,125,2,552.19
19245,6411,3,1,390.52
19246,6411,89,1,403.36
19247,6411,112,3,183.26
19248,6412,66,1,209.68
19249,6413,8,0,307.7
19250,6414,49,0,206.38
19251,6415,90,2,56.52
19252,6415,47,0,627.32
19253,6415,74,4,34.31
19254,6415,38,1,454.8
19255,6415,68,3,304.43
19256,6416,85,2,8.08
19257,6416,51,3,286.54
19258,6416,79,1,210.80
19259,6417,56,2,31.92
19260,6417,36,3,19.3
19261,6418,27,1,112.66
19262,6418,85,3,8.08
19263,6419,5,0,407.25
19264,6420,121,2,317.45
19265,6420,120,3,201.77
19266,6420,93,3,345.11
19267,6420,102,3,169.19
19268,6421,84,1,455.31
19269,6422,126,-1,200.63
19270,6422,19,3,67.77
19271,6422,70,5,379.91
19272,6422,128,1,369.54
19273,6423,9,1,178.19
19274,6424,90,2,56.52
19275,6424,125,0,552.19
19276,6424,14,2,429.63
19277,6424,36,1,19.3
19278,6424,26,2,264.67
19279,6425,99,2,$140.32
19280,6425,42,1,$91.53
19281,6425,114,4,403.81
19282,6425,85,1,5.04
19283,6426,2,1,190.97
19284,6426,29,1,181.96
19285,6426,76,5,383.3
19286,6427,13,1,186.29 JOD
19287,6427,38,2,454.80
19288,6427,24,3,360.88
19289,6428,38,3,454.8
19290,6428,76,1,383.3
19291,6428,111,1,291.81
19292,6429,73,1,331.02
19293,6429,70,3,379.91
19294,6429,96,2,84.49
19295,6429,81,4,142.57
19296,6430,35,1,152.88
19297,6430,131,1,396.05 JOD
19298,6430,81,1,121.47
19299,6430,29,1,181.96
19300,6431,136,4,314.21
19301,6431,106,1,252.84 JOD
19302,6432,112,1,236.14
19303,6432,115,1,302.06
19304,6432,83,-1,319.19
19305,6432,37,2,241.65
19306,6432,1,4,585.67
19307,6433,56,4,31.92
19308,6433,3,-1,390.52
19309,6434,94,3,389.5
19310,6434,32,2,105.62
19311,6434,28,3,222.75
19312,6434,46,1,136.73
19313,6435,62,3,205.40
19314,6435,71,1,374.89
19315,6435,120,1,201.77
19316,6436,103,1,244.5
19317,6436,48,2,23.1
19318,6436,56,1,18.26
19319,6437,11,3,489.65
19320,6438,103,2,244.5
19321,6439,22,1,36.29
19322,6440,38,1,454.8
19323,6441,134,2,40.0
19324,6441,129,1,526.82
19325,6441,89,2,403.36
19326,6441,29,4,247.03
19327,6442,9999,2,136.73
19328,6442,74,3,34.31
19329,6443,111,2,346.13
19330,6444,42,2,91.53
19331,6444,95,1,545.43
19332,6444,80,-1,144.45
19333,6444,18,4,128.87
19334,6445,52,1,171.01
19335,6445,5,1,452.77
19336,6445,56,1,31.92
19337,6445,77,2,101.15
19338,6446,67,4,291.96
19339,6446,59,4,169.88
19340,6447,89,2,403.36
19341,6447,99,1,140.32
19342,6447,133,3,97.51
19343,6447,101,-1,95.6
19344,6447,128,2,369.54
19345,6448,79,1,210.8
19346,6448,125,1,552.19
19347,6448,49,5,248.62
19348,6449,69,1,210.24
19349,6449,43,4,330.6
19350,6449,121,1,317.45
19351,6450,115,1,302.06
19352,6451,25,1,178.03
19353,6451,18,2,128.87
19354,6451,136,5,314.21
19355,6451,114,1,403.81
19356,6451,40,2,199.53
19357,6452,57,3,213.11
19358,6453,109,4,579.16
19359,6453,79,2,210.8
19360,6453,40,3,199.53
19361,6453,133,3,97.51
19362,6454,106,2,252.84
19363,6454,64,2,265.5
19364,6454,35,2,152.88
19365,6455,112,3,183.26
19366,6455,133,4,97.51
19367,6456,125,1,552.19
19368,6456,12,2,252.56
19369,6456,78,1,121.77
19370,6456,62,2,205.40
19371,6457,113,2,191.78
19372,6457,60,3,16.37
19373,6457,109,1,579.16
19374,6457,88,0,238.01
19375,6458,27,1,112.66
19376,6458,134,0,40.0
19377,6458,5,2,407.25
19378,6459,4,1,546.12
19379,6459,46,4,136.73
19380,6459,1,1,585.67
19381,6459,106,2,351.32
19382,6460,53,2,37.16
19383,6460,80,3,144.45
19384,6460,114,1,403.81
19385,6460,76,4,383.3
19386,6460,51,-1,286.54
19387,6461,113,4,191.78
19388,6462,24,1,385.48
19389,6462,5,3,407.25
19390,6462,41,2,191.67
19391,6462,77,3,101.15
19392,6463,96,1,84.49
19393,6463,132,1,82.53
19394,6464,4,1,
19395,6464,113,1,191.78
19396,6464,108,1,242.9
19397,6464,52,3,171.01
19398,6465,95,1,545.43
19399,6465,135,2,18.43
19400,6466,114,2,403.81
19401,6466,59,3,169.88
19402,6467,98,1,243.42
19403,6467,78,1,121.77
19404,6467,25,2,341.9
19405,6467,17,1,185.99
19406,6468,86,1,164.39
19407,6469,46,2,136.73
19408,6469,72,5,404.5
19409,6469,70,1,379.91
19410,6469,13,3,186.29
19411,6470,31,1,37.82
19412,6470,37,0,241.65
19413,6470,83,1,319.19
19414,6470,99,4,140.32
19415,6470,137,0,307.7
19416,6471,113,1,97.44
19417,6472,128,1,369.54
19418,6472,137,4,307.7
19419,6473,132,-1,82.53
19420,6473,86,-1,164.39
19421,6473,16,2,148.16
19422,6473,59,1,169.88
19423,6473,32,1,105.62
19424,6474,112,2,183.26
19425,6474,108,1,242.9
19426,6475,40,2,199.53
19427,6476,92,2,339.88
19428,6476,56,1,31.92
19429,6476,10,-1,28.04
19430,6476,21,1,14.38
19431,6476,55,3,216.25
19432,6477,84,4,455.31
19433,6477,48,2,23.1
19434,6477,121,-1,317.45
19435,6478,106,1,252.84
19436,6478,119,1,528.68
19437,6478,103,1,244.5
19438,6478,55,1,216.25
19439,6479,106,3,250.64
19440,6479,44,1,106.04
19441,6479,85,1,8.08
19442,6480,76,3,383.30
19443,6480,58,4,109.02
19444,6480,48,1,23.1
19445,6480,77,1,101.15
19446,6480,19,1,67.77
19447,6481,92,3,339.88
19448,6481,119,1,528.68
19449,6482,9999,2,243.42
19450,6482,72,1,404.5
19451,6483,101,2,95.60
19452,6484,62,2,
19453,6484,52,2,171.01
19454,6484,126,4,200.63
19455,6485,61,1,101.6
19456,6485,118,2,348.05
19457,6485,72,1,404.50
19458,6485,19,0,67.77
19459,6486,51,3,210.7
19460,6486,64,1,265.5
19461,6487,3,1,390.52
19462,6488,14,1,541.81
19463,6488,4,2,546.12
19464,6489,30,2,43.65
19465,6489,119,1,528.68
19466,6490,125,2,552.19
19467,6491,42,1,$91.53
19468,6491,38,1,454.8
19469,6491,5,1,407.25
19470,6491,68,2,304.43
19471,6491,61,3,101.6
19472,6492,45,2,415.91
19473,6493,59,-1,169.88
19474,6493,52,1,171.01
19475,6494,108,1,242.9
19476,6494,93,1,345.11
19477,6494,43,1,330.6
19478,6494,20,1,110.76
19479,6495,123,1,151.87
19480,6495,62,2,205.40
19481,6495,82,1,244.20
19482,6495,73,2,333.98
19483,6495,29,0,181.96
19484,6496,53,3,37.16
19485,6497,46,3,136.73
19486,6497,42,3,91.53
19487,6497,117,1,143.10
19488,6497,44,0,106.04
19489,6497,105,4,528.06
19490,6498,23,2,55.72
19491,6499,92,2,507.16
19492,6499,81,2,121.47
19493,6499,40,1,199.53
19494,6499,79,1,210.8
19495,6499,128,1,369.54
19496,6500,69,2,175.49
19497,6500,65,3,387.6
19498,6500,104,1,98.77
19499,6501,111,-1,291.81
19500,6501,113,1,191.78
19501,6501,115,2,302.06
19502,6501,46,1,136.73
19503,6501,97,1,369.73
19504,6502,89,1,403.36
19505,6503,6,1,46.39
19506,6503,115,2,302.06
19507,6503,12,5,214.91
19508,6504,48,1,23.1
19509,6505,70,5,379.91
19510,6505,100,1,303.33
19511,6505,30,1,43.65
19512,6505,8,3,307.7
19513,6505,43,1,330.6
19514,6506,49,-1,206.38
19515,6506,107,2,376.14
19516,6506,100,1,249.16
19517,6506,30,-1,43.65
19518,6506,60,2,16.37
19519,6507,136,1,314.21
19520,6507,43,2,330.60
19521,6507,127,1,587.72
19522,6508,71,2,374.89
19523,6508,80,3,144.45
19524,6509,20,1,110.76
19525,6509,99,2,140.32
19526,6509,79,1,195.14
19527,6510,65,1,308.91
19528,6510,69,3,175.49
19529,6510,74,1,50.99
19530,6510,26,3,264.67
19531,6511,76,2,383.3
19532,6511,65,1,308.91
19533,6511,18,2,128.87
19534,6511,55,2,318.55
19535,6511,120,2,201.77
19536,6512,68,1,304.43
19537,6513,79,3,210.80
19538,6513,25,1,253.88
19539,6513,36,1,19.30
19540,6514,76,3,310.54
19541,6514,26,2,264.67
19542,6514,53,1,37.16
19543,6515,136,1,314.21
19544,6515,43,1,330.60
19545,6515,90,3,56.52
19546,6515,63,1,575.86
19547,6515,8,1,307.7
19548,6516,65,1,308.91
19549,6517,18,1,128.87
19550,6517,36,2,$19.30
19551,6517,9,1,178.19
19552,6517,94,5,389.5
19553,6517,37,1,241.65
19554,6518,107,3,376.14
19555,6518,86,3,164.39
19556,6518,15,1,81.29
19557,6518,137,1,307.7
19558,6519,81,1,121.47
19559,6519,26,3,264.67
19560,6520,39,2,253.25
19561,6520,121,0,317.45
19562,6520,58,0,109.02
19563,6520,32,-1,105.62
19564,6520,113,2,195.23
19565,6521,105,1,528.06
19566,6521,92,2,339.88
19567,6521,124,3,59.65
19568,6521,96,3,84.49
19569,6521,36,1,19.3
19570,6522,111,1,160.69
19571,6522,99,1,140.32
19572,6522,127,2,587.72
19573,6522,26,2,264.67
19574,6523,19,1,67.77
19575,6523,118,2,306.5
19576,6523,92,3,339.88
19577,6523,113,5,191.78
19578,6523,24,1,360.88
19579,6524,9999,2,528.68
19580,6524,24,3,360.88
19581,6524,23,2,$68.95
19582,6525,76,2,383.3
19583,6525,9999,1,528.68
19584,6525,97,1,369.73
19585,6525,48,2,23.1
19586,6526,117,1,143.10
19587,6526,12,2,214.91
19588,6526,48,1,23.1
19589,6526,124,1,$58.04
19590,6526,75,1,347.56
19591,6527,20,1,110.76
19592,6528,97,1,369.73
19593,6529,129,1,535.98
19594,6529,132,2,82.53
19595,6529,26,3,264.67
19596,6529,37,1,241.65
19597,6529,102,2,169.19
19598,6530,83,-1,319.19
19599,6530,30,2,43.65 JOD
19600,6530,107,3,376.14
19601,6530,73,2,331.02
19602,6530,47,1,627.32
19603,6531,50,2,397.99
19604,6531,30,3,43.65
19605,6532,125,1,552.19
19606,6532,56,4,31.92
19607,6532,126,2,200.63
19608,6532,113,0,191.78
19609,6533,12,0,214.91
19610,6534,49,1,206.38
19611,6535,112,1,183.26
19612,6535,93,1,345.11
19613,6536,65,2,308.91
19614,6536,35,1,152.88
19615,6536,53,3,37.16
19616,6536,133,2,97.51
19617,6537,129,3,535.98
19618,6537,56,1,31.92
19619,6537,18,2,128.87
19620,6537,15,0,81.29
19621,6538,28,1,222.75
19622,6538,137,3,307.7
19623,6538,16,2,148.16
19624,6538,43,1,330.60
19625,6538,93,2,345.11
19626,6539,18,3,128.87
19627,6539,87,2,262.59
19628,6539,19,2,67.77
19629,6539,9,5,178.19
19630,6540,70,4,379.91 JOD
19631,6540,59,5,169.88
19632,6540,48,2,23.1
19633,6541,33,1,407.76
19634,6542,81,2,$121.47
19635,6542,57,1,213.11
19636,6542,35,1,152.88
19637,6543,124,3,$58.04
19638,6543,95,2,545.43
19639,6544,43,2,330.60
19640,6544,9,1,178.19
19641,6545,135,2,18.43
19642,6545,108,2,242.90 JOD
19643,6545,5,3,407.25
19644,6545,41,1,191.67
19645,6546,14,2,429.63
19646,6546,112,3,183.26
19647,6546,40,1,199.53
19648,6547,51,2,286.54
19649,6547,6,2,46.39
19650,6547,13,2,186.29
19651,6548,77,2,101.15
19652,6548,55,1,216.25
19653,6548,38,5,454.8
19654,6548,81,1,121.47
19655,6549,105,1,528.06
19656,6549,1,2,585.67
19657,6550,114,2,403.81
19658,6550,129,2,535.98
19659,6550,5,4,407.25
19660,6550,13,4,186.29
19661,6551,20,1,110.76
19662,6551,121,2,317.45
19663,6551,9999,1,190.97
19664,6551,17,1,185.99
19665,6552,51,1,162.13
19666,6553,58,1,109.02
19667,6553,27,5,112.66
19668,6553,40,5,199.53
19669,6553,103,2,256.01
19670,6553,60,2,16.37
19671,6554,94,1,389.5
19672,6554,76,5,$383.30
19673,6554,8,2,307.7
19674,6555,8,2,307.7
19675,6555,100,3,249.16
19676,6556,81,2,121.47
19677,6556,93,1,345.11
19678,6557,13,1,186.29
19679,6557,130,4,59.94
19680,6557,64,5,265.50
19681,6557,49,4,206.38
19682,6557,89,1,403.36
19683,6558,28,1,222.75
19684,6558,93,1,341.79
19685,6558,54,1,89.36
19686,6559,119,1,528.68
19687,6559,111,5,291.81
19688,6560,86,0,164.39
19689,6561,28,2,222.75
19690,6561,98,1,243.42
19691,6561,38,1,454.8
19692,6561,123,2,151.87
19693,6561,9999,1,347.56
19694,6562,120,3,201.77
19695,6562,89,-1,403.36
19696,6562,95,1,545.43
19697,6563,14,2,429.63
19698,6564,64,2,265.5
19699,6564,83,3,319.19
19700,6564,81,1,121.47
19701,6564,19,2,67.77
19702,6564,97,5,369.73
19703,6565,93,3,345.11
19704,6566,53,2,37.16
19705,6567,82,3,136.32
19706,6568,112,1,183.26
19707,6568,122,3,125.50
19708,6568,5,2,407.25
19709,6568,58,2,109.02
19710,6568,24,2,360.88
19711,6569,110,2,193.85
19712,6569,72,1,404.5
19713,6569,121,1,317.45
19714,6569,118,2,306.50
19715,6570,9999,2,183.26
19716,6570,91,1,156.77
19717,6570,129,2,535.98
19718,6571,112,1,183.26
19719,6571,36,3,19.30
19720,6571,63,1,575.86
19721,6571,68,1,304.43
19722,6571,38,3,454.8
19723,6572,61,1,101.6
19724,6573,45,1,415.91
19725,6573,26,3,264.67
19726,6573,38,5,642.62
19727,6573,134,4,40.0
19728,6574,113,5,191.78 JOD
19729,6574,49,1,206.38
19730,6575,123,1,151.87
19731,6575,55,1,216.25
19732,6575,74,1,42.92
19733,6576,19,4,67.77
19734,6576,118,2,306.5
19735,6576,102,0,169.19
19736,6577,17,-1,185.99
19737,6578,23,2,68.95
19738,6579,74,2,34.31
19739,6580,101,4,95.6
19740,6580,64,4,265.5
19741,6580,127,2,587.72
19742,6580,77,2,101.15
19743,6581,111,4,291.81
19744,6581,101,2,95.6
19745,6581,47,2,627.32
19746,6581,103,4,133.98
19747,6581,64,3,265.5
19748,6582,80,1,144.45
19749,6582,33,0,407.76
19750,6583,119,1,528.68
19751,6583,130,2,59.94
19752,6584,65,0,308.91
19753,6584,76,1,383.3
19754,6584,17,5,146.49
19755,6585,61,5,101.6
19756,6585,20,1,110.76
19757,6585,48,1,23.1
19758,6585,86,3,164.39
19759,6585,135,2,18.43
19760,6586,110,1,193.85
19761,6587,100,3,249.16
19762,6587,104,2,98.77
19763,6587,105,2,718.91
19764,6587,51,4,286.54
19765,6588,6,1,46.39
19766,6588,64,3,265.5
19767,6588,3,5,390.52
19768,6588,33,2,407.76
19769,6589,26,1,264.67
19770,6589,69,1,175.49
19771,6589,95,1,545.43
19772,6589,67,1,291.96
19773,6589,28,2,222.75
19774,6590,88,1,238.01
19775,6590,85,1,8.08
19776,6590,119,1,528.68
19777,6590,58,3,109.02
19778,6590,87,1,262.59
19779,6591,49,-1,206.38
19780,6591,65,4,308.91
19781,6591,9999,2,306.5
19782,6591,68,1,304.43
19783,6591,45,2,403.19
19784,6592,75,1,347.56
19785,6592,98,1,243.42
19786,6592,97,1,369.73
19787,6592,90,1,$56.52
19788,6592,127,1,587.72
19789,6593,22,4,36.29
19790,6593,128,5,369.54
19791,6593,38,1,454.8
19792,6593,33,2,407.76
19793,6594,36,1,19.3
19794,6594,106,2,252.84
19795,6594,88,1,238.01
19796,6594,115,1,302.06
19797,6595,65,1,308.91
19798,6595,46,4,136.73
19799,6595,136,2,314.21
19800,6595,135,3,18.43
19801,6595,77,1,101.15
19802,6596,49,1,$206.38
19803,6596,113,1,191.78
19804,6596,128,1,369.54
19805,6596,48,2,23.1
19806,6597,110,2,193.85
19807,6597,85,1,8.08
19808,6597,11,2,489.65
19809,6597,130,1,59.94
19810,6598,127,1,587.72
19811,6598,79,1,210.80
19812,6598,2,1,190.97
19813,6599,19,1,67.77
19814,6599,1,1,585.67
19815,6600,93,0,345.11
19816,6600,67,2,291.96
19817,6601,13,3,186.29
19818,6601,132,4,82.53
19819,6601,28,4,222.75
19820,6601,8,4,307.7
19821,6601,102,1,169.19
19822,6602,93,4,345.11
19823,6602,62,3,205.40
19824,6602,64,3,265.5
19825,6602,73,1,331.02
19826,6603,109,2,579.16
19827,6603,131,1,396.05
19828,6603,83,2,$319.19
19829,6603,65,1,308.91
19830,6604,84,1,259.29
19831,6604,92,1,436.6
19832,6604,136,1,$314.21
19833,6605,45,2,415.91
19834,6605,90,1,56.52
19835,6605,119,5,528.68
19836,6606,123,2,151.87
19837,6606,133,1,97.51
19838,6607,77,0,101.15
19839,6607,31,1,71.76
19840,6607,70,2,379.91
19841,6608,122,0,125.5
19842,6608,40,1,220.85
19843,6608,113,2,191.78
19844,6608,15,4,81.29 JOD
19845,6608,123,3,151.87
19846,6609,26,1,225.8
19847,6609,135,1,18.43
19848,6609,90,3,56.52
19849,6609,65,1,308.91
19850,6609,40,0,199.53
19851,6610,13,0,133.03
19852,6610,43,1,330.6
19853,6610,92,3,339.88
19854,6611,131,2,396.05
19855,6611,83,1,319.19
19856,6612,89,2,521.55
19857,6613,120,1,123.98
19858,6613,107,2,376.14
19859,6613,113,1,191.78
19860,6613,17,1,185.99
19861,6614,53,3,37.16
19862,6614,79,1,297.05
19863,6614,131,2,396.05
19864,6614,137,2,307.70
19865,6615,110,1,193.85
19866,6615,94,1,389.50
19867,6615,8,3,307.7
19868,6615,133,1,97.51
19869,6615,10,3,28.04
19870,6616,92,3,339.88
19871,6616,94,2,389.5
19872,6616,95,0,545.43
19873,6616,114,3,403.81
19874,6617,6,5,46.39
19875,6618,74,3,34.31
19876,6619,84,1,455.31
19877,6620,42,5,91.53
19878,6620,59,1,169.88
19879,6620,111,1,291.81
19880,6621,95,1,545.43
19881,6621,96,1,84.49
19882,6621,16,-1,148.16
19883,6621,98,2,243.42
19884,6621,10,4,28.04
19885,6622,94,1,389.5
19886,6622,126,1,200.63
19887,6622,44,1,106.04
19888,6623,119,2,528.68
19889,6624,124,1,58.04
19890,6625,31,2,71.76
19891,6626,54,1,89.36
19892,6626,46,1,136.73
19893,6626,99,1,204.07
19894,6626,73,1,331.02
19895,6627,126,1,200.63
19896,6627,31,1,71.76
19897,6627,116,1,516.4
19898,6627,5,4,407.25
19899,6628,129,1,483.03
19900,6628,71,1,374.89
19901,6629,91,1,243.25
19902,6629,5,1,407.25
19903,6629,78,3,121.77
19904,6630,21,3,14.38
19905,6630,3,5,390.52
19906,6630,66,3,231.0
19907,6631,28,1,222.75
19908,6631,27,-1,112.66
19909,6631,126,1,200.63
19910,6631,34,5,220.10
19911,6631,114,1,403.81
19912,6632,4,3,546.12
19913,6633,71,4,374.89
19914,6633,53,2,37.16
19915,6633,73,2,331.02
19916,6633,132,3,82.53
19917,6634,132,1,82.53
19918,6634,121,3,317.45
19919,6635,60,1,16.37
19920,6635,19,2,67.77
19921,6635,7,1,152.65
19922,6635,52,1,171.01
19923,6635,76,3,361.79
19924,6636,87,0,262.59
19925,6636,82,1,244.2
19926,6636,4,1,546.12
19927,6636,70,2,379.91
19928,6637,11,1,451.53
19929,6637,14,1,429.63
19930,6637,36,3,19.30
19931,6638,52,3,171.01
19932,6638,75,5,347.56
19933,6638,16,1,148.16
19934,6638,33,3,407.76
19935,6638,2,4,190.97
19936,6639,78,3,121.77
19937,6640,130,3,59.94
19938,6640,20,4,110.76
19939,6640,36,1,19.30
19940,6640,118,-1,306.5
19941,6641,16,0,113.10
19942,6642,21,4,14.38
19943,6643,38,-1,324.29
19944,6643,52,1,171.01
19945,6643,43,3,330.6
19946,6644,91,-1,243.25
19947,6644,102,3,169.19
19948,6644,52,5,171.01
19949,6644,105,3,528.06
19950,6644,63,2,575.86
19951,6645,127,1,587.72
19952,6645,101,2,95.60
19953,6645,103,3,244.50
19954,6646,110,1,275.23
19955,6647,83,3,319.19
19956,6648,60,-1,16.37
19957,6649,90,1,64.82
19958,6650,110,3,193.85
19959,6650,6,4,46.39
19960,6650,101,1,95.6
19961,6650,43,3,330.6
19962,6650,122,1,125.5
19963,6651,8,3,307.7
19964,6651,43,1,330.6
19965,6651,59,1,169.88
19966,6651,130,2,59.94
19967,6651,137,3,460.91
19968,6652,5,2,486.87
19969,6652,38,5,454.80
19970,6653,3,0,390.52
19971,6653,39,3,253.25 JOD
19972,6654,7,1,152.65
19973,6654,12,4,214.91
19974,6654,103,2,244.5
19975,6654,25,5,253.88
19976,6654,62,1,205.4
19977,6655,87,1,262.59
19978,6655,59,5,169.88
19979,6655,92,1,339.88
19980,6655,106,2,252.84
19981,6656,15,1,81.29
19982,6656,92,2,339.88
19983,6656,110,1,$193.85
19984,6657,132,1,59.05
19985,6658,51,4,286.54
19986,6659,62,1,205.4
19987,6659,4,3,546.12
19988,6659,132,1,$82.53
19989,6659,24,3,360.88
19990,6660,57,5,213.11
19991,6660,117,3,89.25
19992,6660,93,1,345.17
19993,6660,41,-1,191.67
19994,6661,106,2,252.84
19995,6662,12,1,214.91
19996,6662,7,3,152.65
19997,6662,52,1,171.01
19998,6662,137,3,307.7
19999,6662,111,3,$291.81
20000,6663,74,2,$34.31
20001,6663,58,1,109.02
20002,6663,106,2,252.84 JOD
20003,6663,17,3,229.36
20004,6663,115,3,302.06
20005,6664,7,2,$152.65
20006,6664,6,1,46.39
20007,6664,70,3,379.91
20008,6664,64,2,265.5
20009,6664,126,1,190.62
20010,6665,3,2,390.52
20011,6666,96,2,84.49
20012,6666,20,2,110.76
20013,6666,71,1,374.89
20014,6666,47,-1,627.32
20015,6667,3,1,390.52
20016,6668,85,3,5.67
20017,6668,87,2,262.59
20018,6668,94,1,389.5
20019,6668,76,2,383.3
20020,6668,92,3,339.88
20021,6669,102,3,169.19
20022,6669,24,0,360.88
20023,6669,103,1,289.87
20024,6669,115,3,302.06
20025,6669,3,2,390.52
20026,6670,9999,1,627.32
20027,6670,43,2,330.6
20028,6670,58,2,109.02
20029,6670,75,2,347.56
20030,6671,33,5,407.76
20031,6671,77,1,135.51
20032,6671,7,1,$152.65
20033,6672,44,2,106.04
20034,6672,109,1,579.16
20035,6673,9999,1,205.4
20036,6674,45,1,415.91
20037,6675,62,-1,254.61
20038,6676,118,1,306.50
20039,6676,55,1,216.25
20040,6676,84,1,455.31
20041,6676,101,1,95.6
20042,6676,100,5,249.16
20043,6677,50,0,397.99
20044,6678,71,1,374.89
20045,6678,24,1,360.88
20046,6678,104,-1,98.77
20047,6679,47,-1,627.32
20048,6679,131,1,396.05
20049,6679,9999,1,454.8
20050,6679,83,1,319.19
20051,6680,92,5,339.88
20052,6680,5,2,407.25
20053,6680,27,1,103.14
20054,6680,106,1,252.84
20055,6681,113,2,191.78
20056,6681,98,1,243.42
20057,6681,16,5,148.16
20058,6682,58,1,109.02
20059,6682,67,1,333.21
20060,6682,47,3,646.91
20061,6682,79,4,138.30
20062,6682,73,4,331.02
20063,6683,9,1,115.32
20064,6684,17,2,185.99
20065,6684,69,1,175.49
20066,6685,116,0,359.58
20067,6685,134,3,40.0
20068,6686,125,-1,552.19
20069,6687,112,3,183.26
20070,6687,132,1,82.53
20071,6687,100,3,249.16
20072,6687,60,0,16.37
20073,6688,115,3,302.06
20074,6688,74,1,34.31
20075,6688,80,1,144.45
20076,6689,129,1,535.98
20077,6689,7,1,207.20
20078,6689,5,1,407.25
20079,6689,101,1,95.6
20080,6690,80,2,144.45
20081,6691,58,3,109.02
20082,6691,41,-1,191.67
20083,6692,2,2,190.97
20084,6692,88,2,238.01
20085,6693,94,2,389.5
20086,6693,18,2,128.87
20087,6693,135,2,23.40
20088,6693,132,3,82.53
20089,6694,100,1,249.16
20090,6694,12,1,214.91
20091,6695,9999,3,339.88
20092,6696,107,1,376.14
20093,6696,40,5,199.53
20094,6696,9,5,178.19
20095,6697,136,2,314.21
20096,6697,54,-1,89.36
20097,6698,70,1,379.91
20098,6698,2,3,190.97
20099,6698,93,1,345.11
20100,6698,91,4,243.25
20101,6698,3,1,390.52
20102,6699,54,2,89.36
20103,6699,98,4,243.42
20104,6699,116,4,359.58
20105,6699,82,2,244.2
20106,6699,97,1,369.73
20107,6700,131,2,396.05
20108,6700,92,1,339.88
20109,6700,101,2,95.6
20110,6700,64,1,265.5
20111,6701,86,1,164.39
20112,6701,83,3,319.19
20113,6701,135,3,11.47
20114,6701,92,0,339.88
20115,6701,71,2,374.89
20116,6702,118,3,306.5
20117,6702,82,1,244.2
20118,6702,68,1,304.43
20119,6703,10,5,16.85
20120,6703,12,1,214.91
20121,6703,2,3,190.97
20122,6704,97,1,369.73
20123,6704,70,1,379.91
20124,6704,47,4,627.32
20125,6705,113,1,191.78
20126,6705,68,1,304.43
20127,6705,62,2,205.40
20128,6705,23,2,68.95
20129,6705,42,1,132.75
20130,6706,123,1,151.87
20131,6706,116,3,359.58
20132,6706,17,5,185.99
20133,6706,28,2,222.75
20134,6707,11,5,489.65
20135,6707,44,2,106.04
20136,6707,57,1,213.11
20137,6707,109,1,656.02
20138,6707,20,-1,110.76
20139,6708,127,1,587.72
20140,6709,15,2,81.29
20141,6709,99,1,140.32
20142,6709,122,1,125.5
20143,6709,92,0,339.88
20144,6709,129,2,535.98
20145,6710,57,1,213.11
20146,6710,5,4,407.25
20147,6710,53,1,37.16
20148,6711,50,1,397.99
20149,6711,79,2,210.8
20150,6711,4,2,546.12
20151,6711,48,3,23.1
20152,6711,64,1,265.5
20153,6712,113,1,151.86
20154,6712,104,3,98.77
20155,6712,128,2,369.54
20156,6712,59,1,169.88
20157,6712,117,0,143.1
20158,6713,97,4,369.73
20159,6713,25,5,253.88
20160,6714,92,4,250.51
20161,6714,77,2,$101.15
20162,6714,119,4,389.09
20163,6714,41,0,191.67
20164,6714,51,5,286.54
20165,6715,71,1,374.89
20166,6715,41,1,191.67
20167,6715,109,1,579.16
20168,6716,113,5,191.78
20169,6716,30,5,43.65 JOD
20170,6716,27,3,112.66
20171,6716,103,1,200.67
20172,6717,94,1,389.5
20173,6717,68,1,304.43
20174,6718,35,2,152.88
20175,6719,91,0,$200.62
20176,6719,43,4,330.6
20177,6719,72,4,404.5
20178,6720,57,2,213.11
20179,6721,97,1,369.73
20180,6721,47,1,627.32
20181,6722,42,1,91.53
20182,6722,86,3,164.39
20183,6722,75,0,347.56
20184,6722,83,2,319.19
20185,6722,5,1,407.25
20186,6723,66,0,231.0
20187,6724,101,1,95.6
20188,6724,56,1,31.92
20189,6724,108,0,242.90
20190,6724,65,1,266.13
20191,6724,130,1,59.94
20192,6725,2,1,190.97
20193,6725,133,1,97.51
20194,6725,98,1,243.42
20195,6726,61,1,101.60
20196,6726,81,4,121.47
20197,6727,11,2,489.65
20198,6727,67,1,291.96
20199,6727,39,1,327.22
20200,6727,95,3,545.43
20201,6727,31,5,71.76
20202,6728,65,4,308.91
20203,6728,78,2,121.77
20204,6728,28,1,222.75
20205,6728,126,-1,200.63
20206,6728,43,5,330.6
20207,6729,46,0,136.73
20208,6729,96,1,84.49
20209,6729,15,2,81.29
20210,6729,131,2,396.05
20211,6729,116,1,359.58
20212,6730,14,1,429.63
20213,6731,64,2,265.5
20214,6731,96,3,84.49
20215,6731,22,2,36.29
20216,6731,38,2,454.8
20217,6731,89,2,403.36
20218,6732,105,2,528.06 JOD
20219,6732,33,3,407.76
20220,6732,19,2,67.77
20221,6732,92,1,218.81
20222,6732,8,2,307.70
20223,6733,29,3,181.96
20224,6734,91,1,243.25
20225,6734,22,1,36.29
20226,6734,77,1,62.47
20227,6734,23,1,68.95
20228,6734,35,3,152.88
20229,6735,86,5,164.39
20230,6735,119,2,337.85
20231,6736,7,4,152.65
20232,6736,16,5,148.16
20233,6736,134,2,40.00
20234,6736,67,4,291.96
20235,6736,78,1,121.77
20236,6737,98,2,243.42
20237,6737,102,3,169.19
20238,6737,55,3,216.25
20239,6737,66,1,231.00 JOD
20240,6737,94,5,277.7
20241,6738,120,1,201.77
20242,6738,77,0,101.15
20243,6738,25,3,253.88
20244,6738,69,2,175.49
20245,6739,87,5,262.59
20246,6739,57,2,213.11
20247,6739,131,1,$396.05
20248,6740,54,1,89.36
20249,6741,68,3,304.43
20250,6741,23,1,68.95
20251,6741,124,1,58.04
20252,6741,51,1,286.54
20253,6741,96,3,84.49
20254,6742,80,4,144.45
20255,6742,20,2,110.76
20256,6742,116,-1,359.58
20257,6742,42,1,91.53
20258,6742,73,4,331.02
20259,6743,89,1,403.36
20260,6743,29,4,181.96
20261,6744,11,1,489.65
20262,6744,134,2,$40.00
20263,6744,35,4,152.88
20264,6745,33,1,407.76
20265,6745,68,2,304.43
20266,6745,66,3,231.0
20267,6745,127,0,587.72
20268,6745,30,2,43.65
20269,6746,86,1,164.39
20270,6746,58,3,109.02
20271,6746,128,1,369.54
20272,6746,125,2,552.19
20273,6746,101,1,95.6
20274,6747,24,1,360.88
20275,6748,110,-1,193.85
20276,6748,85,0,8.08
20277,6748,119,5,528.68
20278,6749,65,2,308.91
20279,6749,120,2,201.77
20280,6749,70,1,379.91
20281,6749,5,1,407.25
20282,6750,119,1,651.26
20283,6750,44,1,128.94
20284,6750,71,1,374.89
20285,6751,122,2,125.5
20286,6751,31,0,71.76
20287,6752,129,2,535.98
20288,6752,35,1,152.88
20289,6752,84,1,507.36
20290,6752,132,1,82.53
20291,6753,100,1,249.16
20292,6753,111,3,291.81
20293,6753,99,1,140.32
20294,6754,60,3,16.37
20295,6755,4,1,283.56
20296,6755,46,1,136.73
20297,6755,123,2,151.87
20298,6755,94,1,389.5
20299,6755,110,1,125.98
20300,6756,10,2,40.31
20301,6756,76,1,383.30
20302,6756,40,1,215.26
20303,6757,55,2,216.25
20304,6757,7,1,152.65
20305,6757,1,2,589.59
20306,6757,27,3,112.66
20307,6758,9999,2,198.71
20308,6758,125,1,$552.19
20309,6759,95,3,545.43
20310,6760,102,3,98.79
20311,6760,67,2,291.96
20312,6761,2,3,259.95
20313,6761,62,1,205.4
20314,6761,66,3,240.46
20315,6761,31,2,71.76
20316,6762,19,1,67.77
20317,6763,30,2,43.65
20318,6763,80,2,144.45
20319,6764,60,1,16.37
20320,6765,35,1,152.88
20321,6766,32,2,105.62
20322,6766,66,2,231.00
20323,6766,41,4,191.67
20324,6767,23,5,68.95
20325,6767,102,2,169.19
20326,6767,106,2,252.84
20327,6767,8,2,307.70
20328,6767,132,1,82.53
20329,6768,12,1,244.44
20330,6768,23,2,68.95
20331,6768,15,2,81.29
20332,6768,57,1,213.11
20333,6768,22,3,36.29
20334,6769,128,1,369.54
20335,6770,75,1,347.56
20336,6771,103,1,244.5
20337,6771,127,1,587.72
20338,6771,8,1,307.7
20339,6771,33,2,407.76
20340,6772,36,4,21.60
20341,6772,13,4,186.29
20342,6773,64,-1,265.5
20343,6773,21,0,14.38
20344,6773,86,2,164.39
20345,6773,36,4,23.42
20346,6773,68,2,304.43
20347,6774,53,2,37.16
20348,6774,83,1,319.19
20349,6774,85,3,8.08
20350,6774,106,1,
20351,6775,131,1,396.05
20352,6776,126,1,200.63
20353,6776,53,2,37.16
20354,6777,6,1,46.39
20355,6777,9999,1,253.25
20356,6777,31,0,71.76
20357,6777,111,2,291.81
20358,6778,9,1,178.19
20359,6779,8,3,307.7
20360,6779,5,5,407.25
20361,6780,102,2,169.19
20362,6780,125,-1,552.19
20363,6780,55,1,216.25
20364,6780,23,1,68.95
20365,6781,132,1,$82.53
20366,6781,48,3,13.0
20367,6781,122,1,125.5
20368,6781,62,4,195.12
20369,6782,13,1,186.29
20370,6782,111,-1,291.81
20371,6782,56,1,31.92
20372,6782,88,1,238.01
20373,6783,26,1,237.42
20374,6783,33,2,407.76
20375,6783,86,2,164.39
20376,6783,112,1,183.26
20377,6784,42,2,96.48
20378,6785,107,1,376.14
20379,6785,62,2,205.4
20380,6785,66,1,231.00
20381,6785,76,1,383.30
20382,6785,32,1,105.62
20383,6786,43,-1,330.6
20384,6786,131,2,396.05
20385,6786,45,2,562.32
20386,6786,69,0,164.1
20387,6787,82,2,244.20 JOD
20388,6788,49,1,207.60
20389,6788,35,1,152.88
20390,6788,76,3,383.3
20391,6789,3,3,390.52
20392,6789,104,1,98.77
20393,6790,122,1,
20394,6790,11,0,489.65
20395,6791,77,1,101.15
20396,6791,35,2,152.88
20397,6791,5,1,407.25
20398,6792,6,2,46.39
20399,6792,35,1,152.88
20400,6792,105,1,528.06
20401,6793,114,3,403.81
20402,6793,54,1,89.36
20403,6793,73,1,331.02 JOD
20404,6793,66,3,214.34
20405,6794,100,0,249.16
20406,6794,24,1,360.88
20407,6795,63,1,349.23
20408,6795,93,2,345.11
20409,6795,13,0,186.29
20410,6795,131,4,396.05
20411,6795,79,1,210.8
20412,6796,133,1,116.74
20413,6797,97,1,$369.73
20414,6797,46,1,136.73
20415,6797,4,2,
20416,6797,34,1,220.1
20417,6798,95,1,545.43
20418,6798,57,3,213.11
20419,6798,63,2,564.59
20420,6798,115,3,302.06
20421,6798,39,1,253.25
20422,6799,127,1,587.72
20423,6800,36,1,19.3
20424,6801,2,4,190.97
20425,6801,50,2,397.99
20426,6801,6,4,46.39
20427,6802,66,3,231.00
20428,6802,131,2,396.05
20429,6803,136,2,208.96
20430,6803,129,2,535.98
20431,6804,127,4,587.72
20432,6804,71,1,374.89
20433,6804,73,2,331.02
20434,6804,90,3,56.52
20435,6805,76,1,383.3
20436,6806,54,1,89.36
20437,6806,77,2,101.15
20438,6807,94,2,517.93
20439,6807,123,1,151.87
20440,6807,72,3,404.5
20441,6808,112,5,183.26
20442,6808,77,3,78.94
20443,6808,2,3,190.97
20444,6809,97,3,369.73
20445,6809,96,1,59.86
20446,6809,116,1,359.58
20447,6809,29,2,181.96
20448,6810,49,3,206.38
20449,6811,118,2,373.50
20450,6811,93,2,345.11
20451,6811,41,1,191.67
20452,6811,65,2,$308.91
20453,6812,97,2,369.73
20454,6812,33,2,407.76
20455,6812,101,2,95.60
20456,6813,65,5,308.91
20457,6813,51,2,286.54
20458,6814,22,2,22.97
20459,6814,86,4,164.39
20460,6814,136,2,314.21
20461,6814,58,4,109.02
20462,6814,81,4,121.47
20463,6815,86,1,164.39
20464,6815,59,1,169.88
20465,6815,29,3,181.96
20466,6815,62,3,205.4
20467,6815,60,2,16.37
20468,6816,16,1,$148.16
20469,6816,112,4,183.26
20470,6816,106,1,252.84
20471,6816,110,-1,193.85
20472,6816,8,2,307.70
20473,6817,10,3,28.04
20474,6817,133,1,97.51
20475,6817,20,3,110.76
20476,6818,57,3,213.11
20477,6818,74,1,34.31
20478,6818,111,1,291.81
20479,6819,123,3,151.87
20480,6820,37,2,
20481,6820,84,1,455.31
20482,6820,88,1,238.01
20483,6820,1,2,585.67
20484,6821,131,1,396.05
20485,6821,26,4,264.67
20486,6821,111,1,$291.81
20487,6822,55,0,216.25
20488,6822,35,1,152.88
20489,6822,107,3,376.14
20490,6822,132,2,$82.53
20491,6822,84,1,455.31
20492,6823,115,4,302.06
20493,6823,47,2,627.32
20494,6823,100,2,249.16
20495,6823,98,2,243.42
20496,6823,14,2,429.63
20497,6824,39,5,253.25 JOD
20498,6825,84,1,455.31
20499,6825,130,1,59.94
20500,6825,2,1,190.97
20501,6825,136,1,292.47
20502,6825,82,1,244.2
20503,6826,59,3,169.88 JOD
20504,6826,118,1,306.50
20505,6826,97,3,369.73
20506,6826,106,2,252.84
20507,6827,20,4,110.76
20508,6827,9,2,178.19
20509,6827,23,1,$97.46
20510,6827,113,5,191.78
20511,6827,12,1,214.91
20512,6828,90,4,56.52
20513,6829,35,1,152.88
20514,6830,120,2,201.77
20515,6830,121,2,317.45
20516,6831,66,2,231.0
20517,6831,11,3,489.65
20518,6831,93,3,345.11
20519,6831,2,3,190.97
20520,6831,13,1,143.38
20521,6832,71,1,374.89
20522,6832,64,5,265.5
20523,6832,83,1,319.19
20524,6833,107,2,376.14
20525,6833,97,-1,369.73
20526,6833,1,1,585.67
20527,6833,10,4,16.83
20528,6833,25,5,253.88
20529,6834,74,1,34.31
20530,6834,22,1,40.24
20531,6834,84,1,455.31
20532,6834,57,1,213.11
20533,6835,43,1,330.6
20534,6835,58,1,109.02
20535,6836,71,1,374.89
20536,6836,119,2,528.68
20537,6837,24,1,360.88
20538,6837,2,1,190.97
20539,6838,123,1,151.87
20540,6838,73,1,331.02
20541,6838,65,5,308.91
20542,6838,81,3,121.47
20543,6839,8,1,307.7
20544,6839,1,0,839.63
20545,6839,54,4,89.36
20546,6839,35,3,152.88
20547,6839,75,1,347.56
20548,6840,131,2,541.25
20549,6840,49,1,206.38
20550,6841,72,2,404.50
20551,6841,120,1,201.77
20552,6841,132,3,82.53
20553,6841,112,1,183.26
20554,6841,124,1,$58.04
20555,6842,77,1,101.15
20556,6842,118,1,306.5
20557,6842,34,1,220.10
20558,6842,27,4,112.66
20559,6842,135,2,18.43
20560,6843,108,3,242.9
20561,6844,86,1,164.39
20562,6844,104,0,98.77
20563,6844,41,1,201.90
20564,6844,101,1,95.6
20565,6845,46,5,136.73
20566,6845,52,1,171.01
20567,6845,32,5,105.62
20568,6846,93,4,345.11
20569,6846,8,1,307.7
20570,6847,63,1,575.86
20571,6847,2,1,190.97
20572,6847,48,1,23.10
20573,6848,27,2,112.66
20574,6849,40,2,199.53
20575,6849,57,2,213.11
20576,6849,91,2,243.25
20577,6849,6,1,46.39
20578,6849,77,1,101.15
20579,6850,34,1,220.1
20580,6850,135,1,18.43
20581,6850,103,1,244.5
20582,6850,61,5,101.6
20583,6851,29,3,181.96
20584,6851,49,3,206.38
20585,6851,45,2,415.91
20586,6851,118,1,306.50
20587,6851,1,1,585.67
20588,6852,110,1,193.85
20589,6852,114,1,403.81
20590,6852,39,2,253.25
20591,6852,45,1,254.74
20592,6852,9999,1,171.01 JOD
20593,6853,111,1,343.67
20594,6853,61,4,101.6
20595,6853,67,3,291.96
20596,6853,20,3,110.76
20597,6853,103,2,244.5
20598,6854,45,1,
20599,6854,2,1,190.97
20600,6854,128,4,369.54
20601,6855,102,1,169.19
20602,6855,29,4,181.96
20603,6855,69,3,175.49
20604,6855,55,2,216.25
20605,6855,32,0,105.62
20606,6856,21,1,14.38
20607,6856,54,3,89.36
20608,6856,120,3,201.77
20609,6856,90,2,56.52
20610,6856,63,3,575.86
20611,6857,111,2,291.81
20612,6857,105,3,528.06
20613,6858,118,3,306.50
20614,6859,98,1,243.42
20615,6859,27,2,112.66
20616,6859,111,2,291.81
20617,6860,28,1,222.75
20618,6861,134,2,40.0
20619,6861,135,2,18.43
20620,6861,99,1,140.32
20621,6861,35,2,152.88
20622,6862,74,3,34.31 JOD
20623,6862,33,1,407.76
20624,6862,36,4,19.3
20625,6862,28,4,222.75
20626,6862,48,3,23.1
20627,6863,84,1,455.31
20628,6864,95,0,545.43
20629,6864,29,3,181.96
20630,6864,17,2,185.99
20631,6864,14,4,429.63
20632,6865,81,-1,121.47
20633,6866,106,1,194.69
20634,6866,22,5,41.4
20635,6866,11,2,489.65
20636,6866,36,2,$23.61
20637,6867,93,1,468.85
20638,6867,42,1,91.53
20639,6867,96,3,77.63
20640,6867,58,3,156.31
20641,6868,10,1,28.04
20642,6868,123,3,151.87
20643,6868,32,2,152.47
20644,6868,39,4,253.25
20645,6869,15,2,68.65
20646,6869,9,1,178.19
20647,6870,85,1,8.08
20648,6871,4,2,546.12
20649,6871,35,1,152.88
20650,6871,102,1,169.19
20651,6871,111,3,291.81
20652,6871,95,2,545.43
20653,6872,108,0,242.9
20654,6873,89,3,403.36
20655,6873,25,0,253.88
20656,6873,120,2,158.60
20657,6874,42,1,91.53
20658,6874,76,3,$383.30
20659,6874,82,1,244.20
20660,6874,57,-1,213.11
20661,6875,22,1,36.29
20662,6875,79,2,210.8
20663,6875,9999,4,106.04
20664,6876,123,1,
20665,6876,16,2,137.89
20666,6876,5,3,407.25
20667,6876,34,1,220.1
20668,6877,21,2,14.38
20669,6877,12,1,214.91
20670,6877,66,2,231.00
20671,6878,43,4,330.60
20672,6878,7,2,152.65
20673,6878,82,2,244.20
20674,6879,52,2,126.62
20675,6879,9,1,93.55
20676,6879,62,1,149.12
20677,6879,13,2,186.29
20678,6879,30,1,43.65
20679,6880,8,1,307.7
20680,6880,4,3,779.74
20681,6880,116,2,359.58
20682,6880,51,2,286.54
20683,6881,59,4,169.88
20684,6882,24,1,360.88
20685,6882,61,1,101.6
20686,6883,130,1,59.94
20687,6884,63,1,607.98
20688,6884,30,2,43.65
20689,6884,111,0,291.81
20690,6884,123,2,170.75
20691,6885,11,4,489.65
20692,6885,131,3,396.05
20693,6886,14,4,429.63
20694,6886,41,1,191.67
20695,6886,111,2,291.81
20696,6887,57,3,213.11
20697,6887,20,3,110.76
20698,6887,47,1,627.32
20699,6888,41,1,191.67
20700,6888,38,1,242.05
20701,6888,17,2,185.99
20702,6889,112,4,183.26 JOD
20703,6890,33,4,250.5
20704,6890,27,1,112.66
20705,6890,44,1,106.04
20706,6890,136,2,314.21
20707,6891,95,1,545.43
20708,6892,137,3,307.70
20709,6893,32,1,105.62
20710,6894,107,4,376.14
20711,6894,113,0,191.78
20712,6894,45,2,415.91
20713,6894,75,2,347.56
20714,6895,124,3,58.04
20715,6895,66,1,231.0
20716,6895,32,2,105.62
20717,6895,99,3,140.32
20718,6896,92,2,339.88
20719,6896,53,1,37.16
20720,6896,103,3,244.50
20721,6897,116,0,359.58
20722,6897,54,1,$89.36
20723,6898,9,3,178.19
20724,6898,71,5,374.89
20725,6898,113,1,212.66
20726,6899,79,4,210.8
20727,6899,2,1,190.97
20728,6899,119,3,528.68
20729,6900,36,1,19.3
20730,6900,70,1,379.91
20731,6901,55,2,216.25
20732,6901,5,1,$407.25
20733,6901,106,1,252.84
20734,6901,64,1,265.5
20735,6901,116,1,359.58
20736,6902,26,2,259.92
20737,6902,89,0,403.36
20738,6902,43,1,330.6
20739,6902,38,3,454.8
20740,6902,28,2,222.75
20741,6903,51,3,192.81
20742,6903,113,2,191.78
20743,6904,129,1,585.74
20744,6904,22,3,36.29
20745,6904,64,3,265.50
20746,6904,86,2,164.39
20747,6905,14,1,429.63
20748,6905,125,1,552.19
20749,6905,53,1,37.16
20750,6906,84,2,569.74
20751,6906,119,1,528.68
20752,6906,17,0,102.51
20753,6907,77,2,101.15
20754,6907,110,1,193.85
20755,6907,33,2,
20756,6907,9999,1,239.54
20757,6907,25,4,253.88
20758,6908,58,3,109.02
20759,6908,97,2,369.73
20760,6908,2,1,190.97
20761,6908,99,3,140.32
20762,6908,67,1,151.55
20763,6909,101,4,95.6
20764,6909,30,2,43.65
20765,6909,37,2,241.65
20766,6910,94,2,389.5
20767,6910,19,4,67.77
20768,6910,68,2,304.43
20769,6910,95,5,545.43
20770,6910,122,1,125.5
20771,6911,9999,3,286.54
20772,6911,92,1,339.88
20773,6912,118,3,306.5
20774,6912,16,1,148.16
20775,6912,21,1,14.38
20776,6913,105,4,528.06
20777,6914,129,1,535.98
20778,6914,97,1,369.73
20779,6914,74,1,34.31
20780,6914,78,3,121.77
20781,6915,48,2,23.1
20782,6915,77,4,101.15
20783,6915,9999,3,220.1
20784,6915,103,2,244.50
20785,6916,5,1,407.25
20786,6917,130,3,59.94
20787,6917,52,4,171.01
20788,6917,50,2,397.99
20789,6917,115,1,302.06
20790,6917,42,2,91.53
20791,6918,65,1,308.91
20792,6918,96,2,50.02
20793,6918,124,2,58.04
20794,6918,85,3,8.08
20795,6919,32,0,105.62
20796,6920,97,5,369.73
20797,6921,125,1,552.19
20798,6921,61,4,$101.60
20799,6922,84,1,455.31
20800,6922,118,1,306.50 JOD
20801,6922,66,1,231.0
20802,6923,14,3,429.63
20803,6924,7,2,152.65
20804,6924,91,5,$243.25
20805,6924,16,5,148.16 JOD
20806,6924,116,2,359.58
20807,6925,45,2,415.91
20808,6925,88,1,238.01
20809,6926,116,1,359.58
20810,6926,29,1,181.96
20811,6927,97,3,369.73
20812,6928,111,2,291.81
20813,6928,55,-1,303.28
20814,6929,23,1,68.95
20815,6929,5,2,282.12
20816,6930,130,5,59.94
20817,6931,3,1,390.52
20818,6931,25,2,253.88
20819,6931,86,1,164.39
20820,6932,105,3,528.06
20821,6932,39,1,253.25
20822,6932,35,2,152.88
20823,6933,9999,1,454.8
20824,6933,81,3,121.47 JOD
20825,6933,25,1,253.88
20826,6933,29,1,129.28
20827,6934,137,1,307.7
20828,6934,29,2,181.96
20829,6934,116,2,359.58
20830,6934,47,1,627.32
20831,6934,94,2,504.81
20832,6935,127,3,587.72
20833,6935,24,1,360.88
20834,6935,109,1,579.16
20835,6935,115,4,302.06
20836,6935,100,3,265.9
20837,6936,14,4,429.63
20838,6937,13,1,186.29
20839,6938,23,2,68.95
20840,6938,75,2,347.56
20841,6938,84,2,455.31
20842,6938,81,3,121.47
20843,6939,87,2,262.59
20844,6939,2,3,117.05
20845,6939,50,2,397.99
20846,6939,19,1,57.36
20847,6940,10,3,$28.04
20848,6940,128,4,369.54
20849,6940,5,3,407.25
20850,6940,24,2,
20851,6940,23,4,68.95
20852,6941,30,2,43.65
20853,6941,90,1,56.52
20854,6942,35,1,184.62
20855,6943,96,2,84.49
20856,6943,127,1,587.72
20857,6944,121,1,317.45
20858,6944,27,1,112.66
20859,6945,6,4,46.39
20860,6946,10,4,28.04
20861,6947,75,0,347.56
20862,6948,98,1,243.42
20863,6948,32,3,105.62
20864,6948,40,1,$199.53
20865,6949,127,1,587.72
20866,6949,103,2,244.5
20867,6949,51,2,286.54
20868,6949,70,2,379.91
20869,6949,2,0,190.97
20870,6950,63,2,575.86
20871,6950,106,3,252.84
20872,6950,42,1,91.53
20873,6950,13,3,186.29
20874,6950,110,2,193.85
20875,6951,53,4,37.16
20876,6951,18,5,128.87
20877,6951,8,2,307.7
20878,6952,88,2,238.01
20879,6953,91,1,243.25
20880,6953,92,3,339.88
20881,6953,46,2,136.73
20882,6953,83,1,319.19
20883,6954,119,5,528.68
20884,6954,52,1,171.01
20885,6955,68,2,304.43
20886,6955,4,1,546.12
20887,6955,94,1,389.5
20888,6955,52,4,171.01
20889,6955,136,3,314.21
20890,6956,120,3,201.77
20891,6956,12,3,214.91
20892,6957,23,1,68.95
20893,6957,118,1,306.5
20894,6957,83,1,319.19
20895,6957,15,1,81.29
20896,6957,106,1,252.84
20897,6958,107,3,376.14
20898,6958,31,2,71.76
20899,6958,121,2,317.45
20900,6959,103,0,244.5
20901,6959,122,1,125.50
20902,6959,31,1,71.76
20903,6959,45,2,$415.91
20904,6960,98,4,243.42
20905,6960,78,4,$121.77
20906,6960,48,1,23.1
20907,6960,107,4,376.14
20908,6960,18,4,128.87
20909,6961,120,-1,214.53
20910,6962,73,3,331.02
20911,6963,44,2,106.04
20912,6963,53,2,37.16
20913,6963,52,2,171.01
20914,6964,110,1,193.85
20915,6965,117,2,153.05
20916,6965,119,1,528.68
20917,6966,97,2,369.73
20918,6966,17,2,185.99
20919,6967,86,1,164.39
20920,6967,69,5,175.49
20921,6967,36,1,19.3
20922,6967,116,0,334.74
20923,6968,3,1,390.52
20924,6968,2,2,190.97
20925,6968,38,4,454.80
20926,6968,93,1,345.11
20927,6968,130,1,59.94
20928,6969,137,2,283.69
20929,6969,4,5,$546.12
20930,6969,10,2,28.04
20931,6970,127,1,
20932,6971,78,2,121.77
20933,6971,129,3,535.98
20934,6972,16,2,148.16
20935,6972,56,3,31.92
20936,6972,119,0,528.68
20937,6973,1,2,771.2
20938,6973,4,2,546.12
20939,6973,52,1,171.01
20940,6973,76,1,383.3
20941,6973,15,3,81.29
20942,6974,8,2,307.7
20943,6974,45,2,415.91
20944,6974,9,4,178.19
20945,6974,50,2,397.99
20946,6975,45,1,415.91
20947,6975,119,4,528.68
20948,6975,81,1,121.47
20949,6975,86,2,228.98
20950,6976,75,2,347.56
20951,6976,9,5,178.19
20952,6977,136,1,376.23
20953,6978,40,1,199.53
20954,6979,120,0,201.77
20955,6979,116,3,359.58
20956,6979,136,5,314.21
20957,6980,1,2,585.67
20958,6981,97,3,369.73
20959,6982,81,1,121.47
20960,6983,82,5,244.2
20961,6983,79,1,210.8
20962,6983,84,2,455.31
20963,6984,31,1,71.76
20964,6984,9999,1,110.76
20965,6984,25,2,253.88
20966,6984,67,1,291.96
20967,6985,135,3,18.43
20968,6985,37,2,241.65 JOD
20969,6985,86,5,164.39
20970,6986,30,5,43.65
20971,6987,108,3,242.90
20972,6987,69,3,175.49
20973,6987,39,1,253.25
20974,6987,5,1,301.48
20975,6987,24,1,360.88
20976,6988,81,2,121.47
20977,6989,7,1,152.65
20978,6989,65,-1,308.91
20979,6989,137,2,307.7
20980,6989,36,1,25.91
20981,6990,118,1,306.50
20982,6990,65,-1,308.91
20983,6991,91,3,243.25
20984,6991,48,2,23.1
20985,6991,37,3,241.65
20986,6991,35,3,180.81
20987,6992,48,1,16.61
20988,6992,55,1,216.25
20989,6992,121,1,317.45
20990,6992,115,1,302.06
20991,6992,43,2,
20992,6993,89,0,400.69
20993,6994,1,5,585.67
20994,6994,8,2,248.88
20995,6994,53,3,37.16
20996,6994,130,2,59.94
20997,6994,47,0,627.32
20998,6995,104,5,98.77
20999,6995,120,0,201.77
21000,6995,65,1,308.91
21001,6995,15,1,81.29
21002,6996,99,1,140.32
21003,6996,70,3,379.91
21004,6996,123,2,151.87
21005,6996,17,-1,185.99
21006,6996,69,2,175.49
21007,6997,85,1,8.08
21008,6997,25,1,253.88
21009,6997,42,3,91.53
21010,6998,97,0,369.73
21011,6998,43,1,330.60
21012,6998,125,-1,552.19
21013,6998,99,4,140.32
21014,6998,10,5,28.04
21015,6999,91,1,243.25
21016,6999,50,1,397.99
21017,7000,11,1,$489.65
21018,7001,65,4,308.91
21019,7002,76,1,245.19
21020,7002,59,3,169.88
21021,7002,135,1,$24.45
21022,7002,88,1,238.01
21023,7002,55,2,$216.25
21024,7003,53,1,37.16
21025,7003,4,1,546.12
21026,7003,97,1,369.73
21027,7003,14,2,429.63
21028,7004,73,1,331.02
21029,7004,57,1,213.11
21030,7004,85,1,8.08
21031,7004,97,-1,369.73
21032,7004,67,1,291.96
21033,7005,24,1,360.88
21034,7005,46,1,136.73 JOD
21035,7006,136,1,$314.21
21036,7006,29,0,$181.96
21037,7007,117,1,143.1
21038,7007,34,2,220.10
21039,7007,60,2,16.37
21040,7008,64,1,265.5
21041,7009,19,1,67.77
21042,7009,12,-1,214.91
21043,7010,75,5,347.56
21044,7010,69,1,175.49
21045,7010,132,2,82.53
21046,7010,6,5,46.39
21047,7010,107,1,376.14
21048,7011,13,1,186.29
21049,7011,106,2,252.84
21050,7011,75,1,289.84
21051,7011,107,1,376.14
21052,7012,107,2,376.14
21053,7012,29,2,181.96
21054,7013,128,0,369.54
21055,7013,9999,1,107.3
21056,7013,71,1,374.89
21057,7013,9,1,178.19
21058,7013,133,-1,97.51
21059,7014,20,3,110.76
21060,7015,134,1,40.0
21061,7016,116,1,359.58
21062,7016,32,1,105.62
21063,7016,93,1,345.11
21064,7016,43,1,330.6
21065,7017,17,2,185.99
21066,7018,50,2,397.99
21067,7018,98,1,243.42
21068,7018,15,1,81.29
21069,7019,79,4,253.69
21070,7019,66,0,231.0
21071,7019,57,1,214.22
21072,7019,67,4,291.96
21073,7020,63,1,575.86
21074,7020,105,1,528.06
21075,7020,20,5,110.76
21076,7020,136,1,314.21
21077,7020,97,5,369.73
21078,7021,11,1,267.14
21079,7021,44,2,106.04
21080,7021,67,1,
21081,7021,20,3,132.94
21082,7022,49,1,206.38
21083,7022,27,2,112.66
21084,7022,64,3,265.5
21085,7022,55,1,216.25
21086,7023,14,1,429.63
21087,7024,84,2,455.31
21088,7024,114,1,403.81
21089,7024,25,1,253.88
21090,7024,77,2,101.15
21091,7024,65,1,308.91
21092,7025,42,-1,91.53
21093,7025,43,1,330.6
21094,7026,23,3,68.95
21095,7026,22,4,36.29
21096,7026,69,2,175.49
21097,7027,18,1,128.87
21098,7027,19,2,67.77
21099,7027,70,4,379.91
21100,7027,83,1,319.19
21101,7027,111,3,291.81
21102,7028,55,1,283.24
21103,7028,32,2,105.62
21104,7028,48,2,23.1
21105,7028,52,2,171.01
21106,7029,94,2,312.05
21107,7029,48,0,23.10
21108,7029,133,2,97.51
21109,7029,15,1,81.29
21110,7030,34,4,220.10
21111,7031,36,1,19.3
21112,7032,112,2,183.26
21113,7032,6,3,46.39
21114,7032,103,2,244.5
21115,7032,110,1,193.85
21116,7033,101,2,95.6
21117,7034,109,2,579.16
21118,7034,27,2,112.66
21119,7034,35,3,152.88
21120,7034,61,2,101.6
21121,7035,39,1,158.24
21122,7036,68,2,304.43
21123,7036,54,1,89.36
21124,7036,127,2,587.72
21125,7036,136,1,314.21
21126,7037,124,-1,58.04
21127,7037,51,1,286.54
21128,7038,123,2,151.87
21129,7038,99,1,$140.32
21130,7039,28,5,222.75
21131,7039,134,1,40.00
21132,7040,45,2,415.91
21133,7040,55,1,216.25
21134,7040,42,4,48.88
21135,7040,1,3,$309.95
21136,7040,125,2,552.19 JOD
21137,7041,87,3,262.59
21138,7041,98,1,243.42
21139,7041,63,1,$575.86
21140,7041,29,1,181.96
21141,7042,3,4,390.52
21142,7042,133,3,97.51
21143,7043,128,4,369.54
21144,7043,9999,0,244.5
21145,7043,86,3,164.39
21146,7043,95,4,545.43
21147,7043,49,1,206.38
21148,7044,62,2,273.93
21149,7044,86,4,164.39
21150,7044,57,1,$154.74
21151,7044,76,2,$383.30
21152,7045,30,1,43.65
21153,7045,124,-1,58.04 JOD
21154,7045,59,1,169.88
21155,7046,136,2,314.21
21156,7047,87,5,262.59
21157,7047,77,3,142.71
21158,7047,110,2,256.66
21159,7047,7,1,152.65
21160,7047,99,1,140.32
21161,7048,131,1,228.88
21162,7048,117,5,143.10
21163,7048,135,3,10.23
21164,7048,87,3,262.59
21165,7049,118,1,306.50
21166,7049,101,3,95.6
21167,7049,7,5,201.29
21168,7049,58,3,109.02
21169,7050,3,1,390.52
21170,7050,71,1,374.89
21171,7050,95,1,545.43
21172,7051,5,5,407.25
21173,7051,4,3,546.12
21174,7051,121,3,317.45
21175,7052,6,1,46.39
21176,7052,113,3,191.78
21177,7052,18,1,128.87
21178,7053,58,4,109.02
21179,7053,91,1,243.25
21180,7054,3,2,390.52
21181,7054,76,2,383.30
21182,7054,93,1,345.11
21183,7054,42,3,91.53 JOD
21184,7055,38,1,454.80
21185,7055,76,3,383.3
21186,7056,122,3,125.5
21187,7056,117,5,143.1
21188,7057,76,1,383.3
21189,7057,83,-1,319.19
21190,7057,52,3,171.01
21191,7058,59,1,169.88
21192,7058,3,-1,390.52
21193,7058,92,2,477.17
21194,7058,131,3,396.05
21195,7058,22,2,36.29
21196,7059,132,3,82.53
21197,7060,77,1,101.15
21198,7060,100,3,249.16 JOD
21199,7060,86,-1,
21200,7061,13,2,186.29
21201,7061,21,1,14.38
21202,7061,25,1,253.88
21203,7061,52,4,171.01
21204,7062,29,1,181.96
21205,7062,56,2,31.92
21206,7062,58,2,109.02
21207,7063,37,3,241.65
21208,7063,39,1,253.25
21209,7063,103,2,244.5
21210,7063,70,1,379.91
21211,7063,125,1,552.19
21212,7064,49,1,206.38
21213,7065,100,1,249.16
21214,7066,82,5,257.63
21215,7066,25,2,253.88
21216,7066,88,4,238.01
21217,7066,102,2,169.19
21218,7067,86,1,164.39
21219,7067,5,4,407.25
21220,7067,1,3,585.67
21221,7068,82,2,244.20
21222,7068,80,3,144.45
21223,7068,65,2,$308.91
21224,7068,102,2,169.19
21225,7068,115,4,170.17
21226,7069,32,0,105.62
21227,7069,54,1,89.36
21228,7069,136,1,364.59
21229,7069,84,3,455.31
21230,7069,9999,3,415.91
21231,7070,104,3,98.77
21232,7070,32,5,105.62
21233,7070,68,2,304.43
21234,7070,84,3,455.31
21235,7070,59,1,
21236,7071,14,3,429.63
21237,7071,129,3,535.98
21238,7071,69,1,175.49
21239,7071,6,2,46.39
21240,7071,87,3,262.59
21241,7072,40,2,199.53
21242,7072,130,4,59.94
21243,7072,50,1,397.99
21244,7073,55,5,216.25
21245,7074,98,2,243.42
21246,7074,94,1,389.5
21247,7074,73,1,331.02
21248,7074,84,1,455.31
21249,7075,32,2,105.62
21250,7076,45,2,415.91
21251,7076,53,1,37.16
21252,7077,24,1,$360.88
21253,7077,92,2,339.88
21254,7077,129,1,535.98
21255,7078,50,1,397.99
21256,7079,88,4,238.01
21257,7079,130,1,72.37
21258,7079,59,-1,169.88
21259,7079,52,1,202.11
21260,7080,4,1,546.12
21261,7080,115,1,302.06
21262,7081,94,1,389.50
21263,7082,27,4,112.66
21264,7082,133,3,97.51
21265,7082,135,2,18.43
21266,7082,4,2,546.12
21267,7082,50,-1,397.99
21268,7083,62,1,205.4
21269,7084,82,2,244.2
21270,7084,129,2,535.98
21271,7085,9,1,
21272,7085,100,1,249.16
21273,7086,23,1,68.95
21274,7086,128,1,369.54
21275,7087,19,1,67.77
21276,7087,22,1,36.29
21277,7087,18,5,141.72
21278,7087,71,1,374.89
21279,7087,7,2,152.65
21280,7088,26,0,159.59
21281,7089,45,5,415.91
21282,7089,9999,3,403.36
21283,7089,132,2,82.53
21284,7089,135,2,18.43
21285,7089,48,1,23.1
21286,7090,84,2,455.31
21287,7090,25,2,253.88
21288,7090,72,0,404.5
21289,7091,89,1,403.36
21290,7091,66,1,231.00
21291,7091,102,1,
21292,7091,43,5,330.6
21293,7091,54,2,89.36
21294,7092,117,1,143.1
21295,7092,75,1,347.56
21296,7092,93,2,407.17
21297,7092,123,5,151.87
21298,7093,62,1,205.4
21299,7093,102,2,169.19
21300,7094,24,5,360.88
21301,7095,79,3,210.8
21302,7095,68,3,304.43
21303,7096,73,1,331.02
21304,7096,114,4,403.81
21305,7096,28,0,222.75
21306,7097,82,2,244.2
21307,7097,56,2,31.92
21308,7097,66,1,231.0
21309,7098,101,4,95.60
21310,7098,54,2,89.36
21311,7099,124,2,58.04
21312,7100,111,1,278.31
21313,7101,9,-1,135.0
21314,7101,28,2,222.75
21315,7101,61,1,101.60
21316,7101,100,1,249.16
21317,7101,124,1,58.04
21318,7102,26,1,$264.67
21319,7102,134,2,40.0
21320,7102,124,4,58.04
21321,7103,8,4,$388.63
21322,7103,64,1,265.50
21323,7103,117,2,143.1
21324,7103,10,3,28.04
21325,7103,92,1,339.88
21326,7104,113,1,152.57
21327,7104,90,5,56.52
21328,7104,130,2,59.94
21329,7104,107,3,376.14
21330,7104,36,1,19.3
21331,7105,126,2,200.63
21332,7105,125,3,552.19
21333,7105,124,3,58.04
21334,7105,30,0,43.65
21335,7105,121,1,317.45
21336,7106,90,4,56.52
21337,7107,82,-1,244.2
21338,7107,11,1,565.88
21339,7107,52,1,171.01
21340,7108,12,5,227.83
21341,7108,38,1,454.8
21342,7108,1,4,585.67
21343,7109,123,2,151.87
21344,7109,22,1,36.29
21345,7110,37,1,241.65
21346,7111,42,1,91.53
21347,7111,76,2,383.3
21348,7112,99,1,140.32
21349,7113,19,1,67.77
21350,7113,38,2,454.80
21351,7113,95,4,545.43
21352,7114,75,2,347.56
21353,7114,13,5,186.29
21354,7115,47,1,627.32
21355,7115,15,1,$81.29
21356,7115,39,1,253.25
21357,7115,46,1,136.73
21358,7116,59,0,169.88
21359,7116,115,1,302.06
21360,7117,44,0,155.24
21361,7117,117,4,143.1
21362,7117,57,2,213.11
21363,7117,27,1,112.66
21364,7117,124,1,58.04
21365,7118,58,2,109.02
21366,7118,22,2,36.29
21367,7118,98,5,243.42
21368,7119,83,2,319.19
21369,7119,86,1,164.39
21370,7120,72,3,404.50
21371,7120,112,2,183.26
21372,7120,76,2,383.30
21373,7121,89,1,403.36
21374,7121,116,3,359.58
21375,7121,134,1,40.0
21376,7121,96,3,84.49
21377,7122,100,1,249.16
21378,7122,133,4,96.13
21379,7123,131,1,430.30
21380,7123,134,1,40.0
21381,7123,36,4,19.3
21382,7123,49,5,206.38
21383,7123,107,3,376.14
21384,7124,47,2,627.32
21385,7124,112,2,183.26
21386,7124,11,1,489.65
21387,7124,56,4,31.92
21388,7124,29,2,181.96
21389,7125,125,1,552.19
21390,7125,11,2,489.65
21391,7126,70,1,379.91
21392,7126,115,2,302.06
21393,7126,7,1,152.65
21394,7126,60,3,16.37
21395,7127,97,1,369.73
21396,7127,2,1,190.97
21397,7127,64,1,265.5
21398,7127,40,1,199.53
21399,7127,95,0,545.43
21400,7128,39,1,253.25
21401,7128,19,5,67.77
21402,7129,136,3,314.21
21403,7130,83,4,319.19
21404,7130,87,2,
21405,7131,36,0,19.3
21406,7131,81,3,121.47
21407,7131,108,3,242.90
21408,7131,73,4,331.02
21409,7132,77,3,101.15
21410,7132,121,5,317.45
21411,7132,69,2,$175.49
21412,7132,62,5,205.4
21413,7132,108,3,242.9
21414,7133,42,1,55.96
21415,7133,125,4,552.19
21416,7133,62,1,205.4
21417,7134,41,4,191.67
21418,7135,42,2,91.53
21419,7135,130,5,59.94
21420,7136,95,1,545.43
21421,7136,97,2,369.73
21422,7136,45,3,615.7
21423,7136,65,1,308.91
21424,7137,92,3,339.88
21425,7137,120,5,201.77
21426,7137,22,1,36.29
21427,7137,25,3,253.88
21428,7137,14,3,429.63
21429,7138,9999,1,191.67
21430,7138,119,3,528.68
21431,7138,106,3,252.84
21432,7139,118,2,306.5
21433,7139,13,0,186.29
21434,7139,41,3,191.67
21435,7139,132,4,82.53
21436,7140,30,2,43.65
21437,7140,21,2,14.38
21438,7140,131,4,396.05
21439,7140,120,1,201.77
21440,7141,12,4,268.88
21441,7142,69,1,175.49
21442,7142,80,4,144.45
21443,7142,10,5,33.58
21444,7142,63,2,575.86
21445,7143,74,1,34.31
21446,7143,21,5,14.38
21447,7143,79,2,210.8
21448,7144,124,2,58.04
21449,7145,24,2,360.88
21450,7145,84,1,455.31
21451,7145,34,3,220.1
21452,7145,72,1,404.5
21453,7146,89,1,
21454,7146,129,1,535.98
21455,7146,111,1,291.81
21456,7147,22,1,36.29
21457,7147,124,2,58.04
21458,7148,75,0,347.56
21459,7148,30,2,43.65
21460,7149,54,1,89.36
21461,7149,117,1,143.1
21462,7150,124,4,58.04
21463,7150,47,1,627.32
21464,7150,99,2,140.32
21465,7150,26,1,264.67
21466,7150,35,-1,152.88
21467,7151,9,2,178.19
21468,7151,24,2,360.88
21469,7151,26,1,264.67
21470,7151,73,2,331.02
21471,7152,135,1,18.43
21472,7152,108,4,242.9
21473,7152,21,4,14.38
21474,7153,109,3,579.16
21475,7153,76,2,383.3
21476,7154,120,3,201.77
21477,7155,83,2,319.19
21478,7156,62,5,205.4
21479,7156,99,1,140.32
21480,7156,104,2,98.77
21481,7156,78,1,121.77
21482,7157,4,3,546.12
21483,7157,17,2,185.99
21484,7157,64,5,265.5
21485,7158,3,1,390.52
21486,7158,7,3,152.65
21487,7158,50,1,397.99
21488,7159,43,1,330.6
21489,7160,127,1,754.71
21490,7161,131,1,396.05
21491,7161,54,3,89.36
21492,7161,63,1,575.86
21493,7161,20,2,110.76
21494,7161,68,2,$304.43
21495,7162,50,0,397.99
21496,7162,112,2,183.26
21497,7163,15,1,81.29
21498,7163,53,2,37.16
21499,7163,104,1,98.77
21500,7163,21,1,14.38
21501,7163,75,1,347.56
21502,7164,131,3,396.05
21503,7164,32,0,105.62
21504,7164,80,1,144.45
21505,7165,34,1,220.1
21506,7165,47,2,784.73
21507,7165,3,3,390.52
21508,7165,81,3,121.47
21509,7165,26,0,264.67
21510,7166,32,2,105.62
21511,7166,40,1,199.53
21512,7167,77,3,101.15
21513,7167,72,1,234.11
21514,7167,16,1,148.16
21515,7167,58,1,109.02
21516,7168,6,1,44.38
21517,7169,68,3,304.43
21518,7169,113,0,191.78
21519,7169,112,3,183.26
21520,7170,55,3,216.25
21521,7171,133,1,
21522,7171,130,1,59.94
21523,7171,119,1,528.68
21524,7171,18,2,128.87
21525,7172,18,1,128.87
21526,7172,109,1,579.16
21527,7172,29,2,181.96
21528,7173,104,1,98.77
21529,7173,97,4,369.73
21530,7173,131,0,396.05
21531,7173,46,3,136.73
21532,7174,33,4,407.76
21533,7174,35,1,152.88
21534,7174,136,1,314.21
21535,7174,22,2,36.29
21536,7175,42,1,91.53
21537,7175,19,2,67.77
21538,7175,95,2,545.43
21539,7175,27,3,112.66
21540,7175,52,2,171.01
21541,7176,45,5,415.91
21542,7176,83,3,319.19
21543,7177,31,1,71.76
21544,7178,123,1,151.87
21545,7178,85,1,8.08
21546,7178,6,1,46.39
21547,7178,53,1,32.56
21548,7179,124,2,86.51
21549,7180,65,2,308.91
21550,7180,120,4,201.77
21551,7181,10,1,28.04
21552,7181,102,1,169.19
21553,7181,81,2,109.16
21554,7181,23,2,68.95 JOD
21555,7182,84,1,544.45
21556,7183,78,2,121.77
21557,7183,101,0,95.60
21558,7183,17,3,185.99
21559,7183,109,2,579.16
21560,7184,115,2,302.06
21561,7185,78,1,164.1
21562,7185,112,1,183.26
21563,7185,137,5,412.85
21564,7185,2,3,170.38
21565,7185,24,4,360.88
21566,7186,16,0,148.16
21567,7186,24,2,360.88
21568,7186,87,1,262.59
21569,7186,117,2,143.1
21570,7187,125,1,552.19
21571,7187,118,2,208.83
21572,7187,108,3,242.9
21573,7187,86,1,164.39
21574,7187,77,2,99.82
21575,7188,35,3,152.88
21576,7189,92,1,339.88
21577,7189,1,1,585.67
21578,7190,68,1,304.43
21579,7190,92,1,339.88
21580,7190,40,1,199.53
21581,7191,19,1,67.77
21582,7191,6,0,46.39
21583,7191,89,4,403.36
21584,7192,69,3,175.49
21585,7192,109,3,579.16
21586,7192,35,1,152.88
21587,7192,120,1,201.77
21588,7192,86,2,164.39
21589,7193,57,3,213.11
21590,7193,123,3,151.87
21591,7193,102,4,169.19
21592,7193,33,5,407.76
21593,7194,128,3,369.54
21594,7194,81,3,121.47
21595,7194,111,1,291.81
21596,7195,63,2,$557.90
21597,7196,129,0,535.98
21598,7196,9999,1,302.06
21599,7196,65,5,308.91
21600,7196,31,1,71.76
21601,7197,4,3,546.12
21602,7198,84,2,455.31
21603,7198,55,3,216.25
21604,7199,130,1,31.58
21605,7200,86,2,164.39
21606,7201,27,5,112.66
21607,7201,29,1,181.96
21608,7202,32,1,105.62
21609,7202,46,5,136.73
21610,7202,57,1,221.95
21611,7202,96,1,84.49
21612,7202,91,1,243.25
21613,7203,8,1,307.7
21614,7204,16,1,148.16
21615,7204,36,1,19.30
21616,7204,35,0,152.88
21617,7204,11,3,489.65
21618,7205,94,5,389.5
21619,7205,38,2,454.8
21620,7205,102,2,169.19
21621,7205,109,4,579.16
21622,7205,126,1,$200.63
21623,7206,63,1,575.86
21624,7206,67,1,291.96
21625,7206,52,2,171.01
21626,7206,90,2,36.53
21627,7207,27,1,65.78
21628,7208,85,1,8.08
21629,7208,64,4,265.5
21630,7208,136,1,314.21
21631,7208,79,2,210.8
21632,7209,98,1,243.42
21633,7209,60,2,16.37
21634,7209,50,1,397.99
21635,7209,21,2,14.38
21636,7210,114,2,403.81
21637,7211,36,1,20.24
21638,7211,29,1,181.96
21639,7211,97,1,369.73
21640,7212,73,2,331.02
21641,7212,52,2,171.01
21642,7212,37,1,241.65
21643,7212,5,1,428.21
21644,7213,120,-1,201.77
21645,7213,83,1,319.19
21646,7213,96,1,84.49
21647,7214,50,2,314.24
21648,7214,129,4,535.98
21649,7215,128,4,369.54
21650,7215,126,-1,200.63
21651,7215,123,4,151.87
21652,7216,44,1,106.04
21653,7216,72,1,404.50 JOD
21654,7216,74,3,34.31
21655,7217,82,1,244.2
21656,7218,1,2,585.67
21657,7218,80,2,144.45
21658,7218,71,4,
21659,7218,55,1,216.25
21660,7218,136,4,$314.21
21661,7219,34,3,220.10
21662,7219,58,5,109.02
21663,7220,8,3,307.70
21664,7220,2,1,190.97
21665,7220,83,1,225.12
21666,7221,105,1,528.06
21667,7221,63,2,575.86
21668,7222,105,2,528.06
21669,7222,73,1,331.02
21670,7222,58,2,109.02
21671,7222,49,1,206.38
21672,7223,44,4,106.04
21673,7223,130,3,59.94
21674,7223,112,2,183.26
21675,7223,125,1,552.19
21676,7223,110,1,193.85
21677,7224,2,2,190.97
21678,7224,23,1,68.95
21679,7225,36,1,19.3
21680,7225,54,-1,89.36
21681,7225,42,1,91.53
21682,7225,51,5,286.54
21683,7226,51,3,286.54
21684,7226,4,3,546.12
21685,7226,68,5,304.43
21686,7227,9999,1,575.86
21687,7228,66,-1,231.00
21688,7229,29,4,181.96
21689,7229,104,1,98.77
21690,7229,74,-1,34.31
21691,7230,67,3,291.96
21692,7230,93,4,359.70
21693,7230,57,4,213.11
21694,7230,83,2,319.19
21695,7230,29,1,181.96
21696,7231,51,3,286.54
21697,7231,36,1,19.30
21698,7231,29,2,181.96
21699,7231,106,2,252.84
21700,7231,50,2,397.99
21701,7232,132,2,82.53
21702,7232,29,1,181.96
21703,7232,59,1,169.88
21704,7233,31,3,71.76
21705,7233,87,3,262.59
21706,7233,124,1,58.04
21707,7233,83,3,319.19
21708,7234,133,3,97.51
21709,7234,7,1,152.65
21710,7234,62,1,205.4
21711,7235,101,1,95.6
21712,7235,25,1,253.88
21713,7236,3,3,390.52
21714,7236,99,4,140.32
21715,7236,128,-1,369.54
21716,7237,12,1,214.91
21717,7238,111,4,291.81
21718,7238,24,4,360.88
21719,7238,98,5,243.42
21720,7238,131,1,396.05
21721,7238,136,1,323.53
21722,7239,83,1,319.19
21723,7240,115,1,302.06
21724,7241,77,1,101.15
21725,7241,104,1,141.15
21726,7241,78,5,121.77
21727,7241,84,2,455.31
21728,7241,73,1,331.02
21729,7242,37,2,241.65
21730,7242,34,1,220.10
21731,7242,98,-1,302.98
21732,7243,60,1,16.37
21733,7244,28,1,222.75
21734,7244,67,1,291.96
21735,7244,111,5,291.81
21736,7244,93,1,345.11
21737,7245,131,3,396.05
21738,7245,74,1,$34.31
21739,7245,132,1,82.53
21740,7245,43,3,330.6
21741,7246,123,3,151.87
21742,7246,115,1,205.17
21743,7247,116,-1,359.58
21744,7248,55,4,216.25
21745,7248,116,1,359.58
21746,7248,76,1,383.3
21747,7249,105,1,528.06
21748,7250,121,1,
21749,7250,137,2,307.70
21750,7251,134,2,40.0
21751,7251,119,5,528.68
21752,7251,46,2,136.73
21753,7252,136,1,270.69
21754,7253,29,3,181.96
21755,7254,22,1,36.29
21756,7254,49,2,$206.38
21757,7254,111,4,291.81
21758,7254,28,1,222.75
21759,7254,101,2,95.6
21760,7255,40,-1,199.53
21761,7255,130,2,59.94
21762,7255,113,4,191.78
21763,7256,51,2,286.54
21764,7256,133,3,133.16
21765,7257,51,1,286.54
21766,7257,12,2,214.91
21767,7257,128,2,369.54
21768,7258,46,2,136.73
21769,7259,61,1,101.6
21770,7260,46,-1,136.73 JOD
21771,7260,102,2,199.79
21772,7261,59,4,169.88
21773,7261,135,4,18.43
21774,7261,23,4,68.95
21775,7261,114,3,403.81
21776,7262,21,4,16.53
21777,7262,23,-1,$92.66
21778,7262,69,5,175.49
21779,7262,57,5,213.11
21780,7262,72,2,404.5
21781,7263,101,2,95.6
21782,7263,8,2,307.7
21783,7264,103,4,244.5
21784,7264,44,5,95.16
21785,7264,35,1,152.88
21786,7264,106,1,252.84
21787,7264,43,1,330.6
21788,7265,136,1,344.71
21789,7265,124,3,38.80
21790,7265,34,5,220.10
21791,7265,76,3,383.3
21792,7266,57,1,213.11
21793,7266,11,4,489.65
21794,7267,128,2,369.54
21795,7267,9999,2,36.29
21796,7268,30,2,38.25
21797,7268,16,4,148.16
21798,7268,58,3,$109.02
21799,7268,129,2,535.98
21800,7269,71,3,374.89
21801,7269,101,2,95.6
21802,7269,10,1,28.04
21803,7269,21,2,14.38
21804,7269,122,1,125.5
21805,7270,52,1,171.01
21806,7270,75,1,347.56
21807,7270,39,1,253.25
21808,7271,82,1,244.2
21809,7271,86,4,164.39
21810,7271,37,1,241.65
21811,7271,78,1,69.25
21812,7271,124,1,29.77
21813,7272,66,2,231.0
21814,7272,107,1,222.03
21815,7273,134,4,40.0
21816,7273,30,1,49.69
21817,7273,43,1,$330.60
21818,7273,77,3,101.15
21819,7273,61,1,101.6
21820,7274,26,4,264.67
21821,7275,65,1,308.91
21822,7275,45,3,415.91
21823,7275,130,2,59.94
21824,7275,82,1,244.2
21825,7275,122,-1,125.5
21826,7276,36,1,27.26
21827,7276,43,1,398.72
21828,7276,48,2,23.1
21829,7276,24,1,360.88
21830,7276,21,1,14.38
21831,7277,111,1,291.81
21832,7277,101,4,95.60
21833,7278,123,1,151.87
21834,7278,133,1,97.51
21835,7278,60,2,16.79
21836,7278,37,4,241.65
21837,7279,109,1,579.16
21838,7279,38,3,454.8
21839,7279,62,-1,205.4
21840,7280,66,1,231.0
21841,7281,6,3,59.38
21842,7281,44,4,106.04
21843,7281,51,2,286.54
21844,7282,134,3,40.0
21845,7282,72,1,471.96
21846,7282,23,0,68.95
21847,7283,17,1,104.83
21848,7284,46,2,136.73
21849,7284,72,1,404.5
21850,7284,52,2,
21851,7284,44,4,106.04
21852,7284,68,1,
21853,7285,27,1,112.66
21854,7285,78,2,121.77
21855,7285,116,1,359.58 JOD
21856,7285,107,4,376.14
21857,7286,119,3,693.97
21858,7286,65,1,308.91
21859,7287,12,2,214.91
21860,7288,64,2,265.50
21861,7288,58,2,109.02
21862,7289,62,1,293.88
21863,7289,51,1,286.54
21864,7289,49,1,206.38
21865,7289,88,5,238.01
21866,7289,76,0,383.3
21867,7290,76,1,383.3
21868,7291,62,1,205.4
21869,7291,73,0,331.02
21870,7292,64,1,265.5
21871,7292,58,2,109.02
21872,7292,115,1,302.06
21873,7292,12,2,214.91
21874,7292,102,5,164.74
21875,7293,97,4,369.73
21876,7293,125,1,552.19
21877,7294,4,1,546.12
21878,7295,77,2,101.15
21879,7296,34,1,220.1
21880,7297,35,2,152.88
21881,7298,8,2,307.7
21882,7298,71,3,374.89
21883,7299,35,4,152.88
21884,7300,10,3,28.04
21885,7300,40,1,199.53
21886,7300,3,2,390.52
21887,7300,8,0,307.70
21888,7300,12,2,214.91
21889,7301,126,1,200.63
21890,7301,88,1,238.01
21891,7301,62,1,205.4
21892,7301,119,1,528.68
21893,7302,113,3,191.78
21894,7302,46,2,136.73
21895,7302,135,-1,18.43
21896,7302,49,1,206.38
21897,7302,132,5,82.53
21898,7303,8,1,307.7
21899,7303,105,2,528.06
21900,7304,106,2,
21901,7305,82,0,244.2
21902,7305,12,1,214.91
21903,7305,88,-1,238.01
21904,7305,61,2,101.6
21905,7306,23,3,68.95
21906,7306,131,2,396.05
21907,7306,110,3,193.85
21908,7307,118,2,306.5
21909,7307,108,-1,242.9
21910,7307,128,1,369.54
21911,7307,127,3,751.12
21912,7307,79,0,210.8
21913,7308,96,2,84.49
21914,7308,73,3,$331.02
21915,7308,83,1,319.19
21916,7308,122,1,125.5
21917,7308,113,3,191.78
21918,7309,98,2,243.42
21919,7310,131,2,396.05
21920,7310,126,3,200.63
21921,7310,62,1,205.4
21922,7311,91,1,243.25
21923,7311,23,4,68.95
21924,7312,13,2,186.29
21925,7313,109,1,579.16
21926,7314,101,1,95.6
21927,7315,68,2,304.43
21928,7315,118,1,306.50 JOD
21929,7316,41,0,191.67
21930,7316,83,2,319.19
21931,7316,104,4,98.77
21932,7316,15,4,81.29
21933,7317,44,1,106.04
21934,7318,120,1,201.77
21935,7319,12,1,214.91
21936,7319,65,3,308.91
21937,7319,20,2,110.76
21938,7319,91,2,243.25
21939,7320,18,1,128.87
21940,7320,24,1,360.88
21941,7320,84,2,455.31
21942,7321,96,5,52.01
21943,7321,66,3,$231.00
21944,7321,108,2,242.9
21945,7322,70,1,313.42
21946,7322,123,2,151.87
21947,7322,104,2,98.77
21948,7322,58,-1,128.72
21949,7322,7,1,152.65
21950,7323,10,2,28.04
21951,7324,67,1,291.96
21952,7324,91,5,243.25
21953,7324,106,1,252.84
21954,7324,51,2,286.54
21955,7324,94,1,389.50
21956,7325,84,2,455.31 JOD
21957,7325,35,1,152.88
21958,7325,81,3,121.47
21959,7325,12,1,214.91
21960,7326,65,1,308.91
21961,7326,102,3,169.19
21962,7326,101,1,83.13
21963,7326,60,4,16.37
21964,7326,55,3,216.25
21965,7327,24,3,360.88
21966,7327,50,1,397.99
21967,7327,99,2,140.32
21968,7327,28,1,222.75
21969,7327,71,1,374.89
21970,7328,31,3,$71.76
21971,7328,17,1,185.99
21972,7328,136,2,314.21
21973,7328,38,1,454.8
21974,7328,86,2,164.39
21975,7329,64,1,265.50
21976,7329,61,2,88.11
21977,7329,21,3,14.38
21978,7330,134,2,40.0
21979,7330,21,1,
21980,7331,33,3,407.76
21981,7331,68,-1,304.43
21982,7331,136,3,314.21
21983,7332,67,1,291.96
21984,7332,7,4,152.65
21985,7332,4,3,546.12
21986,7332,21,2,9.63
21987,7333,40,3,199.53
21988,7333,58,1,109.02
21989,7333,37,1,
21990,7333,123,2,151.87
21991,7334,69,4,167.27
21992,7334,85,0,8.08
21993,7334,112,3,$231.09
21994,7334,87,1,262.59
21995,7335,50,3,397.99
21996,7335,129,2,535.98
21997,7335,18,2,128.87
21998,7336,62,2,205.4
21999,7336,123,3,151.87
22000,7336,27,1,112.66
22001,7336,137,2,307.7
22002,7337,123,2,158.42
22003,7337,67,0,291.96
22004,7338,29,1,181.96
22005,7338,108,4,242.90
22006,7338,45,1,266.24
22007,7339,127,3,587.72
22008,7339,41,2,191.67
22009,7340,119,2,528.68
22010,7340,20,1,110.76
22011,7340,37,3,241.65
22012,7341,133,0,97.51
22013,7342,31,1,71.76
22014,7343,119,2,528.68
22015,7343,12,1,214.91
22016,7343,104,3,98.77
22017,7344,7,2,152.65
22018,7344,70,1,379.91
22019,7344,69,2,175.49
22020,7344,118,2,306.5
22021,7344,128,2,369.54
22022,7345,95,3,545.43
22023,7345,1,2,585.67
22024,7345,107,3,376.14
22025,7345,56,3,31.92
22026,7345,128,1,369.54
22027,7346,112,1,183.26
22028,7346,66,2,231.00
22029,7346,85,1,8.08
22030,7346,1,4,585.67
22031,7347,37,3,241.65 JOD
22032,7347,26,2,264.67
22033,7348,74,1,34.31
22034,7348,8,4,307.7
22035,7348,45,2,415.91
22036,7348,44,1,$106.04
22037,7348,112,2,183.26
22038,7349,31,1,71.76
22039,7349,34,2,220.1
22040,7349,20,1,110.76
22041,7349,54,3,89.36
22042,7349,63,1,575.86
22043,7350,62,5,205.40
22044,7350,49,1,206.38
22045,7351,42,1,91.53
22046,7351,47,2,627.32
22047,7351,98,5,243.42
22048,7351,101,2,95.6
22049,7351,103,2,244.5
22050,7352,57,2,213.11
22051,7352,6,1,46.39
22052,7352,108,1,229.92
22053,7352,43,3,330.60
22054,7352,78,1,121.77
22055,7353,104,1,98.77
22056,7353,94,1,416.3
22057,7353,69,3,175.49
22058,7353,37,-1,241.65
22059,7354,65,3,308.91
22060,7354,87,1,262.59
22061,7354,84,1,455.31
22062,7354,34,1,220.10
22063,7355,128,1,369.54
22064,7356,97,1,369.73
22065,7356,46,3,136.73
22066,7356,50,1,397.99
22067,7357,14,1,446.89
22068,7357,16,3,148.16
22069,7357,9,1,178.19
22070,7357,24,2,453.79
22071,7358,62,0,205.4
22072,7358,95,2,545.43
22073,7358,127,2,587.72
22074,7359,120,1,201.77
22075,7359,122,1,125.50
22076,7359,103,1,244.5
22077,7359,71,1,374.89
22078,7359,134,2,40.0
22079,7360,62,0,205.40
22080,7360,64,1,265.50
22081,7360,101,4,95.60
22082,7361,96,2,84.49
22083,7361,88,2,238.01
22084,7361,55,1,216.25
22085,7362,102,2,169.19
22086,7362,81,2,121.47
22087,7362,121,4,317.45
22088,7362,62,1,205.4
22089,7363,81,2,107.01
22090,7363,102,2,169.19
22091,7363,93,1,345.11
22092,7363,108,3,242.90
22093,7363,125,2,552.19
22094,7364,54,2,89.36
22095,7365,18,0,128.87
22096,7365,71,5,374.89
22097,7365,127,2,587.72 JOD
22098,7365,87,1,205.38
22099,7366,41,4,191.67
22100,7367,12,1,214.91
22101,7367,94,2,389.5
22102,7367,18,1,128.87
22103,7367,34,2,220.1
22104,7368,133,1,97.51
22105,7368,96,1,84.49
22106,7369,31,2,71.76
22107,7369,19,1,67.77
22108,7369,102,1,169.19
22109,7369,49,0,206.38
22110,7369,133,1,97.51
22111,7370,111,1,291.81
22112,7370,46,1,136.73
22113,7370,24,3,360.88
22114,7371,130,1,
22115,7372,77,2,101.15
22116,7372,67,2,291.96
22117,7372,37,5,241.65
22118,7372,22,2,47.35
22119,7372,1,1,585.67
22120,7373,127,2,587.72
22121,7373,33,3,407.76
22122,7373,17,3,167.0
22123,7374,20,2,110.76
22124,7374,81,2,121.47
22125,7374,97,2,369.73
22126,7374,68,1,304.43
22127,7375,29,1,181.96
22128,7376,105,3,528.06
22129,7376,57,1,213.11
22130,7376,26,1,264.67
22131,7376,81,1,121.47
22132,7376,92,2,339.88
22133,7377,42,3,91.53
22134,7377,109,3,579.16
22135,7377,21,2,14.38
22136,7377,131,2,$396.05
22137,7377,47,1,588.49
22138,7378,75,1,347.56
22139,7378,97,1,369.73
22140,7378,113,4,191.78
22141,7378,45,1,415.91
22142,7379,23,1,68.95
22143,7379,40,3,199.53
22144,7379,73,2,331.02
22145,7379,107,4,376.14
22146,7380,40,1,$243.75
22147,7381,1,1,585.67
22148,7382,16,2,148.16
22149,7382,57,2,213.11
22150,7382,82,1,244.2
22151,7382,88,2,238.01
22152,7383,66,1,231.0
22153,7383,125,1,552.19
22154,7384,32,1,105.62
22155,7384,121,4,
22156,7384,20,1,$110.76
22157,7384,109,3,579.16
22158,7384,14,5,429.63
22159,7385,65,3,308.91
22160,7385,101,1,95.6
22161,7385,106,1,252.84
22162,7385,110,2,193.85
22163,7385,3,1,390.52
22164,7386,5,2,407.25
22165,7386,2,2,190.97
22166,7387,118,1,306.5
22167,7388,36,2,19.3
22168,7389,71,0,374.89
22169,7389,106,0,252.84
22170,7389,97,1,369.73
22171,7389,77,1,101.15
22172,7389,31,1,71.76
22173,7390,36,0,19.30
22174,7390,48,1,23.1
22175,7390,33,2,407.76
22176,7390,88,1,$238.01
22177,7391,85,2,8.08 JOD
22178,7391,13,1,186.29
22179,7391,65,5,308.91
22180,7391,17,1,185.99
22181,7391,48,1,23.10
22182,7392,110,1,193.85
22183,7392,41,4,
22184,7393,127,1,587.72
22185,7394,13,1,130.47
22186,7395,107,1,376.14
22187,7395,7,2,180.14
22188,7395,84,2,455.31
22189,7395,55,3,216.25
22190,7396,47,1,
22191,7397,9999,1,56.52
22192,7397,92,1,339.88
22193,7398,126,3,200.63
22194,7399,14,1,429.63 JOD
22195,7399,117,5,92.76
22196,7399,76,3,383.3
22197,7400,125,1,552.19
22198,7401,84,1,455.31
22199,7401,43,3,330.6
22200,7401,68,2,304.43
22201,7401,90,1,56.52
22202,7401,32,1,105.62
22203,7402,19,2,67.77
22204,7402,49,2,206.38
22205,7402,62,2,205.4
22206,7403,36,1,19.3
22207,7403,132,2,82.53
22208,7403,10,2,28.04
22209,7403,73,1,331.02
22210,7404,31,3,71.76
22211,7404,77,1,101.15
22212,7405,66,1,231.00
22213,7405,54,1,89.36
22214,7405,30,1,43.65
22215,7405,119,1,528.68
22216,7405,91,2,258.93
22217,7406,116,2,359.58
22218,7406,60,4,16.37
22219,7406,57,1,213.11
22220,7407,128,-1,369.54
22221,7407,18,5,128.87
22222,7407,47,1,627.32
22223,7407,32,4,105.62
22224,7408,36,4,19.3
22225,7408,127,2,587.72
22226,7408,65,2,308.91 JOD
22227,7408,30,3,43.65
22228,7409,77,5,101.15
22229,7409,136,5,314.21
22230,7409,9999,1,191.78
22231,7409,99,2,140.32
22232,7410,29,3,181.96
22233,7410,81,1,131.44
22234,7410,91,1,243.25
22235,7410,55,1,216.25
22236,7410,25,4,253.88
22237,7411,92,2,339.88
22238,7411,7,2,152.65
22239,7411,78,1,121.77
22240,7411,55,2,216.25
22241,7411,89,3,403.36
22242,7412,7,1,152.65
22243,7412,32,1,105.62
22244,7412,127,2,$587.72
22245,7413,48,4,23.1
22246,7413,45,2,415.91
22247,7413,21,3,14.38
22248,7414,9999,1,219.92
22249,7414,36,3,19.3
22250,7414,73,-1,331.02
22251,7414,129,1,535.98
22252,7415,6,2,46.39
22253,7416,27,2,112.66
22254,7417,7,1,152.65
22255,7417,131,4,396.05
22256,7417,123,2,151.87
22257,7417,60,-1,16.37
22258,7417,29,1,181.96
22259,7418,107,2,376.14
22260,7419,58,1,58.45
22261,7419,29,5,181.96
22262,7419,49,1,206.38
22263,7420,11,2,489.65
22264,7420,44,1,106.04
22265,7420,85,1,8.08
22266,7420,2,3,190.97
22267,7421,67,1,365.02
22268,7421,1,5,585.67
22269,7421,61,2,101.6
22270,7421,83,1,319.19
22271,7421,125,2,623.35
22272,7422,114,1,403.81
22273,7422,122,3,125.5
22274,7423,78,5,121.77
22275,7424,77,2,101.15
22276,7424,123,3,151.87
22277,7424,25,1,253.88
22278,7425,46,1,136.73
22279,7426,47,3,627.32
22280,7427,114,4,403.81
22281,7427,15,1,81.29
22282,7428,44,4,106.04
22283,7429,120,1,201.77
22284,7430,14,1,429.63
22285,7430,56,2,31.92
22286,7430,90,-1,56.52
22287,7430,25,1,253.88
22288,7431,115,2,302.06
22289,7431,1,3,585.67
22290,7431,76,2,383.3
22291,7431,131,2,396.05
22292,7432,18,2,128.87
22293,7432,122,1,125.50
22294,7432,35,2,152.88
22295,7433,24,4,360.88
22296,7434,45,1,415.91
22297,7434,48,-1,19.72
22298,7434,6,2,46.39
22299,7434,73,2,331.02
22300,7435,131,1,396.05
22301,7435,21,3,14.38
22302,7435,16,5,148.16
22303,7435,84,1,455.31
22304,7435,71,2,374.89
22305,7436,55,2,216.25
22306,7436,69,3,175.49
22307,7437,30,1,43.65
22308,7438,18,1,128.87
22309,7438,113,1,191.78
22310,7438,42,1,91.53
22311,7438,84,1,533.79
22312,7438,77,3,101.15
22313,7439,89,1,403.36
22314,7439,93,2,345.11
22315,7439,11,2,489.65
22316,7440,18,5,128.87
22317,7440,31,3,71.76
22318,7440,111,1,168.76
22319,7440,1,3,585.67
22320,7441,20,1,110.76
22321,7441,11,4,489.65
22322,7441,107,2,376.14
22323,7441,113,4,191.78
22324,7442,39,1,253.25
22325,7442,93,4,345.11
22326,7442,37,2,$241.65
22327,7442,5,3,407.25
22328,7442,119,2,528.68
22329,7443,80,-1,128.38
22330,7443,27,4,112.66
22331,7444,25,4,$253.88
22332,7445,71,5,374.89
22333,7445,68,4,304.43
22334,7445,92,1,339.88
22335,7446,34,2,
22336,7446,56,1,31.92
22337,7447,108,1,242.90 JOD
22338,7447,94,1,389.5
22339,7447,25,3,253.88
22340,7447,109,0,579.16
22341,7447,59,3,
22342,7448,116,2,359.58
22343,7448,42,4,91.53
22344,7448,99,2,140.32
22345,7448,7,2,152.65
22346,7448,32,2,105.62
22347,7449,123,1,151.87
22348,7449,47,2,627.32
22349,7449,28,2,222.75
22350,7449,10,3,28.04
22351,7449,70,2,379.91
22352,7450,118,4,306.5
22353,7451,123,1,151.87
22354,7452,46,2,136.73
22355,7452,9999,1,575.86
22356,7452,127,1,587.72
22357,7452,83,2,381.49
22358,7452,135,2,18.43
22359,7453,88,2,238.01
22360,7454,93,1,345.11
22361,7454,32,4,60.63
22362,7454,36,1,19.3
22363,7455,124,4,58.04
22364,7455,10,3,28.04
22365,7455,4,2,546.12
22366,7455,109,4,
22367,7455,44,1,106.04
22368,7456,68,2,304.43
22369,7457,130,2,59.94
22370,7457,49,3,206.38
22371,7457,64,2,265.5
22372,7458,38,2,454.8
22373,7458,16,2,142.34
22374,7458,44,2,106.04
22375,7458,133,0,97.51
22376,7458,62,0,205.4
22377,7459,127,1,587.72
22378,7459,69,1,246.12
22379,7459,97,1,369.73
22380,7459,107,1,376.14
22381,7459,54,5,89.36
22382,7460,128,1,369.54
22383,7460,79,3,210.8
22384,7461,24,3,289.69
22385,7461,62,2,205.40
22386,7461,85,0,8.08
22387,7461,13,3,224.15
22388,7461,17,0,$205.25
22389,7462,70,1,256.41
22390,7462,46,-1,136.73 JOD
22391,7463,118,1,306.50
22392,7464,21,0,14.38
22393,7464,102,1,169.19
22394,7464,39,3,253.25
22395,7464,118,1,306.50
22396,7465,118,0,306.50 JOD
22397,7466,101,2,95.6
22398,7466,10,1,28.04
22399,7466,93,2,203.05
22400,7467,115,4,302.06
22401,7467,38,5,454.8
22402,7467,67,1,291.96
22403,7467,85,4,8.08
22404,7467,32,4,105.62
22405,7468,85,1,$8.28
22406,7469,61,1,101.6
22407,7469,83,1,319.19
22408,7469,21,2,$14.38
22409,7469,73,3,344.75
22410,7470,18,2,140.89
22411,7470,89,1,403.36
22412,7471,107,3,376.14
22413,7471,106,1,252.84
22414,7471,132,1,82.53
22415,7471,121,2,317.45
22416,7471,93,4,345.11
22417,7472,128,3,369.54
22418,7472,99,1,92.85
22419,7472,83,1,319.19
22420,7472,44,1,106.04
22421,7472,18,0,128.87
22422,7473,73,1,331.02
22423,7474,91,1,$293.58
22424,7474,69,1,175.49
22425,7474,31,1,71.76
22426,7474,73,1,195.83
22427,7474,63,2,575.86
22428,7475,90,2,31.59
22429,7476,133,1,97.51
22430,7476,137,1,307.7
22431,7476,62,4,205.40 JOD
22432,7477,16,1,148.16
22433,7477,67,3,291.96
22434,7477,48,2,23.1
22435,7477,130,3,59.94
22436,7477,92,1,339.88
22437,7478,10,3,28.04
22438,7478,108,4,242.90
22439,7478,104,2,98.77
22440,7478,79,3,210.8
22441,7479,30,3,43.65
22442,7479,117,1,143.10
22443,7479,94,0,$389.50
22444,7480,22,2,36.29
22445,7481,98,2,243.42
22446,7481,99,1,162.29
22447,7481,6,2,46.39
22448,7481,127,3,587.72
22449,7482,24,1,360.88
22450,7483,53,2,37.16
22451,7484,76,5,383.3
22452,7484,53,2,53.56
22453,7484,48,3,23.1
22454,7484,90,2,56.52
22455,7484,80,1,144.45
22456,7485,115,3,302.06
22457,7485,42,4,91.53
22458,7486,32,2,105.62
22459,7487,20,1,118.1
22460,7487,51,4,395.24
22461,7487,124,0,58.04
22462,7487,15,3,81.29
22463,7488,75,2,347.56
22464,7488,93,1,345.11
22465,7488,44,2,106.04
22466,7488,64,2,265.50
22467,7489,90,1,56.52
22468,7489,85,2,8.08
22469,7489,92,3,339.88
22470,7490,119,2,$528.68
22471,7490,134,5,40.00
22472,7490,92,3,339.88
22473,7490,105,2,528.06
22474,7491,27,1,112.66
22475,7491,4,1,546.12
22476,7491,129,-1,535.98
22477,7491,118,1,306.5
22478,7492,7,2,152.65
22479,7493,102,2,169.19
22480,7493,87,1,262.59
22481,7494,118,1,279.44
22482,7494,34,1,220.10
22483,7494,39,1,253.25
22484,7494,51,2,286.54
22485,7495,126,1,200.63
22486,7495,28,3,222.75
22487,7495,31,1,95.95
22488,7496,85,3,8.08
22489,7496,6,1,46.39
22490,7496,107,1,376.14
22491,7496,65,0,308.91
22492,7496,40,3,199.53
22493,7497,93,0,345.11
22494,7497,63,1,816.22
22495,7497,20,3,110.76
22496,7498,126,3,200.63
22497,7498,74,1,34.31
22498,7498,112,1,183.26
22499,7498,11,2,489.65
22500,7498,16,1,84.39
22501,7499,98,2,243.42
22502,7500,82,2,244.20
22503,7500,21,3,14.38
22504,7500,39,2,253.25 JOD
22505,7500,122,1,125.5
22506,7501,118,2,306.50
22507,7502,78,1,121.77
22508,7502,90,1,$56.52
22509,7502,27,1,112.66
22510,7502,110,4,193.85
22511,7502,73,1,331.02
22512,7503,16,3,185.11
22513,7503,77,1,101.15
22514,7503,119,2,528.68
22515,7504,10,2,28.04
22516,7504,80,2,144.45
22517,7504,134,3,40.00
22518,7504,83,1,319.19
22519,7504,65,1,308.91
22520,7505,39,2,253.25
22521,7505,118,4,306.5
22522,7506,20,1,110.76
22523,7506,1,3,585.67
22524,7507,56,2,31.92
22525,7507,108,1,242.90
22526,7507,109,1,579.16
22527,7507,47,5,627.32
22528,7508,16,2,$148.16
22529,7508,100,3,249.16
22530,7508,108,1,242.9
22531,7508,103,5,244.5
22532,7509,36,4,19.3
22533,7509,10,1,28.04
22534,7510,8,1,307.70
22535,7510,113,2,191.78
22536,7511,69,4,175.49
22537,7511,49,3,206.38
22538,7511,41,1,191.67
22539,7512,63,2,575.86
22540,7512,109,1,579.16
22541,7512,95,3,545.43
22542,7513,58,1,153.28
22543,7513,118,2,306.50
22544,7513,115,1,302.06
22545,7514,10,1,28.04
22546,7514,100,3,249.16
22547,7514,94,3,389.5
22548,7515,20,2,110.76
22549,7515,128,4,369.54
22550,7515,33,5,407.76
22551,7516,107,1,376.14
22552,7516,11,1,489.65
22553,7517,27,2,112.66
22554,7517,24,1,343.83
22555,7517,98,2,243.42
22556,7518,30,1,$43.65
22557,7518,71,3,374.89
22558,7518,31,0,71.76
22559,7518,29,2,181.96
22560,7518,55,1,216.25
22561,7519,9999,3,546.12
22562,7519,110,1,193.85
22563,7519,95,4,545.43
22564,7519,43,1,330.6
22565,7519,3,1,390.52
22566,7520,37,1,241.65
22567,7520,21,1,14.38
22568,7520,28,1,
22569,7520,50,0,397.99
22570,7520,9,3,$178.19
22571,7521,121,1,317.45
22572,7521,75,1,347.56
22573,7521,70,0,379.91
22574,7521,51,1,286.54
22575,7522,112,1,$183.26
22576,7522,102,1,169.19
22577,7522,14,-1,429.63
22578,7523,111,3,313.85
22579,7523,7,-1,152.65
22580,7523,127,2,587.72
22581,7523,104,1,98.77
22582,7523,83,3,319.19
22583,7524,90,1,56.52
22584,7525,91,1,$243.25
22585,7525,133,1,97.51
22586,7525,43,2,330.6
22587,7526,40,0,199.53
22588,7526,27,1,112.66
22589,7526,106,2,252.84
22590,7526,54,0,127.7
22591,7526,97,2,369.73
22592,7527,12,1,214.91
22593,7527,62,1,175.24
22594,7527,106,3,333.34
22595,7527,75,2,481.64
22596,7528,124,2,58.04
22597,7528,2,2,190.97
22598,7528,71,1,542.56
22599,7528,103,1,244.50
22600,7528,25,3,253.88
22601,7529,86,4,164.39
22602,7530,99,2,140.32
22603,7531,101,3,138.47
22604,7531,12,1,214.91
22605,7531,53,2,$37.16
22606,7531,17,4,259.49
22607,7532,73,2,331.02
22608,7533,97,3,369.73
22609,7533,128,1,332.58
22610,7533,86,1,172.88
22611,7534,7,4,152.65
22612,7534,42,1,91.53
22613,7534,20,1,110.76 JOD
22614,7534,82,1,244.2
22615,7534,13,1,186.29
22616,7535,128,2,369.54
22617,7535,127,1,587.72
22618,7535,125,2,552.19
22619,7536,9999,4,537.21
22620,7536,58,5,109.02
22621,7536,62,-1,205.4
22622,7536,132,2,82.53
22623,7536,107,1,376.14
22624,7537,68,1,304.43
22625,7537,75,1,347.56
22626,7537,52,1,171.01
22627,7537,121,2,239.54
22628,7537,84,4,455.31
22629,7538,74,1,34.31
22630,7538,75,2,$347.56
22631,7538,110,1,193.85
22632,7538,106,1,252.84
22633,7539,62,1,112.04
22634,7539,36,2,19.3
22635,7540,90,5,56.52
22636,7540,52,3,171.01
22637,7541,80,1,94.95
22638,7541,24,4,360.88
22639,7542,56,1,17.85
22640,7542,130,4,59.94
22641,7542,89,3,403.36
22642,7543,95,0,545.43
22643,7543,54,0,89.36
22644,7543,19,2,67.77
22645,7543,120,0,201.77
22646,7544,43,1,330.60
22647,7544,73,3,331.02
22648,7544,12,1,305.67
22649,7544,117,4,143.1
22650,7544,22,4,36.29
22651,7545,23,5,68.95
22652,7546,11,2,489.65
22653,7546,76,1,385.82
22654,7547,4,2,607.37
22655,7547,21,1,14.38
22656,7547,59,5,169.88
22657,7548,108,1,242.9
22658,7548,60,2,16.37
22659,7548,21,5,14.38
22660,7549,9999,1,398.44
22661,7549,126,3,200.63
22662,7549,26,-1,264.67
22663,7550,124,2,58.04
22664,7550,50,4,397.99
22665,7550,110,1,148.24
22666,7550,109,3,579.16
22667,7550,65,1,308.91
22668,7551,18,2,128.87
22669,7552,5,1,407.25
22670,7552,105,1,528.06
22671,7552,68,2,304.43
22672,7552,101,1,95.6
22673,7552,48,2,23.1
22674,7553,58,1,109.02
22675,7554,81,2,121.47
22676,7554,130,2,59.94
22677,7554,97,2,$369.73
22678,7554,86,2,164.39
22679,7555,132,3,82.53
22680,7555,86,1,164.39
22681,7556,29,4,181.96
22682,7556,94,2,389.5
22683,7557,28,3,222.75 JOD
22684,7557,65,4,308.91
22685,7557,64,1,265.50
22686,7558,56,1,31.92
22687,7558,98,5,243.42
22688,7558,30,1,43.65
22689,7558,7,2,152.65
22690,7558,9,3,178.19
22691,7559,124,1,58.04
22692,7559,73,1,331.02
22693,7559,58,3,109.02
22694,7560,73,4,331.02
22695,7560,3,5,390.52
22696,7560,136,1,314.21
22697,7560,110,3,193.85
22698,7561,84,1,455.31
22699,7561,52,2,171.01
22700,7561,131,3,396.05
22701,7561,102,5,169.19
22702,7561,48,1,12.69
22703,7562,72,1,404.50
22704,7562,109,1,579.16
22705,7563,30,4,43.65
22706,7563,83,3,319.19
22707,7563,70,2,379.91
22708,7563,79,-1,210.8
22709,7564,47,5,627.32
22710,7564,20,3,110.76
22711,7565,13,1,186.29
22712,7566,26,3,264.67
22713,7566,39,1,253.25
22714,7566,114,2,403.81
22715,7566,121,1,317.45
22716,7567,14,1,429.63
22717,7567,9,2,204.66
22718,7567,5,1,407.25
22719,7568,80,5,144.45
22720,7568,94,2,$389.50
22721,7568,24,1,$360.88
22722,7568,50,2,
22723,7568,86,4,164.39
22724,7569,53,1,37.16
22725,7569,20,4,110.76
22726,7569,40,2,199.53
22727,7569,94,2,389.50
22728,7569,136,1,314.21
22729,7570,18,1,128.87
22730,7570,126,3,200.63
22731,7571,92,2,339.88
22732,7571,128,3,369.54
22733,7571,100,1,249.16
22734,7572,134,1,40.0
22735,7573,93,3,345.11
22736,7573,101,4,95.60
22737,7573,129,3,535.98 JOD
22738,7573,96,1,84.49
22739,7574,27,5,112.66
22740,7575,31,5,71.76
22741,7575,111,1,291.81
22742,7575,78,3,121.77
22743,7575,108,2,242.90
22744,7576,61,2,101.6
22745,7577,25,2,253.88
22746,7577,38,1,454.8
22747,7577,113,3,191.78
22748,7577,132,5,82.53
22749,7577,78,4,121.77
22750,7578,26,2,264.67
22751,7578,20,3,102.08
22752,7578,49,2,206.38
22753,7578,135,1,18.43
22754,7579,125,2,552.19
22755,7579,64,3,$265.50
22756,7579,133,2,97.51
22757,7580,13,0,110.69
22758,7581,108,2,242.9
22759,7581,124,3,58.04
22760,7582,97,1,369.73
22761,7582,36,4,16.28
22762,7583,69,1,175.49
22763,7583,134,1,40.0
22764,7583,109,5,579.16
22765,7584,77,3,$101.15
22766,7584,109,0,579.16
22767,7584,11,1,331.29
22768,7585,76,2,383.30
22769,7585,8,1,307.70
22770,7585,31,1,71.76
22771,7585,132,2,82.53
22772,7585,127,5,587.72
22773,7586,59,3,169.88
22774,7586,36,1,28.32
22775,7586,95,1,545.43
22776,7586,103,1,244.5
22777,7586,18,-1,128.87
22778,7587,72,4,404.50
22779,7588,45,-1,415.91
22780,7589,87,2,262.59
22781,7589,85,2,8.08
22782,7589,124,2,58.04
22783,7590,132,1,82.53
22784,7591,49,1,206.38
22785,7592,46,3,156.67
22786,7592,73,3,191.64
22787,7592,53,1,37.16
22788,7592,127,2,587.72
22789,7593,32,1,105.62
22790,7594,11,1,489.65
22791,7594,7,1,152.65
22792,7594,48,3,23.1
22793,7594,47,1,627.32
22794,7594,76,1,383.30
22795,7595,47,3,627.32 JOD
22796,7595,131,1,396.05
22797,7595,27,1,112.66
22798,7595,112,3,240.91
22799,7596,43,1,330.60
22800,7597,19,2,67.77
22801,7597,4,5,546.12
22802,7597,93,1,345.11
22803,7597,69,2,175.49
22804,7597,110,2,193.85
22805,7598,68,1,304.43
22806,7599,59,1,169.88
22807,7599,127,1,587.72
22808,7599,92,1,271.69
22809,7600,132,4,82.53
22810,7600,23,1,68.95
22811,7600,31,1,71.76
22812,7600,52,1,171.01
22813,7601,29,2,181.96
22814,7602,14,2,429.63
22815,7603,38,3,454.80
22816,7603,113,1,191.78
22817,7604,91,1,243.25
22818,7605,111,1,291.81
22819,7606,47,2,627.32
22820,7606,61,1,101.60
22821,7606,44,5,106.04
22822,7606,86,1,164.39
22823,7606,69,0,175.49
22824,7607,30,1,43.65
22825,7607,25,3,253.88
22826,7607,15,1,81.29
22827,7608,88,1,238.01
22828,7608,93,4,345.11
22829,7608,85,2,8.08
22830,7609,77,2,101.15
22831,7610,9,0,178.19
22832,7610,87,2,265.72
22833,7611,120,1,201.77
22834,7611,137,5,307.70
22835,7611,104,2,98.77
22836,7612,6,2,46.39
22837,7612,13,2,135.57 JOD
22838,7612,40,0,199.53
22839,7613,123,5,151.87
22840,7613,61,1,101.6
22841,7613,63,1,575.86
22842,7613,24,1,360.88
22843,7614,133,4,97.51
22844,7614,23,1,68.95
22845,7614,42,2,91.53
22846,7614,22,3,36.29
22847,7614,101,3,95.60
22848,7615,120,1,201.77
22849,7615,115,2,302.06
22850,7615,13,2,227.67
22851,7615,47,1,678.96
22852,7615,18,1,128.87
22853,7616,130,2,59.94
22854,7616,52,0,171.01
22855,7616,131,2,555.61
22856,7617,128,4,369.54
22857,7617,67,1,291.96
22858,7617,54,0,89.36
22859,7617,75,1,347.56
22860,7617,55,3,233.2
22861,7618,53,2,37.16
22862,7618,124,3,58.04
22863,7618,63,3,575.86
22864,7618,3,2,372.41
22865,7618,43,1,$330.60
22866,7619,42,1,91.53
22867,7620,73,3,331.02
22868,7620,65,1,177.3
22869,7621,86,2,164.39
22870,7621,80,5,144.45
22871,7622,90,5,56.52
22872,7622,7,1,152.65
22873,7623,122,-1,125.5
22874,7623,36,4,19.3
22875,7623,76,5,383.3
22876,7624,115,1,302.06
22877,7624,1,1,585.67
22878,7624,98,1,243.42
22879,7624,103,1,244.5
22880,7625,90,5,56.52
22881,7625,42,-1,91.53
22882,7625,6,1,46.39
22883,7626,136,3,314.21
22884,7627,72,2,404.5
22885,7627,75,4,347.56
22886,7627,132,2,82.53
22887,7628,92,3,339.88
22888,7628,116,1,359.58
22889,7629,129,1,535.98
22890,7629,55,1,302.46
22891,7629,44,1,58.66
22892,7629,65,0,308.91
22893,7630,16,2,148.16
22894,7631,87,0,262.59
22895,7631,104,1,
22896,7631,19,2,$42.79
22897,7631,72,5,404.50
22898,7631,117,5,143.10
22899,7632,130,1,59.94
22900,7632,40,1,199.53
22901,7632,53,1,37.16
22902,7633,16,2,148.16
22903,7634,17,1,185.99
22904,7634,24,3,438.11
22905,7634,11,0,489.65
22906,7634,56,4,31.92
22907,7635,35,4,152.88
22908,7636,98,2,243.42
22909,7636,64,2,265.5
22910,7636,3,2,390.52
22911,7636,117,2,143.1
22912,7637,110,1,98.31
22913,7637,49,3,
22914,7637,95,3,$446.86
22915,7637,118,1,306.5
22916,7638,24,2,360.88
22917,7638,83,1,319.19
22918,7638,48,4,23.1
22919,7638,21,1,14.38
22920,7639,46,1,136.73
22921,7639,111,1,291.81
22922,7639,1,2,585.67
22923,7639,56,5,31.92
22924,7639,43,2,330.6
22925,7640,131,3,396.05
22926,7640,42,4,85.97
22927,7640,112,2,183.26
22928,7640,87,2,262.59
22929,7640,113,3,191.78
22930,7641,109,1,579.16
22931,7641,105,2,528.06
22932,7641,135,3,18.43
22933,7642,107,1,376.14
22934,7642,15,2,81.29
22935,7642,70,1,379.91
22936,7642,45,4,415.91
22937,7642,108,-1,242.9
22938,7643,115,1,230.59
22939,7643,11,1,489.65
22940,7643,43,1,330.60
22941,7643,50,2,397.99
22942,7644,13,1,186.29
22943,7644,23,2,68.95
22944,7644,9999,1,252.84
22945,7644,9999,2,121.77
22946,7644,88,3,238.01
22947,7645,64,1,265.5
22948,7645,49,2,206.38
22949,7645,91,4,243.25
22950,7645,7,1,152.65
22951,7646,15,1,81.29
22952,7646,80,3,144.45
22953,7647,109,2,579.16
22954,7647,114,2,403.81
22955,7647,91,2,243.25
22956,7647,73,1,331.02
22957,7647,112,2,108.24
22958,7648,48,1,23.1
22959,7648,40,1,199.53
22960,7648,3,4,390.52
22961,7648,28,3,222.75
22962,7649,80,1,144.45
22963,7649,66,3,210.51
22964,7649,113,1,191.78
22965,7650,89,2,403.36
22966,7650,2,2,190.97
22967,7650,100,1,249.16
22968,7650,6,1,46.39
22969,7650,61,1,101.6
22970,7651,126,1,$200.63
22971,7651,67,1,291.96
22972,7651,51,1,$286.54
22973,7651,99,1,140.32
22974,7652,44,1,106.04
22975,7652,54,4,89.36
22976,7652,122,1,$125.50
22977,7652,108,4,242.90
22978,7653,116,2,359.58
22979,7654,35,2,152.88
22980,7655,87,-1,262.59
22981,7655,131,4,396.05
22982,7655,132,3,82.53
22983,7655,63,2,575.86
22984,7655,37,3,241.65
22985,7656,90,3,51.92
22986,7656,53,2,37.16
22987,7656,135,3,18.43
22988,7656,60,1,16.37
22989,7656,34,2,220.10
22990,7657,62,2,205.4
22991,7657,46,3,136.73
22992,7657,49,5,206.38
22993,7657,124,3,58.04
22994,7658,67,3,291.96
22995,7658,99,3,140.32
22996,7658,53,3,37.16
22997,7658,69,2,175.49
22998,7659,49,3,206.38
22999,7659,31,2,71.76
23000,7659,77,2,60.69
23001,7659,88,1,238.01
23002,7659,80,0,144.45
23003,7660,112,2,183.26
23004,7660,48,2,23.1
23005,7660,69,1,175.49
23006,7660,25,2,253.88
23007,7661,76,1,383.30
23008,7661,121,1,317.45
23009,7661,79,1,210.8
23010,7661,136,1,314.21
23011,7661,137,2,307.7
23012,7662,121,4,317.45
23013,7662,125,3,552.19
23014,7663,82,1,244.2
23015,7663,125,1,552.19
23016,7664,106,-1,220.05
23017,7664,79,2,210.8
23018,7664,56,2,31.92
23019,7664,6,1,46.39
23020,7664,9,1,178.19
23021,7665,11,1,489.65
23022,7665,79,4,210.80
23023,7665,111,2,291.81
23024,7666,17,1,185.99
23025,7666,104,-1,98.77
23026,7667,58,1,109.02
23027,7667,99,2,140.32
23028,7667,95,2,545.43
23029,7668,101,3,95.6
23030,7668,73,-1,331.02
23031,7668,43,1,178.10
23032,7668,48,2,23.1
23033,7669,4,4,546.12
23034,7669,34,1,220.1
23035,7669,99,0,90.7
23036,7669,19,1,67.77
23037,7669,40,5,199.53
23038,7670,84,1,343.06
23039,7670,78,2,121.77
23040,7670,30,5,43.65
23041,7671,68,1,304.43
23042,7672,70,2,379.91
23043,7672,62,0,205.4
23044,7672,106,3,252.84
23045,7673,57,1,213.11
23046,7673,54,3,89.36 JOD
23047,7673,120,2,201.77
23048,7673,129,2,535.98
23049,7673,82,1,244.20
23050,7674,57,1,213.11
23051,7674,76,1,383.3
23052,7674,6,2,$46.39
23053,7674,20,2,110.76
23054,7674,9999,3,$181.96
23055,7675,76,3,383.3
23056,7675,136,1,314.21
23057,7675,97,3,369.73
23058,7675,80,1,144.45
23059,7676,85,2,$9.29
23060,7676,94,4,389.5
23061,7676,54,1,89.36
23062,7677,66,1,231.0
23063,7677,49,2,206.38
23064,7677,4,5,546.12 JOD
23065,7677,99,2,140.32
23066,7677,83,4,319.19
23067,7678,107,1,376.14
23068,7678,18,2,128.87
23069,7678,2,2,190.97
23070,7679,30,0,43.65
23071,7679,100,1,249.16
23072,7679,93,2,345.11
23073,7679,85,1,8.08
23074,7679,5,1,407.25
23075,7680,92,1,339.88
23076,7681,18,-1,142.07
23077,7681,54,3,89.36
23078,7682,88,2,238.01
23079,7682,77,2,101.15
23080,7682,133,1,97.51
23081,7682,84,4,569.35
23082,7682,116,4,253.41
23083,7683,111,3,291.81
23084,7683,67,5,291.96
23085,7683,60,2,16.37
23086,7683,11,-1,489.65
23087,7683,63,2,575.86
23088,7684,8,3,307.7
23089,7684,86,0,164.39
23090,7684,119,1,528.68
23091,7684,85,4,8.08
23092,7685,35,3,152.88
23093,7686,30,4,43.65
23094,7686,20,1,97.98
23095,7686,77,3,101.15
23096,7687,118,3,306.5
23097,7687,42,5,91.53 JOD
23098,7688,29,1,181.96
23099,7689,111,2,291.81
23100,7690,81,2,121.47
23101,7690,78,1,121.77
23102,7690,111,3,291.81
23103,7691,9999,0,291.81
23104,7692,99,1,140.32
23105,7692,48,5,23.1
23106,7692,55,1,216.25
23107,7693,86,-1,164.39
23108,7693,30,2,43.65
23109,7694,9,1,178.19
23110,7695,49,2,206.38
23111,7695,101,1,95.6
23112,7695,33,3,407.76
23113,7695,42,1,91.53
23114,7696,64,3,265.50
23115,7696,61,1,101.6
23116,7696,118,1,306.5
23117,7696,107,2,376.14
23118,7697,77,1,101.15
23119,7697,51,1,286.54
23120,7697,60,1,16.37
23121,7697,39,2,253.25
23122,7698,124,2,58.04
23123,7698,42,1,134.24
23124,7699,93,1,$345.11
23125,7700,22,2,36.29
23126,7700,24,1,360.88
23127,7700,41,2,191.67
23128,7700,51,4,286.54
23129,7700,78,1,121.77
23130,7701,107,1,376.14
23131,7701,120,2,201.77
23132,7701,55,1,216.25
23133,7701,45,3,415.91
23134,7701,51,2,286.54
23135,7702,56,2,31.92
23136,7703,111,1,291.81
23137,7703,137,1,307.7
23138,7703,132,1,82.53
23139,7703,127,2,587.72
23140,7703,82,1,$244.20
23141,7704,83,5,319.19
23142,7704,91,3,243.25
23143,7704,50,2,397.99
23144,7705,106,1,252.84
23145,7705,5,5,
23146,7705,134,1,40.0
23147,7705,93,5,345.11
23148,7705,83,1,319.19
23149,7706,54,2,89.36
23150,7706,96,1,84.49
23151,7707,9,2,195.72
23152,7707,120,4,201.77
23153,7708,131,-1,396.05
23154,7708,86,1,164.39
23155,7708,38,3,454.80
23156,7708,55,3,216.25
23157,7709,116,1,359.58
23158,7709,102,2,169.19
23159,7709,137,1,307.7
23160,7710,77,3,101.15
23161,7710,75,1,347.56
23162,7710,57,1,213.11
23163,7710,16,1,185.89
23164,7711,30,1,43.65
23165,7711,75,-1,347.56
23166,7711,105,0,
23167,7711,59,5,138.63
23168,7711,47,1,627.32
23169,7712,60,1,11.0
23170,7712,81,3,121.47
23171,7713,59,2,169.88
23172,7713,23,1,68.95
23173,7713,8,2,307.7
23174,7713,18,1,128.87
23175,7714,45,1,415.91
23176,7714,87,4,262.59
23177,7714,9,3,178.19
23178,7715,21,5,14.38
23179,7715,34,1,220.1
23180,7715,18,0,128.87
23181,7716,70,1,379.91
23182,7716,121,1,317.45
23183,7717,136,1,314.21
23184,7718,96,1,84.49
23185,7718,84,4,455.31
23186,7718,11,2,489.65
23187,7718,17,2,185.99
23188,7719,10,2,28.04
23189,7719,39,1,253.25
23190,7719,35,1,152.88
23191,7720,79,1,210.8
23192,7720,56,4,31.92
23193,7720,95,4,545.43
23194,7720,75,5,347.56
23195,7720,68,3,304.43
23196,7721,53,1,37.16
23197,7721,57,0,213.11
23198,7721,121,1,354.29
23199,7722,104,3,98.77
23200,7723,62,2,205.4
23201,7723,106,1,252.84
23202,7723,20,2,110.76
23203,7723,75,1,347.56
23204,7723,58,2,109.02
23205,7724,21,1,14.38
23206,7724,113,1,191.78
23207,7724,36,3,19.30
23208,7724,68,1,304.43
23209,7725,102,3,169.19
23210,7725,51,1,286.54
23211,7725,18,1,128.87
23212,7725,11,1,489.65
23213,7726,60,1,16.37
23214,7726,21,2,14.38
23215,7726,4,2,327.97
23216,7727,15,3,81.29
23217,7727,59,2,169.88
23218,7727,88,1,238.01
23219,7727,85,4,8.08
23220,7728,109,0,579.16
23221,7728,111,1,291.81
23222,7728,32,2,105.62
23223,7729,100,1,249.16
23224,7730,128,1,369.54
23225,7731,110,1,193.85
23226,7731,116,3,359.58
23227,7731,59,4,$169.88
23228,7732,121,3,317.45
23229,7732,36,2,19.3
23230,7732,31,4,44.27
23231,7732,100,2,249.16
23232,7732,125,2,552.19
23233,7733,57,1,213.11
23234,7734,116,2,359.58
23235,7735,99,1,140.32
23236,7736,25,2,253.88
23237,7736,9,1,178.19
23238,7736,71,3,374.89
23239,7737,93,5,345.11
23240,7737,128,3,369.54
23241,7737,95,2,545.43
23242,7737,47,0,627.32
23243,7737,24,1,360.88
23244,7738,80,1,$144.45
23245,7739,120,1,201.77
23246,7740,71,3,374.89
23247,7740,59,1,169.88
23248,7740,127,2,587.72
23249,7740,113,3,191.78
23250,7740,117,0,143.1
23251,7741,84,1,455.31
23252,7741,41,1,191.67
23253,7742,2,3,190.97
23254,7742,112,1,183.26
23255,7742,81,1,121.47
23256,7743,121,1,317.45
23257,7744,59,2,169.88
23258,7744,62,2,205.4
23259,7744,117,1,76.72
23260,7745,8,4,307.7
23261,7745,44,2,106.04
23262,7745,133,2,97.51
23263,7745,126,2,200.63
23264,7746,104,3,60.9
23265,7746,7,3,152.65
23266,7746,62,1,205.40
23267,7747,83,2,$319.19
23268,7747,60,3,16.37
23269,7747,34,4,
23270,7747,74,1,34.31
23271,7748,95,2,545.43
23272,7748,96,2,84.49
23273,7749,64,5,265.5
23274,7749,54,2,89.36
23275,7749,47,5,940.77
23276,7749,22,2,36.29
23277,7749,96,1,84.49
23278,7750,108,1,242.9
23279,7751,110,1,193.85
23280,7752,56,0,31.92
23281,7752,114,1,403.81
23282,7752,67,4,291.96
23283,7752,36,3,19.3
23284,7752,131,2,396.05
23285,7753,11,1,489.65
23286,7754,136,1,314.21
23287,7754,100,3,249.16
23288,7754,15,1,81.29
23289,7755,33,3,407.76
23290,7755,121,1,317.45
23291,7755,4,1,739.66
23292,7756,68,1,304.43
23293,7757,74,1,34.31
23294,7758,20,1,110.76
23295,7758,6,3,46.39
23296,7758,10,1,28.04
23297,7758,34,1,220.1
23298,7758,101,2,95.6
23299,7759,22,-1,36.29
23300,7759,26,1,264.67
23301,7759,131,5,396.05
23302,7759,58,1,109.02
23303,7759,76,1,383.3
23304,7760,92,2,339.88
23305,7760,29,2,181.96
23306,7760,78,1,121.77
23307,7760,44,1,106.04
23308,7760,117,4,143.1
23309,7761,56,2,31.92
23310,7761,100,2,136.86
23311,7761,44,2,106.04
23312,7761,62,2,205.4
23313,7762,22,2,36.29 JOD
23314,7762,89,1,462.01
23315,7763,20,1,110.76
23316,7763,75,4,347.56
23317,7763,67,3,291.96
23318,7763,76,2,$383.30
23319,7763,126,1,200.63
23320,7764,62,3,205.4
23321,7764,4,2,713.33
23322,7765,69,1,175.49
23323,7765,78,2,121.77
23324,7765,83,2,319.19
23325,7766,91,4,$243.25
23326,7766,134,5,26.55
23327,7766,93,4,345.11
23328,7766,97,1,369.73
23329,7766,101,2,95.6
23330,7767,65,3,308.91
23331,7767,20,5,110.76
23332,7768,9,2,178.19
23333,7768,100,2,249.16
23334,7769,43,2,330.60
23335,7769,82,1,244.20
23336,7770,24,2,360.88
23337,7770,27,1,112.66
23338,7770,48,2,23.1
23339,7770,1,1,585.67
23340,7770,125,5,552.19
23341,7771,10,2,28.04
23342,7771,132,3,82.53
23343,7771,131,4,254.29
23344,7771,20,4,110.76
23345,7771,31,4,101.00
23346,7772,49,4,206.38
23347,7772,75,2,347.56
23348,7772,33,2,407.76
23349,7773,90,2,56.52
23350,7773,28,2,222.75
23351,7773,105,3,528.06
23352,7774,59,2,102.92
23353,7774,53,3,37.16
23354,7774,86,0,164.39 JOD
23355,7775,8,1,307.7
23356,7775,117,2,143.1
23357,7775,99,2,140.32
23358,7775,43,3,330.60
23359,7776,125,4,552.19
23360,7776,1,1,585.67
23361,7776,83,1,319.19
23362,7776,7,1,152.65
23363,7776,80,1,144.45
23364,7777,2,2,190.97
23365,7777,47,4,627.32
23366,7777,85,2,8.08
23367,7778,80,1,144.45
23368,7778,119,2,528.68
23369,7778,8,1,307.7
23370,7778,45,1,518.58
23371,7778,15,3,47.94
23372,7779,132,4,82.53
23373,7779,126,1,200.63
23374,7780,90,3,64.2
23375,7780,55,1,216.25
23376,7780,3,5,390.52
23377,7780,9,3,178.19
23378,7780,7,2,152.65
23379,7781,93,1,345.11
23380,7781,122,4,125.50
23381,7781,39,1,253.25
23382,7781,11,1,489.65
23383,7782,21,3,14.38
23384,7782,106,3,252.84
23385,7783,109,1,579.16
23386,7784,14,4,429.63
23387,7784,45,-1,415.91
23388,7785,44,1,106.04
23389,7786,8,-1,212.54
23390,7787,73,1,331.02
23391,7787,116,3,222.44
23392,7787,129,4,535.98
23393,7787,19,2,67.77
23394,7788,39,2,253.25
23395,7788,4,3,546.12
23396,7788,131,2,396.05
23397,7789,55,3,216.25
23398,7789,83,2,319.19
23399,7789,66,5,231.0
23400,7789,132,-1,82.53
23401,7789,88,-1,238.01
23402,7790,108,5,242.90
23403,7790,44,3,106.04
23404,7791,87,1,262.59
23405,7792,54,1,89.36
23406,7792,59,2,169.88
23407,7792,119,1,528.68
23408,7792,48,2,23.1
23409,7793,128,1,369.54
23410,7793,7,3,152.65
23411,7794,2,2,190.97
23412,7794,58,3,67.82
23413,7794,61,1,101.6
23414,7795,1,4,585.67
23415,7795,114,3,403.81
23416,7795,91,1,301.37
23417,7796,78,1,121.77
23418,7796,107,1,376.14
23419,7797,117,2,143.1
23420,7798,78,4,121.77
23421,7799,6,1,46.39
23422,7799,5,4,407.25
23423,7799,90,1,56.52
23424,7799,130,1,59.94
23425,7800,114,1,279.75
23426,7800,38,1,454.8
23427,7800,30,2,43.65
23428,7800,105,1,528.06
23429,7801,29,5,181.96
23430,7801,26,2,264.67
23431,7801,130,2,59.94
23432,7801,135,3,18.43
23433,7802,27,2,112.66
23434,7802,33,1,407.76
23435,7803,123,1,203.72
23436,7803,48,1,23.1
23437,7804,126,1,200.63
23438,7804,100,2,249.16
23439,7804,97,2,369.73
23440,7804,82,2,244.2
23441,7805,46,2,136.73
23442,7806,87,3,262.59 JOD
23443,7807,84,1,455.31
23444,7807,94,1,389.5
23445,7808,120,1,163.73
23446,7808,88,1,238.01
23447,7809,25,4,319.0
23448,7810,77,1,101.15
23449,7810,120,3,201.77
23450,7810,104,1,$98.77
23451,7811,90,4,56.52
23452,7811,105,4,528.06
23453,7811,65,1,308.91
23454,7811,59,1,169.88
23455,7811,126,1,200.63
23456,7812,123,2,151.87
23457,7812,46,3,136.73
23458,7812,29,4,181.96
23459,7812,70,1,379.91
23460,7813,44,2,106.04
23461,7814,37,1,337.07
23462,7814,66,2,231.0
23463,7815,76,5,383.30
23464,7815,106,1,252.84 JOD
23465,7816,46,1,153.27
23466,7816,121,3,317.45
23467,7816,89,2,403.36
23468,7816,107,2,376.14
23469,7816,79,1,210.8
23470,7817,17,2,185.99
23471,7817,65,4,308.91
23472,7817,114,1,403.81
23473,7817,32,3,105.62
23474,7818,118,1,306.5
23475,7818,87,1,262.59
23476,7818,120,0,201.77
23477,7818,54,1,55.26
23478,7819,100,1,249.16
23479,7820,128,2,369.54
23480,7821,30,1,43.65
23481,7822,9999,2,403.36
23482,7822,36,-1,19.3
23483,7822,9999,3,91.53
23484,7823,10,2,28.04
23485,7823,19,1,67.77
23486,7823,64,1,265.5
23487,7823,120,1,201.77
23488,7823,132,5,95.1
23489,7824,72,1,404.5
23490,7824,88,4,238.01 JOD
23491,7824,62,4,160.9
23492,7825,119,2,528.68
23493,7825,50,3,397.99
23494,7825,131,3,396.05
23495,7825,107,1,337.0
23496,7826,45,2,415.91
23497,7826,80,1,144.45
23498,7826,17,1,185.99
23499,7826,108,1,242.9
23500,7826,116,1,359.58
23501,7827,24,2,360.88
23502,7827,11,1,489.65
23503,7828,9,1,$178.19
23504,7829,50,1,397.99
23505,7829,2,0,219.09
23506,7829,124,2,58.04
23507,7829,135,2,18.43
23508,7829,9,1,178.19
23509,7830,15,0,81.29
23510,7830,42,3,91.53
23511,7830,118,1,306.5
23512,7830,120,2,201.77
23513,7830,114,-1,403.81
23514,7831,59,1,169.88
23515,7831,45,3,415.91
23516,7831,7,-1,127.81
23517,7831,43,1,330.60
23518,7832,39,4,379.51
23519,7832,107,1,376.14
23520,7832,60,2,16.37
23521,7832,71,-1,374.89
23522,7832,75,5,347.56
23523,7833,38,1,454.8
23524,7833,57,2,$213.11
23525,7834,100,1,249.16
23526,7834,116,1,359.58
23527,7835,136,2,314.21
23528,7835,39,3,253.25
23529,7835,41,2,191.67
23530,7835,106,2,252.84
23531,7836,58,2,125.54
23532,7836,19,2,67.77
23533,7837,77,2,101.15
23534,7837,36,0,
23535,7837,54,2,89.36
23536,7838,112,1,183.26
23537,7838,52,1,171.01
23538,7838,43,2,330.60
23539,7839,128,3,369.54
23540,7839,52,4,171.01
23541,7839,32,1,105.62
23542,7839,50,5,397.99
23543,7839,112,1,183.26
23544,7840,137,3,307.7
23545,7840,35,5,152.88
23546,7840,128,1,369.54
23547,7840,116,3,359.58
23548,7840,125,1,552.19
23549,7841,104,1,98.77
23550,7841,116,1,359.58
23551,7841,91,4,243.25
23552,7841,24,5,360.88
23553,7841,38,1,454.8
23554,7842,100,1,249.16
23555,7843,105,3,295.38
23556,7843,25,5,253.88
23557,7843,100,-1,249.16
23558,7843,121,0,317.45
23559,7843,7,1,152.65
23560,7844,103,2,280.03
23561,7845,53,3,$37.16
23562,7845,92,1,339.88
23563,7845,31,1,71.76
23564,7845,28,2,222.75
23565,7845,61,5,101.6
23566,7846,35,3,152.88
23567,7846,69,4,175.49
23568,7846,80,1,144.45
23569,7846,124,1,58.04
23570,7846,71,5,374.89
23571,7847,4,2,546.12
23572,7848,11,2,489.65
23573,7848,127,2,587.72
23574,7848,29,2,181.96
23575,7848,135,1,
23576,7848,136,-1,314.21
23577,7849,61,4,101.6
23578,7850,40,2,245.88
23579,7850,2,1,190.97
23580,7850,9999,1,186.29
23581,7850,108,1,185.15
23582,7850,131,1,396.05
23583,7851,86,5,129.44
23584,7852,130,1,59.94
23585,7852,65,-1,249.46
23586,7852,97,1,369.73
23587,7852,85,3,8.08
23588,7853,9999,1,291.96
23589,7854,71,5,374.89
23590,7854,43,1,330.60
23591,7854,81,5,121.47
23592,7854,117,3,143.1
23593,7854,15,3,81.29
23594,7855,67,1,291.96
23595,7855,30,2,43.65
23596,7856,9999,4,190.97
23597,7856,48,1,23.1
23598,7856,75,2,347.56
23599,7856,67,3,291.96 JOD
23600,7857,123,2,151.87
23601,7858,2,3,190.97
23602,7858,120,1,201.77
23603,7858,60,1,16.37 JOD
23604,7858,126,3,200.63 JOD
23605,7858,6,1,46.39
23606,7859,100,3,249.16
23607,7859,115,4,302.06
23608,7860,55,4,216.25
23609,7860,107,-1,376.14
23610,7861,17,1,185.99
23611,7861,109,2,579.16
23612,7862,127,1,587.72
23613,7862,99,4,146.50
23614,7862,130,2,59.94
23615,7862,9999,3,$144.19
23616,7863,21,3,14.38
23617,7863,43,2,330.6
23618,7863,75,3,347.56
23619,7863,38,-1,454.8
23620,7864,75,4,347.56 JOD
23621,7864,31,1,55.09
23622,7864,68,3,304.43
23623,7864,128,1,369.54
23624,7865,120,1,201.77
23625,7865,57,2,213.11
23626,7865,9999,1,345.11
23627,7865,129,1,689.54
23628,7865,136,2,314.21
23629,7866,102,5,169.19
23630,7866,38,2,454.8
23631,7866,129,2,619.53
23632,7866,23,4,53.41
23633,7867,120,1,201.77
23634,7867,133,1,50.25
23635,7868,10,1,28.04
23636,7868,21,1,14.38
23637,7869,81,2,121.47
23638,7869,60,1,16.37
23639,7869,95,1,545.43
23640,7869,19,1,35.6
23641,7870,122,2,125.5
23642,7870,102,0,169.19
23643,7870,6,1,46.39
23644,7870,60,1,16.37
23645,7870,108,1,242.9
23646,7871,101,3,95.6
23647,7871,74,1,34.31
23648,7871,44,1,106.04
23649,7871,64,1,265.5
23650,7871,123,2,$151.87
23651,7872,12,3,214.91
23652,7872,10,3,28.04
23653,7872,31,2,71.76
23654,7872,76,2,383.3
23655,7872,131,1,396.05
23656,7873,120,2,201.77
23657,7873,51,1,286.54
23658,7873,65,1,308.91 JOD
23659,7874,13,2,186.29
23660,7874,63,2,575.86
23661,7875,136,0,314.21
23662,7875,117,5,143.1
23663,7875,96,2,84.49
23664,7875,97,5,369.73
23665,7876,10,3,21.85 JOD
23666,7877,113,1,214.35
23667,7877,31,1,71.76
23668,7877,122,3,125.5
23669,7877,35,1,152.88
23670,7877,120,1,$201.77
23671,7878,55,2,
23672,7878,40,0,199.53
23673,7878,133,2,97.51
23674,7879,63,2,833.7
23675,7879,20,3,110.76
23676,7879,66,-1,231.0
23677,7879,121,2,317.45
23678,7879,45,1,415.91
23679,7880,125,1,552.19
23680,7881,55,1,216.25
23681,7881,132,1,82.53
23682,7881,107,0,376.14
23683,7881,68,-1,304.43
23684,7881,133,2,97.51
23685,7882,82,2,244.2
23686,7882,52,4,171.01
23687,7882,6,2,46.39
23688,7882,112,1,183.26
23689,7882,102,2,169.19
23690,7883,95,0,796.06
23691,7884,126,1,109.79
23692,7884,69,1,194.63
23693,7884,34,4,220.10
23694,7885,24,1,360.88
23695,7886,48,2,33.80
23696,7886,126,2,200.63
23697,7886,47,1,$627.32
23698,7887,102,3,169.19
23699,7887,82,1,244.2
23700,7887,66,0,231.00
23701,7888,75,3,347.56
23702,7888,36,3,19.3
23703,7888,80,1,156.4
23704,7888,30,3,43.65
23705,7889,110,1,193.85
23706,7889,25,2,214.23
23707,7889,23,2,68.95
23708,7890,128,1,369.54
23709,7890,11,5,489.65
23710,7890,6,2,46.39
23711,7890,36,1,19.3
23712,7890,50,-1,397.99
23713,7891,126,3,200.63
23714,7891,57,3,$213.11
23715,7891,27,1,112.66
23716,7891,39,1,253.25
23717,7892,38,5,454.80
23718,7893,130,1,59.94
23719,7893,24,3,360.88
23720,7893,106,3,$252.84
23721,7893,57,3,213.11
23722,7893,94,1,389.50
23723,7894,22,1,36.29
23724,7894,29,1,181.96
23725,7894,131,5,396.05
23726,7895,48,1,23.10
23727,7896,27,1,112.66
23728,7896,53,3,37.16
23729,7896,66,3,231.0
23730,7896,72,2,404.5
23731,7896,7,-1,152.65
23732,7897,78,5,121.77
23733,7898,24,1,360.88
23734,7898,111,4,291.81
23735,7898,123,1,151.87
23736,7898,13,2,186.29
23737,7898,6,1,46.39
23738,7899,9999,3,579.16
23739,7899,70,1,379.91
23740,7899,54,5,$89.36
23741,7900,123,4,151.87 JOD
23742,7900,10,3,28.04
23743,7900,50,2,397.99
23744,7900,107,2,376.14
23745,7901,100,4,249.16
23746,7901,123,4,$151.87
23747,7901,38,1,454.80
23748,7901,121,2,317.45
23749,7902,117,1,153.19
23750,7902,81,1,121.47
23751,7902,36,1,19.3
23752,7903,37,1,241.65
23753,7904,122,-1,125.5
23754,7904,56,1,20.59
23755,7904,70,0,379.91
23756,7904,119,1,528.68
23757,7905,65,2,320.56
23758,7905,20,1,110.76
23759,7906,9,3,178.19
23760,7906,47,3,497.59
23761,7906,131,1,420.59
23762,7906,30,4,43.65
23763,7906,51,2,249.26
23764,7907,57,0,213.11
23765,7907,128,4,242.47
23766,7907,62,2,205.4
23767,7907,115,2,216.19
23768,7908,37,1,241.65
23769,7908,77,1,101.15
23770,7909,78,-1,121.77
23771,7909,109,1,579.16
23772,7909,121,1,441.68
23773,7909,127,3,
23774,7909,80,1,144.45
23775,7910,5,1,407.25
23776,7910,44,3,106.04
23777,7910,101,3,95.6
23778,7910,32,2,105.62
23779,7910,62,3,205.40
23780,7911,122,1,125.5
23781,7911,49,1,280.26
23782,7911,89,0,403.36
23783,7911,5,0,407.25
23784,7911,43,1,330.6
23785,7912,8,1,307.7
23786,7912,10,-1,28.04
23787,7913,66,1,231.00
23788,7913,47,2,627.32
23789,7914,55,2,216.25
23790,7914,75,4,347.56
23791,7914,64,4,265.5
23792,7915,104,2,98.77
23793,7915,40,0,199.53
23794,7915,72,1,404.5
23795,7915,9999,1,56.52
23796,7915,43,1,330.60
23797,7916,32,1,105.62
23798,7917,89,3,403.36
23799,7917,131,2,396.05
23800,7917,101,2,95.6
23801,7917,69,2,175.49
23802,7918,46,2,153.45
23803,7918,68,1,304.43
23804,7918,87,2,262.59
23805,7918,110,1,193.85
23806,7919,18,2,128.87
23807,7919,72,5,404.5
23808,7919,110,1,193.85
23809,7919,111,0,291.81
23810,7919,65,2,308.91
23811,7920,34,2,220.1
23812,7920,46,3,136.73
23813,7921,14,1,429.63
23814,7921,73,1,310.09
23815,7921,126,2,200.63
23816,7922,118,4,306.5
23817,7922,48,3,20.91
23818,7922,130,2,59.94
23819,7923,87,3,262.59
23820,7923,104,2,98.77
23821,7923,64,3,265.5
23822,7923,119,4,528.68
23823,7924,95,4,545.43
23824,7924,66,-1,231.0
23825,7925,84,2,455.31
23826,7925,36,1,19.3
23827,7925,19,2,67.77
23828,7926,89,1,403.36
23829,7926,105,4,528.06
23830,7926,62,4,205.4
23831,7927,61,2,101.6
23832,7927,67,1,291.96
23833,7928,111,1,291.81
23834,7928,18,0,128.87
23835,7928,89,1,403.36
23836,7928,112,4,183.26
23837,7929,70,2,379.91
23838,7929,64,2,265.5
23839,7929,33,5,407.76
23840,7929,55,0,216.25
23841,7930,23,4,68.95
23842,7931,120,3,201.77
23843,7931,125,4,552.19
23844,7931,94,2,389.5
23845,7931,104,1,98.77
23846,7932,137,2,307.70
23847,7932,42,0,91.53
23848,7932,7,1,152.65
23849,7932,22,1,36.29
23850,7932,119,2,528.68
23851,7933,70,4,379.91
23852,7933,121,1,317.45
23853,7934,111,4,291.81
23854,7934,106,5,252.84
23855,7935,78,1,121.77
23856,7935,92,1,339.88
23857,7935,3,1,390.52
23858,7935,76,2,
23859,7935,103,1,244.5
23860,7936,127,1,587.72
23861,7936,16,1,148.16
23862,7936,105,2,528.06
23863,7936,45,4,415.91
23864,7937,28,2,222.75
23865,7938,126,2,200.63
23866,7938,57,1,136.25
23867,7938,110,2,193.85
23868,7939,109,-1,790.61
23869,7939,46,1,136.73
23870,7939,3,1,390.52
23871,7940,13,1,186.29
23872,7940,131,1,485.26
23873,7940,52,2,171.01
23874,7940,129,1,535.98
23875,7940,58,1,85.43
23876,7941,98,1,243.42
23877,7942,61,2,101.6
23878,7942,31,3,71.76
23879,7942,97,1,241.83
23880,7943,109,1,579.16
23881,7944,17,2,185.99
23882,7945,51,3,286.54
23883,7945,46,-1,136.73
23884,7946,24,4,360.88
23885,7946,94,2,508.45
23886,7946,7,2,152.65
23887,7946,108,1,217.13
23888,7946,20,0,110.76
23889,7947,117,2,143.10
23890,7947,81,5,121.47
23891,7947,83,1,319.19
23892,7948,74,1,34.31
23893,7948,37,2,241.65
23894,7948,96,1,$84.49
23895,7949,1,3,585.67
23896,7950,74,1,34.31
23897,7950,102,2,$169.19
23898,7950,98,2,243.42
23899,7951,125,5,552.19
23900,7951,135,1,18.43
23901,7951,71,4,374.89
23902,7951,100,2,249.16
23903,7951,101,1,95.6
23904,7952,9999,1,319.19
23905,7953,76,5,383.30
23906,7954,65,2,308.91
23907,7955,27,2,131.08
23908,7955,131,2,396.05
23909,7956,87,1,262.59
23910,7956,102,2,169.19
23911,7956,94,1,389.5
23912,7956,97,1,$369.73
23913,7957,108,2,242.9
23914,7958,109,2,579.16
23915,7958,52,-1,171.01
23916,7959,116,2,359.58
23917,7959,135,1,18.43
23918,7960,127,1,587.72
23919,7960,99,2,140.32
23920,7960,2,1,190.97
23921,7961,38,2,454.8
23922,7961,8,4,307.7
23923,7961,137,3,307.7
23924,7961,73,3,$331.02
23925,7961,43,4,330.6
23926,7962,86,1,164.39
23927,7962,110,1,193.85
23928,7962,72,3,404.50
23929,7962,23,1,68.95 JOD
23930,7962,65,2,308.91
23931,7963,63,1,575.86
23932,7963,41,3,191.67
23933,7963,106,2,252.84
23934,7963,118,1,306.5
23935,7963,24,1,360.88
23936,7964,125,2,$552.19
23937,7964,86,2,164.39
23938,7965,75,3,347.56
23939,7965,6,1,50.35
23940,7965,81,1,121.47
23941,7966,65,2,308.91
23942,7966,104,2,86.94
23943,7966,103,2,244.5
23944,7966,39,3,253.25
23945,7967,51,-1,286.54
23946,7967,17,1,185.99
23947,7967,11,2,489.65
23948,7967,64,2,265.5
23949,7967,124,2,58.04
23950,7968,119,3,528.68
23951,7968,53,1,37.16
23952,7968,103,1,244.5
23953,7968,75,1,347.56
23954,7969,105,1,528.06
23955,7969,120,2,201.77
23956,7970,30,2,43.65
23957,7970,4,3,546.12
23958,7970,124,3,58.04
23959,7970,38,1,454.8
23960,7970,11,1,667.62
23961,7971,106,-1,252.84
23962,7971,40,1,199.53
23963,7972,9999,2,689.35
23964,7973,73,1,331.02
23965,7973,43,1,330.60
23966,7973,28,3,$222.75
23967,7973,32,2,105.62
23968,7973,45,1,415.91
23969,7974,106,1,252.84
23970,7974,3,2,390.52
23971,7974,30,5,43.65
23972,7975,113,2,191.78
23973,7975,3,1,390.52
23974,7975,107,1,376.14
23975,7975,36,4,21.68
23976,7975,76,2,383.3
23977,7976,65,1,308.91
23978,7976,49,3,266.2
23979,7976,128,2,369.54
23980,7976,37,1,241.65
23981,7977,28,0,222.75
23982,7978,76,3,383.3
23983,7978,28,1,222.75
23984,7978,79,1,144.81
23985,7979,35,1,152.88
23986,7979,30,1,43.65
23987,7979,87,1,262.59
23988,7980,8,2,307.7
23989,7980,45,3,415.91
23990,7981,15,1,81.29
23991,7981,68,3,304.43
23992,7981,38,1,454.8
23993,7982,50,4,397.99
23994,7982,113,5,191.78 JOD
23995,7982,74,1,34.31
23996,7982,109,-1,579.16
23997,7982,93,5,345.11
23998,7983,116,1,359.58
23999,7983,40,2,199.53
24000,7983,49,3,206.38
24001,7983,99,3,140.32
24002,7984,98,1,243.42
24003,7984,37,1,241.65
24004,7984,129,1,535.98
24005,7985,24,4,360.88
24006,7985,107,5,376.14
24007,7985,93,1,345.11
24008,7985,30,1,43.65
24009,7986,38,1,454.8
24010,7986,108,1,242.9
24011,7987,122,1,112.63
24012,7987,10,2,21.77
24013,7987,108,1,242.9
24014,7987,61,2,101.6
24015,7987,64,1,265.5
24016,7988,43,0,330.6
24017,7988,22,0,36.29
24018,7989,101,5,95.6
24019,7989,70,3,379.91
24020,7989,6,4,37.32
24021,7989,124,1,58.04
24022,7990,39,2,253.25
24023,7990,120,1,201.77
24024,7990,82,1,244.20
24025,7991,7,2,167.55
24026,7991,89,5,
24027,7991,134,5,40.00
24028,7991,92,1,$339.88
24029,7991,1,2,585.67
24030,7992,3,4,293.69
24031,7993,100,2,249.16
24032,7993,111,1,291.81
24033,7993,47,1,627.32
24034,7993,103,3,244.5
24035,7993,27,1,106.73 JOD
24036,7994,9999,2,326.74
24037,7994,56,3,31.92
24038,7994,43,5,330.60
24039,7995,123,2,151.87
24040,7995,120,4,201.77
24041,7995,65,-1,308.91
24042,7995,58,3,109.02
24043,7996,49,1,281.23
24044,7996,12,2,214.91
24045,7996,54,1,89.36
24046,7996,120,4,201.77
24047,7997,133,1,97.51
24048,7997,137,2,307.70
24049,7998,91,3,243.25
24050,7998,102,2,169.19
24051,7998,19,1,67.77
24052,7998,88,1,238.01
24053,7999,115,5,302.06
24054,8000,132,3,82.53
24055,8001,82,2,244.2
24056,8001,37,3,241.65
24057,8001,8,1,307.7
24058,8001,111,2,342.9
24059,8002,131,1,396.05
24060,8002,43,2,330.60
24061,8003,95,3,545.43
24062,8003,68,2,304.43
24063,8004,11,1,489.65
24064,8004,37,1,241.65
24065,8005,6,1,26.06
24066,8005,81,2,166.75
24067,8005,78,1,121.77
24068,8005,86,1,164.39
24069,8005,55,4,216.25
24070,8006,48,1,23.1
24071,8006,66,2,231.0
24072,8006,130,1,59.94
24073,8007,19,1,100.93
24074,8007,104,2,148.15
24075,8007,98,1,$303.15
24076,8008,42,5,91.53
24077,8009,108,2,242.9
24078,8010,80,3,144.45
24079,8010,113,3,233.14
24080,8010,71,1,374.89
24081,8010,57,5,213.11
24082,8011,110,5,193.85
24083,8011,87,3,262.59
24084,8011,24,1,406.28
24085,8012,9,4,178.19
24086,8012,15,1,81.29
24087,8013,116,2,359.58
24088,8013,59,1,169.88
24089,8013,14,1,429.63
24090,8013,20,4,110.76
24091,8013,117,2,143.10
24092,8014,102,2,$169.19
24093,8014,96,1,84.49
24094,8015,124,1,$58.04
24095,8015,79,1,210.80
24096,8015,90,2,56.52
24097,8015,22,2,36.29
24098,8016,30,2,43.65
24099,8016,9999,2,316.04
24100,8017,130,1,59.94
24101,8017,81,1,121.47 JOD
24102,8018,103,2,244.5
24103,8018,95,1,545.43
24104,8018,114,1,403.81
24105,8018,52,1,171.01
24106,8019,67,1,$291.96
24107,8019,36,1,19.3
24108,8019,49,2,206.38
24109,8019,12,1,214.91
24110,8019,103,2,244.5
24111,8020,39,1,253.25
24112,8020,6,3,46.39
24113,8021,35,2,152.88
24114,8022,131,3,$396.05
24115,8023,95,1,545.43
24116,8023,45,1,415.91
24117,8023,76,1,
24118,8023,119,5,528.68
24119,8024,75,1,347.56
24120,8024,112,1,183.26
24121,8024,28,2,222.75
24122,8024,114,2,403.81
24123,8024,43,0,330.6
24124,8025,63,2,575.86
24125,8025,69,1,175.49
24126,8025,116,1,359.58
24127,8026,137,5,307.7
24128,8026,109,2,579.16
24129,8027,62,1,205.40
24130,8027,133,1,97.51
24131,8027,103,3,244.5
24132,8027,66,2,231.00
24133,8028,96,1,84.49
24134,8028,3,2,390.52
24135,8028,135,2,18.43
24136,8028,38,1,454.8
24137,8028,56,1,31.92
24138,8029,59,2,169.88
24139,8029,96,1,84.49
24140,8029,127,5,587.72
24141,8029,129,1,535.98
24142,8029,19,1,67.77
24143,8030,21,1,9.44
24144,8030,13,3,186.29
24145,8030,70,1,379.91
24146,8030,107,3,376.14
24147,8031,53,3,37.16
24148,8031,86,1,164.39
24149,8031,3,1,390.52
24150,8031,83,2,319.19
24151,8031,62,4,205.4
24152,8032,13,2,186.29
24153,8032,51,3,286.54
24154,8032,119,1,528.68
24155,8032,116,1,359.58
24156,8032,123,2,151.87
24157,8033,9,1,178.19
24158,8033,28,1,222.75
24159,8033,106,2,252.84
24160,8034,43,0,330.6
24161,8034,49,0,206.38
24162,8035,36,3,19.3
24163,8035,9999,2,143.1
24164,8035,80,3,144.45
24165,8035,1,1,585.67
24166,8036,18,1,128.87
24167,8036,62,1,205.4
24168,8036,60,5,16.37 JOD
24169,8036,7,2,152.65
24170,8036,111,3,291.81
24171,8037,77,1,101.15
24172,8038,16,1,148.16
24173,8038,92,2,339.88
24174,8038,127,1,587.72
24175,8038,101,3,95.6
24176,8038,30,1,43.65
24177,8039,54,2,89.36
24178,8039,135,3,18.43
24179,8039,127,5,587.72
24180,8040,134,3,40.0
24181,8040,65,2,308.91
24182,8041,69,1,175.49
24183,8041,13,1,186.29
24184,8041,66,3,231.00
24185,8041,12,3,303.42
24186,8042,89,4,403.36
24187,8042,17,4,185.99
24188,8042,124,2,58.04
24189,8042,11,1,489.65
24190,8043,125,1,552.19
24191,8043,23,1,68.95
24192,8044,95,3,545.43
24193,8044,121,5,317.45
24194,8044,29,3,181.96
24195,8045,30,3,$43.65
24196,8045,104,0,98.77
24197,8045,80,1,144.45
24198,8046,104,2,68.5
24199,8047,73,3,331.02
24200,8047,5,3,407.25
24201,8047,49,1,206.38
24202,8047,99,2,203.01
24203,8047,11,0,489.65
24204,8048,38,2,$454.80
24205,8048,26,1,264.67
24206,8048,70,0,379.91
24207,8048,37,3,241.65
24208,8049,34,-1,220.1
24209,8049,100,3,249.16
24210,8049,103,4,244.50
24211,8050,33,3,407.76
24212,8050,35,1,180.5
24213,8050,68,1,357.19
24214,8051,93,2,345.11
24215,8052,84,2,455.31
24216,8052,83,2,319.19
24217,8052,121,3,317.45
24218,8053,29,3,181.96
24219,8053,92,3,339.88
24220,8054,71,4,374.89
24221,8054,37,5,241.65
24222,8054,48,2,23.1
24223,8054,52,1,171.01
24224,8054,131,1,396.05
24225,8055,13,3,186.29
24226,8056,35,1,152.88
24227,8056,64,1,265.5
24228,8056,56,5,31.92 JOD
24229,8057,4,1,546.12
24230,8057,93,3,345.11
24231,8057,128,1,369.54
24232,8057,74,1,34.31
24233,8057,71,3,374.89
24234,8058,90,1,56.52
24235,8059,119,1,656.57
24236,8060,118,3,306.50
24237,8060,78,1,113.21
24238,8060,106,3,252.84
24239,8060,7,1,152.65
24240,8060,97,1,369.73
24241,8061,72,2,404.5
24242,8062,96,1,84.49
24243,8062,123,1,125.59
24244,8062,128,2,369.54
24245,8063,9,1,178.19
24246,8063,35,1,152.88
24247,8063,86,3,164.39
24248,8063,56,3,$31.92
24249,8064,70,3,379.91 JOD
24250,8064,77,4,101.15
24251,8065,134,1,40.0
24252,8066,95,5,545.43
24253,8066,80,1,144.45
24254,8067,69,1,175.49
24255,8067,123,2,151.87
24256,8067,55,3,216.25
24257,8067,35,0,152.88
24258,8068,21,2,14.38
24259,8068,61,1,101.6
24260,8068,90,3,56.52
24261,8068,67,1,291.96
24262,8068,14,1,429.63
24263,8069,42,5,91.53
24264,8069,50,2,270.68
24265,8069,74,2,34.31
24266,8070,9,1,178.19
24267,8070,20,2,$110.76
24268,8070,50,4,397.99
24269,8071,105,4,528.06
24270,8071,9,1,178.19
24271,8072,105,0,528.06
24272,8072,130,2,34.00
24273,8072,135,1,18.43
24274,8072,24,4,360.88
24275,8073,34,1,220.10
24276,8073,20,1,110.76
24277,8073,15,3,81.29
24278,8073,113,4,191.78
24279,8074,27,1,112.66
24280,8074,77,3,101.15
24281,8074,87,1,262.59
24282,8075,54,3,89.36
24283,8075,130,1,59.94
24284,8076,51,5,224.04
24285,8076,11,2,489.65
24286,8076,111,3,291.81
24287,8076,50,1,397.99
24288,8076,82,1,244.2
24289,8077,17,1,$185.99
24290,8077,31,2,71.76
24291,8077,59,1,169.88
24292,8078,135,2,18.43
24293,8078,6,1,46.39
24294,8078,33,3,407.76
24295,8078,79,2,210.8
24296,8078,57,1,213.11
24297,8079,1,2,585.67
24298,8079,53,1,37.16
24299,8079,86,3,113.18
24300,8079,88,4,206.89
24301,8080,78,5,121.77
24302,8080,35,2,152.88
24303,8080,17,5,$185.99
24304,8080,63,1,575.86
24305,8080,20,3,110.76
24306,8081,18,2,164.01
24307,8081,62,3,205.4
24308,8082,1,2,585.67
24309,8083,117,1,143.1
24310,8083,83,2,319.19
24311,8083,62,2,205.40
24312,8084,18,2,128.87
24313,8084,118,1,306.5
24314,8085,90,0,56.52
24315,8085,112,3,183.26 JOD
24316,8086,62,2,205.40
24317,8086,87,2,262.59
24318,8086,51,4,286.54
24319,8087,41,1,191.67
24320,8087,61,1,101.6
24321,8088,51,1,286.54
24322,8089,77,1,101.15
24323,8089,47,2,627.32
24324,8089,52,1,171.01
24325,8089,32,2,105.62
24326,8089,10,2,28.04
24327,8090,43,3,330.6
24328,8090,122,4,125.50
24329,8091,97,1,369.73
24330,8091,108,1,242.9
24331,8091,73,3,331.02
24332,8092,53,4,37.16
24333,8092,3,3,390.52
24334,8092,91,1,243.25
24335,8092,1,2,585.67
24336,8093,103,2,244.5
24337,8093,60,2,16.37
24338,8093,130,-1,59.94
24339,8093,20,2,110.76
24340,8093,109,1,579.16
24341,8094,93,2,345.11
24342,8094,27,1,122.33
24343,8094,3,1,390.52
24344,8094,91,0,243.25
24345,8094,13,4,186.29
24346,8095,120,1,201.77
24347,8095,81,1,121.47
24348,8095,8,2,416.35
24349,8096,17,1,185.99
24350,8096,124,3,58.04
24351,8096,68,2,304.43
24352,8097,80,1,144.45
24353,8097,47,2,627.32
24354,8098,122,1,125.5
24355,8098,113,1,191.78
24356,8098,86,1,164.39
24357,8099,78,3,121.77
24358,8100,128,3,369.54
24359,8100,97,2,369.73
24360,8100,14,1,429.63
24361,8101,115,3,302.06
24362,8101,56,1,31.92
24363,8101,78,4,121.77
24364,8101,6,0,46.39
24365,8102,117,2,143.10 JOD
24366,8103,50,1,397.99
24367,8104,41,2,191.67
24368,8104,120,1,201.77
24369,8104,11,1,489.65
24370,8104,67,2,291.96 JOD
24371,8105,129,4,535.98
24372,8105,125,2,552.19
24373,8105,115,-1,302.06
24374,8105,38,1,454.8
24375,8105,67,1,291.96
24376,8106,9999,0,115.01
24377,8106,118,1,306.5
24378,8107,88,1,238.01 JOD
24379,8107,4,-1,546.12
24380,8107,23,3,68.95
24381,8107,85,2,8.08
24382,8107,38,1,304.82
24383,8108,84,1,455.31
24384,8109,85,1,8.08
24385,8109,24,1,360.88
24386,8109,95,0,545.43
24387,8110,19,1,67.77
24388,8110,56,4,31.92
24389,8110,89,1,403.36
24390,8110,125,5,552.19
24391,8110,57,4,213.11
24392,8111,116,3,359.58
24393,8112,39,3,253.25
24394,8112,83,1,319.19
24395,8112,100,1,249.16
24396,8112,131,4,$396.05
24397,8113,79,2,210.8
24398,8113,110,4,193.85
24399,8113,28,2,132.2
24400,8113,89,3,403.36 JOD
24401,8114,5,1,407.25
24402,8115,71,1,374.89
24403,8115,113,1,191.78
24404,8116,1,2,585.67
24405,8116,72,2,404.50
24406,8117,109,3,579.16
24407,8117,125,3,552.19
24408,8117,137,2,307.7
24409,8117,60,2,16.37
24410,8117,3,2,390.52
24411,8118,66,1,231.0
24412,8118,42,1,91.53
24413,8118,77,1,101.15
24414,8118,60,2,16.37
24415,8119,72,1,404.5
24416,8119,61,5,101.60
24417,8119,54,1,89.36
24418,8119,32,1,105.62
24419,8119,22,4,$50.11
24420,8120,30,1,43.65 JOD
24421,8120,17,1,185.99
24422,8120,1,1,585.67
24423,8120,7,2,152.65
24424,8120,92,2,270.43
24425,8121,109,1,579.16
24426,8121,43,3,$330.60
24427,8122,38,2,454.8
24428,8123,106,1,186.64
24429,8123,62,1,205.40
24430,8123,128,5,369.54
24431,8123,89,2,403.36
24432,8123,21,2,14.38
24433,8124,45,1,415.91
24434,8124,99,3,140.32
24435,8124,86,1,164.39
24436,8125,38,0,454.80
24437,8125,112,0,170.20
24438,8125,53,1,37.16
24439,8125,124,1,58.04
24440,8126,24,2,360.88
24441,8126,9,3,178.19
24442,8126,126,1,200.63
24443,8127,49,2,206.38
24444,8128,27,2,112.66
24445,8128,111,1,219.53
24446,8128,77,4,101.15
24447,8128,79,2,210.8
24448,8129,51,2,286.54
24449,8129,121,1,317.45
24450,8129,26,1,264.67
24451,8129,37,2,241.65
24452,8129,131,2,396.05
24453,8130,66,1,231.0
24454,8130,83,1,319.19
24455,8130,61,4,101.6
24456,8130,124,2,77.91
24457,8131,52,1,171.01
24458,8131,105,1,
24459,8131,87,1,179.45
24460,8131,83,1,319.19
24461,8132,127,1,409.66
24462,8132,122,3,125.50
24463,8132,135,0,18.43
24464,8133,127,1,587.72
24465,8133,106,2,252.84
24466,8133,122,1,125.5
24467,8133,1,1,585.67
24468,8133,49,2,206.38
24469,8134,124,-1,58.04
24470,8134,53,2,39.95
24471,8134,42,1,91.53
24472,8134,117,3,$143.10
24473,8134,21,4,14.38
24474,8135,89,1,403.36
24475,8135,13,3,186.29
24476,8135,42,1,91.53
24477,8136,20,1,110.76
24478,8137,2,2,190.97
24479,8137,129,1,535.98
24480,8137,35,1,152.88
24481,8138,109,1,579.16
24482,8138,59,3,223.80
24483,8139,41,1,272.67
24484,8139,13,1,186.29
24485,8139,107,2,376.14
24486,8139,50,1,397.99
24487,8139,111,1,291.81
24488,8140,35,2,152.88
24489,8141,25,1,253.88
24490,8141,39,1,253.25
24491,8141,98,2,243.42
24492,8141,79,2,189.99
24493,8142,112,1,183.26
24494,8142,79,1,210.8
24495,8143,31,1,71.76
24496,8143,47,1,627.32
24497,8144,2,1,190.97
24498,8145,45,1,415.91
24499,8145,130,3,59.94
24500,8146,87,5,262.59
24501,8146,11,2,489.65
24502,8147,12,2,214.91
24503,8147,102,4,169.19
24504,8147,82,1,244.20
24505,8147,133,1,97.51
24506,8147,4,1,546.12
24507,8148,94,4,389.5
24508,8148,33,-1,
24509,8149,137,2,307.7
24510,8149,93,5,345.11
24511,8149,68,2,246.84 JOD
24512,8150,11,0,489.65
24513,8150,105,3,528.06
24514,8150,60,2,16.37
24515,8150,73,-1,331.02
24516,8151,70,1,379.91
24517,8151,128,1,369.54
24518,8151,22,0,36.29
24519,8152,10,1,17.8
24520,8153,100,4,249.16
24521,8153,86,1,164.39
24522,8153,10,5,28.04
24523,8153,67,1,291.96
24524,8153,33,1,407.76
24525,8154,34,1,220.10
24526,8154,59,3,169.88
24527,8154,62,1,205.40
24528,8154,22,2,36.29
24529,8155,114,-1,403.81 JOD
24530,8155,50,1,397.99
24531,8155,106,1,252.84
24532,8155,97,4,369.73
24533,8155,93,1,344.44
24534,8156,8,3,414.6
24535,8156,91,2,308.63
24536,8156,65,1,308.91
24537,8156,78,4,179.95
24538,8157,105,2,528.06
24539,8157,45,2,415.91
24540,8157,62,2,205.4
24541,8157,28,2,$222.75
24542,8158,99,3,$140.32
24543,8158,102,2,169.19
24544,8158,12,2,214.91
24545,8158,46,3,136.73
24546,8159,36,3,19.3
24547,8159,86,2,164.39
24548,8159,113,2,191.78
24549,8160,10,1,28.04
24550,8160,35,1,152.88
24551,8161,75,1,347.56
24552,8161,89,2,403.36
24553,8161,38,1,258.31
24554,8161,100,5,249.16
24555,8161,126,1,235.28
24556,8162,67,1,291.96
24557,8162,64,1,265.5
24558,8162,49,3,206.38
24559,8162,63,1,575.86
24560,8163,135,0,18.43
24561,8164,5,3,407.25
24562,8164,101,0,95.6
24563,8165,13,3,$186.29
24564,8165,120,2,201.77
24565,8165,94,1,389.5
24566,8166,71,2,374.89
24567,8167,9,2,178.19
24568,8167,32,3,105.62
24569,8167,52,4,171.01
24570,8167,37,1,241.65
24571,8167,46,3,136.73
24572,8168,53,1,37.16
24573,8169,38,2,454.8
24574,8169,64,3,265.50
24575,8170,9,2,178.19
24576,8170,8,1,307.7
24577,8170,95,1,545.43
24578,8170,86,1,135.49
24579,8171,115,1,302.06
24580,8171,86,4,164.39
24581,8172,52,2,88.17
24582,8172,133,5,97.51 JOD
24583,8172,121,2,317.45
24584,8173,123,1,151.87
24585,8173,31,1,71.76
24586,8174,126,5,200.63 JOD
24587,8175,31,1,71.76
24588,8175,47,2,627.32
24589,8175,60,1,16.37
24590,8175,112,3,183.26
24591,8176,3,1,390.52
24592,8176,135,1,18.43
24593,8176,118,1,306.50
24594,8177,13,1,
24595,8177,3,1,390.52
24596,8177,12,5,214.91
24597,8177,62,1,205.40
24598,8178,12,0,176.90
24599,8178,123,5,151.87
24600,8178,67,2,291.96
24601,8178,25,1,253.88
24602,8179,66,1,231.00
24603,8179,117,1,143.1
24604,8179,103,2,244.5
24605,8179,6,5,46.39
24606,8179,77,3,101.15
24607,8180,111,2,291.81
24608,8180,136,2,314.21
24609,8181,42,5,91.53
24610,8182,55,2,216.25
24611,8182,87,3,262.59
24612,8183,46,1,136.73
24613,8183,130,4,59.94
24614,8183,55,-1,216.25
24615,8183,9999,3,37.16
24616,8184,13,1,186.29
24617,8184,51,1,286.54
24618,8184,31,4,71.76
24619,8184,58,2,109.02
24620,8184,62,3,205.4
24621,8185,91,3,243.25
24622,8186,9999,2,220.1
24623,8186,110,2,193.85
24624,8187,19,1,67.77
24625,8187,91,1,243.25
24626,8187,108,2,242.9
24627,8188,41,0,191.67
24628,8188,38,2,454.8
24629,8189,95,3,545.43
24630,8189,80,5,144.45
24631,8190,8,5,307.7
24632,8190,87,1,262.59
24633,8190,104,3,98.77
24634,8190,91,2,330.33
24635,8190,105,1,265.96
24636,8191,75,3,347.56
24637,8191,39,1,253.25
24638,8191,2,2,190.97
24639,8191,137,4,187.33
24640,8191,8,1,307.7
24641,8192,7,2,152.65
24642,8192,35,2,152.88
24643,8193,83,3,319.19
24644,8193,65,1,308.91
24645,8193,33,1,407.76
24646,8193,78,3,121.77
24647,8194,24,2,360.88
24648,8194,135,0,18.43
24649,8194,75,2,347.56
24650,8194,49,3,206.38
24651,8195,113,3,191.78
24652,8195,125,0,552.19
24653,8195,122,1,125.5
24654,8195,66,1,155.63
24655,8195,45,4,415.91
24656,8196,26,1,264.67
24657,8196,99,1,140.32
24658,8196,9,1,178.19
24659,8197,117,2,98.03
24660,8197,23,4,68.95
24661,8197,102,1,169.19
24662,8197,96,1,84.49
24663,8197,70,2,379.91
24664,8198,82,2,244.2
24665,8198,27,1,112.66
24666,8198,65,1,308.91
24667,8198,28,2,222.75
24668,8199,75,4,347.56
24669,8199,119,1,562.42
24670,8200,22,1,36.29
24671,8200,53,1,37.16
24672,8200,84,2,455.31
24673,8200,51,2,286.54
24674,8201,21,1,14.38
24675,8201,85,2,8.08
24676,8202,67,3,
24677,8202,53,2,37.16
24678,8202,74,3,34.31
24679,8202,82,5,244.2
24680,8202,61,2,101.6
24681,8203,137,3,307.7
24682,8203,106,1,252.84
24683,8203,9999,1,331.02
24684,8203,112,5,183.26
24685,8203,133,0,97.51
24686,8204,97,1,$369.73
24687,8205,9999,1,121.77
24688,8206,38,2,454.8
24689,8206,106,1,$347.91
24690,8206,88,1,238.01
24691,8206,74,4,34.31
24692,8206,64,3,265.50
24693,8207,120,1,201.77
24694,8207,44,2,106.04
24695,8207,79,1,246.68
24696,8207,123,1,151.87
24697,8207,80,3,144.45
24698,8208,29,1,181.96
24699,8208,102,1,169.19
24700,8208,65,1,308.91
24701,8208,113,3,191.78
24702,8209,30,1,43.65
24703,8209,15,-1,81.29
24704,8209,33,4,407.76
24705,8210,79,1,210.8
24706,8210,3,1,390.52
24707,8211,61,1,101.60
24708,8211,96,1,84.49
24709,8212,34,2,220.1
24710,8212,97,1,369.73
24711,8212,47,1,627.32
24712,8212,19,3,67.77
24713,8212,69,1,175.49
24714,8213,53,0,37.16
24715,8213,20,1,110.76
24716,8213,89,1,403.36
24717,8213,59,1,169.88
24718,8214,127,3,587.72
24719,8214,75,5,347.56
24720,8214,60,2,16.37
24721,8214,122,1,180.04
24722,8215,3,1,390.52
24723,8215,20,4,110.76
24724,8216,10,1,28.04
24725,8216,93,2,345.11
24726,8217,124,3,58.04
24727,8217,23,2,68.95
24728,8217,126,0,200.63
24729,8218,55,2,216.25
24730,8218,2,3,190.97
24731,8218,104,2,98.77
24732,8218,58,1,109.02
24733,8219,3,4,390.52
24734,8219,44,3,106.04
24735,8219,81,1,121.47
24736,8220,103,2,244.5
24737,8221,96,1,119.98
24738,8221,102,3,169.19
24739,8221,95,1,707.06
24740,8221,27,1,86.31
24741,8222,27,1,112.66
24742,8222,120,2,201.77
24743,8222,42,1,91.53
24744,8222,31,2,71.76
24745,8223,8,1,307.7
24746,8223,37,4,241.65
24747,8223,22,3,36.29
24748,8223,100,1,249.16
24749,8224,120,1,201.77
24750,8225,38,2,454.80
24751,8225,56,3,31.92
24752,8225,134,1,40.0
24753,8225,77,2,101.15
24754,8225,30,1,43.65
24755,8226,74,2,34.31
24756,8226,3,3,341.06
24757,8226,91,0,243.25
24758,8226,86,2,164.39
24759,8226,44,4,106.04
24760,8227,89,1,403.36
24761,8227,98,2,243.42
24762,8227,42,3,91.53
24763,8227,16,1,148.16
24764,8228,55,5,216.25
24765,8228,82,2,244.2
24766,8228,37,2,241.65
24767,8228,68,2,304.43
24768,8228,7,2,152.65
24769,8229,7,4,152.65
24770,8229,44,2,106.04
24771,8229,84,1,455.31
24772,8229,90,2,56.52
24773,8229,94,1,389.5
24774,8230,1,4,585.67
24775,8230,121,1,317.45
24776,8230,101,1,$95.60
24777,8230,38,3,454.8
24778,8231,110,3,193.85
24779,8231,95,4,545.43
24780,8231,117,1,143.1
24781,8231,10,4,$28.04
24782,8231,35,2,152.88
24783,8232,5,0,$407.25
24784,8232,34,1,220.10
24785,8232,35,1,91.79
24786,8232,63,3,575.86
24787,8232,12,2,214.91
24788,8233,137,3,307.70
24789,8233,109,1,579.16
24790,8234,1,2,585.67
24791,8235,91,2,243.25
24792,8235,13,1,186.29
24793,8236,82,1,244.2
24794,8236,107,1,376.14
24795,8237,105,1,528.06
24796,8237,55,2,216.25
24797,8237,35,2,152.88
24798,8237,19,2,67.77
24799,8237,130,1,59.94
24800,8238,28,2,222.75
24801,8239,7,3,220.86
24802,8239,42,2,91.53
24803,8239,9999,2,407.25
24804,8239,45,1,415.91
24805,8240,77,1,101.15
24806,8240,137,1,307.7
24807,8240,61,2,101.6
24808,8240,99,1,140.32
24809,8240,103,5,244.5
24810,8241,64,2,265.5
24811,8242,72,1,404.50
24812,8242,96,1,84.49
24813,8243,94,2,389.5
24814,8243,45,1,415.91
24815,8243,33,1,407.76
24816,8243,12,3,214.91
24817,8244,23,2,68.95
24818,8244,80,0,144.45
24819,8245,47,4,627.32
24820,8246,59,1,135.76
24821,8246,62,3,112.85
24822,8247,116,1,359.58
24823,8247,131,1,396.05 JOD
24824,8247,68,1,304.43
24825,8248,85,2,8.08 JOD
24826,8248,124,3,58.04
24827,8248,101,4,95.6
24828,8249,69,2,175.49
24829,8249,84,1,455.31
24830,8249,105,0,528.06
24831,8249,108,2,242.9
24832,8249,3,1,390.52
24833,8250,24,3,360.88
24834,8250,89,0,403.36
24835,8250,52,2,171.01
24836,8250,40,1,199.53
24837,8250,71,1,500.21
24838,8251,20,3,110.76
24839,8252,121,1,317.45
24840,8252,17,5,185.99
24841,8252,85,0,8.08
24842,8252,117,1,143.1
24843,8252,54,3,89.36
24844,8253,89,1,403.36
24845,8253,98,5,243.42
24846,8253,105,2,528.06
24847,8253,101,3,95.6
24848,8254,57,2,213.11
24849,8254,66,3,231.0
24850,8254,98,1,243.42
24851,8254,40,1,171.68
24852,8254,58,2,109.02
24853,8255,17,1,94.57
24854,8256,134,1,40.0
24855,8256,2,1,190.97
24856,8256,115,5,302.06
24857,8256,126,3,200.63
24858,8256,113,0,191.78
24859,8257,51,4,286.54
24860,8258,48,2,23.10
24861,8258,21,1,14.38
24862,8258,71,1,374.89
24863,8258,64,-1,265.50
24864,8259,118,-1,306.50
24865,8260,46,5,136.73
24866,8261,120,4,201.77
24867,8261,46,1,136.73
24868,8261,85,3,8.5
24869,8261,63,3,575.86
24870,8262,25,0,253.88
24871,8262,35,1,152.88
24872,8263,16,2,148.16
24873,8263,72,1,404.50
24874,8264,102,4,169.19
24875,8264,77,4,101.15
24876,8264,130,3,59.94
24877,8264,63,0,502.63
24878,8265,11,3,489.65
24879,8265,2,1,190.97
24880,8265,123,1,151.87
24881,8266,64,1,265.5
24882,8266,58,1,109.02
24883,8266,111,2,291.81
24884,8266,17,5,251.82
24885,8266,90,5,56.52
24886,8267,25,1,253.88
24887,8267,90,1,56.52
24888,8267,62,3,205.4
24889,8267,130,1,59.94
24890,8268,50,0,397.99
24891,8268,33,1,407.76
24892,8268,97,1,369.73
24893,8268,132,1,82.53
24894,8269,100,5,249.16
24895,8269,29,3,181.96
24896,8269,15,5,81.29
24897,8270,121,2,317.45
24898,8270,122,1,125.5
24899,8270,9999,-1,241.65
24900,8271,77,1,101.15
24901,8271,56,1,31.92
24902,8272,110,1,193.85
24903,8272,76,0,383.3
24904,8273,119,1,$528.68
24905,8274,5,4,
24906,8275,18,2,128.87
24907,8275,45,1,415.91
24908,8275,89,1,403.36
24909,8275,59,2,169.88
24910,8276,79,2,210.80
24911,8276,66,-1,231.00
24912,8277,130,1,59.94
24913,8277,136,1,314.21
24914,8277,80,1,144.45
24915,8278,78,1,121.77
24916,8278,47,3,627.32
24917,8278,128,1,369.54
24918,8278,14,2,429.63
24919,8279,93,1,345.11
24920,8280,126,-1,200.63
24921,8281,106,2,252.84
24922,8281,5,1,407.25
24923,8281,31,2,71.76
24924,8281,22,3,36.29
24925,8281,74,2,34.31
24926,8282,109,4,579.16
24927,8283,129,2,535.98
24928,8284,80,1,144.45
24929,8284,131,1,396.05
24930,8285,91,2,243.25
24931,8286,81,3,121.47
24932,8286,45,3,415.91
24933,8287,17,2,185.99
24934,8287,50,2,397.99
24935,8287,126,4,200.63
24936,8287,131,3,396.05
24937,8287,27,2,112.66
24938,8288,3,4,390.52
24939,8288,38,2,248.69
24940,8288,107,2,376.14
24941,8289,105,5,528.06
24942,8290,75,1,347.56
24943,8291,51,2,286.54
24944,8291,117,0,143.1
24945,8291,118,3,306.50
24946,8292,92,2,339.88
24947,8292,76,2,510.16
24948,8292,55,1,216.25
24949,8292,25,1,
24950,8293,2,4,$190.97
24951,8293,121,1,317.45
24952,8293,43,3,202.21
24953,8294,103,-1,244.5
24954,8294,16,1,148.16
24955,8295,84,4,
24956,8296,51,1,286.54
24957,8296,118,1,306.5
24958,8296,14,1,429.63
24959,8297,59,2,169.88
24960,8297,87,3,262.59
24961,8297,8,1,307.70
24962,8297,5,2,513.13
24963,8297,128,3,369.54
24964,8298,58,1,109.02
24965,8298,51,2,286.54
24966,8299,113,2,191.78
24967,8299,36,-1,19.3
24968,8300,30,1,43.65
24969,8300,10,1,28.04
24970,8301,40,-1,199.53
24971,8302,22,1,36.29
24972,8302,67,1,291.96
24973,8303,48,1,23.1
24974,8304,19,2,67.77
24975,8304,26,0,288.93
24976,8305,37,2,241.65
24977,8305,79,4,210.80 JOD
24978,8306,11,2,489.65
24979,8306,19,0,67.77
24980,8306,130,2,59.94
24981,8306,96,2,84.49
24982,8306,67,1,417.67
24983,8307,83,3,319.19
24984,8308,43,1,330.6
24985,8308,6,1,46.39
24986,8308,133,1,97.51
24987,8308,77,2,
24988,8308,90,1,56.52
24989,8309,92,2,339.88
24990,8309,2,1,190.97
24991,8309,72,2,404.5
24992,8309,13,3,186.29
24993,8310,43,-1,330.6
24994,8310,116,-1,359.58
24995,8310,26,2,218.68
24996,8310,117,5,143.1
24997,8311,88,1,238.01
24998,8311,44,2,$106.04
24999,8311,98,2,243.42
25000,8312,129,1,535.98
25001,8312,110,1,193.85
25002,8312,56,-1,31.92
25003,8312,93,3,345.11
25004,8313,28,1,222.75
25005,8314,100,1,249.16
25006,8314,29,1,181.96
25007,8314,18,1,128.87
25008,8315,26,2,264.67
25009,8316,134,4,41.06
25010,8317,68,4,218.70
25011,8317,11,1,489.65
25012,8317,134,2,40.0
25013,8317,131,3,396.05
25014,8318,108,2,242.9
25015,8318,102,-1,169.19
25016,8318,85,1,7.79 JOD
25017,8318,116,1,359.58
25018,8319,100,4,249.16
25019,8319,132,3,82.53
25020,8320,133,4,97.51
25021,8321,127,3,587.72
25022,8322,44,2,106.04
25023,8322,35,2,152.88
25024,8323,34,3,220.10
25025,8323,132,2,82.53
25026,8323,122,1,125.50
25027,8323,94,1,389.5
25028,8323,71,1,374.89
25029,8324,117,2,169.83
25030,8325,29,1,181.96
25031,8326,34,2,126.91
25032,8326,17,1,185.99
25033,8326,93,3,345.11
25034,8327,90,1,56.52
25035,8327,71,5,288.11
25036,8327,36,1,19.3
25037,8327,49,0,206.38
25038,8328,120,2,201.77
25039,8328,73,4,277.54
25040,8328,62,3,205.4
25041,8328,46,1,136.73
25042,8328,97,2,369.73
25043,8329,39,1,253.25
25044,8329,97,1,515.28
25045,8330,63,2,575.86
25046,8331,89,2,403.36
25047,8332,126,2,200.63
25048,8332,80,1,144.45
25049,8333,72,3,404.5
25050,8333,133,1,97.51
25051,8333,95,2,306.57
25052,8334,120,0,201.77
25053,8334,11,1,$489.65
25054,8334,68,3,304.43
25055,8335,75,1,347.56
25056,8335,1,2,585.67
25057,8335,4,3,546.12
25058,8336,107,4,376.14
25059,8336,60,5,16.37
25060,8336,24,2,360.88
25061,8337,123,1,151.87
25062,8337,5,2,407.25
25063,8337,83,5,319.19
25064,8338,81,1,
25065,8338,78,5,121.77
25066,8338,92,3,339.88
25067,8338,131,0,396.05
25068,8338,101,2,95.60
25069,8339,92,2,339.88
25070,8339,66,3,231.0
25071,8339,133,4,97.51
25072,8339,73,2,331.02
25073,8339,90,1,56.52
25074,8340,64,1,265.5
25075,8340,25,5,253.88
25076,8340,120,3,201.77
25077,8341,34,1,220.1
25078,8341,24,1,360.88
25079,8342,57,1,213.11
25080,8342,23,3,68.95
25081,8342,42,1,91.53
25082,8342,61,2,101.60
25083,8343,99,1,140.32
25084,8343,41,1,195.37
25085,8343,72,3,404.50
25086,8344,123,2,151.87
25087,8344,116,1,359.58
25088,8344,75,1,347.56
25089,8344,136,3,314.21
25090,8345,133,4,97.51
25091,8346,110,1,193.85
25092,8347,13,3,186.29
25093,8347,72,1,404.5
25094,8347,2,1,190.97
25095,8348,126,1,200.63
25096,8348,124,1,58.04
25097,8348,80,1,144.45
25098,8348,52,1,218.05
25099,8348,47,1,627.32
25100,8349,39,4,253.25
25101,8349,109,1,579.16
25102,8349,115,1,302.06
25103,8349,120,5,201.77
25104,8350,82,2,244.2
25105,8350,112,5,183.26
25106,8350,26,1,264.67
25107,8350,31,4,71.76
25108,8351,101,4,95.6
25109,8351,78,4,121.77
25110,8351,120,3,201.77
25111,8351,124,1,58.04
25112,8351,21,1,14.38
25113,8352,32,4,105.62
25114,8352,126,0,200.63
25115,8352,24,2,360.88
25116,8352,67,5,291.96
25117,8353,137,1,307.7
25118,8353,42,3,131.02
25119,8353,62,2,205.4
25120,8353,69,2,175.49
25121,8354,17,0,185.99
25122,8354,20,5,110.76
25123,8354,119,3,726.84
25124,8354,126,4,200.63
25125,8354,113,5,230.42
25126,8355,25,1,253.88
25127,8356,16,3,148.16
25128,8357,52,1,171.01 JOD
25129,8357,44,2,106.04
25130,8357,61,1,101.6
25131,8358,126,0,200.63
25132,8358,21,1,14.38
25133,8358,80,1,144.45
25134,8359,7,2,152.65
25135,8359,91,1,243.25
25136,8360,27,5,112.66
25137,8361,39,2,253.25
25138,8361,84,1,455.31
25139,8361,136,3,314.21
25140,8362,127,4,587.72
25141,8362,100,2,249.16
25142,8363,105,2,528.06
25143,8363,45,1,415.91
25144,8363,77,3,134.41
25145,8364,77,2,101.15
25146,8364,76,2,
25147,8364,134,1,$40.00
25148,8364,80,-1,144.45
25149,8364,8,1,307.7
25150,8365,25,2,253.88
25151,8365,13,2,186.29
25152,8365,57,2,213.11
25153,8365,94,1,389.5
25154,8365,76,2,383.3
25155,8366,65,4,308.91
25156,8366,88,2,238.01 JOD
25157,8366,17,2,185.99
25158,8367,56,4,31.92
25159,8367,13,1,186.29
25160,8367,37,3,350.59
25161,8368,113,2,191.78
25162,8368,27,4,112.66
25163,8369,21,2,14.38
25164,8369,51,1,286.54 JOD
25165,8369,24,1,360.88
25166,8370,43,2,330.6
25167,8370,66,1,231.0
25168,8370,132,1,82.53
25169,8370,121,3,317.45
25170,8371,41,5,191.67
25171,8371,123,1,151.87
25172,8372,108,1,242.9
25173,8372,1,2,585.67
25174,8372,66,4,231.0
25175,8372,100,3,249.16
25176,8372,36,1,19.3
25177,8373,119,1,528.68
25178,8373,81,3,121.47
25179,8373,27,1,112.66
25180,8374,116,2,359.58
25181,8374,86,2,164.39
25182,8375,48,2,23.1
25183,8376,43,5,330.60
25184,8377,84,3,455.31
25185,8377,78,-1,121.77
25186,8377,53,1,52.25
25187,8377,109,1,579.16
25188,8378,79,0,210.8
25189,8378,88,2,238.01
25190,8379,18,3,128.87
25191,8379,136,2,353.45
25192,8380,76,1,383.3
25193,8380,75,4,347.56
25194,8380,68,3,304.43
25195,8381,44,3,106.04
25196,8381,121,1,317.45 JOD
25197,8382,87,1,262.59
25198,8382,61,1,101.6
25199,8383,107,1,376.14
25200,8383,25,5,253.88 JOD
25201,8383,17,1,185.99
25202,8383,122,4,$125.50
25203,8383,112,1,192.39
25204,8384,89,1,403.36
25205,8384,25,1,253.88
25206,8384,32,2,105.62
25207,8384,110,-1,193.85
25208,8384,93,1,345.11
25209,8385,122,1,125.50
25210,8385,110,1,193.85
25211,8385,27,1,112.66
25212,8385,97,1,369.73
25213,8386,17,3,185.99
25214,8386,87,3,262.59
25215,8386,48,4,23.1
25216,8386,125,3,552.19
25217,8386,14,2,429.63
25218,8387,57,4,276.95
25219,8387,21,3,15.7
25220,8387,9,2,178.19
25221,8388,1,2,585.67
25222,8389,123,0,151.87
25223,8389,25,2,253.88
25224,8389,114,3,403.81
25225,8389,30,3,55.8
25226,8389,9999,5,244.2
25227,8390,121,2,317.45
25228,8391,19,3,67.77
25229,8391,30,3,43.65
25230,8391,11,1,489.65
25231,8391,86,1,127.64
25232,8392,130,1,59.94
25233,8392,75,2,347.56
25234,8393,24,1,360.88
25235,8393,71,1,374.89
25236,8394,24,2,360.88
25237,8394,28,2,222.75
25238,8395,51,1,286.54
25239,8395,91,3,243.25
25240,8395,116,0,359.58
25241,8395,98,1,243.42
25242,8396,45,3,415.91
25243,8396,8,1,$307.70
25244,8396,135,2,18.43
25245,8396,102,1,169.19
25246,8396,64,2,265.5
25247,8397,12,0,214.91
25248,8397,134,2,40.0
25249,8397,8,1,307.7
25250,8398,52,4,171.01
25251,8398,50,2,397.99
25252,8398,78,1,121.77
25253,8398,131,1,
25254,8399,69,2,175.49
25255,8399,120,1,128.59
25256,8399,32,2,105.62
25257,8399,98,1,243.42
25258,8400,20,1,110.76
25259,8401,99,1,140.32
25260,8401,81,1,
25261,8402,82,2,244.2
25262,8402,102,2,169.19
25263,8402,126,1,200.63
25264,8402,60,2,16.37
25265,8403,133,1,97.51
25266,8403,113,1,191.78
25267,8403,8,0,307.7
25268,8403,93,1,227.21
25269,8404,26,1,264.67 JOD
25270,8404,20,3,110.76
25271,8404,39,2,253.25
25272,8405,121,5,317.45
25273,8405,74,3,34.31
25274,8406,114,2,403.81
25275,8406,15,4,81.29
25276,8406,2,2,190.97
25277,8406,124,1,58.04
25278,8407,101,1,95.6
25279,8407,61,2,101.6
25280,8407,30,1,43.65
25281,8407,124,1,58.04
25282,8408,53,2,37.16
25283,8408,12,1,214.91
25284,8408,131,1,396.05
25285,8409,14,3,429.63
25286,8409,57,4,213.11
25287,8410,55,4,216.25
25288,8410,123,1,151.87
25289,8410,21,4,14.38
25290,8410,61,4,101.6
25291,8410,95,1,545.43
25292,8411,101,1,95.6
25293,8411,135,1,18.43
25294,8411,54,1,89.36
25295,8411,104,2,98.77
25296,8412,11,4,489.65
25297,8412,97,2,369.73
25298,8413,93,3,345.11
25299,8413,72,3,404.50
25300,8413,88,3,302.53
25301,8413,132,1,98.46
25302,8414,99,1,129.68
25303,8414,119,1,398.2
25304,8414,12,1,214.91
25305,8414,122,3,125.50
25306,8415,31,4,71.76
25307,8416,13,5,186.29
25308,8416,56,1,31.92
25309,8417,116,1,359.58
25310,8417,51,5,286.54
25311,8417,123,2,151.87
25312,8417,115,3,302.06
25313,8418,87,2,262.59
25314,8418,130,1,59.94
25315,8418,26,1,264.67
25316,8418,111,0,291.81
25317,8418,126,2,200.63
25318,8419,14,3,429.63
25319,8419,18,2,128.87
25320,8420,11,1,489.65
25321,8420,103,5,244.5
25322,8420,25,3,253.88
25323,8420,137,3,221.84
25324,8420,59,2,169.88
25325,8421,98,1,243.42
25326,8421,7,3,152.65
25327,8421,24,3,360.88
25328,8421,14,2,429.63
25329,8422,110,3,193.85
25330,8422,61,2,101.6
25331,8422,18,1,128.87
25332,8422,51,1,286.54
25333,8423,85,2,8.08
25334,8423,34,5,220.1
25335,8423,129,3,535.98
25336,8424,29,2,181.96
25337,8424,124,2,58.04
25338,8424,127,1,587.72
25339,8424,31,1,71.76
25340,8424,9999,5,213.11
25341,8425,122,1,125.5
25342,8425,11,2,489.65
25343,8425,98,1,148.11
25344,8425,112,4,183.26
25345,8425,83,3,319.19
25346,8426,71,2,374.89
25347,8427,35,2,152.88
25348,8427,56,2,31.92
25349,8427,99,1,140.32
25350,8428,6,1,46.39
25351,8429,84,4,455.31
25352,8429,114,4,521.06
25353,8429,113,5,191.78
25354,8429,63,4,517.11
25355,8429,109,1,579.16
25356,8430,20,3,110.76
25357,8431,101,1,95.6
25358,8431,75,2,347.56
25359,8432,137,1,307.7
25360,8433,109,3,579.16
25361,8433,58,2,109.02
25362,8433,23,1,68.95
25363,8434,135,1,13.33
25364,8434,41,1,191.67
25365,8434,69,1,175.49
25366,8434,54,1,89.36
25367,8435,77,1,101.15
25368,8435,61,4,101.6
25369,8436,124,3,58.04
25370,8436,25,2,253.88
25371,8437,56,1,31.92
25372,8437,12,1,214.91
25373,8437,57,1,213.11
25374,8438,103,1,244.5
25375,8438,56,4,31.92
25376,8439,97,1,186.30
25377,8439,55,1,216.25
25378,8439,29,0,181.96
25379,8440,64,3,265.50
25380,8440,46,3,99.81
25381,8440,9999,2,18.43
25382,8440,73,1,331.02
25383,8440,119,2,528.68
25384,8441,118,1,306.50
25385,8441,92,1,392.0
25386,8441,91,1,302.34
25387,8441,12,2,
25388,8442,112,0,99.36
25389,8442,58,1,109.02
25390,8442,95,1,545.43
25391,8442,121,5,317.45
25392,8443,122,0,177.75
25393,8443,84,1,455.31
25394,8443,135,1,18.43
25395,8444,47,2,627.32
25396,8444,13,1,186.29
25397,8445,25,4,253.88
25398,8445,80,1,144.45
25399,8445,64,4,265.5
25400,8445,99,2,140.32
25401,8446,2,1,164.78
25402,8447,102,1,169.19
25403,8447,34,3,220.1
25404,8447,56,4,31.92
25405,8447,19,2,86.33
25406,8448,58,1,109.02
25407,8448,36,5,19.3
25408,8448,53,2,37.16
25409,8449,120,4,244.00
25410,8449,106,1,240.48
25411,8449,76,2,383.30
25412,8449,72,4,404.50
25413,8450,18,2,128.87
25414,8450,65,4,308.91
25415,8450,110,3,193.85
25416,8450,16,4,148.16
25417,8451,49,1,206.38
25418,8451,65,3,308.91
25419,8451,74,3,40.18
25420,8451,137,1,307.7
25421,8452,111,2,291.81
25422,8452,109,1,579.16
25423,8452,9999,1,200.63
25424,8453,49,2,206.38
25425,8454,106,1,252.84
25426,8454,111,1,291.81
25427,8455,37,3,241.65
25428,8455,113,5,191.78
25429,8455,66,1,231.00
25430,8455,120,1,201.77
25431,8455,27,1,112.66
25432,8456,95,4,
25433,8456,27,1,112.66
25434,8456,110,1,193.85
25435,8457,112,0,183.26
25436,8457,27,2,112.66
25437,8457,2,1,190.97
25438,8457,83,2,319.19
25439,8458,64,3,265.5
25440,8459,27,5,112.66
25441,8459,47,3,627.32
25442,8459,9999,3,56.52
25443,8459,35,3,152.88
25444,8460,89,1,403.36
25445,8461,92,5,339.88
25446,8461,67,4,291.96
25447,8461,78,1,121.77
25448,8461,97,1,369.73
25449,8462,128,1,369.54
25450,8462,17,1,185.99
25451,8463,136,1,314.21
25452,8464,10,1,28.04
25453,8464,77,2,101.15
25454,8464,68,2,304.43
25455,8464,40,2,157.68
25456,8465,8,0,307.70
25457,8465,119,1,528.68
25458,8465,58,1,109.02
25459,8466,80,4,169.13
25460,8467,52,3,171.01
25461,8467,6,2,$46.39
25462,8467,128,2,369.54
25463,8467,39,2,253.25
25464,8468,18,1,128.87
25465,8468,40,3,199.53
25466,8469,73,1,331.02
25467,8469,40,1,265.48
25468,8469,93,4,345.11
25469,8469,94,2,389.5
25470,8469,81,3,121.47
25471,8470,9999,3,528.68
25472,8471,36,2,19.30
25473,8471,42,2,91.53
25474,8472,77,1,101.15
25475,8472,124,4,$58.04
25476,8472,112,1,183.26
25477,8472,131,1,396.05
25478,8473,7,1,152.65
25479,8473,104,1,98.77
25480,8473,54,1,89.36
25481,8473,116,2,359.58
25482,8474,3,2,390.52
25483,8474,61,2,101.6
25484,8474,59,1,169.88
25485,8474,87,1,262.59
25486,8475,54,3,89.36
25487,8475,121,4,317.45
25488,8475,78,2,121.77
25489,8476,54,3,89.36 JOD
25490,8476,93,3,345.11
25491,8476,132,1,82.53
25492,8476,20,1,137.01
25493,8476,14,4,429.63
25494,8477,34,5,220.10
25495,8477,131,5,396.05
25496,8477,20,1,110.76
25497,8478,3,2,390.52
25498,8478,25,1,253.88
25499,8478,103,2,244.5
25500,8479,59,1,215.75
25501,8479,108,5,242.9
25502,8479,9999,1,56.52
25503,8479,127,2,587.72
25504,8480,111,5,382.55
25505,8480,94,2,479.64
25506,8480,69,1,175.49
25507,8480,70,2,379.91
25508,8481,109,1,579.16
25509,8481,57,2,192.90
25510,8482,115,1,302.06
25511,8482,54,1,89.36
25512,8482,80,3,144.45
25513,8483,76,1,383.30
25514,8484,98,2,243.42
25515,8484,128,1,369.54
25516,8484,96,5,84.49
25517,8484,134,1,32.47
25518,8485,18,1,128.87
25519,8485,86,3,164.39
25520,8485,54,2,89.36
25521,8486,35,1,152.88
25522,8486,1,5,748.8
25523,8486,64,2,333.14
25524,8487,9999,1,407.25
25525,8488,20,3,110.76
25526,8488,67,3,291.96
25527,8488,112,1,183.26
25528,8488,134,0,40.0
25529,8488,52,3,171.01
25530,8489,21,1,14.38
25531,8490,54,-1,89.36
25532,8491,79,2,210.8
25533,8491,23,1,68.95
25534,8491,5,1,590.58
25535,8491,110,3,193.85 JOD
25536,8491,73,1,331.02
25537,8492,16,1,148.16
25538,8493,128,0,369.54
25539,8493,38,5,454.8
25540,8493,72,1,404.50
25541,8493,132,1,82.53
25542,8493,9,0,178.19
25543,8494,17,2,185.99
25544,8495,88,1,238.01
25545,8496,111,3,291.81
25546,8496,131,1,396.05
25547,8496,26,5,264.67
25548,8497,30,4,43.65
25549,8498,135,2,18.43
25550,8498,96,3,97.73
25551,8499,32,3,105.62
25552,8499,53,4,37.16
25553,8499,117,1,208.90
25554,8499,126,1,200.63
25555,8499,37,1,241.65
25556,8500,24,-1,500.32
25557,8500,37,2,241.65
25558,8500,81,2,121.47
25559,8500,131,5,396.05
25560,8500,123,1,151.87
25561,8501,92,1,339.88
25562,8501,28,4,222.75
25563,8501,66,2,231.0
25564,8501,32,1,105.62
25565,8502,128,2,369.54
25566,8502,63,1,575.86
25567,8502,1,3,585.67
25568,8502,58,1,109.02
25569,8502,67,5,291.96
25570,8503,44,5,106.04
25571,8503,78,1,121.77
25572,8503,9,1,249.59
25573,8503,64,2,265.5
25574,8503,67,1,291.96
25575,8504,38,1,454.8
25576,8504,100,3,$249.16
25577,8505,100,3,156.25
25578,8505,57,1,213.11
25579,8505,18,1,128.87
25580,8505,118,1,306.5
25581,8506,98,1,243.42
25582,8506,9999,4,264.67
25583,8506,39,1,253.25
25584,8507,75,1,347.56
25585,8508,46,1,136.73
25586,8508,52,1,171.01
25587,8508,129,1,535.98
25588,8509,90,1,56.52
25589,8509,32,5,105.62
25590,8509,106,3,203.19
25591,8509,117,2,143.10
25592,8510,23,2,68.95
25593,8510,13,1,186.29
25594,8510,97,1,369.73
25595,8511,105,2,528.06
25596,8511,15,1,81.29
25597,8512,74,1,34.31
25598,8512,102,3,228.87
25599,8512,118,2,306.5
25600,8512,97,3,369.73
25601,8513,21,1,14.38
25602,8513,31,2,71.76
25603,8514,113,1,191.78
25604,8514,130,2,59.94
25605,8515,15,0,81.29
25606,8515,57,1,213.11
25607,8515,17,1,185.99
25608,8515,89,4,403.36
25609,8516,118,1,306.5
25610,8516,133,1,97.51
25611,8516,75,2,347.56
25612,8517,65,2,368.71
25613,8517,77,3,101.15
25614,8517,134,4,40.0
25615,8518,98,1,243.42
25616,8518,134,4,40.0
25617,8518,115,1,302.06
25618,8518,85,2,$8.08
25619,8519,114,3,403.81
25620,8519,53,2,37.16
25621,8519,131,2,396.05
25622,8520,22,1,36.29
25623,8520,51,0,286.54
25624,8521,51,1,286.54
25625,8522,65,1,308.91
25626,8522,29,1,181.96
25627,8522,79,1,210.8
25628,8522,128,4,369.54
25629,8522,99,2,104.41
25630,8523,54,0,89.36
25631,8523,74,4,
25632,8524,118,1,306.5
25633,8524,135,1,18.43
25634,8524,18,3,128.87
25635,8524,28,2,222.75
25636,8525,95,1,545.43
25637,8525,112,2,177.51
25638,8525,22,5,
25639,8525,136,1,314.21
25640,8526,68,2,304.43
25641,8526,71,4,374.89
25642,8526,45,1,415.91
25643,8526,89,1,403.36
25644,8527,18,1,128.87
25645,8527,67,2,291.96
25646,8527,121,1,317.45
25647,8527,102,1,100.63
25648,8527,7,0,152.65
25649,8528,84,-1,455.31
25650,8528,28,4,222.75
25651,8528,48,4,$23.10
25652,8528,129,2,535.98
25653,8528,26,3,264.67
25654,8529,72,1,404.5
25655,8529,4,1,
25656,8529,16,2,148.16
25657,8529,45,2,415.91
25658,8529,10,3,28.04
25659,8530,1,1,585.67
25660,8530,25,4,253.88
25661,8531,74,2,34.31
25662,8531,16,1,148.16
25663,8532,88,4,238.01
25664,8532,53,1,37.16
25665,8532,84,1,455.31
25666,8532,61,1,101.6
25667,8533,33,2,407.76
25668,8533,128,1,369.54
25669,8533,28,1,231.61
25670,8534,3,2,390.52
25671,8534,90,1,56.52
25672,8535,103,2,$244.50
25673,8536,23,2,68.95
25674,8537,73,2,
25675,8537,85,2,8.08
25676,8538,59,1,169.88
25677,8538,68,1,304.43
25678,8538,12,3,214.91
25679,8538,2,1,190.97
25680,8538,19,-1,67.77
25681,8539,71,1,374.89
25682,8539,80,1,144.45
25683,8539,48,0,23.1
25684,8540,38,1,454.8
25685,8541,82,1,244.20
25686,8541,47,1,627.32
25687,8541,99,2,140.32
25688,8541,79,1,$210.80
25689,8541,14,2,429.63
25690,8542,86,1,191.06
25691,8542,106,3,185.51
25692,8542,133,1,97.51
25693,8543,121,1,317.45
25694,8544,30,2,43.65
25695,8544,110,1,113.77
25696,8544,47,3,627.32
25697,8545,131,3,528.08
25698,8546,110,1,193.85
25699,8546,102,1,169.19
25700,8546,4,1,546.12
25701,8546,119,2,528.68
25702,8546,74,1,34.31
25703,8547,3,2,504.9
25704,8547,89,4,403.36
25705,8547,27,2,112.66
25706,8547,102,3,169.19
25707,8548,108,1,242.9
25708,8548,5,3,508.56
25709,8548,63,4,575.86
25710,8548,88,4,238.01
25711,8549,55,3,216.25
25712,8549,114,1,403.81
25713,8550,21,1,14.38
25714,8550,22,4,36.29
25715,8550,25,1,253.88
25716,8550,7,2,152.65
25717,8550,16,2,148.16
25718,8551,54,2,89.36
25719,8551,125,1,552.19
25720,8551,14,2,429.63
25721,8551,123,5,151.87
25722,8551,99,2,140.32 JOD
25723,8552,8,5,307.70
25724,8552,17,1,93.24
25725,8552,90,1,34.15
25726,8553,113,1,191.78
25727,8553,63,1,575.86
25728,8553,133,3,$97.51
25729,8553,114,0,403.81
25730,8554,124,2,58.04
25731,8555,86,1,164.39 JOD
25732,8555,8,1,307.7
25733,8555,115,1,302.06
25734,8556,1,5,$585.67
25735,8556,112,2,183.26
25736,8556,30,0,43.65
25737,8556,83,3,319.19
25738,8557,62,1,205.4
25739,8557,48,1,23.1
25740,8557,99,-1,140.32
25741,8557,82,3,244.2
25742,8558,83,1,319.19
25743,8558,79,3,210.8
25744,8558,29,1,181.96
25745,8558,96,2,84.49
25746,8558,3,0,390.52
25747,8559,21,2,14.38
25748,8559,62,1,$205.40
25749,8559,18,4,128.87
25750,8559,52,3,171.01
25751,8560,14,2,429.63 JOD
25752,8560,93,3,345.11 JOD
25753,8560,20,1,110.76
25754,8560,47,1,627.32
25755,8561,100,3,249.16
25756,8562,12,2,214.91
25757,8562,32,-1,105.62
25758,8562,80,1,144.45
25759,8563,31,4,71.76
25760,8563,63,1,575.86 JOD
25761,8563,4,1,546.12
25762,8564,50,2,397.99
25763,8564,34,3,220.1
25764,8565,108,1,242.90
25765,8565,105,3,528.06
25766,8565,56,1,31.92
25767,8565,109,4,579.16
25768,8566,49,2,206.38
25769,8567,123,-1,151.87
25770,8567,98,2,150.37
25771,8567,61,1,101.6
25772,8567,39,3,253.25
25773,8567,97,1,369.73
25774,8568,37,1,241.65
25775,8569,39,3,253.25
25776,8569,96,4,84.49
25777,8569,12,1,214.91
25778,8570,5,1,407.25
25779,8570,49,3,206.38
25780,8571,128,1,369.54
25781,8571,57,1,213.11
25782,8572,49,-1,206.38
25783,8572,32,2,105.62
25784,8572,5,1,
25785,8572,36,4,19.30
25786,8573,117,0,143.1
25787,8574,1,2,585.67
25788,8575,16,1,148.16
25789,8575,107,1,376.14
25790,8575,32,1,105.62
25791,8576,41,2,191.67
25792,8577,51,3,286.54
25793,8578,93,1,345.11
25794,8578,130,5,59.94
25795,8578,125,5,552.19
25796,8578,27,1,112.66
25797,8579,75,3,347.56
25798,8579,5,3,407.25
25799,8579,71,5,559.07
25800,8580,110,1,193.85
25801,8580,64,4,265.50
25802,8580,33,4,407.76
25803,8580,45,3,415.91
25804,8581,108,1,242.9
25805,8581,130,0,59.94
25806,8581,73,-1,331.02
25807,8581,113,3,191.78
25808,8581,85,2,8.08
25809,8582,34,2,220.1
25810,8582,106,2,252.84
25811,8582,73,1,331.02
25812,8582,10,3,28.04
25813,8583,51,1,286.54
25814,8584,46,1,136.73
25815,8584,41,2,191.67
25816,8584,123,3,151.87
25817,8584,60,1,16.37
25818,8585,38,1,454.8
25819,8585,8,0,307.70
25820,8585,3,1,390.52
25821,8586,68,1,304.43
25822,8586,112,4,183.26
25823,8586,21,4,14.38
25824,8587,122,3,125.5
25825,8587,131,1,396.05
25826,8588,117,2,143.1
25827,8588,87,2,262.59
25828,8589,14,3,429.63
25829,8589,66,4,231.0
25830,8589,22,1,36.29
25831,8589,98,1,243.42
25832,8589,67,1,291.96
25833,8590,86,1,85.68
25834,8590,121,1,203.35
25835,8591,115,2,302.06
25836,8592,4,1,546.12
25837,8592,62,3,205.4
25838,8592,100,1,249.16
25839,8592,76,1,313.65
25840,8592,132,2,82.53
25841,8593,92,2,339.88
25842,8593,34,1,220.1
25843,8594,126,2,200.63
25844,8594,94,1,418.42
25845,8594,125,2,552.19
25846,8594,111,4,291.81
25847,8594,135,3,18.43
25848,8595,68,0,304.43
25849,8595,125,1,552.19
25850,8595,107,1,376.14
25851,8596,95,1,$545.43
25852,8596,9999,2,171.01
25853,8597,94,2,389.50
25854,8597,18,3,77.33
25855,8598,51,1,286.54
25856,8598,40,4,199.53
25857,8598,109,2,454.41
25858,8598,112,1,183.26
25859,8598,84,1,455.31
25860,8599,117,2,143.1
25861,8600,48,0,23.1
25862,8600,66,2,321.79
25863,8600,135,1,18.43
25864,8600,58,2,109.02
25865,8601,130,5,59.94
25866,8601,84,4,328.45
25867,8601,43,2,330.60
25868,8601,17,1,185.99
25869,8601,101,2,95.6
25870,8602,76,4,383.3
25871,8602,107,0,376.14
25872,8602,61,1,101.6
25873,8602,115,2,302.06
25874,8602,50,2,397.99
25875,8603,93,2,345.11
25876,8603,57,3,213.11
25877,8603,17,2,185.99
25878,8603,114,1,403.81
25879,8603,98,3,243.42
25880,8604,64,3,265.5
25881,8604,40,3,199.53
25882,8605,100,1,249.16
25883,8605,64,2,265.5
25884,8606,134,1,40.00
25885,8607,49,1,206.38
25886,8608,11,5,489.65 JOD
25887,8608,106,2,252.84
25888,8608,136,1,314.21
25889,8608,125,1,552.19
25890,8609,114,1,403.81
25891,8609,15,1,$81.29
25892,8609,135,1,18.43
25893,8610,43,3,330.60
25894,8610,4,5,546.12
25895,8610,85,2,8.08
25896,8610,91,2,243.25
25897,8610,123,4,151.87
25898,8611,49,2,206.38
25899,8611,125,0,552.19
25900,8611,17,2,185.99
25901,8611,57,-1,213.11
25902,8611,79,1,210.8
25903,8612,105,-1,528.06
25904,8612,137,2,307.7
25905,8612,85,1,8.08
25906,8612,32,2,106.88
25907,8612,45,2,415.91
25908,8613,72,3,404.50
25909,8613,57,3,213.11
25910,8613,12,2,214.91
25911,8613,54,3,89.36
25912,8614,106,4,252.84
25913,8615,8,2,307.7
25914,8616,59,2,169.88
25915,8616,12,5,214.91
25916,8616,79,1,200.15
25917,8616,85,1,$8.08
25918,8616,110,1,$193.85
25919,8617,100,3,249.16
25920,8617,42,4,91.53
25921,8618,47,1,627.32
25922,8618,109,1,579.16
25923,8618,122,1,125.50
25924,8619,106,4,252.84
25925,8620,5,3,407.25
25926,8620,102,1,169.19
25927,8620,76,2,383.3
25928,8620,87,1,322.01
25929,8621,23,-1,68.95
25930,8621,24,1,360.88
25931,8621,91,1,243.25
25932,8621,6,3,46.39
25933,8621,124,3,37.01
25934,8622,114,1,403.81
25935,8622,66,1,122.23
25936,8622,67,0,291.96
25937,8623,130,5,59.94
25938,8623,67,2,291.96
25939,8623,75,2,347.56
25940,8624,75,4,347.56
25941,8624,94,1,389.50
25942,8624,119,3,528.68
25943,8624,48,1,23.10
25944,8624,118,1,306.5
25945,8625,88,2,238.01
25946,8625,116,1,485.43
25947,8625,58,1,109.02
25948,8625,93,1,345.11
25949,8626,93,5,345.11
25950,8626,55,1,216.25
25951,8626,67,2,291.96
25952,8627,96,1,84.49
25953,8627,20,2,110.76
25954,8628,10,2,28.04
25955,8628,71,3,374.89
25956,8628,75,3,347.56
25957,8629,1,4,585.67
25958,8629,49,2,206.38
25959,8629,66,1,231.0
25960,8630,33,1,407.76
25961,8630,19,2,67.77
25962,8630,68,0,304.43
25963,8631,63,1,712.36
25964,8632,56,3,31.92
25965,8632,27,1,112.66
25966,8632,48,4,23.10
25967,8633,30,3,43.65
25968,8633,46,-1,136.73
25969,8633,91,2,243.25
25970,8633,69,5,175.49
25971,8633,2,2,190.97
25972,8634,89,1,414.20
25973,8634,98,4,
25974,8634,93,2,345.11
25975,8634,34,1,220.10
25976,8634,96,3,84.49
25977,8635,54,1,89.36
25978,8635,71,1,374.89
25979,8635,33,3,407.76
25980,8635,3,4,390.52
25981,8635,6,2,46.39
25982,8636,2,3,190.97
25983,8637,50,1,397.99
25984,8637,96,3,84.49
25985,8637,6,4,46.39
25986,8637,66,3,231.00
25987,8637,4,3,546.12
25988,8638,56,5,31.92
25989,8638,93,3,345.11
25990,8638,96,3,84.49
25991,8638,8,5,307.7
25992,8638,65,1,308.91
25993,8639,107,1,376.14
25994,8639,123,0,151.87
25995,8639,131,4,396.05
25996,8640,78,1,121.77
25997,8640,95,2,737.16
25998,8641,135,4,18.43
25999,8641,31,-1,71.76
26000,8641,72,1,404.50
26001,8641,98,1,243.42
26002,8641,128,2,206.36
26003,8642,46,1,136.73
26004,8643,45,1,415.91
26005,8643,11,2,489.65
26006,8644,33,1,$407.76
26007,8644,24,0,360.88
26008,8645,134,3,40.0
26009,8646,34,3,220.1
26010,8647,122,2,125.5
26011,8647,69,3,175.49
26012,8647,82,2,244.20
26013,8648,111,4,291.81
26014,8648,70,5,379.91
26015,8648,83,2,$319.19
26016,8648,66,1,231.0
26017,8649,121,2,317.45
26018,8649,6,1,46.39
26019,8649,53,1,37.16
26020,8649,77,4,101.15
26021,8650,37,2,241.65
26022,8650,64,1,265.5
26023,8650,108,1,242.9
26024,8651,69,1,175.49
26025,8651,31,1,43.85
26026,8652,53,1,37.16
26027,8652,36,3,19.3
26028,8652,60,0,10.87
26029,8652,20,1,$110.76
26030,8652,52,-1,
26031,8653,12,2,214.91
26032,8654,126,4,200.63
26033,8655,98,2,243.42
26034,8655,7,2,152.65
26035,8655,77,1,101.15
26036,8655,108,2,294.47
26037,8655,95,2,545.43
26038,8656,73,1,331.02
26039,8656,85,1,8.08
26040,8656,67,3,291.96
26041,8656,17,2,185.99
26042,8656,33,4,407.76
26043,8657,120,1,201.77
26044,8657,111,1,291.81
26045,8657,91,0,243.25
26046,8657,80,3,$144.45
26047,8657,45,1,415.91
26048,8658,33,1,407.76
26049,8658,99,2,140.32
26050,8658,126,1,200.63
26051,8659,85,1,8.08
26052,8660,116,5,359.58
26053,8660,127,1,587.72
26054,8660,131,-1,396.05
26055,8660,78,1,121.77
26056,8660,132,2,82.53
26057,8661,32,1,105.62
26058,8661,128,3,426.65
26059,8661,67,2,291.96
26060,8662,87,1,262.59
26061,8663,119,1,424.11
26062,8663,137,1,307.7
26063,8664,80,2,144.45
26064,8664,68,2,304.43
26065,8664,127,1,719.66
26066,8664,117,1,143.1
26067,8664,79,0,210.8
26068,8665,105,3,528.06
26069,8665,22,1,36.29
26070,8666,110,0,193.85
26071,8666,46,1,136.73
26072,8666,137,1,307.7
26073,8667,47,2,627.32
26074,8668,94,1,389.5
26075,8668,29,2,181.96
26076,8669,4,2,546.12
26077,8669,108,1,242.9
26078,8670,37,1,241.65
26079,8670,54,1,89.36
26080,8670,10,1,28.04 JOD
26081,8671,127,1,587.72
26082,8671,6,2,46.39
26083,8671,9999,3,190.97
26084,8671,92,3,339.88
26085,8671,130,2,59.94
26086,8672,41,1,191.67
26087,8672,79,2,210.8
26088,8673,87,3,262.59
26089,8674,1,3,585.67
26090,8674,28,1,163.13
26091,8674,29,2,181.96
26092,8674,86,0,164.39
26093,8675,46,5,136.73
26094,8675,72,3,576.21
26095,8676,101,1,95.6
26096,8676,128,1,369.54
26097,8677,108,1,242.9
26098,8677,134,4,51.03 JOD
26099,8678,87,3,262.59
26100,8678,75,2,347.56
26101,8679,91,1,243.25
26102,8679,69,2,175.49
26103,8679,2,0,185.02
26104,8680,43,3,330.60
26105,8681,125,2,552.19
26106,8681,16,3,163.02
26107,8681,119,1,528.68
26108,8682,17,3,185.99
26109,8683,46,1,198.83
26110,8683,71,1,189.95
26111,8683,18,2,128.87
26112,8684,119,3,528.68
26113,8684,134,2,21.25
26114,8684,107,1,270.81
26115,8684,64,5,265.5
26116,8684,113,4,191.78
26117,8685,1,1,585.67
26118,8685,38,1,454.8
26119,8685,100,2,249.16
26120,8685,21,1,14.38
26121,8685,108,3,242.9
26122,8686,10,1,28.04
26123,8687,40,4,199.53
26124,8688,63,2,575.86
26125,8688,114,1,403.81
26126,8688,99,3,140.32
26127,8688,104,5,98.77
26128,8689,122,3,125.5
26129,8689,31,1,71.76
26130,8690,29,4,181.96
26131,8690,78,4,121.77
26132,8691,52,1,171.01 JOD
26133,8691,75,3,347.56
26134,8691,124,4,58.04
26135,8691,44,3,106.04
26136,8691,84,1,455.31
26137,8692,92,4,339.88
26138,8692,126,3,200.63
26139,8693,1,1,585.67
26140,8694,96,5,84.49
26141,8694,137,4,307.70
26142,8695,32,1,105.62
26143,8696,96,2,84.49
26144,8696,122,3,125.5
26145,8696,2,3,190.97
26146,8697,79,3,210.8
26147,8697,3,1,390.52
26148,8697,59,2,169.88
26149,8698,128,-1,369.54
26150,8698,101,2,95.6
26151,8698,34,1,220.1
26152,8698,9999,2,489.65
26153,8698,16,1,148.16
26154,8699,103,1,134.77
26155,8699,98,2,182.05
26156,8700,82,2,244.2
26157,8700,79,4,210.8
26158,8700,62,1,140.68
26159,8700,101,1,95.6
26160,8700,114,2,403.81
26161,8701,38,2,454.8
26162,8701,116,2,359.58
26163,8701,132,3,82.53
26164,8701,74,1,34.31
26165,8701,105,1,528.06
26166,8702,39,2,141.95
26167,8702,93,4,345.11
26168,8702,51,4,286.54
26169,8703,88,2,238.01
26170,8704,13,2,186.29
26171,8704,18,3,128.87 JOD
26172,8704,26,1,264.67
26173,8704,51,4,286.54
26174,8704,109,3,579.16
26175,8705,88,2,238.01
26176,8705,96,2,51.20
26177,8705,124,1,58.04
26178,8705,80,0,144.45
26179,8705,39,5,253.25
26180,8706,111,3,291.81
26181,8706,76,1,383.3
26182,8707,94,1,
26183,8707,24,1,360.88
26184,8708,78,1,75.32
26185,8708,68,1,307.16
26186,8708,87,3,262.59
26187,8708,14,1,429.63
26188,8709,94,0,389.50
26189,8709,51,3,286.54
26190,8709,106,2,252.84
26191,8709,67,3,291.96
26192,8710,106,3,252.84
26193,8710,72,1,404.5
26194,8710,69,1,175.49
26195,8711,9,1,178.19
26196,8711,37,1,241.65
26197,8711,12,1,214.91
26198,8711,41,-1,191.67
26199,8712,61,-1,101.6
26200,8713,73,1,331.02
26201,8714,90,2,56.52
26202,8714,134,5,40.00
26203,8714,80,1,144.45
26204,8714,103,1,244.50
26205,8715,110,5,193.85
26206,8715,55,1,309.5
26207,8715,44,1,106.04
26208,8715,6,2,46.39
26209,8716,48,3,23.10
26210,8716,117,1,143.1
26211,8716,30,3,43.65
26212,8716,116,1,359.58
26213,8716,16,2,148.16
26214,8717,51,1,286.54
26215,8717,126,2,252.84
26216,8717,10,1,28.04
26217,8717,18,0,128.87
26218,8718,101,4,95.6
26219,8718,9999,3,682.45
26220,8718,85,3,8.08
26221,8718,29,2,181.96
26222,8719,37,1,241.65
26223,8719,45,0,415.91
26224,8719,115,4,302.06
26225,8720,12,2,214.91
26226,8720,94,2,389.5
26227,8720,115,2,302.06
26228,8720,52,2,232.68
26229,8721,6,1,46.39
26230,8722,40,4,199.53
26231,8722,67,1,291.96
26232,8722,125,1,552.19
26233,8722,4,1,546.12
26234,8722,94,2,389.5
26235,8723,69,2,175.49
26236,8723,78,2,121.77
26237,8723,66,1,231.0
26238,8724,43,5,$330.60
26239,8724,20,-1,110.76
26240,8724,3,3,390.52
26241,8724,110,4,193.85 JOD
26242,8725,42,3,91.53
26243,8725,19,3,67.77
26244,8726,32,1,105.62
26245,8726,1,5,585.67
26246,8726,21,3,14.38
26247,8726,117,1,143.1
26248,8726,61,1,101.60
26249,8727,133,1,123.17
26250,8727,105,5,528.06
26251,8727,37,1,241.65
26252,8727,101,4,95.6
26253,8727,83,1,319.19
26254,8728,29,2,181.96
26255,8729,15,4,81.29
26256,8729,60,3,16.37
26257,8729,13,4,186.29
26258,8729,100,1,249.16
26259,8729,26,1,$264.67
26260,8730,115,1,264.42
26261,8730,48,1,23.10
26262,8731,3,3,390.52
26263,8731,105,2,528.06
26264,8731,106,1,252.84
26265,8731,117,1,143.1
26266,8731,56,1,31.92
26267,8732,91,4,243.25
26268,8732,126,4,114.83
26269,8733,3,3,390.52
26270,8733,37,3,241.65
26271,8734,37,-1,241.65
26272,8734,115,2,302.06
26273,8734,122,2,125.5
26274,8734,49,2,206.38
26275,8734,90,1,56.52
26276,8735,81,1,121.47
26277,8735,9999,1,97.51
26278,8735,137,1,307.7
26279,8735,83,1,319.19
26280,8735,58,5,150.92 JOD
26281,8736,65,2,290.92
26282,8736,3,1,390.52
26283,8736,15,4,81.29
26284,8737,103,2,244.5
26285,8738,45,1,415.91
26286,8739,23,1,100.9
26287,8740,60,1,16.37
26288,8740,55,1,216.25
26289,8741,20,2,110.76
26290,8741,43,1,346.17
26291,8742,101,1,
26292,8742,46,1,136.73
26293,8743,36,1,19.30
26294,8743,76,1,383.30
26295,8743,135,0,18.43
26296,8743,44,1,106.04
26297,8744,115,2,302.06
26298,8745,85,1,8.08
26299,8745,45,2,415.91
26300,8745,39,4,253.25
26301,8746,109,3,579.16
26302,8746,67,1,291.96
26303,8746,74,1,34.31
26304,8746,1,2,585.67
26305,8747,8,1,307.7
26306,8747,85,3,9.28
26307,8747,73,1,320.66
26308,8747,135,2,18.43
26309,8747,34,2,$220.10
26310,8748,25,1,253.88
26311,8748,19,3,67.77
26312,8748,35,1,149.7
26313,8748,121,5,317.45
26314,8749,60,2,16.37
26315,8750,66,2,231.0
26316,8750,107,1,376.14
26317,8750,111,1,384.75
26318,8750,115,1,302.06
26319,8750,34,1,220.10
26320,8751,58,3,109.02
26321,8752,35,2,152.88
26322,8752,51,0,286.54
26323,8752,110,5,193.85
26324,8752,8,3,307.7
26325,8753,97,0,283.75
26326,8753,114,2,403.81
26327,8753,34,1,220.1
26328,8753,101,2,95.6
26329,8754,134,0,40.0
26330,8754,65,1,308.91
26331,8754,92,2,339.88
26332,8754,39,4,253.25
26333,8755,117,1,143.10
26334,8755,62,1,205.40
26335,8755,88,2,$238.01
26336,8755,61,2,101.60
26337,8755,83,1,319.19
26338,8756,24,1,360.88
26339,8757,38,5,454.80
26340,8757,124,5,58.04
26341,8758,29,0,181.96
26342,8758,112,1,183.26
26343,8758,19,2,67.77
26344,8758,2,1,190.97
26345,8759,88,1,238.01
26346,8759,90,2,56.52
26347,8759,50,2,397.99
26348,8759,58,3,109.02
26349,8760,97,1,369.73
26350,8760,79,2,210.8
26351,8761,52,1,171.01
26352,8761,11,3,489.65
26353,8761,69,2,175.49
26354,8762,87,1,175.54
26355,8763,104,1,98.77
26356,8763,99,3,140.32
26357,8763,42,1,106.7
26358,8763,73,4,331.02
26359,8763,137,1,307.7
26360,8764,62,2,$205.40
26361,8764,122,3,125.50
26362,8764,71,3,374.89
26363,8764,136,1,314.21
26364,8765,42,1,91.53
26365,8765,136,4,314.21
26366,8765,123,4,151.87
26367,8766,84,4,455.31
26368,8766,89,5,403.36
26369,8767,124,4,58.04
26370,8767,126,5,102.74
26371,8767,135,4,18.43
26372,8767,110,1,193.85 JOD
26373,8767,20,1,138.33
26374,8768,38,3,454.80 JOD
26375,8768,126,2,200.63
26376,8768,10,2,28.04
26377,8768,129,1,535.98
26378,8769,30,4,43.65
26379,8769,75,1,347.56
26380,8769,134,1,40.00 JOD
26381,8769,7,5,152.65
26382,8769,70,2,331.14
26383,8770,30,1,43.65
26384,8770,26,0,264.67
26385,8771,86,1,164.39
26386,8771,104,4,98.77
26387,8771,47,2,627.32
26388,8771,68,2,304.43 JOD
26389,8772,84,2,455.31
26390,8772,29,1,181.96
26391,8772,75,1,347.56
26392,8772,40,2,199.53
26393,8773,18,3,
26394,8774,128,1,369.54
26395,8774,32,1,105.62
26396,8774,109,1,579.16
26397,8774,47,2,337.03
26398,8775,26,1,264.67
26399,8776,75,1,
26400,8776,9,3,$178.19
26401,8776,51,-1,286.54
26402,8776,132,1,123.33
26403,8777,49,2,206.38
26404,8777,94,2,389.5
26405,8777,96,1,84.49
26406,8777,9,1,178.19
26407,8778,125,1,552.19
26408,8778,74,2,34.31
26409,8778,58,2,109.02
26410,8778,111,2,291.81
26411,8778,29,1,181.96
26412,8779,98,3,243.42
26413,8779,89,5,403.36
26414,8780,79,2,120.5
26415,8780,117,1,143.10
26416,8780,53,2,37.16
26417,8780,82,1,244.2
26418,8781,5,1,407.25
26419,8782,53,2,37.16
26420,8782,2,4,190.97
26421,8783,59,1,169.88
26422,8783,107,3,376.14
26423,8784,116,1,359.58
26424,8784,137,1,307.7
26425,8784,81,1,121.47
26426,8785,47,3,627.32
26427,8786,27,3,112.66
26428,8786,93,1,345.11
26429,8786,112,1,183.26
26430,8786,8,3,307.70
26431,8786,61,2,101.6
26432,8787,57,1,213.11
26433,8787,33,1,521.7
26434,8788,48,2,23.1
26435,8788,25,1,253.88
26436,8789,46,2,136.73
26437,8789,40,1,199.53
26438,8790,94,2,389.5
26439,8790,96,4,84.49
26440,8790,73,3,331.02
26441,8790,98,3,243.42
26442,8791,37,3,241.65
26443,8792,101,5,95.60
26444,8792,119,1,528.68
26445,8792,39,3,376.99
26446,8792,108,3,242.9
26447,8793,74,0,21.53
26448,8793,39,2,253.25
26449,8793,98,4,243.42
26450,8793,61,1,101.6
26451,8794,122,1,185.03
26452,8795,131,4,396.05
26453,8795,133,2,97.51
26454,8796,115,2,302.06
26455,8797,8,4,307.7
26456,8797,23,2,68.95
26457,8797,16,1,148.16
26458,8797,53,1,$37.16
26459,8797,125,-1,552.19
26460,8798,107,2,376.14
26461,8798,109,1,579.16
26462,8798,1,1,585.67
26463,8798,69,1,175.49
26464,8798,131,2,396.05
26465,8799,11,2,489.65
26466,8799,116,0,359.58
26467,8799,60,3,15.79
26468,8799,9,4,104.76
26469,8800,45,2,415.91 JOD
26470,8800,129,5,535.98
26471,8801,57,3,213.11
26472,8801,14,1,429.63
26473,8801,16,3,148.16
26474,8801,4,2,$517.39
26475,8801,56,1,31.92
26476,8802,27,1,112.66
26477,8802,110,3,193.85
26478,8802,85,1,8.08
26479,8802,11,3,489.65
26480,8803,58,2,109.02
26481,8803,80,1,144.45
26482,8803,100,3,249.16
26483,8804,43,0,330.6
26484,8805,68,3,304.43
26485,8805,15,5,81.29
26486,8805,59,2,141.84
26487,8806,125,1,552.19
26488,8807,128,1,369.54
26489,8807,122,3,125.5
26490,8808,129,2,535.98
26491,8808,115,1,302.06
26492,8809,81,1,121.47
26493,8809,53,1,37.16
26494,8809,95,2,545.43
26495,8809,32,0,105.62
26496,8809,8,1,307.7
26497,8810,66,1,231.0
26498,8811,15,1,81.29
26499,8811,29,3,181.96
26500,8811,18,2,128.87
26501,8811,84,2,455.31
26502,8811,64,1,240.84
26503,8812,9,3,178.19
26504,8812,83,3,425.7
26505,8812,63,2,575.86
26506,8812,60,3,16.37
26507,8812,31,2,71.76
26508,8813,135,1,18.43
26509,8813,102,0,169.19
26510,8814,34,2,220.1
26511,8814,43,5,330.6
26512,8815,16,3,148.16
26513,8815,85,2,8.08
26514,8816,84,1,455.31
26515,8816,55,-1,227.92
26516,8816,109,1,579.16
26517,8817,99,1,195.55
26518,8817,89,2,403.36
26519,8817,8,1,307.7
26520,8817,30,1,$43.65
26521,8817,96,1,84.49
26522,8818,116,4,359.58
26523,8818,22,1,36.29
26524,8818,16,1,148.16
26525,8819,37,3,260.18
26526,8819,78,1,121.77
26527,8819,101,-1,95.6
26528,8820,12,2,214.91
26529,8820,82,1,244.2
26530,8821,39,1,253.25
26531,8821,26,1,264.67
26532,8821,73,1,331.02
26533,8821,10,1,28.04
26534,8821,133,1,97.51
26535,8822,114,1,403.81
26536,8822,118,5,306.5
26537,8822,73,-1,331.02
26538,8822,111,1,291.81
26539,8823,62,1,205.4
26540,8823,7,2,152.65
26541,8823,121,2,317.45
26542,8824,56,2,31.92
26543,8824,97,3,$369.73
26544,8824,106,1,252.84
26545,8825,91,5,243.25
26546,8825,106,2,247.6
26547,8825,85,1,8.08
26548,8826,90,3,82.24
26549,8826,91,2,243.25
26550,8826,114,2,403.81
26551,8826,10,3,28.04
26552,8826,111,5,291.81
26553,8827,75,3,347.56
26554,8827,136,3,314.21
26555,8827,44,1,106.04
26556,8827,48,2,23.10
26557,8827,113,1,191.78
26558,8828,14,2,429.63
26559,8828,15,2,81.29
26560,8829,37,3,241.65
26561,8829,121,1,317.45
26562,8830,34,1,139.28
26563,8830,27,3,112.66
26564,8830,85,1,8.08
26565,8830,40,1,263.52
26566,8830,129,1,$535.98
26567,8831,110,2,193.85
26568,8831,47,3,627.32
26569,8831,59,1,169.88
26570,8831,76,3,383.3
26571,8831,25,1,253.88
26572,8832,96,1,84.49
26573,8832,87,1,262.59
26574,8832,62,2,205.4
26575,8832,68,1,304.43
26576,8833,53,1,37.16
26577,8834,49,2,206.38
26578,8834,64,1,265.5
26579,8834,107,5,376.14
26580,8834,126,1,200.63
26581,8835,77,2,101.15
26582,8835,44,0,106.04
26583,8835,27,1,99.42
26584,8835,4,1,546.12
26585,8836,124,2,58.04
26586,8837,55,4,216.25
26587,8837,69,1,175.49
26588,8837,6,4,46.39
26589,8837,75,1,347.56
26590,8838,112,0,183.26
26591,8838,20,1,110.76
26592,8838,135,2,18.43
26593,8838,113,2,191.78
26594,8839,57,2,213.11
26595,8839,122,2,125.5
26596,8839,30,1,43.65
26597,8839,5,-1,407.25
26598,8840,31,1,71.76
26599,8840,23,2,68.95
26600,8840,61,1,101.6
26601,8841,49,1,263.83
26602,8842,13,5,186.29
26603,8842,104,0,98.77
26604,8842,108,1,242.9
26605,8842,111,1,291.81
26606,8842,116,1,359.58
26607,8843,114,1,403.81
26608,8843,125,5,552.19
26609,8843,110,1,138.48
26610,8844,69,1,175.49
26611,8844,51,0,286.54
26612,8845,64,1,265.5
26613,8845,42,3,91.53
26614,8845,134,1,40.0
26615,8845,87,1,392.16
26616,8845,136,3,314.21
26617,8846,28,1,222.75
26618,8846,9999,3,84.49
26619,8846,41,1,191.67
26620,8846,97,2,369.73
26621,8846,72,2,404.5
26622,8847,113,1,101.62
26623,8847,54,2,89.36
26624,8847,11,1,489.65
26625,8848,55,1,216.25
26626,8848,48,1,23.1
26627,8848,4,1,500.13
26628,8848,113,1,191.78
26629,8848,46,1,136.73
26630,8849,127,2,587.72
26631,8849,83,3,319.19
26632,8850,76,2,383.3
26633,8850,122,3,125.5
26634,8850,100,2,201.97 JOD
26635,8850,121,4,317.45
26636,8851,3,1,530.4
26637,8851,98,2,243.42
26638,8852,97,2,369.73
26639,8852,4,3,446.47
26640,8852,38,2,454.80
26641,8852,88,2,238.01
26642,8853,100,3,249.16
26643,8853,33,0,358.69
26644,8853,1,2,585.67
26645,8854,2,1,190.97
26646,8854,57,-1,213.11
26647,8854,136,1,412.9
26648,8854,79,1,208.23
26649,8855,4,2,546.12
26650,8855,91,2,243.25
26651,8855,71,1,374.89 JOD
26652,8855,50,2,397.99
26653,8855,68,4,304.43
26654,8856,45,3,415.91
26655,8857,7,0,152.65
26656,8857,131,2,396.05
26657,8857,112,1,183.26
26658,8858,13,1,186.29
26659,8858,27,1,71.75
26660,8858,118,4,$306.50
26661,8858,40,2,199.53
26662,8859,72,4,404.5
26663,8859,83,2,422.3
26664,8859,18,1,128.87
26665,8860,86,3,164.39
26666,8861,36,3,19.3
26667,8862,109,1,579.16
26668,8863,47,3,627.32
26669,8864,68,1,304.43
26670,8865,52,-1,171.01
26671,8865,100,1,249.16
26672,8865,35,2,152.88
26673,8865,112,2,183.26
26674,8865,58,1,109.02
26675,8866,95,-1,545.43
26676,8866,34,1,220.1
26677,8867,79,1,210.8
26678,8867,72,2,404.5
26679,8868,9999,4,544.3
26680,8868,4,2,546.12
26681,8869,110,1,204.17
26682,8869,79,1,218.41
26683,8869,33,1,407.76
26684,8869,54,2,89.36
26685,8870,39,2,253.25
26686,8870,119,2,528.68
26687,8870,89,2,403.36
26688,8870,94,1,389.5
26689,8871,57,3,213.11
26690,8871,72,1,404.5
26691,8872,63,1,575.86
26692,8872,30,1,43.65
26693,8872,1,2,585.67
26694,8872,34,1,220.10
26695,8873,95,1,545.43
26696,8873,10,3,28.04
26697,8873,136,3,314.21
26698,8873,9999,1,81.29
26699,8874,64,1,265.5
26700,8874,112,1,183.26
26701,8874,59,3,$169.88
26702,8874,44,2,106.04
26703,8875,53,4,37.16
26704,8875,50,2,397.99
26705,8876,68,3,304.43
26706,8876,113,3,191.78
26707,8876,35,2,152.88
26708,8876,103,3,244.5
26709,8876,12,1,214.91
26710,8877,100,2,324.99
26711,8877,6,-1,46.39
26712,8878,129,1,535.98
26713,8878,109,1,579.16
26714,8878,20,1,110.76
26715,8878,21,4,14.38
26716,8878,60,1,16.37
26717,8879,120,1,201.77
26718,8879,30,3,43.65
26719,8879,15,2,81.29
26720,8879,33,1,407.76
26721,8880,121,3,317.45
26722,8880,41,1,191.67
26723,8881,97,3,369.73
26724,8881,128,3,369.54
26725,8881,14,1,429.63
26726,8881,117,1,143.1
26727,8882,132,4,82.53
26728,8882,36,3,19.30
26729,8883,63,3,575.86
26730,8883,21,4,14.38
26731,8884,134,1,40.00
26732,8884,84,2,455.31
26733,8884,56,2,31.92
26734,8884,46,3,136.73
26735,8884,42,1,91.53
26736,8885,91,2,243.25
26737,8885,50,2,397.99
26738,8885,83,2,319.19
26739,8885,122,4,125.5
26740,8886,118,1,306.5
26741,8887,66,1,231.0
26742,8887,24,1,360.88
26743,8887,109,4,579.16
26744,8887,119,-1,528.68
26745,8888,98,5,243.42
26746,8888,112,3,183.26 JOD
26747,8888,69,2,175.49
26748,8888,96,5,84.49
26749,8889,29,1,181.96
26750,8889,86,3,164.39
26751,8890,77,1,101.15
26752,8891,74,1,34.31
26753,8891,126,3,200.63
26754,8891,106,3,252.84
26755,8891,116,4,359.58
26756,8892,123,1,151.87
26757,8892,120,0,201.77
26758,8892,112,1,183.26
26759,8892,78,1,$121.77
26760,8892,31,4,71.76
26761,8893,33,3,407.76
26762,8893,1,-1,585.67
26763,8893,115,4,302.06
26764,8893,71,1,374.89
26765,8894,120,3,201.77
26766,8894,29,3,181.96
26767,8895,108,-1,242.9
26768,8896,57,1,213.11
26769,8896,87,1,262.59
26770,8896,101,0,88.38
26771,8896,32,4,105.62
26772,8897,3,2,390.52
26773,8897,74,3,34.31
26774,8898,14,1,429.63
26775,8898,132,4,82.53
26776,8898,75,2,347.56
26777,8898,36,1,19.30
26778,8898,68,1,304.43
26779,8899,86,4,164.39
26780,8899,50,1,397.99
26781,8899,71,3,374.89
26782,8900,22,2,36.29
26783,8901,14,3,429.63
26784,8901,114,1,403.81
26785,8901,56,1,31.92
26786,8901,101,2,95.6
26787,8902,55,2,216.25
26788,8902,25,1,253.88
26789,8902,17,4,185.99
26790,8902,7,1,152.65
26791,8903,26,5,302.05
26792,8904,20,1,124.03
26793,8904,41,1,284.04
26794,8904,124,2,58.04 JOD
26795,8904,12,1,214.91
26796,8904,119,1,528.68
26797,8905,135,1,18.43
26798,8905,91,3,243.25
26799,8905,26,1,264.67
26800,8906,112,0,183.26
26801,8906,19,4,67.77
26802,8906,10,3,28.04
26803,8906,46,1,136.73
26804,8906,134,2,40.00
26805,8907,64,1,265.5
26806,8908,73,3,331.02
26807,8908,86,1,164.39
26808,8908,103,1,244.50
26809,8908,58,2,109.02
26810,8908,85,0,8.08
26811,8909,128,1,486.68
26812,8909,32,3,105.62
26813,8910,119,2,528.68
26814,8910,40,1,199.53
26815,8911,113,5,191.78
26816,8911,107,2,376.14
26817,8911,18,0,128.87
26818,8912,69,3,175.49
26819,8912,79,1,210.8
26820,8912,96,1,84.49
26821,8912,8,3,307.7
26822,8913,112,4,183.26
26823,8914,14,1,429.22
26824,8914,84,1,583.65
26825,8914,81,2,121.47
26826,8915,34,4,220.1
26827,8916,104,1,98.77
26828,8916,23,1,98.13
26829,8916,59,1,169.88
26830,8916,88,1,219.31
26831,8917,132,1,58.89
26832,8917,103,0,244.5
26833,8917,88,-1,238.01
26834,8918,125,1,552.19
26835,8919,25,2,253.88
26836,8919,58,1,109.02
26837,8919,68,1,304.43
26838,8920,67,2,291.96
26839,8920,110,1,193.85
26840,8920,93,1,345.11
26841,8920,24,4,360.88
26842,8921,72,1,404.5
26843,8921,112,1,183.26
26844,8922,98,2,243.42
26845,8922,18,1,113.2
26846,8922,102,4,169.19
26847,8922,115,1,302.06
26848,8923,109,1,579.16
26849,8923,57,2,213.11
26850,8923,1,1,585.67
26851,8923,6,2,46.39
26852,8923,107,2,376.14
26853,8924,118,1,306.50
26854,8924,123,5,151.87
26855,8925,121,2,317.45
26856,8925,12,2,214.91
26857,8925,52,3,171.01
26858,8925,108,3,
26859,8925,2,4,190.97
26860,8926,22,2,36.29
26861,8926,16,0,148.16
26862,8926,47,2,627.32
26863,8927,55,2,216.25
26864,8928,102,0,169.19
26865,8928,13,3,186.29
26866,8928,79,5,$210.80
26867,8928,46,1,93.85
26868,8928,128,2,369.54
26869,8929,66,1,205.48
26870,8929,137,3,307.70
26871,8929,56,1,31.92
26872,8929,36,1,19.3
26873,8930,89,2,403.36
26874,8930,30,5,43.65
26875,8930,90,1,56.52
26876,8930,115,2,302.06
26877,8931,71,5,374.89
26878,8931,103,2,244.5
26879,8932,131,4,396.05
26880,8933,128,3,369.54
26881,8934,87,5,191.39
26882,8934,43,4,330.60
26883,8934,41,1,191.67
26884,8935,66,1,231.00
26885,8935,113,4,191.78
26886,8935,2,4,190.97
26887,8935,133,1,97.51
26888,8936,71,1,374.89
26889,8936,79,5,210.8
26890,8937,20,1,110.76
26891,8937,131,4,396.05
26892,8937,106,1,153.17
26893,8937,33,1,407.76
26894,8937,116,1,359.58
26895,8938,113,3,191.78
26896,8939,68,1,304.43
26897,8939,20,2,110.76
26898,8940,23,2,68.95
26899,8940,34,2,220.1
26900,8940,100,3,249.16
26901,8940,89,1,403.36
26902,8940,16,3,148.16
26903,8941,21,3,14.38
26904,8941,94,1,389.5
26905,8941,121,4,317.45
26906,8941,27,2,112.66
26907,8941,9999,1,253.88
26908,8942,40,1,199.53
26909,8942,37,1,241.65
26910,8942,14,2,429.63
26911,8942,80,2,163.27
26912,8942,3,1,390.52
26913,8943,103,2,244.5
26914,8944,69,1,175.49
26915,8944,131,2,396.05
26916,8944,113,2,138.81
26917,8945,62,0,205.40
26918,8945,94,2,389.5
26919,8945,89,1,403.36
26920,8945,116,3,359.58
26921,8945,100,5,$249.16
26922,8946,48,2,23.1
26923,8946,136,1,314.21
26924,8946,103,3,244.5
26925,8946,119,2,528.68
26926,8947,41,1,191.67
26927,8947,67,0,291.96
26928,8948,98,1,243.42
26929,8948,87,2,262.59
26930,8948,111,1,291.81
26931,8949,55,1,216.25
26932,8949,37,2,241.65
26933,8949,124,1,58.04
26934,8949,50,1,$397.99
26935,8949,1,0,585.67
26936,8950,22,1,36.29
26937,8950,10,5,
26938,8951,52,1,171.01
26939,8951,122,0,125.50 JOD
26940,8951,74,1,34.31
26941,8952,31,0,71.76
26942,8953,42,4,91.53
26943,8953,133,2,97.51
26944,8954,6,1,46.39
26945,8954,82,2,244.2
26946,8954,124,2,58.04
26947,8954,117,5,143.10
26948,8954,112,2,183.26
26949,8955,69,2,175.49
26950,8955,104,1,144.08
26951,8955,3,5,390.52
26952,8955,114,1,403.81
26953,8956,116,3,359.58
26954,8956,31,1,71.76
26955,8956,19,1,67.77
26956,8956,133,2,97.51
26957,8957,8,1,173.42
26958,8957,4,2,546.12
26959,8957,125,3,552.19
26960,8957,26,1,264.67
26961,8958,91,3,243.25
26962,8959,133,1,91.55
26963,8959,82,1,244.2
26964,8960,104,0,98.77
26965,8961,9999,2,389.5
26966,8961,32,2,105.62 JOD
26967,8961,76,1,383.3
26968,8961,114,2,403.81
26969,8962,27,2,112.66
26970,8962,49,1,206.38
26971,8962,118,4,306.50
26972,8963,67,1,291.96
26973,8964,131,1,396.05
26974,8964,6,4,46.39
26975,8964,107,4,376.14
26976,8964,92,4,339.88 JOD
26977,8965,24,1,360.88
26978,8965,53,1,37.16
26979,8965,18,2,128.87
26980,8966,38,2,454.8
26981,8966,33,1,407.76
26982,8966,36,2,19.30
26983,8966,78,1,121.77
26984,8967,110,2,169.08
26985,8967,55,1,
26986,8967,117,1,143.1
26987,8968,61,0,55.39
26988,8968,26,0,264.67
26989,8968,60,3,16.37 JOD
26990,8969,44,1,106.04
26991,8969,30,2,43.65
26992,8969,72,1,404.50
26993,8969,13,1,186.29
26994,8970,127,5,587.72
26995,8970,63,5,575.86
26996,8971,7,2,152.65
26997,8972,52,1,171.01
26998,8973,31,2,71.76
26999,8973,59,1,182.34
27000,8973,64,1,265.50
27001,8974,11,2,300.51
27002,8974,137,1,307.70
27003,8974,29,1,181.96
27004,8975,71,2,374.89
27005,8976,102,1,124.11
27006,8976,55,4,290.27
27007,8976,62,2,272.07
27008,8976,5,1,407.25
27009,8976,105,3,415.56
27010,8977,81,0,120.74
27011,8977,118,3,306.5
27012,8977,90,4,56.52
27013,8977,127,2,587.72
27014,8978,80,1,144.45
27015,8979,6,3,46.39
27016,8979,136,1,314.21
27017,8979,113,3,191.78
27018,8979,16,3,190.05 JOD
27019,8979,103,3,244.5
27020,8980,73,2,179.07
27021,8981,125,0,552.19
27022,8981,17,3,$185.99
27023,8982,27,1,112.66
27024,8982,108,1,242.9
27025,8982,118,1,306.50
27026,8982,111,1,431.73
27027,8982,81,1,121.47
27028,8983,75,0,347.56
27029,8983,129,1,535.98
27030,8984,69,1,175.49
27031,8984,93,3,345.11
27032,8984,117,1,143.10
27033,8984,101,0,97.23
27034,8984,7,2,152.65
27035,8985,56,4,31.92
27036,8985,55,2,216.25
27037,8985,122,1,125.50 JOD
27038,8985,123,2,151.87
27039,8986,112,1,183.26
27040,8986,109,1,579.16
27041,8986,6,-1,46.39
27042,8986,124,1,58.04
27043,8986,61,4,101.6
27044,8987,10,2,28.04
27045,8988,78,1,121.77
27046,8988,98,1,243.42
27047,8988,80,2,144.45
27048,8989,106,2,252.84
27049,8989,32,2,105.62
27050,8989,33,1,407.76
27051,8990,129,1,535.98
27052,8990,23,-1,68.95
27053,8990,81,1,$121.47
27054,8991,5,2,407.25
27055,8991,7,1,$152.65
27056,8991,70,4,379.91
27057,8991,74,0,34.31
27058,8991,129,1,535.98
27059,8992,115,2,302.06
27060,8993,81,1,121.47
27061,8993,60,3,16.37
27062,8993,68,1,442.46
27063,8993,70,5,379.91
27064,8993,46,2,136.73
27065,8994,112,2,183.26
27066,8994,13,1,156.80
27067,8994,128,-1,369.54
27068,8994,86,3,164.39
27069,8994,84,1,455.31
27070,8995,88,1,238.01
27071,8995,20,3,110.76
27072,8996,67,1,291.96
27073,8996,60,-1,16.37
27074,8996,13,1,98.29
27075,8996,131,4,549.03
27076,8997,44,3,106.04
27077,8997,69,3,175.49
27078,8997,130,1,59.94
27079,8997,132,1,82.53
27080,8998,15,4,81.29
27081,8998,95,1,545.43
27082,8999,77,1,101.15
27083,8999,93,1,345.11
27084,8999,67,4,291.96
27085,8999,16,2,$148.16
27086,9000,44,3,106.04
27087,9000,2,2,190.97
27088,9000,123,1,151.87
27089,9000,88,1,238.01
27090,4141,125,2,552.19
27091,4141,24,1,360.88
27092,4141,98,1,243.42
27093,4141,113,0,191.78
27094,4141,107,2,376.14
27095,3482,9999,3,68.95
27096,8905,51,2,286.54
27097,8905,132,1,82.53
27098,8905,58,2,109.02
27099,8905,126,1,200.63
27100,8905,74,4,$34.31
27101,3979,80,2,144.45
27102,2460,59,3,169.88
27103,2460,116,3,359.58
27104,7467,28,1,222.75
27105,7467,63,2,708.31
27106,7467,136,2,
27107,7467,11,3,489.65
27108,5667,36,-1,11.33
27109,5667,11,1,655.82
27110,5667,60,4,16.37
27111,136,101,1,95.6
27112,136,104,2,98.77
27113,136,25,1,253.88
27114,136,9999,-1,89.36
27115,7251,48,2,23.1
27116,7251,97,1,369.73
27117,7251,79,3,210.8
27118,679,82,1,244.20
27119,679,48,2,23.1
27120,2460,37,2,241.65
27121,2460,19,1,67.77
27122,6750,30,1,43.65
27123,6750,132,1,82.53
27124,6750,6,1,46.39
27125,6750,14,-1,429.63
27126,271,61,1,101.60
27127,271,50,1,397.99
27128,271,98,1,243.42
27129,4750,1,2,585.67
27130,4750,108,4,242.9
27131,4750,117,3,143.1
27132,4682,113,1,191.78
27133,4682,10,5,28.04
27134,4682,57,0,213.11
27135,2692,15,2,81.29
27136,2692,108,3,242.9
27137,2692,118,2,306.5
27138,7559,71,1,374.89
27139,7559,103,2,244.5
27140,7559,124,5,58.04
27141,7559,97,2,376.97
27142,7559,27,1,132.18
27143,6598,39,2,315.93
27144,87,53,1,37.16
27145,87,115,1,302.06
27146,87,84,1,455.31
27147,87,28,1,222.75
27148,3502,46,3,136.73
27149,3502,52,-1,171.01
27150,3502,41,1,132.93
27151,3502,98,4,243.42
27152,3502,135,2,18.43
27153,4162,77,-1,101.15
27154,4162,124,3,58.04
27155,4162,57,1,213.11
27156,4162,85,3,8.08
27157,4162,52,4,171.01
27158,6917,71,1,374.89
27159,6917,111,1,291.81
27160,6917,118,2,306.5
27161,6917,60,4,16.37
27162,6917,105,1,780.51
27163,1651,64,1,265.5
27164,1191,88,1,238.01
27165,1191,37,0,241.65
27166,1191,46,2,136.73
27167,1191,137,4,307.7
27168,1191,60,2,16.37
27169,8190,92,2,339.88
27170,3976,51,2,286.54
27171,3976,109,5,579.16
27172,3976,101,2,95.6
27173,8901,67,0,291.96
27174,8901,37,4,241.65
27175,8901,111,1,$291.81
27176,6573,57,1,213.11
27177,6573,16,1,148.16
27178,6573,85,5,8.08
27179,6573,37,1,241.65
27180,6573,98,2,243.42
27181,3359,15,4,81.29
27182,3359,134,1,55.5
27183,5743,58,1,109.02
27184,5510,66,1,231.0
27185,5510,79,2,210.8
27186,5510,86,3,119.35
27187,6855,67,2,291.96
27188,6855,81,2,121.47
27189,6855,76,1,383.30
27190,6855,133,1,97.51
27191,6855,66,3,231.0
27192,3326,75,3,347.56
27193,3326,68,-1,$304.43
27194,1566,127,2,587.72
27195,1566,104,1,98.77
27196,1566,70,-1,379.91
27197,5801,51,1,286.54
27198,5187,1,2,585.67
27199,3125,57,3,213.11
27200,3125,123,1,195.43
27201,436,14,1,429.63
27202,436,134,1,41.36
27203,436,23,1,68.95
27204,4912,66,1,$231.00
27205,4912,106,1,252.84
27206,4912,131,1,396.05
27207,4912,81,3,121.47
27208,4912,60,2,16.37
27209,1272,51,1,305.51
27210,1272,32,3,105.62
27211,1272,100,1,249.16
27212,8536,117,2,143.1
27213,8536,7,3,152.65
27214,6293,136,1,314.21
27215,6293,110,2,193.85
27216,6293,24,2,303.43
27217,1482,67,3,291.96
27218,1482,111,1,259.02
27219,449,16,4,148.16
27220,449,117,5,143.1
27221,7896,84,1,455.31
27222,7896,136,4,314.21
27223,7896,87,1,262.59
27224,6217,111,4,291.81
27225,6217,109,1,579.16
27226,6217,94,0,389.5
27227,6217,47,3,627.32
27228,6217,77,1,101.15
27229,7573,58,1,109.02
27230,7573,42,1,91.53
27231,7573,87,1,262.59
27232,7573,97,2,541.69
27233,7573,105,-1,528.06
27234,2944,22,2,36.29
27235,2944,94,4,389.5
27236,8334,45,0,$415.91
27237,8334,83,2,319.19
27238,8334,89,1,403.36
27239,1008,94,3,389.5
27240,1008,7,1,152.65
27241,5500,43,3,330.60
27242,5500,121,5,317.45
27243,803,17,3,185.99
27244,803,55,3,216.25
27245,803,8,2,307.7
27246,803,121,-1,317.45
27247,803,31,3,71.76
27248,4608,92,3,339.88
27249,4608,65,2,308.91
27250,3753,96,2,84.49
27251,3753,16,1,148.16
27252,3753,111,2,291.81
27253,7407,52,5,171.01
27254,7407,50,4,397.99
27255,7407,89,2,403.36
27256,7407,134,3,40.00
27257,7407,4,1,546.12
27258,1141,6,2,46.39
27259,1141,3,1,390.52
27260,1141,90,2,56.52
27261,1150,33,1,407.76
27262,1150,43,1,330.6
27263,2395,57,1,213.11
27264,2395,107,2,200.17
27265,2395,54,1,89.36
27266,2395,101,1,95.6
27267,541,6,3,46.39
27268,541,135,1,18.43
27269,6153,10,3,$26.13
